ISO-10303-21;
HEADER;
FILE_DESCRIPTION(('zoo.dev export'), '2;1');
FILE_NAME('output.step', '2026-06-16T18:10:09.543757727+00:00', (''), (''), 'zoo.dev beta', 'zoo.dev', '');
FILE_SCHEMA(('AP242_MANAGED_MODEL_BASED_3D_ENGINEERING_MIM_LF'));
ENDSEC;
DATA;
#1 = (
  LENGTH_UNIT()
  NAMED_UNIT(*)
  SI_UNIT(.MILLI., .METRE.)
);
#2 = (
  NAMED_UNIT(*)
  PLANE_ANGLE_UNIT()
  SI_UNIT($, .RADIAN.)
);
#3 = UNCERTAINTY_MEASURE_WITH_UNIT(LENGTH_MEASURE(0.01), #1, 'DISTANCE_ACCURACY_VALUE', $);
#4 = (
  GEOMETRIC_REPRESENTATION_CONTEXT(3)
  GLOBAL_UNCERTAINTY_ASSIGNED_CONTEXT((#3))
  GLOBAL_UNIT_ASSIGNED_CONTEXT((#1, #2))
  REPRESENTATION_CONTEXT('3D', '3D context')
);
#5 = CARTESIAN_POINT('', (201., 0., 0.));
#6 = VERTEX_POINT('', #5);
#7 = CARTESIAN_POINT('', (204., 3., 0.));
#8 = VERTEX_POINT('', #7);
#9 = CARTESIAN_POINT('', (204., 3., 4.));
#10 = VERTEX_POINT('', #9);
#11 = CARTESIAN_POINT('', (201., 0., 4.));
#12 = VERTEX_POINT('', #11);
#13 = CARTESIAN_POINT('', (204., 51., 0.));
#14 = VERTEX_POINT('', #13);
#15 = CARTESIAN_POINT('', (204., 51., 4.));
#16 = VERTEX_POINT('', #15);
#17 = CARTESIAN_POINT('', (201., 54., 0.));
#18 = VERTEX_POINT('', #17);
#19 = CARTESIAN_POINT('', (201., 54., 4.));
#20 = VERTEX_POINT('', #19);
#21 = CARTESIAN_POINT('', (3., 54., 0.));
#22 = VERTEX_POINT('', #21);
#23 = CARTESIAN_POINT('', (3., 54., 4.));
#24 = VERTEX_POINT('', #23);
#25 = CARTESIAN_POINT('', (0., 51., 0.));
#26 = VERTEX_POINT('', #25);
#27 = CARTESIAN_POINT('', (0., 51., 4.));
#28 = VERTEX_POINT('', #27);
#29 = CARTESIAN_POINT('', (0., 3., 0.));
#30 = VERTEX_POINT('', #29);
#31 = CARTESIAN_POINT('', (0., 3., 4.));
#32 = VERTEX_POINT('', #31);
#33 = CARTESIAN_POINT('', (3., 0., 0.));
#34 = VERTEX_POINT('', #33);
#35 = CARTESIAN_POINT('', (3., 0., 4.));
#36 = VERTEX_POINT('', #35);
#37 = CARTESIAN_POINT('', (62., -30., 0.));
#38 = VERTEX_POINT('', #37);
#39 = CARTESIAN_POINT('', (65., -27., 0.));
#40 = VERTEX_POINT('', #39);
#41 = CARTESIAN_POINT('', (65., -27., 4.));
#42 = VERTEX_POINT('', #41);
#43 = CARTESIAN_POINT('', (62., -30., 4.));
#44 = VERTEX_POINT('', #43);
#45 = CARTESIAN_POINT('', (65., 0., 0.));
#46 = VERTEX_POINT('', #45);
#47 = CARTESIAN_POINT('', (65., 0., 4.));
#48 = VERTEX_POINT('', #47);
#49 = CARTESIAN_POINT('', (40., 0., 0.));
#50 = VERTEX_POINT('', #49);
#51 = CARTESIAN_POINT('', (40., 0., 4.));
#52 = VERTEX_POINT('', #51);
#53 = CARTESIAN_POINT('', (40., -27., 0.));
#54 = VERTEX_POINT('', #53);
#55 = CARTESIAN_POINT('', (40., -27., 4.));
#56 = VERTEX_POINT('', #55);
#57 = CARTESIAN_POINT('', (43., -30., 0.));
#58 = VERTEX_POINT('', #57);
#59 = CARTESIAN_POINT('', (43., -30., 4.));
#60 = VERTEX_POINT('', #59);
#61 = CARTESIAN_POINT('', (162., -30., 0.));
#62 = VERTEX_POINT('', #61);
#63 = CARTESIAN_POINT('', (165., -27., 0.));
#64 = VERTEX_POINT('', #63);
#65 = CARTESIAN_POINT('', (165., -27., 4.));
#66 = VERTEX_POINT('', #65);
#67 = CARTESIAN_POINT('', (162., -30., 4.));
#68 = VERTEX_POINT('', #67);
#69 = CARTESIAN_POINT('', (165., 0., 0.));
#70 = VERTEX_POINT('', #69);
#71 = CARTESIAN_POINT('', (165., 0., 4.));
#72 = VERTEX_POINT('', #71);
#73 = CARTESIAN_POINT('', (140., 0., 0.));
#74 = VERTEX_POINT('', #73);
#75 = CARTESIAN_POINT('', (140., 0., 4.));
#76 = VERTEX_POINT('', #75);
#77 = CARTESIAN_POINT('', (140., -27., 0.));
#78 = VERTEX_POINT('', #77);
#79 = CARTESIAN_POINT('', (140., -27., 4.));
#80 = VERTEX_POINT('', #79);
#81 = CARTESIAN_POINT('', (143., -30., 0.));
#82 = VERTEX_POINT('', #81);
#83 = CARTESIAN_POINT('', (143., -30., 4.));
#84 = VERTEX_POINT('', #83);
#85 = CARTESIAN_POINT('', (65., 54., 0.));
#86 = VERTEX_POINT('', #85);
#87 = CARTESIAN_POINT('', (65., 81., 0.));
#88 = VERTEX_POINT('', #87);
#89 = CARTESIAN_POINT('', (65., 81., 4.));
#90 = VERTEX_POINT('', #89);
#91 = CARTESIAN_POINT('', (65., 54., 4.));
#92 = VERTEX_POINT('', #91);
#93 = CARTESIAN_POINT('', (62., 84., 0.));
#94 = VERTEX_POINT('', #93);
#95 = CARTESIAN_POINT('', (62., 84., 4.));
#96 = VERTEX_POINT('', #95);
#97 = CARTESIAN_POINT('', (43., 84., 0.));
#98 = VERTEX_POINT('', #97);
#99 = CARTESIAN_POINT('', (43., 84., 4.));
#100 = VERTEX_POINT('', #99);
#101 = CARTESIAN_POINT('', (40., 81., 0.));
#102 = VERTEX_POINT('', #101);
#103 = CARTESIAN_POINT('', (40., 81., 4.));
#104 = VERTEX_POINT('', #103);
#105 = CARTESIAN_POINT('', (40., 54., 0.));
#106 = VERTEX_POINT('', #105);
#107 = CARTESIAN_POINT('', (40., 54., 4.));
#108 = VERTEX_POINT('', #107);
#109 = CARTESIAN_POINT('', (165., 54., 0.));
#110 = VERTEX_POINT('', #109);
#111 = CARTESIAN_POINT('', (165., 81., 0.));
#112 = VERTEX_POINT('', #111);
#113 = CARTESIAN_POINT('', (165., 81., 4.));
#114 = VERTEX_POINT('', #113);
#115 = CARTESIAN_POINT('', (165., 54., 4.));
#116 = VERTEX_POINT('', #115);
#117 = CARTESIAN_POINT('', (162., 84., 0.));
#118 = VERTEX_POINT('', #117);
#119 = CARTESIAN_POINT('', (162., 84., 4.));
#120 = VERTEX_POINT('', #119);
#121 = CARTESIAN_POINT('', (143., 84., 0.));
#122 = VERTEX_POINT('', #121);
#123 = CARTESIAN_POINT('', (143., 84., 4.));
#124 = VERTEX_POINT('', #123);
#125 = CARTESIAN_POINT('', (140., 81., 0.));
#126 = VERTEX_POINT('', #125);
#127 = CARTESIAN_POINT('', (140., 81., 4.));
#128 = VERTEX_POINT('', #127);
#129 = CARTESIAN_POINT('', (140., 54., 0.));
#130 = VERTEX_POINT('', #129);
#131 = CARTESIAN_POINT('', (140., 54., 4.));
#132 = VERTEX_POINT('', #131);
#133 = CARTESIAN_POINT('', (64., -25., 0.));
#134 = VERTEX_POINT('', #133);
#135 = CARTESIAN_POINT('', (64., -21., 0.));
#136 = VERTEX_POINT('', #135);
#137 = CARTESIAN_POINT('', (41., -21., 0.));
#138 = VERTEX_POINT('', #137);
#139 = CARTESIAN_POINT('', (41., -25., 0.));
#140 = VERTEX_POINT('', #139);
#141 = CARTESIAN_POINT('', (64., -25., 4.));
#142 = VERTEX_POINT('', #141);
#143 = CARTESIAN_POINT('', (64., -21., 4.));
#144 = VERTEX_POINT('', #143);
#145 = CARTESIAN_POINT('', (41., -21., 4.));
#146 = VERTEX_POINT('', #145);
#147 = CARTESIAN_POINT('', (41., -25., 4.));
#148 = VERTEX_POINT('', #147);
#149 = CARTESIAN_POINT('', (64., 75., 0.));
#150 = VERTEX_POINT('', #149);
#151 = CARTESIAN_POINT('', (64., 79., 0.));
#152 = VERTEX_POINT('', #151);
#153 = CARTESIAN_POINT('', (41., 79., 0.));
#154 = VERTEX_POINT('', #153);
#155 = CARTESIAN_POINT('', (41., 75., 0.));
#156 = VERTEX_POINT('', #155);
#157 = CARTESIAN_POINT('', (64., 75., 4.));
#158 = VERTEX_POINT('', #157);
#159 = CARTESIAN_POINT('', (64., 79., 4.));
#160 = VERTEX_POINT('', #159);
#161 = CARTESIAN_POINT('', (41., 79., 4.));
#162 = VERTEX_POINT('', #161);
#163 = CARTESIAN_POINT('', (41., 75., 4.));
#164 = VERTEX_POINT('', #163);
#165 = CARTESIAN_POINT('', (164., -25., 0.));
#166 = VERTEX_POINT('', #165);
#167 = CARTESIAN_POINT('', (164., -21., 0.));
#168 = VERTEX_POINT('', #167);
#169 = CARTESIAN_POINT('', (141., -21., 0.));
#170 = VERTEX_POINT('', #169);
#171 = CARTESIAN_POINT('', (141., -25., 0.));
#172 = VERTEX_POINT('', #171);
#173 = CARTESIAN_POINT('', (164., -25., 4.));
#174 = VERTEX_POINT('', #173);
#175 = CARTESIAN_POINT('', (164., -21., 4.));
#176 = VERTEX_POINT('', #175);
#177 = CARTESIAN_POINT('', (141., -21., 4.));
#178 = VERTEX_POINT('', #177);
#179 = CARTESIAN_POINT('', (141., -25., 4.));
#180 = VERTEX_POINT('', #179);
#181 = CARTESIAN_POINT('', (164., 75., 0.));
#182 = VERTEX_POINT('', #181);
#183 = CARTESIAN_POINT('', (164., 79., 0.));
#184 = VERTEX_POINT('', #183);
#185 = CARTESIAN_POINT('', (141., 79., 0.));
#186 = VERTEX_POINT('', #185);
#187 = CARTESIAN_POINT('', (141., 75., 0.));
#188 = VERTEX_POINT('', #187);
#189 = CARTESIAN_POINT('', (164., 75., 4.));
#190 = VERTEX_POINT('', #189);
#191 = CARTESIAN_POINT('', (164., 79., 4.));
#192 = VERTEX_POINT('', #191);
#193 = CARTESIAN_POINT('', (141., 79., 4.));
#194 = VERTEX_POINT('', #193);
#195 = CARTESIAN_POINT('', (141., 75., 4.));
#196 = VERTEX_POINT('', #195);
#197 = CARTESIAN_POINT('', (78., 7., 1.));
#198 = VERTEX_POINT('', #197);
#199 = CARTESIAN_POINT('', (78., 47., 1.));
#200 = VERTEX_POINT('', #199);
#201 = CARTESIAN_POINT('', (8., 47., 1.));
#202 = VERTEX_POINT('', #201);
#203 = CARTESIAN_POINT('', (8., 7., 1.));
#204 = VERTEX_POINT('', #203);
#205 = CARTESIAN_POINT('', (78., 7., 4.));
#206 = VERTEX_POINT('', #205);
#207 = CARTESIAN_POINT('', (78., 47., 4.));
#208 = VERTEX_POINT('', #207);
#209 = CARTESIAN_POINT('', (8., 47., 4.));
#210 = VERTEX_POINT('', #209);
#211 = CARTESIAN_POINT('', (8., 7., 4.));
#212 = VERTEX_POINT('', #211);
#213 = CARTESIAN_POINT('', (46., 27., 0.));
#214 = VERTEX_POINT('', #213);
#215 = CARTESIAN_POINT('', (46., 27., 1.));
#216 = VERTEX_POINT('', #215);
#217 = CARTESIAN_POINT('', (57., 16., -0.));
#218 = VERTEX_POINT('', #217);
#219 = CARTESIAN_POINT('', (57., 38., 0.));
#220 = VERTEX_POINT('', #219);
#221 = CARTESIAN_POINT('', (57.00000292, 16., 1.));
#222 = VERTEX_POINT('', #221);
#223 = CARTESIAN_POINT('', (57.00000001, 38., 1.));
#224 = VERTEX_POINT('', #223);
#225 = CARTESIAN_POINT('', (83., 27., 2.));
#226 = VERTEX_POINT('', #225);
#227 = CARTESIAN_POINT('', (64.5, 35.04673847, -0.));
#228 = VERTEX_POINT('', #227);
#229 = CARTESIAN_POINT('', (64.5, 18.95326153, -0.));
#230 = VERTEX_POINT('', #229);
#231 = CARTESIAN_POINT('', (78., 36.21954446, 2.));
#232 = VERTEX_POINT('', #231);
#233 = CARTESIAN_POINT('', (78., 36.21954446, 1.));
#234 = VERTEX_POINT('', #233);
#235 = CARTESIAN_POINT('', (78., 17.78045554, 2.));
#236 = VERTEX_POINT('', #235);
#237 = CARTESIAN_POINT('', (78., 17.78045554, 1.));
#238 = VERTEX_POINT('', #237);
#239 = CARTESIAN_POINT('', (64.5, 35.04673847, 1.));
#240 = VERTEX_POINT('', #239);
#241 = CARTESIAN_POINT('', (64.5, 18.95326153, 1.));
#242 = VERTEX_POINT('', #241);
#243 = CARTESIAN_POINT('', (98., 27., 2.));
#244 = VERTEX_POINT('', #243);
#245 = CARTESIAN_POINT('', (79.5, 35.04673847, 0.));
#246 = VERTEX_POINT('', #245);
#247 = CARTESIAN_POINT('', (79.5, 18.95326153, 0.));
#248 = VERTEX_POINT('', #247);
#249 = CARTESIAN_POINT('', (78., 33.32455532, 2.));
#250 = VERTEX_POINT('', #249);
#251 = CARTESIAN_POINT('', (78., 20.67544468, 2.));
#252 = VERTEX_POINT('', #251);
#253 = CARTESIAN_POINT('', (79.5, 35.04673847, 2.));
#254 = VERTEX_POINT('', #253);
#255 = CARTESIAN_POINT('', (79.5, 18.95326153, 2.));
#256 = VERTEX_POINT('', #255);
#257 = CARTESIAN_POINT('', (113., 27., 2.));
#258 = VERTEX_POINT('', #257);
#259 = CARTESIAN_POINT('', (91., 27., 2.));
#260 = VERTEX_POINT('', #259);
#261 = CARTESIAN_POINT('', (113., 27., 0.));
#262 = VERTEX_POINT('', #261);
#263 = CARTESIAN_POINT('', (94.5, 35.04673847, 0.));
#264 = VERTEX_POINT('', #263);
#265 = CARTESIAN_POINT('', (94.5, 18.95326153, -0.));
#266 = VERTEX_POINT('', #265);
#267 = CARTESIAN_POINT('', (94.5, 35.04673847, 2.));
#268 = VERTEX_POINT('', #267);
#269 = CARTESIAN_POINT('', (94.5, 18.95326153, 2.));
#270 = VERTEX_POINT('', #269);
#271 = CARTESIAN_POINT('', (5.1, 4., 0.));
#272 = VERTEX_POINT('', #271);
#273 = CARTESIAN_POINT('', (2.9, 4., 0.));
#274 = VERTEX_POINT('', #273);
#275 = CARTESIAN_POINT('', (5.1, 4., 4.));
#276 = VERTEX_POINT('', #275);
#277 = CARTESIAN_POINT('', (2.9, 4., 4.));
#278 = VERTEX_POINT('', #277);
#279 = CARTESIAN_POINT('', (4.00000001, 2.9, -0.));
#280 = VERTEX_POINT('', #279);
#281 = CARTESIAN_POINT('', (3.99999999, 5.1, 0.));
#282 = VERTEX_POINT('', #281);
#283 = CARTESIAN_POINT('', (3.99999999, 2.9, 4.));
#284 = VERTEX_POINT('', #283);
#285 = CARTESIAN_POINT('', (4.00000001, 5.1, 4.));
#286 = VERTEX_POINT('', #285);
#287 = CARTESIAN_POINT('', (5.1, 50., 0.));
#288 = VERTEX_POINT('', #287);
#289 = CARTESIAN_POINT('', (2.9, 50., 0.));
#290 = VERTEX_POINT('', #289);
#291 = CARTESIAN_POINT('', (5.1, 50., 4.));
#292 = VERTEX_POINT('', #291);
#293 = CARTESIAN_POINT('', (2.9, 50., 4.));
#294 = VERTEX_POINT('', #293);
#295 = CARTESIAN_POINT('', (4.00000001, 48.9, -0.));
#296 = VERTEX_POINT('', #295);
#297 = CARTESIAN_POINT('', (3.99999999, 51.1, 0.));
#298 = VERTEX_POINT('', #297);
#299 = CARTESIAN_POINT('', (3.99999999, 48.9, 4.));
#300 = VERTEX_POINT('', #299);
#301 = CARTESIAN_POINT('', (4.00000001, 51.1, 4.));
#302 = VERTEX_POINT('', #301);
#303 = CARTESIAN_POINT('', (201.1, 4., 0.));
#304 = VERTEX_POINT('', #303);
#305 = CARTESIAN_POINT('', (198.9, 4., -0.));
#306 = VERTEX_POINT('', #305);
#307 = CARTESIAN_POINT('', (201.1, 4., 4.));
#308 = VERTEX_POINT('', #307);
#309 = CARTESIAN_POINT('', (198.9, 4., 4.));
#310 = VERTEX_POINT('', #309);
#311 = CARTESIAN_POINT('', (200.00000001, 2.9, -0.));
#312 = VERTEX_POINT('', #311);
#313 = CARTESIAN_POINT('', (199.99999999, 5.1, 0.));
#314 = VERTEX_POINT('', #313);
#315 = CARTESIAN_POINT('', (199.99999999, 2.9, 4.));
#316 = VERTEX_POINT('', #315);
#317 = CARTESIAN_POINT('', (200.00000001, 5.1, 4.));
#318 = VERTEX_POINT('', #317);
#319 = CARTESIAN_POINT('', (201.1, 50., -0.));
#320 = VERTEX_POINT('', #319);
#321 = CARTESIAN_POINT('', (198.9, 50., 0.));
#322 = VERTEX_POINT('', #321);
#323 = CARTESIAN_POINT('', (201.1, 50., 4.));
#324 = VERTEX_POINT('', #323);
#325 = CARTESIAN_POINT('', (198.9, 50., 4.));
#326 = VERTEX_POINT('', #325);
#327 = CARTESIAN_POINT('', (200.00000001, 48.9, -0.));
#328 = VERTEX_POINT('', #327);
#329 = CARTESIAN_POINT('', (199.99999999, 51.1, 0.));
#330 = VERTEX_POINT('', #329);
#331 = CARTESIAN_POINT('', (199.99999999, 48.9, 4.));
#332 = VERTEX_POINT('', #331);
#333 = CARTESIAN_POINT('', (200.00000001, 51.1, 4.));
#334 = VERTEX_POINT('', #333);
#335 = CARTESIAN_POINT('', (201., 0., 4.));
#336 = VERTEX_POINT('', #335);
#337 = CARTESIAN_POINT('', (201., 0., 16.));
#338 = VERTEX_POINT('', #337);
#339 = CARTESIAN_POINT('', (201., 54., 4.));
#340 = VERTEX_POINT('', #339);
#341 = CARTESIAN_POINT('', (201., 54., 16.));
#342 = VERTEX_POINT('', #341);
#343 = CARTESIAN_POINT('', (3., 54., 4.));
#344 = VERTEX_POINT('', #343);
#345 = CARTESIAN_POINT('', (3., 54., 16.));
#346 = VERTEX_POINT('', #345);
#347 = CARTESIAN_POINT('', (0., 51., 4.));
#348 = VERTEX_POINT('', #347);
#349 = CARTESIAN_POINT('', (0., 51., 16.));
#350 = VERTEX_POINT('', #349);
#351 = CARTESIAN_POINT('', (0., 3., 4.));
#352 = VERTEX_POINT('', #351);
#353 = CARTESIAN_POINT('', (0., 3., 16.));
#354 = VERTEX_POINT('', #353);
#355 = CARTESIAN_POINT('', (3., 0., 4.));
#356 = VERTEX_POINT('', #355);
#357 = CARTESIAN_POINT('', (3., 0., 16.));
#358 = VERTEX_POINT('', #357);
#359 = CARTESIAN_POINT('', (201., 1.5, 4.));
#360 = VERTEX_POINT('', #359);
#361 = CARTESIAN_POINT('', (202.5, 3., 4.));
#362 = VERTEX_POINT('', #361);
#363 = CARTESIAN_POINT('', (202.5, 3., 14.5));
#364 = VERTEX_POINT('', #363);
#365 = CARTESIAN_POINT('', (201., 1.5, 14.5));
#366 = VERTEX_POINT('', #365);
#367 = CARTESIAN_POINT('', (202.5, 51., 4.));
#368 = VERTEX_POINT('', #367);
#369 = CARTESIAN_POINT('', (202.5, 51., 14.5));
#370 = VERTEX_POINT('', #369);
#371 = CARTESIAN_POINT('', (201., 52.5, 4.));
#372 = VERTEX_POINT('', #371);
#373 = CARTESIAN_POINT('', (201., 52.5, 14.5));
#374 = VERTEX_POINT('', #373);
#375 = CARTESIAN_POINT('', (3., 52.5, 4.));
#376 = VERTEX_POINT('', #375);
#377 = CARTESIAN_POINT('', (3., 52.5, 14.5));
#378 = VERTEX_POINT('', #377);
#379 = CARTESIAN_POINT('', (1.5, 51., 4.));
#380 = VERTEX_POINT('', #379);
#381 = CARTESIAN_POINT('', (1.5, 51., 14.5));
#382 = VERTEX_POINT('', #381);
#383 = CARTESIAN_POINT('', (1.5, 3., 4.));
#384 = VERTEX_POINT('', #383);
#385 = CARTESIAN_POINT('', (1.5, 3., 14.5));
#386 = VERTEX_POINT('', #385);
#387 = CARTESIAN_POINT('', (3., 1.5, 4.));
#388 = VERTEX_POINT('', #387);
#389 = CARTESIAN_POINT('', (3., 1.5, 14.5));
#390 = VERTEX_POINT('', #389);
#391 = CARTESIAN_POINT('', (5.5, 4., 11.5));
#392 = VERTEX_POINT('', #391);
#393 = CARTESIAN_POINT('', (2.5, 4., 11.5));
#394 = VERTEX_POINT('', #393);
#395 = CARTESIAN_POINT('', (5.5, 4., 14.5));
#396 = VERTEX_POINT('', #395);
#397 = CARTESIAN_POINT('', (2.5, 4., 14.5));
#398 = VERTEX_POINT('', #397);
#399 = CARTESIAN_POINT('', (3.99999999, 2.5, 14.5));
#400 = VERTEX_POINT('', #399);
#401 = CARTESIAN_POINT('', (4.00000001, 5.5, 14.5));
#402 = VERTEX_POINT('', #401);
#403 = CARTESIAN_POINT('', (5.5, 50., 11.5));
#404 = VERTEX_POINT('', #403);
#405 = CARTESIAN_POINT('', (2.5, 50., 11.5));
#406 = VERTEX_POINT('', #405);
#407 = CARTESIAN_POINT('', (5.5, 50., 14.5));
#408 = VERTEX_POINT('', #407);
#409 = CARTESIAN_POINT('', (2.5, 50., 14.5));
#410 = VERTEX_POINT('', #409);
#411 = CARTESIAN_POINT('', (3.99999999, 48.5, 14.5));
#412 = VERTEX_POINT('', #411);
#413 = CARTESIAN_POINT('', (4.00000001, 51.5, 14.5));
#414 = VERTEX_POINT('', #413);
#415 = CARTESIAN_POINT('', (201.5, 4., 11.5));
#416 = VERTEX_POINT('', #415);
#417 = CARTESIAN_POINT('', (198.5, 4., 11.5));
#418 = VERTEX_POINT('', #417);
#419 = CARTESIAN_POINT('', (201.5, 4., 14.5));
#420 = VERTEX_POINT('', #419);
#421 = CARTESIAN_POINT('', (198.5, 4., 14.5));
#422 = VERTEX_POINT('', #421);
#423 = CARTESIAN_POINT('', (199.99999999, 2.5, 14.5));
#424 = VERTEX_POINT('', #423);
#425 = CARTESIAN_POINT('', (200.00000001, 5.5, 14.5));
#426 = VERTEX_POINT('', #425);
#427 = CARTESIAN_POINT('', (201.5, 50., 11.5));
#428 = VERTEX_POINT('', #427);
#429 = CARTESIAN_POINT('', (198.5, 50., 11.5));
#430 = VERTEX_POINT('', #429);
#431 = CARTESIAN_POINT('', (201.5, 50., 14.5));
#432 = VERTEX_POINT('', #431);
#433 = CARTESIAN_POINT('', (198.5, 50., 14.5));
#434 = VERTEX_POINT('', #433);
#435 = CARTESIAN_POINT('', (199.99999999, 48.5, 14.5));
#436 = VERTEX_POINT('', #435);
#437 = CARTESIAN_POINT('', (200.00000001, 51.5, 14.5));
#438 = VERTEX_POINT('', #437);
#439 = CARTESIAN_POINT('', (203.3, 1.07386397, 16.));
#440 = VERTEX_POINT('', #439);
#441 = CARTESIAN_POINT('', (203.3, 1.07386397, 4.));
#442 = VERTEX_POINT('', #441);
#443 = CARTESIAN_POINT('', (203.3, 52.92613603, 16.));
#444 = VERTEX_POINT('', #443);
#445 = CARTESIAN_POINT('', (203.3, 52.92613603, 4.));
#446 = VERTEX_POINT('', #445);
#447 = CARTESIAN_POINT('', (0., 31.5, 9.75));
#448 = VERTEX_POINT('', #447);
#449 = CARTESIAN_POINT('', (0., 31.5, 6.25));
#450 = VERTEX_POINT('', #449);
#451 = CARTESIAN_POINT('', (0., 22.5, 9.75));
#452 = VERTEX_POINT('', #451);
#453 = CARTESIAN_POINT('', (0., 22.5, 6.25));
#454 = VERTEX_POINT('', #453);
#455 = CARTESIAN_POINT('', (1.5, 31.5, 9.75));
#456 = VERTEX_POINT('', #455);
#457 = CARTESIAN_POINT('', (1.5, 31.5, 6.25));
#458 = VERTEX_POINT('', #457);
#459 = CARTESIAN_POINT('', (1.5, 22.5, 9.75));
#460 = VERTEX_POINT('', #459);
#461 = CARTESIAN_POINT('', (1.5, 22.5, 6.25));
#462 = VERTEX_POINT('', #461);
#463 = CARTESIAN_POINT('', (0., 12., 9.5));
#464 = VERTEX_POINT('', #463);
#465 = CARTESIAN_POINT('', (0., 12., 6.5));
#466 = VERTEX_POINT('', #465);
#467 = CARTESIAN_POINT('', (0., 8., 9.5));
#468 = VERTEX_POINT('', #467);
#469 = CARTESIAN_POINT('', (0., 8., 6.5));
#470 = VERTEX_POINT('', #469);
#471 = CARTESIAN_POINT('', (1.5, 12., 9.5));
#472 = VERTEX_POINT('', #471);
#473 = CARTESIAN_POINT('', (1.5, 12., 6.5));
#474 = VERTEX_POINT('', #473);
#475 = CARTESIAN_POINT('', (1.5, 8., 9.5));
#476 = VERTEX_POINT('', #475);
#477 = CARTESIAN_POINT('', (1.5, 8., 6.5));
#478 = VERTEX_POINT('', #477);
#479 = CARTESIAN_POINT('', (58.5, 54., 9.25));
#480 = VERTEX_POINT('', #479);
#481 = CARTESIAN_POINT('', (58.5, 54., 6.75));
#482 = VERTEX_POINT('', #481);
#483 = CARTESIAN_POINT('', (55.5, 54., 9.25));
#484 = VERTEX_POINT('', #483);
#485 = CARTESIAN_POINT('', (55.5, 54., 6.75));
#486 = VERTEX_POINT('', #485);
#487 = CARTESIAN_POINT('', (58.5, 52.5, 9.25));
#488 = VERTEX_POINT('', #487);
#489 = CARTESIAN_POINT('', (58.5, 52.5, 6.75));
#490 = VERTEX_POINT('', #489);
#491 = CARTESIAN_POINT('', (55.5, 52.5, 9.25));
#492 = VERTEX_POINT('', #491);
#493 = CARTESIAN_POINT('', (55.5, 52.5, 6.75));
#494 = VERTEX_POINT('', #493);
#495 = CARTESIAN_POINT('', (73.5, 54., 9.25));
#496 = VERTEX_POINT('', #495);
#497 = CARTESIAN_POINT('', (73.5, 54., 6.75));
#498 = VERTEX_POINT('', #497);
#499 = CARTESIAN_POINT('', (70.5, 54., 9.25));
#500 = VERTEX_POINT('', #499);
#501 = CARTESIAN_POINT('', (70.5, 54., 6.75));
#502 = VERTEX_POINT('', #501);
#503 = CARTESIAN_POINT('', (73.5, 52.5, 9.25));
#504 = VERTEX_POINT('', #503);
#505 = CARTESIAN_POINT('', (73.5, 52.5, 6.75));
#506 = VERTEX_POINT('', #505);
#507 = CARTESIAN_POINT('', (70.5, 52.5, 9.25));
#508 = VERTEX_POINT('', #507);
#509 = CARTESIAN_POINT('', (70.5, 52.5, 6.75));
#510 = VERTEX_POINT('', #509);
#511 = CARTESIAN_POINT('', (88.5, 54., 9.25));
#512 = VERTEX_POINT('', #511);
#513 = CARTESIAN_POINT('', (88.5, 54., 6.75));
#514 = VERTEX_POINT('', #513);
#515 = CARTESIAN_POINT('', (85.5, 54., 9.25));
#516 = VERTEX_POINT('', #515);
#517 = CARTESIAN_POINT('', (85.5, 54., 6.75));
#518 = VERTEX_POINT('', #517);
#519 = CARTESIAN_POINT('', (88.5, 52.5, 9.25));
#520 = VERTEX_POINT('', #519);
#521 = CARTESIAN_POINT('', (88.5, 52.5, 6.75));
#522 = VERTEX_POINT('', #521);
#523 = CARTESIAN_POINT('', (85.5, 52.5, 9.25));
#524 = VERTEX_POINT('', #523);
#525 = CARTESIAN_POINT('', (85.5, 52.5, 6.75));
#526 = VERTEX_POINT('', #525);
#527 = CARTESIAN_POINT('', (103.5, 54., 9.25));
#528 = VERTEX_POINT('', #527);
#529 = CARTESIAN_POINT('', (103.5, 54., 6.75));
#530 = VERTEX_POINT('', #529);
#531 = CARTESIAN_POINT('', (100.5, 54., 9.25));
#532 = VERTEX_POINT('', #531);
#533 = CARTESIAN_POINT('', (100.5, 54., 6.75));
#534 = VERTEX_POINT('', #533);
#535 = CARTESIAN_POINT('', (103.5, 52.5, 9.25));
#536 = VERTEX_POINT('', #535);
#537 = CARTESIAN_POINT('', (103.5, 52.5, 6.75));
#538 = VERTEX_POINT('', #537);
#539 = CARTESIAN_POINT('', (100.5, 52.5, 9.25));
#540 = VERTEX_POINT('', #539);
#541 = CARTESIAN_POINT('', (100.5, 52.5, 6.75));
#542 = VERTEX_POINT('', #541);
#543 = CARTESIAN_POINT('', (161.75, 41., 16.));
#544 = VERTEX_POINT('', #543);
#545 = CARTESIAN_POINT('', (160.25, 41., 16.));
#546 = VERTEX_POINT('', #545);
#547 = CARTESIAN_POINT('', (161.75, 41., 14.5));
#548 = VERTEX_POINT('', #547);
#549 = CARTESIAN_POINT('', (160.25, 41., 14.5));
#550 = VERTEX_POINT('', #549);
#551 = CARTESIAN_POINT('', (161., 40.25, 16.));
#552 = VERTEX_POINT('', #551);
#553 = CARTESIAN_POINT('', (160.99999998, 41.75, 16.));
#554 = VERTEX_POINT('', #553);
#555 = CARTESIAN_POINT('', (160.99999998, 40.25, 14.5));
#556 = VERTEX_POINT('', #555);
#557 = CARTESIAN_POINT('', (161.00000002, 41.75, 14.5));
#558 = VERTEX_POINT('', #557);
#559 = CARTESIAN_POINT('', (161.75, 44., 16.));
#560 = VERTEX_POINT('', #559);
#561 = CARTESIAN_POINT('', (160.25, 44., 16.));
#562 = VERTEX_POINT('', #561);
#563 = CARTESIAN_POINT('', (161.75, 44., 14.5));
#564 = VERTEX_POINT('', #563);
#565 = CARTESIAN_POINT('', (160.25, 44., 14.5));
#566 = VERTEX_POINT('', #565);
#567 = CARTESIAN_POINT('', (161.00000002, 43.25, 16.));
#568 = VERTEX_POINT('', #567);
#569 = CARTESIAN_POINT('', (160.99999998, 44.75, 16.));
#570 = VERTEX_POINT('', #569);
#571 = CARTESIAN_POINT('', (160.99999998, 43.25, 14.5));
#572 = VERTEX_POINT('', #571);
#573 = CARTESIAN_POINT('', (161.00000002, 44.75, 14.5));
#574 = VERTEX_POINT('', #573);
#575 = CARTESIAN_POINT('', (161.75, 47., 16.));
#576 = VERTEX_POINT('', #575);
#577 = CARTESIAN_POINT('', (160.25, 47., 16.));
#578 = VERTEX_POINT('', #577);
#579 = CARTESIAN_POINT('', (161.75, 47., 14.5));
#580 = VERTEX_POINT('', #579);
#581 = CARTESIAN_POINT('', (160.25, 47., 14.5));
#582 = VERTEX_POINT('', #581);
#583 = CARTESIAN_POINT('', (161.00000002, 46.25, 16.));
#584 = VERTEX_POINT('', #583);
#585 = CARTESIAN_POINT('', (161., 47.75, 16.));
#586 = VERTEX_POINT('', #585);
#587 = CARTESIAN_POINT('', (161., 46.25, 14.5));
#588 = VERTEX_POINT('', #587);
#589 = CARTESIAN_POINT('', (161.00000002, 47.75, 14.5));
#590 = VERTEX_POINT('', #589);
#591 = CARTESIAN_POINT('', (164.75, 41., 16.));
#592 = VERTEX_POINT('', #591);
#593 = CARTESIAN_POINT('', (163.25, 41., 16.));
#594 = VERTEX_POINT('', #593);
#595 = CARTESIAN_POINT('', (164.75, 41., 14.5));
#596 = VERTEX_POINT('', #595);
#597 = CARTESIAN_POINT('', (163.25, 41., 14.5));
#598 = VERTEX_POINT('', #597);
#599 = CARTESIAN_POINT('', (164., 40.25, 16.));
#600 = VERTEX_POINT('', #599);
#601 = CARTESIAN_POINT('', (163.99999998, 41.75, 16.));
#602 = VERTEX_POINT('', #601);
#603 = CARTESIAN_POINT('', (163.99999998, 40.25, 14.5));
#604 = VERTEX_POINT('', #603);
#605 = CARTESIAN_POINT('', (164.00000002, 41.75, 14.5));
#606 = VERTEX_POINT('', #605);
#607 = CARTESIAN_POINT('', (164.75, 44., 16.));
#608 = VERTEX_POINT('', #607);
#609 = CARTESIAN_POINT('', (163.25, 44., 16.));
#610 = VERTEX_POINT('', #609);
#611 = CARTESIAN_POINT('', (164.75, 44., 14.5));
#612 = VERTEX_POINT('', #611);
#613 = CARTESIAN_POINT('', (163.25, 44., 14.5));
#614 = VERTEX_POINT('', #613);
#615 = CARTESIAN_POINT('', (164., 43.25, 16.));
#616 = VERTEX_POINT('', #615);
#617 = CARTESIAN_POINT('', (163.99999998, 44.75, 16.));
#618 = VERTEX_POINT('', #617);
#619 = CARTESIAN_POINT('', (163.99999998, 43.25, 14.5));
#620 = VERTEX_POINT('', #619);
#621 = CARTESIAN_POINT('', (164.00000002, 44.75, 14.5));
#622 = VERTEX_POINT('', #621);
#623 = CARTESIAN_POINT('', (164.75, 47., 16.));
#624 = VERTEX_POINT('', #623);
#625 = CARTESIAN_POINT('', (163.25, 47., 16.));
#626 = VERTEX_POINT('', #625);
#627 = CARTESIAN_POINT('', (164.75, 47., 14.5));
#628 = VERTEX_POINT('', #627);
#629 = CARTESIAN_POINT('', (163.25, 47., 14.5));
#630 = VERTEX_POINT('', #629);
#631 = CARTESIAN_POINT('', (164.00000002, 46.25, 16.));
#632 = VERTEX_POINT('', #631);
#633 = CARTESIAN_POINT('', (164., 47.75, 16.));
#634 = VERTEX_POINT('', #633);
#635 = CARTESIAN_POINT('', (164., 46.25, 14.5));
#636 = VERTEX_POINT('', #635);
#637 = CARTESIAN_POINT('', (164.00000002, 47.75, 14.5));
#638 = VERTEX_POINT('', #637);
#639 = CARTESIAN_POINT('', (167.75, 41., 16.));
#640 = VERTEX_POINT('', #639);
#641 = CARTESIAN_POINT('', (166.25, 41., 16.));
#642 = VERTEX_POINT('', #641);
#643 = CARTESIAN_POINT('', (167.75, 41., 14.5));
#644 = VERTEX_POINT('', #643);
#645 = CARTESIAN_POINT('', (166.25, 41., 14.5));
#646 = VERTEX_POINT('', #645);
#647 = CARTESIAN_POINT('', (167., 40.25, 16.));
#648 = VERTEX_POINT('', #647);
#649 = CARTESIAN_POINT('', (166.99999998, 41.75, 16.));
#650 = VERTEX_POINT('', #649);
#651 = CARTESIAN_POINT('', (166.99999998, 40.25, 14.5));
#652 = VERTEX_POINT('', #651);
#653 = CARTESIAN_POINT('', (167.00000002, 41.75, 14.5));
#654 = VERTEX_POINT('', #653);
#655 = CARTESIAN_POINT('', (167.75, 44., 16.));
#656 = VERTEX_POINT('', #655);
#657 = CARTESIAN_POINT('', (166.25, 44., 16.));
#658 = VERTEX_POINT('', #657);
#659 = CARTESIAN_POINT('', (167.75, 44., 14.5));
#660 = VERTEX_POINT('', #659);
#661 = CARTESIAN_POINT('', (166.25, 44., 14.5));
#662 = VERTEX_POINT('', #661);
#663 = CARTESIAN_POINT('', (167.00000002, 43.25, 16.));
#664 = VERTEX_POINT('', #663);
#665 = CARTESIAN_POINT('', (167., 44.75, 16.));
#666 = VERTEX_POINT('', #665);
#667 = CARTESIAN_POINT('', (167., 43.25, 14.5));
#668 = VERTEX_POINT('', #667);
#669 = CARTESIAN_POINT('', (167.00000002, 44.75, 14.5));
#670 = VERTEX_POINT('', #669);
#671 = CARTESIAN_POINT('', (167.75, 47., 16.));
#672 = VERTEX_POINT('', #671);
#673 = CARTESIAN_POINT('', (166.25, 47., 16.));
#674 = VERTEX_POINT('', #673);
#675 = CARTESIAN_POINT('', (167.75, 47., 14.5));
#676 = VERTEX_POINT('', #675);
#677 = CARTESIAN_POINT('', (166.25, 47., 14.5));
#678 = VERTEX_POINT('', #677);
#679 = CARTESIAN_POINT('', (167.00000002, 46.25, 16.));
#680 = VERTEX_POINT('', #679);
#681 = CARTESIAN_POINT('', (167., 47.75, 16.));
#682 = VERTEX_POINT('', #681);
#683 = CARTESIAN_POINT('', (167., 46.25, 14.5));
#684 = VERTEX_POINT('', #683);
#685 = CARTESIAN_POINT('', (167.00000002, 47.75, 14.5));
#686 = VERTEX_POINT('', #685);
#687 = CARTESIAN_POINT('', (170.75, 41., 16.));
#688 = VERTEX_POINT('', #687);
#689 = CARTESIAN_POINT('', (169.25, 41., 16.));
#690 = VERTEX_POINT('', #689);
#691 = CARTESIAN_POINT('', (170.75, 41., 14.5));
#692 = VERTEX_POINT('', #691);
#693 = CARTESIAN_POINT('', (169.25, 41., 14.5));
#694 = VERTEX_POINT('', #693);
#695 = CARTESIAN_POINT('', (170., 40.25, 16.));
#696 = VERTEX_POINT('', #695);
#697 = CARTESIAN_POINT('', (169.99999998, 41.75, 16.));
#698 = VERTEX_POINT('', #697);
#699 = CARTESIAN_POINT('', (169.99999998, 40.25, 14.5));
#700 = VERTEX_POINT('', #699);
#701 = CARTESIAN_POINT('', (170.00000002, 41.75, 14.5));
#702 = VERTEX_POINT('', #701);
#703 = CARTESIAN_POINT('', (170.75, 44., 16.));
#704 = VERTEX_POINT('', #703);
#705 = CARTESIAN_POINT('', (169.25, 44., 16.));
#706 = VERTEX_POINT('', #705);
#707 = CARTESIAN_POINT('', (170.75, 44., 14.5));
#708 = VERTEX_POINT('', #707);
#709 = CARTESIAN_POINT('', (169.25, 44., 14.5));
#710 = VERTEX_POINT('', #709);
#711 = CARTESIAN_POINT('', (170.00000002, 43.25, 16.));
#712 = VERTEX_POINT('', #711);
#713 = CARTESIAN_POINT('', (169.99999998, 44.75, 16.));
#714 = VERTEX_POINT('', #713);
#715 = CARTESIAN_POINT('', (169.99999998, 43.25, 14.5));
#716 = VERTEX_POINT('', #715);
#717 = CARTESIAN_POINT('', (170.00000002, 44.75, 14.5));
#718 = VERTEX_POINT('', #717);
#719 = CARTESIAN_POINT('', (170.75, 47., 16.));
#720 = VERTEX_POINT('', #719);
#721 = CARTESIAN_POINT('', (169.25, 47., 16.));
#722 = VERTEX_POINT('', #721);
#723 = CARTESIAN_POINT('', (170.75, 47., 14.5));
#724 = VERTEX_POINT('', #723);
#725 = CARTESIAN_POINT('', (169.25, 47., 14.5));
#726 = VERTEX_POINT('', #725);
#727 = CARTESIAN_POINT('', (170.00000002, 46.25, 16.));
#728 = VERTEX_POINT('', #727);
#729 = CARTESIAN_POINT('', (170., 47.75, 16.));
#730 = VERTEX_POINT('', #729);
#731 = CARTESIAN_POINT('', (170., 46.25, 14.5));
#732 = VERTEX_POINT('', #731);
#733 = CARTESIAN_POINT('', (170.00000002, 47.75, 14.5));
#734 = VERTEX_POINT('', #733);
#735 = CARTESIAN_POINT('', (173.75, 41., 16.));
#736 = VERTEX_POINT('', #735);
#737 = CARTESIAN_POINT('', (172.25, 41., 16.));
#738 = VERTEX_POINT('', #737);
#739 = CARTESIAN_POINT('', (173.75, 41., 14.5));
#740 = VERTEX_POINT('', #739);
#741 = CARTESIAN_POINT('', (172.25, 41., 14.5));
#742 = VERTEX_POINT('', #741);
#743 = CARTESIAN_POINT('', (173., 40.25, 16.));
#744 = VERTEX_POINT('', #743);
#745 = CARTESIAN_POINT('', (172.99999998, 41.75, 16.));
#746 = VERTEX_POINT('', #745);
#747 = CARTESIAN_POINT('', (172.99999998, 40.25, 14.5));
#748 = VERTEX_POINT('', #747);
#749 = CARTESIAN_POINT('', (173.00000002, 41.75, 14.5));
#750 = VERTEX_POINT('', #749);
#751 = CARTESIAN_POINT('', (173.75, 44., 16.));
#752 = VERTEX_POINT('', #751);
#753 = CARTESIAN_POINT('', (172.25, 44., 16.));
#754 = VERTEX_POINT('', #753);
#755 = CARTESIAN_POINT('', (173.75, 44., 14.5));
#756 = VERTEX_POINT('', #755);
#757 = CARTESIAN_POINT('', (172.25, 44., 14.5));
#758 = VERTEX_POINT('', #757);
#759 = CARTESIAN_POINT('', (173.00000002, 43.25, 16.));
#760 = VERTEX_POINT('', #759);
#761 = CARTESIAN_POINT('', (172.99999998, 44.75, 16.));
#762 = VERTEX_POINT('', #761);
#763 = CARTESIAN_POINT('', (172.99999998, 43.25, 14.5));
#764 = VERTEX_POINT('', #763);
#765 = CARTESIAN_POINT('', (173.00000002, 44.75, 14.5));
#766 = VERTEX_POINT('', #765);
#767 = CARTESIAN_POINT('', (173.75, 47., 16.));
#768 = VERTEX_POINT('', #767);
#769 = CARTESIAN_POINT('', (172.25, 47., 16.));
#770 = VERTEX_POINT('', #769);
#771 = CARTESIAN_POINT('', (173.75, 47., 14.5));
#772 = VERTEX_POINT('', #771);
#773 = CARTESIAN_POINT('', (172.25, 47., 14.5));
#774 = VERTEX_POINT('', #773);
#775 = CARTESIAN_POINT('', (173.00000002, 46.25, 16.));
#776 = VERTEX_POINT('', #775);
#777 = CARTESIAN_POINT('', (173., 47.75, 16.));
#778 = VERTEX_POINT('', #777);
#779 = CARTESIAN_POINT('', (173., 46.25, 14.5));
#780 = VERTEX_POINT('', #779);
#781 = CARTESIAN_POINT('', (173.00000002, 47.75, 14.5));
#782 = VERTEX_POINT('', #781);
#783 = CARTESIAN_POINT('', (155.1, 47.5, 16.));
#784 = VERTEX_POINT('', #783);
#785 = CARTESIAN_POINT('', (153.9, 47.5, 16.));
#786 = VERTEX_POINT('', #785);
#787 = CARTESIAN_POINT('', (155.1, 47.5, 14.5));
#788 = VERTEX_POINT('', #787);
#789 = CARTESIAN_POINT('', (153.9, 47.5, 14.5));
#790 = VERTEX_POINT('', #789);
#791 = CARTESIAN_POINT('', (154.50000013, 46.9, 16.));
#792 = VERTEX_POINT('', #791);
#793 = CARTESIAN_POINT('', (154.50000143, 48.1, 16.));
#794 = VERTEX_POINT('', #793);
#795 = CARTESIAN_POINT('', (154.49999987, 46.9, 14.5));
#796 = VERTEX_POINT('', #795);
#797 = CARTESIAN_POINT('', (154.50000013, 48.1, 14.5));
#798 = VERTEX_POINT('', #797);
#799 = CARTESIAN_POINT('', (155.1, 50., 16.));
#800 = VERTEX_POINT('', #799);
#801 = CARTESIAN_POINT('', (153.9, 50., 16.));
#802 = VERTEX_POINT('', #801);
#803 = CARTESIAN_POINT('', (155.1, 50., 14.5));
#804 = VERTEX_POINT('', #803);
#805 = CARTESIAN_POINT('', (153.9, 50., 14.5));
#806 = VERTEX_POINT('', #805);
#807 = CARTESIAN_POINT('', (154.50000013, 49.4, 16.));
#808 = VERTEX_POINT('', #807);
#809 = CARTESIAN_POINT('', (154.49999987, 50.6, 16.));
#810 = VERTEX_POINT('', #809);
#811 = CARTESIAN_POINT('', (154.49999987, 49.4, 14.5));
#812 = VERTEX_POINT('', #811);
#813 = CARTESIAN_POINT('', (154.50000013, 50.6, 14.5));
#814 = VERTEX_POINT('', #813);
#815 = CARTESIAN_POINT('', (155.1, 52.5, 14.1));
#816 = VERTEX_POINT('', #815);
#817 = CARTESIAN_POINT('', (153.9, 52.5, 14.1));
#818 = VERTEX_POINT('', #817);
#819 = CARTESIAN_POINT('', (155.1, 52.5, 16.));
#820 = VERTEX_POINT('', #819);
#821 = CARTESIAN_POINT('', (153.9, 52.5, 16.));
#822 = VERTEX_POINT('', #821);
#823 = CARTESIAN_POINT('', (153.9, 52.5, 14.5));
#824 = VERTEX_POINT('', #823);
#825 = CARTESIAN_POINT('', (155.1, 52.5, 14.5));
#826 = VERTEX_POINT('', #825);
#827 = CARTESIAN_POINT('', (154.50000013, 51.9, 16.));
#828 = VERTEX_POINT('', #827);
#829 = CARTESIAN_POINT('', (154.49999987, 53.1, 16.));
#830 = VERTEX_POINT('', #829);
#831 = CARTESIAN_POINT('', (154.5, 52.5, 14.1));
#832 = VERTEX_POINT('', #831);
#833 = CARTESIAN_POINT('', (154.5, 53.1, 14.1));
#834 = VERTEX_POINT('', #833);
#835 = CARTESIAN_POINT('', (157.6, 47.5, 16.));
#836 = VERTEX_POINT('', #835);
#837 = CARTESIAN_POINT('', (156.4, 47.5, 16.));
#838 = VERTEX_POINT('', #837);
#839 = CARTESIAN_POINT('', (157.6, 47.5, 14.5));
#840 = VERTEX_POINT('', #839);
#841 = CARTESIAN_POINT('', (156.4, 47.5, 14.5));
#842 = VERTEX_POINT('', #841);
#843 = CARTESIAN_POINT('', (157.00000013, 46.9, 16.));
#844 = VERTEX_POINT('', #843);
#845 = CARTESIAN_POINT('', (157., 48.1, 16.));
#846 = VERTEX_POINT('', #845);
#847 = CARTESIAN_POINT('', (157., 46.9, 14.5));
#848 = VERTEX_POINT('', #847);
#849 = CARTESIAN_POINT('', (157.00000013, 48.1, 14.5));
#850 = VERTEX_POINT('', #849);
#851 = CARTESIAN_POINT('', (157.6, 50., 16.));
#852 = VERTEX_POINT('', #851);
#853 = CARTESIAN_POINT('', (156.4, 50., 16.));
#854 = VERTEX_POINT('', #853);
#855 = CARTESIAN_POINT('', (157.6, 50., 14.5));
#856 = VERTEX_POINT('', #855);
#857 = CARTESIAN_POINT('', (156.4, 50., 14.5));
#858 = VERTEX_POINT('', #857);
#859 = CARTESIAN_POINT('', (157.00000013, 49.4, 16.));
#860 = VERTEX_POINT('', #859);
#861 = CARTESIAN_POINT('', (156.99999987, 50.6, 16.));
#862 = VERTEX_POINT('', #861);
#863 = CARTESIAN_POINT('', (156.99999987, 49.4, 14.5));
#864 = VERTEX_POINT('', #863);
#865 = CARTESIAN_POINT('', (157.00000013, 50.6, 14.5));
#866 = VERTEX_POINT('', #865);
#867 = CARTESIAN_POINT('', (157.6, 52.5, 14.1));
#868 = VERTEX_POINT('', #867);
#869 = CARTESIAN_POINT('', (156.4, 52.5, 14.1));
#870 = VERTEX_POINT('', #869);
#871 = CARTESIAN_POINT('', (157.6, 52.5, 16.));
#872 = VERTEX_POINT('', #871);
#873 = CARTESIAN_POINT('', (156.4, 52.5, 16.));
#874 = VERTEX_POINT('', #873);
#875 = CARTESIAN_POINT('', (156.4, 52.5, 14.5));
#876 = VERTEX_POINT('', #875);
#877 = CARTESIAN_POINT('', (157.6, 52.5, 14.5));
#878 = VERTEX_POINT('', #877);
#879 = CARTESIAN_POINT('', (157.00000013, 51.9, 16.));
#880 = VERTEX_POINT('', #879);
#881 = CARTESIAN_POINT('', (156.99999987, 53.1, 16.));
#882 = VERTEX_POINT('', #881);
#883 = CARTESIAN_POINT('', (157., 52.5, 14.1));
#884 = VERTEX_POINT('', #883);
#885 = CARTESIAN_POINT('', (157., 53.1, 14.1));
#886 = VERTEX_POINT('', #885);
#887 = CARTESIAN_POINT('', (160.1, 47.5, 16.));
#888 = VERTEX_POINT('', #887);
#889 = CARTESIAN_POINT('', (158.9, 47.5, 16.));
#890 = VERTEX_POINT('', #889);
#891 = CARTESIAN_POINT('', (160.1, 47.5, 14.5));
#892 = VERTEX_POINT('', #891);
#893 = CARTESIAN_POINT('', (158.9, 47.5, 14.5));
#894 = VERTEX_POINT('', #893);
#895 = CARTESIAN_POINT('', (159.50000013, 46.9, 16.));
#896 = VERTEX_POINT('', #895);
#897 = CARTESIAN_POINT('', (159.5, 48.1, 16.));
#898 = VERTEX_POINT('', #897);
#899 = CARTESIAN_POINT('', (159.49999987, 46.9, 14.5));
#900 = VERTEX_POINT('', #899);
#901 = CARTESIAN_POINT('', (159.5, 48.1, 14.5));
#902 = VERTEX_POINT('', #901);
#903 = CARTESIAN_POINT('', (160.1, 50., 16.));
#904 = VERTEX_POINT('', #903);
#905 = CARTESIAN_POINT('', (158.9, 50., 16.));
#906 = VERTEX_POINT('', #905);
#907 = CARTESIAN_POINT('', (160.1, 50., 14.5));
#908 = VERTEX_POINT('', #907);
#909 = CARTESIAN_POINT('', (158.9, 50., 14.5));
#910 = VERTEX_POINT('', #909);
#911 = CARTESIAN_POINT('', (159.50000013, 49.4, 16.));
#912 = VERTEX_POINT('', #911);
#913 = CARTESIAN_POINT('', (159.49999987, 50.6, 16.));
#914 = VERTEX_POINT('', #913);
#915 = CARTESIAN_POINT('', (159.49999987, 49.4, 14.5));
#916 = VERTEX_POINT('', #915);
#917 = CARTESIAN_POINT('', (159.50000013, 50.6, 14.5));
#918 = VERTEX_POINT('', #917);
#919 = CARTESIAN_POINT('', (160.1, 52.5, 14.1));
#920 = VERTEX_POINT('', #919);
#921 = CARTESIAN_POINT('', (158.9, 52.5, 14.1));
#922 = VERTEX_POINT('', #921);
#923 = CARTESIAN_POINT('', (160.1, 52.5, 16.));
#924 = VERTEX_POINT('', #923);
#925 = CARTESIAN_POINT('', (158.9, 52.5, 16.));
#926 = VERTEX_POINT('', #925);
#927 = CARTESIAN_POINT('', (158.9, 52.5, 14.5));
#928 = VERTEX_POINT('', #927);
#929 = CARTESIAN_POINT('', (160.1, 52.5, 14.5));
#930 = VERTEX_POINT('', #929);
#931 = CARTESIAN_POINT('', (159.50000013, 51.9, 16.));
#932 = VERTEX_POINT('', #931);
#933 = CARTESIAN_POINT('', (159.49999987, 53.1, 16.));
#934 = VERTEX_POINT('', #933);
#935 = CARTESIAN_POINT('', (159.5, 52.5, 14.1));
#936 = VERTEX_POINT('', #935);
#937 = CARTESIAN_POINT('', (159.5, 53.1, 14.1));
#938 = VERTEX_POINT('', #937);
#939 = CARTESIAN_POINT('', (135., 50., 16.));
#940 = VERTEX_POINT('', #939);
#941 = CARTESIAN_POINT('', (133., 50., 16.));
#942 = VERTEX_POINT('', #941);
#943 = CARTESIAN_POINT('', (135., 50., 14.5));
#944 = VERTEX_POINT('', #943);
#945 = CARTESIAN_POINT('', (133., 50., 14.5));
#946 = VERTEX_POINT('', #945);
#947 = CARTESIAN_POINT('', (134., 49., 16.));
#948 = VERTEX_POINT('', #947);
#949 = CARTESIAN_POINT('', (133.99999999, 51., 16.));
#950 = VERTEX_POINT('', #949);
#951 = CARTESIAN_POINT('', (133.99999999, 49., 14.5));
#952 = VERTEX_POINT('', #951);
#953 = CARTESIAN_POINT('', (134.00000001, 51., 14.5));
#954 = VERTEX_POINT('', #953);
#955 = CARTESIAN_POINT('', (139., 50., 16.));
#956 = VERTEX_POINT('', #955);
#957 = CARTESIAN_POINT('', (137., 50., 16.));
#958 = VERTEX_POINT('', #957);
#959 = CARTESIAN_POINT('', (139., 50., 14.5));
#960 = VERTEX_POINT('', #959);
#961 = CARTESIAN_POINT('', (137., 50., 14.5));
#962 = VERTEX_POINT('', #961);
#963 = CARTESIAN_POINT('', (138.00000001, 49., 16.));
#964 = VERTEX_POINT('', #963);
#965 = CARTESIAN_POINT('', (138., 51., 16.));
#966 = VERTEX_POINT('', #965);
#967 = CARTESIAN_POINT('', (138., 49., 14.5));
#968 = VERTEX_POINT('', #967);
#969 = CARTESIAN_POINT('', (138.00000001, 51., 14.5));
#970 = VERTEX_POINT('', #969);
#971 = CARTESIAN_POINT('', (143., 50., 16.));
#972 = VERTEX_POINT('', #971);
#973 = CARTESIAN_POINT('', (141., 50., 16.));
#974 = VERTEX_POINT('', #973);
#975 = CARTESIAN_POINT('', (143., 50., 14.5));
#976 = VERTEX_POINT('', #975);
#977 = CARTESIAN_POINT('', (141., 50., 14.5));
#978 = VERTEX_POINT('', #977);
#979 = CARTESIAN_POINT('', (142.00000001, 49., 16.));
#980 = VERTEX_POINT('', #979);
#981 = CARTESIAN_POINT('', (141.99999999, 51., 16.));
#982 = VERTEX_POINT('', #981);
#983 = CARTESIAN_POINT('', (142.00000018, 49., 14.5));
#984 = VERTEX_POINT('', #983);
#985 = CARTESIAN_POINT('', (141.99999982, 51., 14.5));
#986 = VERTEX_POINT('', #985);
#987 = CARTESIAN_POINT('', (126., 0.9, 11.));
#988 = VERTEX_POINT('', #987);
#989 = CARTESIAN_POINT('', (126., 0.9, 5.));
#990 = VERTEX_POINT('', #989);
#991 = CARTESIAN_POINT('', (142., 0.9, 11.));
#992 = VERTEX_POINT('', #991);
#993 = CARTESIAN_POINT('', (142., 0.9, 5.));
#994 = VERTEX_POINT('', #993);
#995 = CARTESIAN_POINT('', (126., 0., 11.));
#996 = VERTEX_POINT('', #995);
#997 = CARTESIAN_POINT('', (126., 0., 5.));
#998 = VERTEX_POINT('', #997);
#999 = CARTESIAN_POINT('', (142., 0., 11.));
#1000 = VERTEX_POINT('', #999);
#1001 = CARTESIAN_POINT('', (142., 0., 5.));
#1002 = VERTEX_POINT('', #1001);
#1003 = CARTESIAN_POINT('', (5.1, 4., 16.));
#1004 = VERTEX_POINT('', #1003);
#1005 = CARTESIAN_POINT('', (2.9, 4., 16.));
#1006 = VERTEX_POINT('', #1005);
#1007 = CARTESIAN_POINT('', (5.1, 4., 11.5));
#1008 = VERTEX_POINT('', #1007);
#1009 = CARTESIAN_POINT('', (2.9, 4., 11.5));
#1010 = VERTEX_POINT('', #1009);
#1011 = CARTESIAN_POINT('', (4.00000002, 2.9, 16.));
#1012 = VERTEX_POINT('', #1011);
#1013 = CARTESIAN_POINT('', (3.99999998, 5.1, 16.));
#1014 = VERTEX_POINT('', #1013);
#1015 = CARTESIAN_POINT('', (4.00000171, 2.9, 11.5));
#1016 = VERTEX_POINT('', #1015);
#1017 = CARTESIAN_POINT('', (3.99999829, 5.1, 11.5));
#1018 = VERTEX_POINT('', #1017);
#1019 = CARTESIAN_POINT('', (5.1, 50., 16.));
#1020 = VERTEX_POINT('', #1019);
#1021 = CARTESIAN_POINT('', (2.9, 50., 16.));
#1022 = VERTEX_POINT('', #1021);
#1023 = CARTESIAN_POINT('', (5.1, 50., 11.5));
#1024 = VERTEX_POINT('', #1023);
#1025 = CARTESIAN_POINT('', (2.9, 50., 11.5));
#1026 = VERTEX_POINT('', #1025);
#1027 = CARTESIAN_POINT('', (4.00000021, 48.9, 16.));
#1028 = VERTEX_POINT('', #1027);
#1029 = CARTESIAN_POINT('', (3.99999998, 51.1, 16.));
#1030 = VERTEX_POINT('', #1029);
#1031 = CARTESIAN_POINT('', (4.00000171, 48.9, 11.5));
#1032 = VERTEX_POINT('', #1031);
#1033 = CARTESIAN_POINT('', (3.99999829, 51.1, 11.5));
#1034 = VERTEX_POINT('', #1033);
#1035 = CARTESIAN_POINT('', (201.1, 4., 16.));
#1036 = VERTEX_POINT('', #1035);
#1037 = CARTESIAN_POINT('', (198.9, 4., 16.));
#1038 = VERTEX_POINT('', #1037);
#1039 = CARTESIAN_POINT('', (201.1, 4., 11.5));
#1040 = VERTEX_POINT('', #1039);
#1041 = CARTESIAN_POINT('', (198.9, 4., 11.5));
#1042 = VERTEX_POINT('', #1041);
#1043 = CARTESIAN_POINT('', (200.00000002, 2.9, 16.));
#1044 = VERTEX_POINT('', #1043);
#1045 = CARTESIAN_POINT('', (199.99999979, 5.1, 16.));
#1046 = VERTEX_POINT('', #1045);
#1047 = CARTESIAN_POINT('', (200.00000171, 2.9, 11.5));
#1048 = VERTEX_POINT('', #1047);
#1049 = CARTESIAN_POINT('', (199.99999829, 5.1, 11.5));
#1050 = VERTEX_POINT('', #1049);
#1051 = CARTESIAN_POINT('', (201.1, 50., 16.));
#1052 = VERTEX_POINT('', #1051);
#1053 = CARTESIAN_POINT('', (198.9, 50., 16.));
#1054 = VERTEX_POINT('', #1053);
#1055 = CARTESIAN_POINT('', (201.1, 50., 11.5));
#1056 = VERTEX_POINT('', #1055);
#1057 = CARTESIAN_POINT('', (198.9, 50., 11.5));
#1058 = VERTEX_POINT('', #1057);
#1059 = CARTESIAN_POINT('', (200.00000002, 48.9, 16.));
#1060 = VERTEX_POINT('', #1059);
#1061 = CARTESIAN_POINT('', (199.99999998, 51.1, 16.));
#1062 = VERTEX_POINT('', #1061);
#1063 = CARTESIAN_POINT('', (200.00000171, 48.9, 11.5));
#1064 = VERTEX_POINT('', #1063);
#1065 = CARTESIAN_POINT('', (199.99999829, 51.1, 11.5));
#1066 = VERTEX_POINT('', #1065);
#1067 = DIRECTION('', (-0., -1., 0.));
#1068 = DIRECTION('', (0., 0., 1.));
#1069 = CARTESIAN_POINT('', (201., 3., 0.));
#1070 = AXIS2_PLACEMENT_3D('', #1069, #1068, #1067);
#1071 = CIRCLE('', #1070, 3.);
#1072 = DIRECTION('', (0., -0., 1.));
#1073 = VECTOR('', #1072, 1.);
#1074 = CARTESIAN_POINT('', (204., 3., 0.));
#1075 = LINE('', #1074, #1073);
#1076 = DIRECTION('', (-0., -1., 0.));
#1077 = DIRECTION('', (0., 0., 1.));
#1078 = CARTESIAN_POINT('', (201., 3., 4.));
#1079 = AXIS2_PLACEMENT_3D('', #1078, #1077, #1076);
#1080 = CIRCLE('', #1079, 3.);
#1081 = DIRECTION('', (0., -0., 1.));
#1082 = VECTOR('', #1081, 1.);
#1083 = CARTESIAN_POINT('', (201., 0., 0.));
#1084 = LINE('', #1083, #1082);
#1085 = DIRECTION('', (0., 1., 0.));
#1086 = VECTOR('', #1085, 1.);
#1087 = CARTESIAN_POINT('', (204., 3., 0.));
#1088 = LINE('', #1087, #1086);
#1089 = DIRECTION('', (0., -0., 1.));
#1090 = VECTOR('', #1089, 1.);
#1091 = CARTESIAN_POINT('', (204., 51., 0.));
#1092 = LINE('', #1091, #1090);
#1093 = DIRECTION('', (0., 1., 0.));
#1094 = VECTOR('', #1093, 1.);
#1095 = CARTESIAN_POINT('', (204., 3., 4.));
#1096 = LINE('', #1095, #1094);
#1097 = DIRECTION('', (1., 0., 0.));
#1098 = DIRECTION('', (0., -0., 1.));
#1099 = CARTESIAN_POINT('', (201., 51., 0.));
#1100 = AXIS2_PLACEMENT_3D('', #1099, #1098, #1097);
#1101 = CIRCLE('', #1100, 3.);
#1102 = DIRECTION('', (0., -0., 1.));
#1103 = VECTOR('', #1102, 1.);
#1104 = CARTESIAN_POINT('', (201., 54., 0.));
#1105 = LINE('', #1104, #1103);
#1106 = DIRECTION('', (1., 0., 0.));
#1107 = DIRECTION('', (0., -0., 1.));
#1108 = CARTESIAN_POINT('', (201., 51., 4.));
#1109 = AXIS2_PLACEMENT_3D('', #1108, #1107, #1106);
#1110 = CIRCLE('', #1109, 3.);
#1111 = DIRECTION('', (-1., -0., 0.));
#1112 = VECTOR('', #1111, 1.);
#1113 = CARTESIAN_POINT('', (201., 54., 0.));
#1114 = LINE('', #1113, #1112);
#1115 = DIRECTION('', (0., -0., 1.));
#1116 = VECTOR('', #1115, 1.);
#1117 = CARTESIAN_POINT('', (3., 54., 0.));
#1118 = LINE('', #1117, #1116);
#1119 = DIRECTION('', (-1., -0., 0.));
#1120 = VECTOR('', #1119, 1.);
#1121 = CARTESIAN_POINT('', (201., 54., 4.));
#1122 = LINE('', #1121, #1120);
#1123 = DIRECTION('', (-0., 1., 0.));
#1124 = DIRECTION('', (0., -0., 1.));
#1125 = CARTESIAN_POINT('', (3., 51., 0.));
#1126 = AXIS2_PLACEMENT_3D('', #1125, #1124, #1123);
#1127 = CIRCLE('', #1126, 3.);
#1128 = DIRECTION('', (0., -0., 1.));
#1129 = VECTOR('', #1128, 1.);
#1130 = CARTESIAN_POINT('', (0., 51., 0.));
#1131 = LINE('', #1130, #1129);
#1132 = DIRECTION('', (-0., 1., -0.));
#1133 = DIRECTION('', (-0., 0., 1.));
#1134 = CARTESIAN_POINT('', (3., 51., 4.));
#1135 = AXIS2_PLACEMENT_3D('', #1134, #1133, #1132);
#1136 = CIRCLE('', #1135, 3.);
#1137 = DIRECTION('', (0., -1., 0.));
#1138 = VECTOR('', #1137, 1.);
#1139 = CARTESIAN_POINT('', (0., 51., 0.));
#1140 = LINE('', #1139, #1138);
#1141 = DIRECTION('', (0., -0., 1.));
#1142 = VECTOR('', #1141, 1.);
#1143 = CARTESIAN_POINT('', (0., 3., 0.));
#1144 = LINE('', #1143, #1142);
#1145 = DIRECTION('', (0., -1., 0.));
#1146 = VECTOR('', #1145, 1.);
#1147 = CARTESIAN_POINT('', (0., 51., 4.));
#1148 = LINE('', #1147, #1146);
#1149 = DIRECTION('', (-1., 0., 0.));
#1150 = DIRECTION('', (0., 0., 1.));
#1151 = CARTESIAN_POINT('', (3., 3., 0.));
#1152 = AXIS2_PLACEMENT_3D('', #1151, #1150, #1149);
#1153 = CIRCLE('', #1152, 3.);
#1154 = DIRECTION('', (0., -0., 1.));
#1155 = VECTOR('', #1154, 1.);
#1156 = CARTESIAN_POINT('', (3., 0., 0.));
#1157 = LINE('', #1156, #1155);
#1158 = DIRECTION('', (-1., 0., 0.));
#1159 = DIRECTION('', (0., 0., 1.));
#1160 = CARTESIAN_POINT('', (3., 3., 4.));
#1161 = AXIS2_PLACEMENT_3D('', #1160, #1159, #1158);
#1162 = CIRCLE('', #1161, 3.);
#1163 = DIRECTION('', (1., -0., 0.));
#1164 = VECTOR('', #1163, 1.);
#1165 = CARTESIAN_POINT('', (3., 0., 0.));
#1166 = LINE('', #1165, #1164);
#1167 = DIRECTION('', (1., -0., 0.));
#1168 = VECTOR('', #1167, 1.);
#1169 = CARTESIAN_POINT('', (3., 0., 4.));
#1170 = LINE('', #1169, #1168);
#1171 = DIRECTION('', (-0., -1., 0.));
#1172 = DIRECTION('', (0., 0., 1.));
#1173 = CARTESIAN_POINT('', (62., -27., 0.));
#1174 = AXIS2_PLACEMENT_3D('', #1173, #1172, #1171);
#1175 = CIRCLE('', #1174, 3.);
#1176 = DIRECTION('', (0., -0., 1.));
#1177 = VECTOR('', #1176, 1.);
#1178 = CARTESIAN_POINT('', (65., -27., 0.));
#1179 = LINE('', #1178, #1177);
#1180 = DIRECTION('', (-0., -1., 0.));
#1181 = DIRECTION('', (0., 0., 1.));
#1182 = CARTESIAN_POINT('', (62., -27., 4.));
#1183 = AXIS2_PLACEMENT_3D('', #1182, #1181, #1180);
#1184 = CIRCLE('', #1183, 3.);
#1185 = DIRECTION('', (0., -0., 1.));
#1186 = VECTOR('', #1185, 1.);
#1187 = CARTESIAN_POINT('', (62., -30., 0.));
#1188 = LINE('', #1187, #1186);
#1189 = DIRECTION('', (0., 1., 0.));
#1190 = VECTOR('', #1189, 1.);
#1191 = CARTESIAN_POINT('', (65., -27., 0.));
#1192 = LINE('', #1191, #1190);
#1193 = DIRECTION('', (0., -0., 1.));
#1194 = VECTOR('', #1193, 1.);
#1195 = CARTESIAN_POINT('', (65., 0., 0.));
#1196 = LINE('', #1195, #1194);
#1197 = DIRECTION('', (0., 1., 0.));
#1198 = VECTOR('', #1197, 1.);
#1199 = CARTESIAN_POINT('', (65., -27., 4.));
#1200 = LINE('', #1199, #1198);
#1201 = DIRECTION('', (0., -0., 1.));
#1202 = VECTOR('', #1201, 1.);
#1203 = CARTESIAN_POINT('', (40., 0., 0.));
#1204 = LINE('', #1203, #1202);
#1205 = DIRECTION('', (0., -1., 0.));
#1206 = VECTOR('', #1205, 1.);
#1207 = CARTESIAN_POINT('', (40., 0., 0.));
#1208 = LINE('', #1207, #1206);
#1209 = DIRECTION('', (0., -0., 1.));
#1210 = VECTOR('', #1209, 1.);
#1211 = CARTESIAN_POINT('', (40., -27., 0.));
#1212 = LINE('', #1211, #1210);
#1213 = DIRECTION('', (0., -1., 0.));
#1214 = VECTOR('', #1213, 1.);
#1215 = CARTESIAN_POINT('', (40., 0., 4.));
#1216 = LINE('', #1215, #1214);
#1217 = DIRECTION('', (-1., -0., 0.));
#1218 = DIRECTION('', (0., 0., 1.));
#1219 = CARTESIAN_POINT('', (43., -27., 0.));
#1220 = AXIS2_PLACEMENT_3D('', #1219, #1218, #1217);
#1221 = CIRCLE('', #1220, 3.);
#1222 = DIRECTION('', (0., -0., 1.));
#1223 = VECTOR('', #1222, 1.);
#1224 = CARTESIAN_POINT('', (43., -30., 0.));
#1225 = LINE('', #1224, #1223);
#1226 = DIRECTION('', (-1., -0., 0.));
#1227 = DIRECTION('', (0., 0., 1.));
#1228 = CARTESIAN_POINT('', (43., -27., 4.));
#1229 = AXIS2_PLACEMENT_3D('', #1228, #1227, #1226);
#1230 = CIRCLE('', #1229, 3.);
#1231 = DIRECTION('', (1., -0., 0.));
#1232 = VECTOR('', #1231, 1.);
#1233 = CARTESIAN_POINT('', (43., -30., 0.));
#1234 = LINE('', #1233, #1232);
#1235 = DIRECTION('', (1., -0., 0.));
#1236 = VECTOR('', #1235, 1.);
#1237 = CARTESIAN_POINT('', (43., -30., 4.));
#1238 = LINE('', #1237, #1236);
#1239 = DIRECTION('', (1., -0., 0.));
#1240 = VECTOR('', #1239, 1.);
#1241 = CARTESIAN_POINT('', (65., 0., 4.));
#1242 = LINE('', #1241, #1240);
#1243 = DIRECTION('', (1., -0., 0.));
#1244 = VECTOR('', #1243, 1.);
#1245 = CARTESIAN_POINT('', (65., 0., 0.));
#1246 = LINE('', #1245, #1244);
#1247 = DIRECTION('', (0., -1., 0.));
#1248 = DIRECTION('', (-0., -0., 1.));
#1249 = CARTESIAN_POINT('', (162., -27., 0.));
#1250 = AXIS2_PLACEMENT_3D('', #1249, #1248, #1247);
#1251 = CIRCLE('', #1250, 3.);
#1252 = DIRECTION('', (0., -0., 1.));
#1253 = VECTOR('', #1252, 1.);
#1254 = CARTESIAN_POINT('', (165., -27., 0.));
#1255 = LINE('', #1254, #1253);
#1256 = DIRECTION('', (0., -1., 0.));
#1257 = DIRECTION('', (-0., -0., 1.));
#1258 = CARTESIAN_POINT('', (162., -27., 4.));
#1259 = AXIS2_PLACEMENT_3D('', #1258, #1257, #1256);
#1260 = CIRCLE('', #1259, 3.);
#1261 = DIRECTION('', (0., -0., 1.));
#1262 = VECTOR('', #1261, 1.);
#1263 = CARTESIAN_POINT('', (162., -30., 0.));
#1264 = LINE('', #1263, #1262);
#1265 = DIRECTION('', (0., 1., 0.));
#1266 = VECTOR('', #1265, 1.);
#1267 = CARTESIAN_POINT('', (165., -27., 0.));
#1268 = LINE('', #1267, #1266);
#1269 = DIRECTION('', (0., -0., 1.));
#1270 = VECTOR('', #1269, 1.);
#1271 = CARTESIAN_POINT('', (165., 0., 0.));
#1272 = LINE('', #1271, #1270);
#1273 = DIRECTION('', (0., 1., 0.));
#1274 = VECTOR('', #1273, 1.);
#1275 = CARTESIAN_POINT('', (165., -27., 4.));
#1276 = LINE('', #1275, #1274);
#1277 = DIRECTION('', (0., -0., 1.));
#1278 = VECTOR('', #1277, 1.);
#1279 = CARTESIAN_POINT('', (140., 0., 0.));
#1280 = LINE('', #1279, #1278);
#1281 = DIRECTION('', (0., -1., 0.));
#1282 = VECTOR('', #1281, 1.);
#1283 = CARTESIAN_POINT('', (140., 0., 0.));
#1284 = LINE('', #1283, #1282);
#1285 = DIRECTION('', (0., -0., 1.));
#1286 = VECTOR('', #1285, 1.);
#1287 = CARTESIAN_POINT('', (140., -27., 0.));
#1288 = LINE('', #1287, #1286);
#1289 = DIRECTION('', (0., -1., 0.));
#1290 = VECTOR('', #1289, 1.);
#1291 = CARTESIAN_POINT('', (140., 0., 4.));
#1292 = LINE('', #1291, #1290);
#1293 = DIRECTION('', (-1., 0., 0.));
#1294 = DIRECTION('', (0., -0., 1.));
#1295 = CARTESIAN_POINT('', (143., -27., 0.));
#1296 = AXIS2_PLACEMENT_3D('', #1295, #1294, #1293);
#1297 = CIRCLE('', #1296, 3.);
#1298 = DIRECTION('', (0., -0., 1.));
#1299 = VECTOR('', #1298, 1.);
#1300 = CARTESIAN_POINT('', (143., -30., 0.));
#1301 = LINE('', #1300, #1299);
#1302 = DIRECTION('', (-1., 0., 0.));
#1303 = DIRECTION('', (0., -0., 1.));
#1304 = CARTESIAN_POINT('', (143., -27., 4.));
#1305 = AXIS2_PLACEMENT_3D('', #1304, #1303, #1302);
#1306 = CIRCLE('', #1305, 3.);
#1307 = DIRECTION('', (1., -0., 0.));
#1308 = VECTOR('', #1307, 1.);
#1309 = CARTESIAN_POINT('', (143., -30., 0.));
#1310 = LINE('', #1309, #1308);
#1311 = DIRECTION('', (1., -0., 0.));
#1312 = VECTOR('', #1311, 1.);
#1313 = CARTESIAN_POINT('', (143., -30., 4.));
#1314 = LINE('', #1313, #1312);
#1315 = DIRECTION('', (1., -0., 0.));
#1316 = VECTOR('', #1315, 1.);
#1317 = CARTESIAN_POINT('', (165., 0., 4.));
#1318 = LINE('', #1317, #1316);
#1319 = DIRECTION('', (1., -0., 0.));
#1320 = VECTOR('', #1319, 1.);
#1321 = CARTESIAN_POINT('', (165., 0., 0.));
#1322 = LINE('', #1321, #1320);
#1323 = DIRECTION('', (0., 1., 0.));
#1324 = VECTOR('', #1323, 1.);
#1325 = CARTESIAN_POINT('', (65., 54., 0.));
#1326 = LINE('', #1325, #1324);
#1327 = DIRECTION('', (0., -0., 1.));
#1328 = VECTOR('', #1327, 1.);
#1329 = CARTESIAN_POINT('', (65., 81., 0.));
#1330 = LINE('', #1329, #1328);
#1331 = DIRECTION('', (0., 1., 0.));
#1332 = VECTOR('', #1331, 1.);
#1333 = CARTESIAN_POINT('', (65., 54., 4.));
#1334 = LINE('', #1333, #1332);
#1335 = DIRECTION('', (0., -0., 1.));
#1336 = VECTOR('', #1335, 1.);
#1337 = CARTESIAN_POINT('', (65., 54., 0.));
#1338 = LINE('', #1337, #1336);
#1339 = DIRECTION('', (1., -0., 0.));
#1340 = DIRECTION('', (-0., -0., 1.));
#1341 = CARTESIAN_POINT('', (62., 81., 0.));
#1342 = AXIS2_PLACEMENT_3D('', #1341, #1340, #1339);
#1343 = CIRCLE('', #1342, 3.);
#1344 = DIRECTION('', (0., -0., 1.));
#1345 = VECTOR('', #1344, 1.);
#1346 = CARTESIAN_POINT('', (62., 84., 0.));
#1347 = LINE('', #1346, #1345);
#1348 = DIRECTION('', (1., -0., 0.));
#1349 = DIRECTION('', (-0., -0., 1.));
#1350 = CARTESIAN_POINT('', (62., 81., 4.));
#1351 = AXIS2_PLACEMENT_3D('', #1350, #1349, #1348);
#1352 = CIRCLE('', #1351, 3.);
#1353 = DIRECTION('', (-1., -0., 0.));
#1354 = VECTOR('', #1353, 1.);
#1355 = CARTESIAN_POINT('', (62., 84., 0.));
#1356 = LINE('', #1355, #1354);
#1357 = DIRECTION('', (0., -0., 1.));
#1358 = VECTOR('', #1357, 1.);
#1359 = CARTESIAN_POINT('', (43., 84., 0.));
#1360 = LINE('', #1359, #1358);
#1361 = DIRECTION('', (-1., -0., 0.));
#1362 = VECTOR('', #1361, 1.);
#1363 = CARTESIAN_POINT('', (62., 84., 4.));
#1364 = LINE('', #1363, #1362);
#1365 = DIRECTION('', (0., 1., 0.));
#1366 = DIRECTION('', (0., -0., 1.));
#1367 = CARTESIAN_POINT('', (43., 81., 0.));
#1368 = AXIS2_PLACEMENT_3D('', #1367, #1366, #1365);
#1369 = CIRCLE('', #1368, 3.);
#1370 = DIRECTION('', (0., -0., 1.));
#1371 = VECTOR('', #1370, 1.);
#1372 = CARTESIAN_POINT('', (40., 81., 0.));
#1373 = LINE('', #1372, #1371);
#1374 = DIRECTION('', (0., 1., 0.));
#1375 = DIRECTION('', (0., -0., 1.));
#1376 = CARTESIAN_POINT('', (43., 81., 4.));
#1377 = AXIS2_PLACEMENT_3D('', #1376, #1375, #1374);
#1378 = CIRCLE('', #1377, 3.);
#1379 = DIRECTION('', (0., -1., 0.));
#1380 = VECTOR('', #1379, 1.);
#1381 = CARTESIAN_POINT('', (40., 81., 0.));
#1382 = LINE('', #1381, #1380);
#1383 = DIRECTION('', (0., -0., 1.));
#1384 = VECTOR('', #1383, 1.);
#1385 = CARTESIAN_POINT('', (40., 54., 0.));
#1386 = LINE('', #1385, #1384);
#1387 = DIRECTION('', (0., -1., 0.));
#1388 = VECTOR('', #1387, 1.);
#1389 = CARTESIAN_POINT('', (40., 81., 4.));
#1390 = LINE('', #1389, #1388);
#1391 = DIRECTION('', (-1., -0., 0.));
#1392 = VECTOR('', #1391, 1.);
#1393 = CARTESIAN_POINT('', (40., 54., 4.));
#1394 = LINE('', #1393, #1392);
#1395 = DIRECTION('', (-1., -0., 0.));
#1396 = VECTOR('', #1395, 1.);
#1397 = CARTESIAN_POINT('', (40., 54., 0.));
#1398 = LINE('', #1397, #1396);
#1399 = DIRECTION('', (0., 1., 0.));
#1400 = VECTOR('', #1399, 1.);
#1401 = CARTESIAN_POINT('', (165., 54., 0.));
#1402 = LINE('', #1401, #1400);
#1403 = DIRECTION('', (0., -0., 1.));
#1404 = VECTOR('', #1403, 1.);
#1405 = CARTESIAN_POINT('', (165., 81., 0.));
#1406 = LINE('', #1405, #1404);
#1407 = DIRECTION('', (0., 1., 0.));
#1408 = VECTOR('', #1407, 1.);
#1409 = CARTESIAN_POINT('', (165., 54., 4.));
#1410 = LINE('', #1409, #1408);
#1411 = DIRECTION('', (0., -0., 1.));
#1412 = VECTOR('', #1411, 1.);
#1413 = CARTESIAN_POINT('', (165., 54., 0.));
#1414 = LINE('', #1413, #1412);
#1415 = DIRECTION('', (1., -0., 0.));
#1416 = DIRECTION('', (-0., -0., 1.));
#1417 = CARTESIAN_POINT('', (162., 81., 0.));
#1418 = AXIS2_PLACEMENT_3D('', #1417, #1416, #1415);
#1419 = CIRCLE('', #1418, 3.);
#1420 = DIRECTION('', (0., -0., 1.));
#1421 = VECTOR('', #1420, 1.);
#1422 = CARTESIAN_POINT('', (162., 84., 0.));
#1423 = LINE('', #1422, #1421);
#1424 = DIRECTION('', (1., -0., 0.));
#1425 = DIRECTION('', (-0., -0., 1.));
#1426 = CARTESIAN_POINT('', (162., 81., 4.));
#1427 = AXIS2_PLACEMENT_3D('', #1426, #1425, #1424);
#1428 = CIRCLE('', #1427, 3.);
#1429 = DIRECTION('', (-1., -0., 0.));
#1430 = VECTOR('', #1429, 1.);
#1431 = CARTESIAN_POINT('', (162., 84., 0.));
#1432 = LINE('', #1431, #1430);
#1433 = DIRECTION('', (0., -0., 1.));
#1434 = VECTOR('', #1433, 1.);
#1435 = CARTESIAN_POINT('', (143., 84., 0.));
#1436 = LINE('', #1435, #1434);
#1437 = DIRECTION('', (-1., -0., 0.));
#1438 = VECTOR('', #1437, 1.);
#1439 = CARTESIAN_POINT('', (162., 84., 4.));
#1440 = LINE('', #1439, #1438);
#1441 = DIRECTION('', (0., 1., 0.));
#1442 = DIRECTION('', (0., -0., 1.));
#1443 = CARTESIAN_POINT('', (143., 81., 0.));
#1444 = AXIS2_PLACEMENT_3D('', #1443, #1442, #1441);
#1445 = CIRCLE('', #1444, 3.);
#1446 = DIRECTION('', (0., -0., 1.));
#1447 = VECTOR('', #1446, 1.);
#1448 = CARTESIAN_POINT('', (140., 81., 0.));
#1449 = LINE('', #1448, #1447);
#1450 = DIRECTION('', (0., 1., 0.));
#1451 = DIRECTION('', (0., -0., 1.));
#1452 = CARTESIAN_POINT('', (143., 81., 4.));
#1453 = AXIS2_PLACEMENT_3D('', #1452, #1451, #1450);
#1454 = CIRCLE('', #1453, 3.);
#1455 = DIRECTION('', (0., -1., 0.));
#1456 = VECTOR('', #1455, 1.);
#1457 = CARTESIAN_POINT('', (140., 81., 0.));
#1458 = LINE('', #1457, #1456);
#1459 = DIRECTION('', (0., -0., 1.));
#1460 = VECTOR('', #1459, 1.);
#1461 = CARTESIAN_POINT('', (140., 54., 0.));
#1462 = LINE('', #1461, #1460);
#1463 = DIRECTION('', (0., -1., 0.));
#1464 = VECTOR('', #1463, 1.);
#1465 = CARTESIAN_POINT('', (140., 81., 4.));
#1466 = LINE('', #1465, #1464);
#1467 = DIRECTION('', (-1., -0., 0.));
#1468 = VECTOR('', #1467, 1.);
#1469 = CARTESIAN_POINT('', (140., 54., 4.));
#1470 = LINE('', #1469, #1468);
#1471 = DIRECTION('', (-1., -0., 0.));
#1472 = VECTOR('', #1471, 1.);
#1473 = CARTESIAN_POINT('', (140., 54., 0.));
#1474 = LINE('', #1473, #1472);
#1475 = DIRECTION('', (0., 1., 0.));
#1476 = VECTOR('', #1475, 1.);
#1477 = CARTESIAN_POINT('', (64., -25., 0.));
#1478 = LINE('', #1477, #1476);
#1479 = DIRECTION('', (-1., -0., 0.));
#1480 = VECTOR('', #1479, 1.);
#1481 = CARTESIAN_POINT('', (64., -21., 0.));
#1482 = LINE('', #1481, #1480);
#1483 = DIRECTION('', (0., -1., 0.));
#1484 = VECTOR('', #1483, 1.);
#1485 = CARTESIAN_POINT('', (41., -21., 0.));
#1486 = LINE('', #1485, #1484);
#1487 = DIRECTION('', (1., -0., 0.));
#1488 = VECTOR('', #1487, 1.);
#1489 = CARTESIAN_POINT('', (41., -25., 0.));
#1490 = LINE('', #1489, #1488);
#1491 = DIRECTION('', (0., 1., 0.));
#1492 = VECTOR('', #1491, 1.);
#1493 = CARTESIAN_POINT('', (64., -25., 4.));
#1494 = LINE('', #1493, #1492);
#1495 = DIRECTION('', (-1., -0., 0.));
#1496 = VECTOR('', #1495, 1.);
#1497 = CARTESIAN_POINT('', (64., -21., 4.));
#1498 = LINE('', #1497, #1496);
#1499 = DIRECTION('', (0., -1., 0.));
#1500 = VECTOR('', #1499, 1.);
#1501 = CARTESIAN_POINT('', (41., -21., 4.));
#1502 = LINE('', #1501, #1500);
#1503 = DIRECTION('', (1., -0., 0.));
#1504 = VECTOR('', #1503, 1.);
#1505 = CARTESIAN_POINT('', (41., -25., 4.));
#1506 = LINE('', #1505, #1504);
#1507 = DIRECTION('', (0., -0., 1.));
#1508 = VECTOR('', #1507, 1.);
#1509 = CARTESIAN_POINT('', (41., -25., 0.));
#1510 = LINE('', #1509, #1508);
#1511 = DIRECTION('', (0., -0., 1.));
#1512 = VECTOR('', #1511, 1.);
#1513 = CARTESIAN_POINT('', (41., -21., 0.));
#1514 = LINE('', #1513, #1512);
#1515 = DIRECTION('', (0., -0., 1.));
#1516 = VECTOR('', #1515, 1.);
#1517 = CARTESIAN_POINT('', (64., -21., 0.));
#1518 = LINE('', #1517, #1516);
#1519 = DIRECTION('', (0., -0., 1.));
#1520 = VECTOR('', #1519, 1.);
#1521 = CARTESIAN_POINT('', (64., -25., 0.));
#1522 = LINE('', #1521, #1520);
#1523 = DIRECTION('', (0., 1., 0.));
#1524 = VECTOR('', #1523, 1.);
#1525 = CARTESIAN_POINT('', (64., 75., 0.));
#1526 = LINE('', #1525, #1524);
#1527 = DIRECTION('', (-1., -0., 0.));
#1528 = VECTOR('', #1527, 1.);
#1529 = CARTESIAN_POINT('', (64., 79., 0.));
#1530 = LINE('', #1529, #1528);
#1531 = DIRECTION('', (0., -1., 0.));
#1532 = VECTOR('', #1531, 1.);
#1533 = CARTESIAN_POINT('', (41., 79., 0.));
#1534 = LINE('', #1533, #1532);
#1535 = DIRECTION('', (1., -0., 0.));
#1536 = VECTOR('', #1535, 1.);
#1537 = CARTESIAN_POINT('', (41., 75., 0.));
#1538 = LINE('', #1537, #1536);
#1539 = DIRECTION('', (0., 1., 0.));
#1540 = VECTOR('', #1539, 1.);
#1541 = CARTESIAN_POINT('', (64., 75., 4.));
#1542 = LINE('', #1541, #1540);
#1543 = DIRECTION('', (-1., -0., 0.));
#1544 = VECTOR('', #1543, 1.);
#1545 = CARTESIAN_POINT('', (64., 79., 4.));
#1546 = LINE('', #1545, #1544);
#1547 = DIRECTION('', (0., -1., 0.));
#1548 = VECTOR('', #1547, 1.);
#1549 = CARTESIAN_POINT('', (41., 79., 4.));
#1550 = LINE('', #1549, #1548);
#1551 = DIRECTION('', (1., -0., 0.));
#1552 = VECTOR('', #1551, 1.);
#1553 = CARTESIAN_POINT('', (41., 75., 4.));
#1554 = LINE('', #1553, #1552);
#1555 = DIRECTION('', (0., -0., 1.));
#1556 = VECTOR('', #1555, 1.);
#1557 = CARTESIAN_POINT('', (41., 75., 0.));
#1558 = LINE('', #1557, #1556);
#1559 = DIRECTION('', (0., -0., 1.));
#1560 = VECTOR('', #1559, 1.);
#1561 = CARTESIAN_POINT('', (41., 79., 0.));
#1562 = LINE('', #1561, #1560);
#1563 = DIRECTION('', (0., -0., 1.));
#1564 = VECTOR('', #1563, 1.);
#1565 = CARTESIAN_POINT('', (64., 79., 0.));
#1566 = LINE('', #1565, #1564);
#1567 = DIRECTION('', (0., -0., 1.));
#1568 = VECTOR('', #1567, 1.);
#1569 = CARTESIAN_POINT('', (64., 75., 0.));
#1570 = LINE('', #1569, #1568);
#1571 = DIRECTION('', (0., 1., 0.));
#1572 = VECTOR('', #1571, 1.);
#1573 = CARTESIAN_POINT('', (164., -25., 0.));
#1574 = LINE('', #1573, #1572);
#1575 = DIRECTION('', (-1., -0., 0.));
#1576 = VECTOR('', #1575, 1.);
#1577 = CARTESIAN_POINT('', (164., -21., 0.));
#1578 = LINE('', #1577, #1576);
#1579 = DIRECTION('', (0., -1., 0.));
#1580 = VECTOR('', #1579, 1.);
#1581 = CARTESIAN_POINT('', (141., -21., 0.));
#1582 = LINE('', #1581, #1580);
#1583 = DIRECTION('', (1., -0., 0.));
#1584 = VECTOR('', #1583, 1.);
#1585 = CARTESIAN_POINT('', (141., -25., 0.));
#1586 = LINE('', #1585, #1584);
#1587 = DIRECTION('', (0., 1., 0.));
#1588 = VECTOR('', #1587, 1.);
#1589 = CARTESIAN_POINT('', (164., -25., 4.));
#1590 = LINE('', #1589, #1588);
#1591 = DIRECTION('', (-1., -0., 0.));
#1592 = VECTOR('', #1591, 1.);
#1593 = CARTESIAN_POINT('', (164., -21., 4.));
#1594 = LINE('', #1593, #1592);
#1595 = DIRECTION('', (0., -1., 0.));
#1596 = VECTOR('', #1595, 1.);
#1597 = CARTESIAN_POINT('', (141., -21., 4.));
#1598 = LINE('', #1597, #1596);
#1599 = DIRECTION('', (1., -0., 0.));
#1600 = VECTOR('', #1599, 1.);
#1601 = CARTESIAN_POINT('', (141., -25., 4.));
#1602 = LINE('', #1601, #1600);
#1603 = DIRECTION('', (0., -0., 1.));
#1604 = VECTOR('', #1603, 1.);
#1605 = CARTESIAN_POINT('', (141., -25., 0.));
#1606 = LINE('', #1605, #1604);
#1607 = DIRECTION('', (0., -0., 1.));
#1608 = VECTOR('', #1607, 1.);
#1609 = CARTESIAN_POINT('', (141., -21., 0.));
#1610 = LINE('', #1609, #1608);
#1611 = DIRECTION('', (0., -0., 1.));
#1612 = VECTOR('', #1611, 1.);
#1613 = CARTESIAN_POINT('', (164., -21., 0.));
#1614 = LINE('', #1613, #1612);
#1615 = DIRECTION('', (0., -0., 1.));
#1616 = VECTOR('', #1615, 1.);
#1617 = CARTESIAN_POINT('', (164., -25., 0.));
#1618 = LINE('', #1617, #1616);
#1619 = DIRECTION('', (0., 1., 0.));
#1620 = VECTOR('', #1619, 1.);
#1621 = CARTESIAN_POINT('', (164., 75., 0.));
#1622 = LINE('', #1621, #1620);
#1623 = DIRECTION('', (-1., -0., 0.));
#1624 = VECTOR('', #1623, 1.);
#1625 = CARTESIAN_POINT('', (164., 79., 0.));
#1626 = LINE('', #1625, #1624);
#1627 = DIRECTION('', (0., -1., 0.));
#1628 = VECTOR('', #1627, 1.);
#1629 = CARTESIAN_POINT('', (141., 79., 0.));
#1630 = LINE('', #1629, #1628);
#1631 = DIRECTION('', (1., -0., 0.));
#1632 = VECTOR('', #1631, 1.);
#1633 = CARTESIAN_POINT('', (141., 75., 0.));
#1634 = LINE('', #1633, #1632);
#1635 = DIRECTION('', (0., 1., 0.));
#1636 = VECTOR('', #1635, 1.);
#1637 = CARTESIAN_POINT('', (164., 75., 4.));
#1638 = LINE('', #1637, #1636);
#1639 = DIRECTION('', (-1., -0., 0.));
#1640 = VECTOR('', #1639, 1.);
#1641 = CARTESIAN_POINT('', (164., 79., 4.));
#1642 = LINE('', #1641, #1640);
#1643 = DIRECTION('', (0., -1., 0.));
#1644 = VECTOR('', #1643, 1.);
#1645 = CARTESIAN_POINT('', (141., 79., 4.));
#1646 = LINE('', #1645, #1644);
#1647 = DIRECTION('', (1., -0., 0.));
#1648 = VECTOR('', #1647, 1.);
#1649 = CARTESIAN_POINT('', (141., 75., 4.));
#1650 = LINE('', #1649, #1648);
#1651 = DIRECTION('', (0., -0., 1.));
#1652 = VECTOR('', #1651, 1.);
#1653 = CARTESIAN_POINT('', (141., 75., 0.));
#1654 = LINE('', #1653, #1652);
#1655 = DIRECTION('', (0., -0., 1.));
#1656 = VECTOR('', #1655, 1.);
#1657 = CARTESIAN_POINT('', (141., 79., 0.));
#1658 = LINE('', #1657, #1656);
#1659 = DIRECTION('', (0., -0., 1.));
#1660 = VECTOR('', #1659, 1.);
#1661 = CARTESIAN_POINT('', (164., 79., 0.));
#1662 = LINE('', #1661, #1660);
#1663 = DIRECTION('', (0., -0., 1.));
#1664 = VECTOR('', #1663, 1.);
#1665 = CARTESIAN_POINT('', (164., 75., 0.));
#1666 = LINE('', #1665, #1664);
#1667 = DIRECTION('', (0., 1., 0.));
#1668 = VECTOR('', #1667, 1.);
#1669 = CARTESIAN_POINT('', (78., 7., 1.));
#1670 = LINE('', #1669, #1668);
#1671 = DIRECTION('', (0., -0., 1.));
#1672 = VECTOR('', #1671, 1.);
#1673 = CARTESIAN_POINT('', (78., 47., 1.));
#1674 = LINE('', #1673, #1672);
#1675 = DIRECTION('', (0., -0., 1.));
#1676 = VECTOR('', #1675, 1.);
#1677 = CARTESIAN_POINT('', (78., 7., 1.));
#1678 = LINE('', #1677, #1676);
#1679 = DIRECTION('', (-1., -0., 0.));
#1680 = VECTOR('', #1679, 1.);
#1681 = CARTESIAN_POINT('', (78., 47., 1.));
#1682 = LINE('', #1681, #1680);
#1683 = DIRECTION('', (0., -0., 1.));
#1684 = VECTOR('', #1683, 1.);
#1685 = CARTESIAN_POINT('', (8., 47., 1.));
#1686 = LINE('', #1685, #1684);
#1687 = DIRECTION('', (0., -1., 0.));
#1688 = VECTOR('', #1687, 1.);
#1689 = CARTESIAN_POINT('', (8., 47., 1.));
#1690 = LINE('', #1689, #1688);
#1691 = DIRECTION('', (0., -0., 1.));
#1692 = VECTOR('', #1691, 1.);
#1693 = CARTESIAN_POINT('', (8., 7., 1.));
#1694 = LINE('', #1693, #1692);
#1695 = DIRECTION('', (1., -0., 0.));
#1696 = VECTOR('', #1695, 1.);
#1697 = CARTESIAN_POINT('', (8., 7., 1.));
#1698 = LINE('', #1697, #1696);
#1699 = DIRECTION('', (0., 1., 0.));
#1700 = VECTOR('', #1699, 1.);
#1701 = CARTESIAN_POINT('', (78., 7., 4.));
#1702 = LINE('', #1701, #1700);
#1703 = DIRECTION('', (-1., -0., 0.));
#1704 = VECTOR('', #1703, 1.);
#1705 = CARTESIAN_POINT('', (78., 47., 4.));
#1706 = LINE('', #1705, #1704);
#1707 = DIRECTION('', (0., -1., 0.));
#1708 = VECTOR('', #1707, 1.);
#1709 = CARTESIAN_POINT('', (8., 47., 4.));
#1710 = LINE('', #1709, #1708);
#1711 = DIRECTION('', (1., -0., 0.));
#1712 = VECTOR('', #1711, 1.);
#1713 = CARTESIAN_POINT('', (8., 7., 4.));
#1714 = LINE('', #1713, #1712);
#1715 = DIRECTION('', (0., -1., -0.));
#1716 = DIRECTION('', (0., 0., -1.));
#1717 = CARTESIAN_POINT('', (57., 27., 0.));
#1718 = AXIS2_PLACEMENT_3D('', #1717, #1716, #1715);
#1719 = CIRCLE('', #1718, 11.);
#1720 = DIRECTION('', (-0., 1., -0.));
#1721 = DIRECTION('', (-0., 0., 1.));
#1722 = CARTESIAN_POINT('', (57., 27., 0.));
#1723 = AXIS2_PLACEMENT_3D('', #1722, #1721, #1720);
#1724 = CIRCLE('', #1723, 11.);
#1725 = DIRECTION('', (0.00000027, -1., 0.));
#1726 = DIRECTION('', (-0., -0., -1.));
#1727 = CARTESIAN_POINT('', (57., 27., 1.));
#1728 = AXIS2_PLACEMENT_3D('', #1727, #1726, #1725);
#1729 = CIRCLE('', #1728, 11.);
#1730 = DIRECTION('', (0., 1., 0.));
#1731 = DIRECTION('', (0., -0., 1.));
#1732 = CARTESIAN_POINT('', (57., 27., 1.));
#1733 = AXIS2_PLACEMENT_3D('', #1732, #1731, #1730);
#1734 = CIRCLE('', #1733, 11.);
#1735 = DIRECTION('', (0., -0., 1.));
#1736 = VECTOR('', #1735, 1.);
#1737 = CARTESIAN_POINT('', (46., 27., -0.));
#1738 = LINE('', #1737, #1736);
#1739 = DIRECTION('', (0., -0., -1.));
#1740 = VECTOR('', #1739, 1.);
#1741 = CARTESIAN_POINT('', (78., 36.21954446, 2.));
#1742 = LINE('', #1741, #1740);
#1743 = DIRECTION('', (0., -1., 0.));
#1744 = VECTOR('', #1743, 1.);
#1745 = CARTESIAN_POINT('', (78., 36.21954446, 2.));
#1746 = LINE('', #1745, #1744);
#1747 = DIRECTION('', (-0., -0., -1.));
#1748 = VECTOR('', #1747, 1.);
#1749 = CARTESIAN_POINT('', (78., 17.78045554, 2.));
#1750 = LINE('', #1749, #1748);
#1751 = DIRECTION('', (0.54545455, 0.83814041, -0.));
#1752 = DIRECTION('', (0., 0., 1.));
#1753 = CARTESIAN_POINT('', (72., 27., 1.));
#1754 = AXIS2_PLACEMENT_3D('', #1753, #1752, #1751);
#1755 = CIRCLE('', #1754, 11.);
#1756 = DIRECTION('', (-0.68181818, -0.73152168, 0.));
#1757 = DIRECTION('', (-0., 0., 1.));
#1758 = CARTESIAN_POINT('', (72., 27., 1.));
#1759 = AXIS2_PLACEMENT_3D('', #1758, #1757, #1756);
#1760 = CIRCLE('', #1759, 11.);
#1761 = DIRECTION('', (-0., -0., -1.));
#1762 = VECTOR('', #1761, 1.);
#1763 = CARTESIAN_POINT('', (64.5, 35.04673847, 1.));
#1764 = LINE('', #1763, #1762);
#1765 = DIRECTION('', (-0., -0., -1.));
#1766 = VECTOR('', #1765, 1.);
#1767 = CARTESIAN_POINT('', (64.5, 18.95326153, 1.));
#1768 = LINE('', #1767, #1766);
#1769 = DIRECTION('', (0.68181818, -0.73152168, 0.));
#1770 = DIRECTION('', (0., -0., -1.));
#1771 = CARTESIAN_POINT('', (57., 26.99999999, 1.));
#1772 = AXIS2_PLACEMENT_3D('', #1771, #1770, #1769);
#1773 = CIRCLE('', #1772, 10.99999999);
#1774 = DIRECTION('', (0.68181818, 0.73152168, 0.));
#1775 = DIRECTION('', (-0., -0., 1.));
#1776 = CARTESIAN_POINT('', (57., 27., 1.));
#1777 = AXIS2_PLACEMENT_3D('', #1776, #1775, #1774);
#1778 = CIRCLE('', #1777, 11.);
#1779 = DIRECTION('', (0.54545455, -0.83814041, 0.));
#1780 = DIRECTION('', (-0., 0., 1.));
#1781 = CARTESIAN_POINT('', (72., 27., 2.));
#1782 = AXIS2_PLACEMENT_3D('', #1781, #1780, #1779);
#1783 = CIRCLE('', #1782, 11.);
#1784 = DIRECTION('', (0., 1., 0.));
#1785 = VECTOR('', #1784, 1.);
#1786 = CARTESIAN_POINT('', (78., 36.21954446, 1.));
#1787 = LINE('', #1786, #1785);
#1788 = DIRECTION('', (0.68181818, -0.73152168, 0.));
#1789 = DIRECTION('', (0., -0., -1.));
#1790 = CARTESIAN_POINT('', (57., 27., -0.));
#1791 = AXIS2_PLACEMENT_3D('', #1790, #1789, #1788);
#1792 = CIRCLE('', #1791, 11.);
#1793 = DIRECTION('', (0.68181818, 0.73152168, -0.));
#1794 = DIRECTION('', (0., 0., 1.));
#1795 = CARTESIAN_POINT('', (57., 27., 0.));
#1796 = AXIS2_PLACEMENT_3D('', #1795, #1794, #1793);
#1797 = CIRCLE('', #1796, 11.);
#1798 = DIRECTION('', (-0.81818182, 0.57495957, 0.));
#1799 = DIRECTION('', (0., 0., -1.));
#1800 = CARTESIAN_POINT('', (87., 27., 2.));
#1801 = AXIS2_PLACEMENT_3D('', #1800, #1799, #1798);
#1802 = CIRCLE('', #1801, 11.);
#1803 = DIRECTION('', (-0.68181818, -0.73152168, 0.));
#1804 = DIRECTION('', (-0., -0., -1.));
#1805 = CARTESIAN_POINT('', (87., 27., 2.));
#1806 = AXIS2_PLACEMENT_3D('', #1805, #1804, #1803);
#1807 = CIRCLE('', #1806, 11.);
#1808 = DIRECTION('', (1., 0., 0.));
#1809 = DIRECTION('', (0., -0., -1.));
#1810 = CARTESIAN_POINT('', (72., 27., 2.));
#1811 = AXIS2_PLACEMENT_3D('', #1810, #1809, #1808);
#1812 = CIRCLE('', #1811, 11.);
#1813 = DIRECTION('', (-0., -0., -1.));
#1814 = VECTOR('', #1813, 1.);
#1815 = CARTESIAN_POINT('', (79.5, 18.95326153, 2.));
#1816 = LINE('', #1815, #1814);
#1817 = DIRECTION('', (-0., -0., -1.));
#1818 = VECTOR('', #1817, 1.);
#1819 = CARTESIAN_POINT('', (79.5, 35.04673847, 2.));
#1820 = LINE('', #1819, #1818);
#1821 = DIRECTION('', (0.68181818, 0.73152168, -0.));
#1822 = DIRECTION('', (-0., -0., -1.));
#1823 = CARTESIAN_POINT('', (72., 27., 2.));
#1824 = AXIS2_PLACEMENT_3D('', #1823, #1822, #1821);
#1825 = CIRCLE('', #1824, 11.);
#1826 = DIRECTION('', (-0.68181818, -0.73152168, 0.));
#1827 = DIRECTION('', (0., 0., 1.));
#1828 = CARTESIAN_POINT('', (87., 27., 2.));
#1829 = AXIS2_PLACEMENT_3D('', #1828, #1827, #1826);
#1830 = CIRCLE('', #1829, 11.);
#1831 = DIRECTION('', (0.68181818, 0.73152168, 0.));
#1832 = DIRECTION('', (-0., -0., 1.));
#1833 = CARTESIAN_POINT('', (72., 27., 2.));
#1834 = AXIS2_PLACEMENT_3D('', #1833, #1832, #1831);
#1835 = CIRCLE('', #1834, 11.);
#1836 = DIRECTION('', (0., -1., 0.));
#1837 = VECTOR('', #1836, 1.);
#1838 = CARTESIAN_POINT('', (78., 20.67544468, 2.));
#1839 = LINE('', #1838, #1837);
#1840 = DIRECTION('', (0., -1., 0.));
#1841 = VECTOR('', #1840, 1.);
#1842 = CARTESIAN_POINT('', (78., 33.32455532, 2.));
#1843 = LINE('', #1842, #1841);
#1844 = DIRECTION('', (0.68181818, -0.73152168, -0.));
#1845 = DIRECTION('', (-0., 0., -1.));
#1846 = CARTESIAN_POINT('', (72., 27., 0.));
#1847 = AXIS2_PLACEMENT_3D('', #1846, #1845, #1844);
#1848 = CIRCLE('', #1847, 11.);
#1849 = DIRECTION('', (0.68181818, 0.73152168, 0.));
#1850 = DIRECTION('', (-0., -0., 1.));
#1851 = CARTESIAN_POINT('', (72., 27., -0.));
#1852 = AXIS2_PLACEMENT_3D('', #1851, #1850, #1849);
#1853 = CIRCLE('', #1852, 11.);
#1854 = DIRECTION('', (1., -0., 0.));
#1855 = DIRECTION('', (-0., -0., 1.));
#1856 = CARTESIAN_POINT('', (102., 27., 2.));
#1857 = AXIS2_PLACEMENT_3D('', #1856, #1855, #1854);
#1858 = CIRCLE('', #1857, 11.);
#1859 = DIRECTION('', (1., 0., -0.));
#1860 = DIRECTION('', (0., 0., 1.));
#1861 = CARTESIAN_POINT('', (102., 27., 0.));
#1862 = AXIS2_PLACEMENT_3D('', #1861, #1860, #1859);
#1863 = CIRCLE('', #1862, 11.);
#1864 = DIRECTION('', (1., -0., 0.));
#1865 = DIRECTION('', (0., 0., -1.));
#1866 = CARTESIAN_POINT('', (102., 27., -0.));
#1867 = AXIS2_PLACEMENT_3D('', #1866, #1865, #1864);
#1868 = CIRCLE('', #1867, 11.);
#1869 = DIRECTION('', (-1., -0., -0.));
#1870 = DIRECTION('', (0., -0., -1.));
#1871 = CARTESIAN_POINT('', (102., 27., 2.));
#1872 = AXIS2_PLACEMENT_3D('', #1871, #1870, #1869);
#1873 = CIRCLE('', #1872, 11.);
#1874 = DIRECTION('', (-0.68181818, -0.73152168, 0.));
#1875 = DIRECTION('', (-0., -0., -1.));
#1876 = CARTESIAN_POINT('', (102., 27., 2.));
#1877 = AXIS2_PLACEMENT_3D('', #1876, #1875, #1874);
#1878 = CIRCLE('', #1877, 11.);
#1879 = DIRECTION('', (1., 0., 0.));
#1880 = DIRECTION('', (0., -0., -1.));
#1881 = CARTESIAN_POINT('', (87., 27., 2.));
#1882 = AXIS2_PLACEMENT_3D('', #1881, #1880, #1879);
#1883 = CIRCLE('', #1882, 11.);
#1884 = DIRECTION('', (0., -0., -1.));
#1885 = VECTOR('', #1884, 1.);
#1886 = CARTESIAN_POINT('', (94.5, 18.95326153, 2.));
#1887 = LINE('', #1886, #1885);
#1888 = DIRECTION('', (-0., -0., -1.));
#1889 = VECTOR('', #1888, 1.);
#1890 = CARTESIAN_POINT('', (94.5, 35.04673847, 2.));
#1891 = LINE('', #1890, #1889);
#1892 = DIRECTION('', (0.68181818, 0.73152168, 0.));
#1893 = DIRECTION('', (0., 0., -1.));
#1894 = CARTESIAN_POINT('', (87., 27., 2.));
#1895 = AXIS2_PLACEMENT_3D('', #1894, #1893, #1892);
#1896 = CIRCLE('', #1895, 11.);
#1897 = DIRECTION('', (-0.68181818, -0.73152168, 0.));
#1898 = DIRECTION('', (-0., 0., 1.));
#1899 = CARTESIAN_POINT('', (102., 27., 2.));
#1900 = AXIS2_PLACEMENT_3D('', #1899, #1898, #1897);
#1901 = CIRCLE('', #1900, 11.);
#1902 = DIRECTION('', (0.68181818, 0.73152168, 0.));
#1903 = DIRECTION('', (0., -0., 1.));
#1904 = CARTESIAN_POINT('', (87., 27., 2.));
#1905 = AXIS2_PLACEMENT_3D('', #1904, #1903, #1902);
#1906 = CIRCLE('', #1905, 11.);
#1907 = DIRECTION('', (0.68181818, -0.73152168, 0.));
#1908 = DIRECTION('', (0., -0., -1.));
#1909 = CARTESIAN_POINT('', (87., 27., -0.));
#1910 = AXIS2_PLACEMENT_3D('', #1909, #1908, #1907);
#1911 = CIRCLE('', #1910, 11.);
#1912 = DIRECTION('', (0.68181818, 0.73152168, -0.));
#1913 = DIRECTION('', (0., 0., 1.));
#1914 = CARTESIAN_POINT('', (87., 27., 0.));
#1915 = AXIS2_PLACEMENT_3D('', #1914, #1913, #1912);
#1916 = CIRCLE('', #1915, 11.);
#1917 = DIRECTION('', (0., -0., 1.));
#1918 = VECTOR('', #1917, 1.);
#1919 = CARTESIAN_POINT('', (113., 27., -0.));
#1920 = LINE('', #1919, #1918);
#1921 = DIRECTION('', (1., -0., -0.));
#1922 = DIRECTION('', (0., 0., 1.));
#1923 = CARTESIAN_POINT('', (4., 4., 0.));
#1924 = AXIS2_PLACEMENT_3D('', #1923, #1922, #1921);
#1925 = CIRCLE('', #1924, 1.1);
#1926 = DIRECTION('', (1., 0., 0.));
#1927 = DIRECTION('', (0., -0., -1.));
#1928 = CARTESIAN_POINT('', (4., 4., -0.));
#1929 = AXIS2_PLACEMENT_3D('', #1928, #1927, #1926);
#1930 = CIRCLE('', #1929, 1.1);
#1931 = DIRECTION('', (1., -0., 0.));
#1932 = DIRECTION('', (-0., -0., 1.));
#1933 = CARTESIAN_POINT('', (4., 4., 4.));
#1934 = AXIS2_PLACEMENT_3D('', #1933, #1932, #1931);
#1935 = CIRCLE('', #1934, 1.1);
#1936 = DIRECTION('', (1., 0., -0.));
#1937 = DIRECTION('', (-0., 0., -1.));
#1938 = CARTESIAN_POINT('', (4., 4., 4.));
#1939 = AXIS2_PLACEMENT_3D('', #1938, #1937, #1936);
#1940 = CIRCLE('', #1939, 1.1);
#1941 = DIRECTION('', (0.00000001, -1., -0.));
#1942 = DIRECTION('', (-0., 0., -1.));
#1943 = CARTESIAN_POINT('', (4., 4., -0.));
#1944 = AXIS2_PLACEMENT_3D('', #1943, #1942, #1941);
#1945 = CIRCLE('', #1944, 1.1);
#1946 = DIRECTION('', (-0.00000001, 1., -0.));
#1947 = DIRECTION('', (-0., 0., 1.));
#1948 = CARTESIAN_POINT('', (4., 4., 0.));
#1949 = AXIS2_PLACEMENT_3D('', #1948, #1947, #1946);
#1950 = CIRCLE('', #1949, 1.1);
#1951 = DIRECTION('', (-0.00000001, -1., -0.));
#1952 = DIRECTION('', (0., 0., -1.));
#1953 = CARTESIAN_POINT('', (4., 4., 4.));
#1954 = AXIS2_PLACEMENT_3D('', #1953, #1952, #1951);
#1955 = CIRCLE('', #1954, 1.1);
#1956 = DIRECTION('', (0.00000001, 1., 0.));
#1957 = DIRECTION('', (0., -0., 1.));
#1958 = CARTESIAN_POINT('', (4., 4., 4.));
#1959 = AXIS2_PLACEMENT_3D('', #1958, #1957, #1956);
#1960 = CIRCLE('', #1959, 1.1);
#1961 = DIRECTION('', (0., -0., 1.));
#1962 = VECTOR('', #1961, 1.);
#1963 = CARTESIAN_POINT('', (2.9, 4., 0.));
#1964 = LINE('', #1963, #1962);
#1965 = DIRECTION('', (0., -0., 1.));
#1966 = VECTOR('', #1965, 1.);
#1967 = CARTESIAN_POINT('', (5.1, 4., 0.));
#1968 = LINE('', #1967, #1966);
#1969 = DIRECTION('', (1., -0., -0.));
#1970 = DIRECTION('', (0., 0., 1.));
#1971 = CARTESIAN_POINT('', (4., 50., 0.));
#1972 = AXIS2_PLACEMENT_3D('', #1971, #1970, #1969);
#1973 = CIRCLE('', #1972, 1.1);
#1974 = DIRECTION('', (1., 0., -0.));
#1975 = DIRECTION('', (-0., 0., -1.));
#1976 = CARTESIAN_POINT('', (4., 50., 0.));
#1977 = AXIS2_PLACEMENT_3D('', #1976, #1975, #1974);
#1978 = CIRCLE('', #1977, 1.1);
#1979 = DIRECTION('', (1., -0., -0.));
#1980 = DIRECTION('', (0., 0., 1.));
#1981 = CARTESIAN_POINT('', (4., 50., 4.));
#1982 = AXIS2_PLACEMENT_3D('', #1981, #1980, #1979);
#1983 = CIRCLE('', #1982, 1.1);
#1984 = DIRECTION('', (1., 0., -0.));
#1985 = DIRECTION('', (-0., 0., -1.));
#1986 = CARTESIAN_POINT('', (4., 50., 4.));
#1987 = AXIS2_PLACEMENT_3D('', #1986, #1985, #1984);
#1988 = CIRCLE('', #1987, 1.1);
#1989 = DIRECTION('', (0.00000001, -1., -0.));
#1990 = DIRECTION('', (0., 0., -1.));
#1991 = CARTESIAN_POINT('', (4., 50., 0.));
#1992 = AXIS2_PLACEMENT_3D('', #1991, #1990, #1989);
#1993 = CIRCLE('', #1992, 1.1);
#1994 = DIRECTION('', (-0.00000001, 1., 0.));
#1995 = DIRECTION('', (-0., -0., 1.));
#1996 = CARTESIAN_POINT('', (4., 50., 0.));
#1997 = AXIS2_PLACEMENT_3D('', #1996, #1995, #1994);
#1998 = CIRCLE('', #1997, 1.1);
#1999 = DIRECTION('', (-0.00000001, -1., 0.));
#2000 = DIRECTION('', (0., -0., -1.));
#2001 = CARTESIAN_POINT('', (4., 50., 4.));
#2002 = AXIS2_PLACEMENT_3D('', #2001, #2000, #1999);
#2003 = CIRCLE('', #2002, 1.1);
#2004 = DIRECTION('', (0.00000001, 1., -0.));
#2005 = DIRECTION('', (-0., 0., 1.));
#2006 = CARTESIAN_POINT('', (4., 50., 4.));
#2007 = AXIS2_PLACEMENT_3D('', #2006, #2005, #2004);
#2008 = CIRCLE('', #2007, 1.1);
#2009 = DIRECTION('', (0., -0., 1.));
#2010 = VECTOR('', #2009, 1.);
#2011 = CARTESIAN_POINT('', (2.9, 50., 0.));
#2012 = LINE('', #2011, #2010);
#2013 = DIRECTION('', (0., -0., 1.));
#2014 = VECTOR('', #2013, 1.);
#2015 = CARTESIAN_POINT('', (5.1, 50., 0.));
#2016 = LINE('', #2015, #2014);
#2017 = DIRECTION('', (1., -0., -0.));
#2018 = DIRECTION('', (0., 0., 1.));
#2019 = CARTESIAN_POINT('', (200., 4., 0.));
#2020 = AXIS2_PLACEMENT_3D('', #2019, #2018, #2017);
#2021 = CIRCLE('', #2020, 1.1);
#2022 = DIRECTION('', (1., 0., 0.));
#2023 = DIRECTION('', (0., -0., -1.));
#2024 = CARTESIAN_POINT('', (200., 4., -0.));
#2025 = AXIS2_PLACEMENT_3D('', #2024, #2023, #2022);
#2026 = CIRCLE('', #2025, 1.1);
#2027 = DIRECTION('', (1., -0., -0.));
#2028 = DIRECTION('', (0., 0., 1.));
#2029 = CARTESIAN_POINT('', (200., 4., 4.));
#2030 = AXIS2_PLACEMENT_3D('', #2029, #2028, #2027);
#2031 = CIRCLE('', #2030, 1.1);
#2032 = DIRECTION('', (1., 0., 0.));
#2033 = DIRECTION('', (0., -0., -1.));
#2034 = CARTESIAN_POINT('', (200., 4., 4.));
#2035 = AXIS2_PLACEMENT_3D('', #2034, #2033, #2032);
#2036 = CIRCLE('', #2035, 1.1);
#2037 = DIRECTION('', (0.00000001, -1., -0.));
#2038 = DIRECTION('', (-0., 0., -1.));
#2039 = CARTESIAN_POINT('', (200., 4., -0.));
#2040 = AXIS2_PLACEMENT_3D('', #2039, #2038, #2037);
#2041 = CIRCLE('', #2040, 1.1);
#2042 = DIRECTION('', (-0.00000001, 1., 0.));
#2043 = DIRECTION('', (-0., -0., 1.));
#2044 = CARTESIAN_POINT('', (200., 4., 0.));
#2045 = AXIS2_PLACEMENT_3D('', #2044, #2043, #2042);
#2046 = CIRCLE('', #2045, 1.1);
#2047 = DIRECTION('', (-0.00000001, -1., -0.));
#2048 = DIRECTION('', (0., 0., -1.));
#2049 = CARTESIAN_POINT('', (200., 4., 4.));
#2050 = AXIS2_PLACEMENT_3D('', #2049, #2048, #2047);
#2051 = CIRCLE('', #2050, 1.1);
#2052 = DIRECTION('', (0.00000001, 1., -0.));
#2053 = DIRECTION('', (-0., 0., 1.));
#2054 = CARTESIAN_POINT('', (200., 4., 4.));
#2055 = AXIS2_PLACEMENT_3D('', #2054, #2053, #2052);
#2056 = CIRCLE('', #2055, 1.1);
#2057 = DIRECTION('', (0., -0., 1.));
#2058 = VECTOR('', #2057, 1.);
#2059 = CARTESIAN_POINT('', (198.9, 4., 0.));
#2060 = LINE('', #2059, #2058);
#2061 = DIRECTION('', (0., -0., 1.));
#2062 = VECTOR('', #2061, 1.);
#2063 = CARTESIAN_POINT('', (201.1, 4., 0.));
#2064 = LINE('', #2063, #2062);
#2065 = DIRECTION('', (1., -0., -0.));
#2066 = DIRECTION('', (0., -0., 1.));
#2067 = CARTESIAN_POINT('', (200., 50., 0.));
#2068 = AXIS2_PLACEMENT_3D('', #2067, #2066, #2065);
#2069 = CIRCLE('', #2068, 1.1);
#2070 = DIRECTION('', (1., 0., 0.));
#2071 = DIRECTION('', (0., 0., -1.));
#2072 = CARTESIAN_POINT('', (200., 50., -0.));
#2073 = AXIS2_PLACEMENT_3D('', #2072, #2071, #2070);
#2074 = CIRCLE('', #2073, 1.1);
#2075 = DIRECTION('', (1., -0., 0.));
#2076 = DIRECTION('', (-0., -0., 1.));
#2077 = CARTESIAN_POINT('', (200., 50., 4.));
#2078 = AXIS2_PLACEMENT_3D('', #2077, #2076, #2075);
#2079 = CIRCLE('', #2078, 1.1);
#2080 = DIRECTION('', (1., 0., 0.));
#2081 = DIRECTION('', (0., -0., -1.));
#2082 = CARTESIAN_POINT('', (200., 50., 4.));
#2083 = AXIS2_PLACEMENT_3D('', #2082, #2081, #2080);
#2084 = CIRCLE('', #2083, 1.1);
#2085 = DIRECTION('', (0.00000001, -1., -0.));
#2086 = DIRECTION('', (0., 0., -1.));
#2087 = CARTESIAN_POINT('', (200., 50., 0.));
#2088 = AXIS2_PLACEMENT_3D('', #2087, #2086, #2085);
#2089 = CIRCLE('', #2088, 1.1);
#2090 = DIRECTION('', (-0.00000001, 1., -0.));
#2091 = DIRECTION('', (-0., 0., 1.));
#2092 = CARTESIAN_POINT('', (200., 50., 0.));
#2093 = AXIS2_PLACEMENT_3D('', #2092, #2091, #2090);
#2094 = CIRCLE('', #2093, 1.1);
#2095 = DIRECTION('', (-0.00000001, -1., 0.));
#2096 = DIRECTION('', (-0., -0., -1.));
#2097 = CARTESIAN_POINT('', (200., 50., 4.));
#2098 = AXIS2_PLACEMENT_3D('', #2097, #2096, #2095);
#2099 = CIRCLE('', #2098, 1.1);
#2100 = DIRECTION('', (0.00000001, 1., 0.));
#2101 = DIRECTION('', (0., -0., 1.));
#2102 = CARTESIAN_POINT('', (200., 50., 4.));
#2103 = AXIS2_PLACEMENT_3D('', #2102, #2101, #2100);
#2104 = CIRCLE('', #2103, 1.1);
#2105 = DIRECTION('', (0., -0., 1.));
#2106 = VECTOR('', #2105, 1.);
#2107 = CARTESIAN_POINT('', (198.9, 50., 0.));
#2108 = LINE('', #2107, #2106);
#2109 = DIRECTION('', (0., -0., 1.));
#2110 = VECTOR('', #2109, 1.);
#2111 = CARTESIAN_POINT('', (201.1, 50., 0.));
#2112 = LINE('', #2111, #2110);
#2113 = DIRECTION('', (0., -1., 0.));
#2114 = DIRECTION('', (-0., 0., 1.));
#2115 = CARTESIAN_POINT('', (201., 3., 4.));
#2116 = AXIS2_PLACEMENT_3D('', #2115, #2114, #2113);
#2117 = CIRCLE('', #2116, 3.);
#2118 = DIRECTION('', (0., -1., 0.));
#2119 = DIRECTION('', (-0., 0., 1.));
#2120 = CARTESIAN_POINT('', (201., 3., 16.));
#2121 = AXIS2_PLACEMENT_3D('', #2120, #2119, #2118);
#2122 = CIRCLE('', #2121, 3.);
#2123 = DIRECTION('', (0., -0., 1.));
#2124 = VECTOR('', #2123, 1.);
#2125 = CARTESIAN_POINT('', (201., 0., 4.));
#2126 = LINE('', #2125, #2124);
#2127 = DIRECTION('', (0., -0., 1.));
#2128 = VECTOR('', #2127, 1.);
#2129 = CARTESIAN_POINT('', (201., 54., 4.));
#2130 = LINE('', #2129, #2128);
#2131 = DIRECTION('', (-1., -0., 0.));
#2132 = VECTOR('', #2131, 1.);
#2133 = CARTESIAN_POINT('', (201., 54., 4.));
#2134 = LINE('', #2133, #2132);
#2135 = DIRECTION('', (0., -0., 1.));
#2136 = VECTOR('', #2135, 1.);
#2137 = CARTESIAN_POINT('', (3., 54., 4.));
#2138 = LINE('', #2137, #2136);
#2139 = DIRECTION('', (-1., -0., 0.));
#2140 = VECTOR('', #2139, 1.);
#2141 = CARTESIAN_POINT('', (201., 54., 16.));
#2142 = LINE('', #2141, #2140);
#2143 = DIRECTION('', (-0., 1., -0.));
#2144 = DIRECTION('', (-0., 0., 1.));
#2145 = CARTESIAN_POINT('', (3., 51., 4.));
#2146 = AXIS2_PLACEMENT_3D('', #2145, #2144, #2143);
#2147 = CIRCLE('', #2146, 3.);
#2148 = DIRECTION('', (0., -0., 1.));
#2149 = VECTOR('', #2148, 1.);
#2150 = CARTESIAN_POINT('', (0., 51., 4.));
#2151 = LINE('', #2150, #2149);
#2152 = DIRECTION('', (-0., 1., -0.));
#2153 = DIRECTION('', (-0., 0., 1.));
#2154 = CARTESIAN_POINT('', (3., 51., 16.));
#2155 = AXIS2_PLACEMENT_3D('', #2154, #2153, #2152);
#2156 = CIRCLE('', #2155, 3.);
#2157 = DIRECTION('', (0., -1., 0.));
#2158 = VECTOR('', #2157, 1.);
#2159 = CARTESIAN_POINT('', (0., 51., 4.));
#2160 = LINE('', #2159, #2158);
#2161 = DIRECTION('', (0., -0., 1.));
#2162 = VECTOR('', #2161, 1.);
#2163 = CARTESIAN_POINT('', (0., 3., 4.));
#2164 = LINE('', #2163, #2162);
#2165 = DIRECTION('', (0., -1., 0.));
#2166 = VECTOR('', #2165, 1.);
#2167 = CARTESIAN_POINT('', (0., 51., 16.));
#2168 = LINE('', #2167, #2166);
#2169 = DIRECTION('', (-1., 0., 0.));
#2170 = DIRECTION('', (0., 0., 1.));
#2171 = CARTESIAN_POINT('', (3., 3., 4.));
#2172 = AXIS2_PLACEMENT_3D('', #2171, #2170, #2169);
#2173 = CIRCLE('', #2172, 3.);
#2174 = DIRECTION('', (0., -0., 1.));
#2175 = VECTOR('', #2174, 1.);
#2176 = CARTESIAN_POINT('', (3., 0., 4.));
#2177 = LINE('', #2176, #2175);
#2178 = DIRECTION('', (-1., 0., 0.));
#2179 = DIRECTION('', (0., 0., 1.));
#2180 = CARTESIAN_POINT('', (3., 3., 16.));
#2181 = AXIS2_PLACEMENT_3D('', #2180, #2179, #2178);
#2182 = CIRCLE('', #2181, 3.);
#2183 = DIRECTION('', (1., -0., 0.));
#2184 = VECTOR('', #2183, 1.);
#2185 = CARTESIAN_POINT('', (3., 0., 4.));
#2186 = LINE('', #2185, #2184);
#2187 = DIRECTION('', (1., -0., 0.));
#2188 = VECTOR('', #2187, 1.);
#2189 = CARTESIAN_POINT('', (3., 0., 16.));
#2190 = LINE('', #2189, #2188);
#2191 = DIRECTION('', (-0., -1., 0.));
#2192 = DIRECTION('', (0., 0., 1.));
#2193 = CARTESIAN_POINT('', (201., 3., 4.));
#2194 = AXIS2_PLACEMENT_3D('', #2193, #2192, #2191);
#2195 = CIRCLE('', #2194, 1.5);
#2196 = DIRECTION('', (0., -0., 1.));
#2197 = VECTOR('', #2196, 1.);
#2198 = CARTESIAN_POINT('', (202.5, 3., 4.));
#2199 = LINE('', #2198, #2197);
#2200 = DIRECTION('', (-0., -1., 0.));
#2201 = DIRECTION('', (0., 0., 1.));
#2202 = CARTESIAN_POINT('', (201., 3., 14.5));
#2203 = AXIS2_PLACEMENT_3D('', #2202, #2201, #2200);
#2204 = CIRCLE('', #2203, 1.5);
#2205 = DIRECTION('', (0., -0., 1.));
#2206 = VECTOR('', #2205, 1.);
#2207 = CARTESIAN_POINT('', (201., 1.5, 4.));
#2208 = LINE('', #2207, #2206);
#2209 = DIRECTION('', (0., 1., 0.));
#2210 = VECTOR('', #2209, 1.);
#2211 = CARTESIAN_POINT('', (202.5, 3., 4.));
#2212 = LINE('', #2211, #2210);
#2213 = DIRECTION('', (0., -0., 1.));
#2214 = VECTOR('', #2213, 1.);
#2215 = CARTESIAN_POINT('', (202.5, 51., 4.));
#2216 = LINE('', #2215, #2214);
#2217 = DIRECTION('', (0., 1., 0.));
#2218 = VECTOR('', #2217, 1.);
#2219 = CARTESIAN_POINT('', (202.5, 3., 14.5));
#2220 = LINE('', #2219, #2218);
#2221 = DIRECTION('', (1., 0., 0.));
#2222 = DIRECTION('', (0., -0., 1.));
#2223 = CARTESIAN_POINT('', (201., 51., 4.));
#2224 = AXIS2_PLACEMENT_3D('', #2223, #2222, #2221);
#2225 = CIRCLE('', #2224, 1.5);
#2226 = DIRECTION('', (0., -0., 1.));
#2227 = VECTOR('', #2226, 1.);
#2228 = CARTESIAN_POINT('', (201., 52.5, 4.));
#2229 = LINE('', #2228, #2227);
#2230 = DIRECTION('', (1., 0., 0.));
#2231 = DIRECTION('', (0., -0., 1.));
#2232 = CARTESIAN_POINT('', (201., 51., 14.5));
#2233 = AXIS2_PLACEMENT_3D('', #2232, #2231, #2230);
#2234 = CIRCLE('', #2233, 1.5);
#2235 = DIRECTION('', (-1., -0., 0.));
#2236 = VECTOR('', #2235, 1.);
#2237 = CARTESIAN_POINT('', (201., 52.5, 4.));
#2238 = LINE('', #2237, #2236);
#2239 = DIRECTION('', (0., -0., 1.));
#2240 = VECTOR('', #2239, 1.);
#2241 = CARTESIAN_POINT('', (3., 52.5, 4.));
#2242 = LINE('', #2241, #2240);
#2243 = DIRECTION('', (-1., -0., 0.));
#2244 = VECTOR('', #2243, 1.);
#2245 = CARTESIAN_POINT('', (201., 52.5, 14.5));
#2246 = LINE('', #2245, #2244);
#2247 = DIRECTION('', (-0., 1., 0.));
#2248 = DIRECTION('', (0., -0., 1.));
#2249 = CARTESIAN_POINT('', (3., 51., 4.));
#2250 = AXIS2_PLACEMENT_3D('', #2249, #2248, #2247);
#2251 = CIRCLE('', #2250, 1.5);
#2252 = DIRECTION('', (0., -0., 1.));
#2253 = VECTOR('', #2252, 1.);
#2254 = CARTESIAN_POINT('', (1.5, 51., 4.));
#2255 = LINE('', #2254, #2253);
#2256 = DIRECTION('', (-0., 1., 0.));
#2257 = DIRECTION('', (0., -0., 1.));
#2258 = CARTESIAN_POINT('', (3., 51., 14.5));
#2259 = AXIS2_PLACEMENT_3D('', #2258, #2257, #2256);
#2260 = CIRCLE('', #2259, 1.5);
#2261 = DIRECTION('', (0., -1., 0.));
#2262 = VECTOR('', #2261, 1.);
#2263 = CARTESIAN_POINT('', (1.5, 51., 4.));
#2264 = LINE('', #2263, #2262);
#2265 = DIRECTION('', (0., -0., 1.));
#2266 = VECTOR('', #2265, 1.);
#2267 = CARTESIAN_POINT('', (1.5, 3., 4.));
#2268 = LINE('', #2267, #2266);
#2269 = DIRECTION('', (0., -1., 0.));
#2270 = VECTOR('', #2269, 1.);
#2271 = CARTESIAN_POINT('', (1.5, 51., 14.5));
#2272 = LINE('', #2271, #2270);
#2273 = DIRECTION('', (-1., -0., 0.));
#2274 = DIRECTION('', (0., 0., 1.));
#2275 = CARTESIAN_POINT('', (3., 3., 4.));
#2276 = AXIS2_PLACEMENT_3D('', #2275, #2274, #2273);
#2277 = CIRCLE('', #2276, 1.5);
#2278 = DIRECTION('', (0., -0., 1.));
#2279 = VECTOR('', #2278, 1.);
#2280 = CARTESIAN_POINT('', (3., 1.5, 4.));
#2281 = LINE('', #2280, #2279);
#2282 = DIRECTION('', (-1., -0., -0.));
#2283 = DIRECTION('', (-0., -0., 1.));
#2284 = CARTESIAN_POINT('', (3., 3., 14.5));
#2285 = AXIS2_PLACEMENT_3D('', #2284, #2283, #2282);
#2286 = CIRCLE('', #2285, 1.5);
#2287 = DIRECTION('', (1., 0., 0.));
#2288 = VECTOR('', #2287, 1.);
#2289 = CARTESIAN_POINT('', (3., 1.5, 4.));
#2290 = LINE('', #2289, #2288);
#2291 = DIRECTION('', (1., 0., 0.));
#2292 = VECTOR('', #2291, 1.);
#2293 = CARTESIAN_POINT('', (3., 1.5, 14.5));
#2294 = LINE('', #2293, #2292);
#2295 = DIRECTION('', (1., 0., 0.));
#2296 = DIRECTION('', (0., -0., 1.));
#2297 = CARTESIAN_POINT('', (4., 4., 11.5));
#2298 = AXIS2_PLACEMENT_3D('', #2297, #2296, #2295);
#2299 = CIRCLE('', #2298, 1.5);
#2300 = DIRECTION('', (0., -0., 1.));
#2301 = VECTOR('', #2300, 1.);
#2302 = CARTESIAN_POINT('', (5.5, 4., 11.5));
#2303 = LINE('', #2302, #2301);
#2304 = DIRECTION('', (-1., -0., 0.));
#2305 = DIRECTION('', (0., 0., 1.));
#2306 = CARTESIAN_POINT('', (4., 4., 11.5));
#2307 = AXIS2_PLACEMENT_3D('', #2306, #2305, #2304);
#2308 = CIRCLE('', #2307, 1.5);
#2309 = DIRECTION('', (0., -0., 1.));
#2310 = VECTOR('', #2309, 1.);
#2311 = CARTESIAN_POINT('', (2.5, 4., 11.5));
#2312 = LINE('', #2311, #2310);
#2313 = DIRECTION('', (1., -0., 0.));
#2314 = DIRECTION('', (-0., -0., 1.));
#2315 = CARTESIAN_POINT('', (4., 4., 14.5));
#2316 = AXIS2_PLACEMENT_3D('', #2315, #2314, #2313);
#2317 = CIRCLE('', #2316, 1.5);
#2318 = DIRECTION('', (1., 0., 0.));
#2319 = DIRECTION('', (0., -0., -1.));
#2320 = CARTESIAN_POINT('', (4., 4., 14.5));
#2321 = AXIS2_PLACEMENT_3D('', #2320, #2319, #2318);
#2322 = CIRCLE('', #2321, 1.5);
#2323 = DIRECTION('', (-0.00000001, -1., 0.));
#2324 = DIRECTION('', (-0., -0., -1.));
#2325 = CARTESIAN_POINT('', (4., 4., 14.5));
#2326 = AXIS2_PLACEMENT_3D('', #2325, #2324, #2323);
#2327 = CIRCLE('', #2326, 1.5);
#2328 = DIRECTION('', (0.00000001, 1., -0.));
#2329 = DIRECTION('', (-0., 0., 1.));
#2330 = CARTESIAN_POINT('', (4., 4., 14.5));
#2331 = AXIS2_PLACEMENT_3D('', #2330, #2329, #2328);
#2332 = CIRCLE('', #2331, 1.5);
#2333 = DIRECTION('', (1., 0., 0.));
#2334 = DIRECTION('', (0., -0., 1.));
#2335 = CARTESIAN_POINT('', (4., 50., 11.5));
#2336 = AXIS2_PLACEMENT_3D('', #2335, #2334, #2333);
#2337 = CIRCLE('', #2336, 1.5);
#2338 = DIRECTION('', (0., -0., 1.));
#2339 = VECTOR('', #2338, 1.);
#2340 = CARTESIAN_POINT('', (5.5, 50., 11.5));
#2341 = LINE('', #2340, #2339);
#2342 = DIRECTION('', (-1., 0., 0.));
#2343 = DIRECTION('', (0., -0., 1.));
#2344 = CARTESIAN_POINT('', (4., 50., 11.5));
#2345 = AXIS2_PLACEMENT_3D('', #2344, #2343, #2342);
#2346 = CIRCLE('', #2345, 1.5);
#2347 = DIRECTION('', (0., -0., 1.));
#2348 = VECTOR('', #2347, 1.);
#2349 = CARTESIAN_POINT('', (2.5, 50., 11.5));
#2350 = LINE('', #2349, #2348);
#2351 = DIRECTION('', (1., -0., 0.));
#2352 = DIRECTION('', (-0., -0., 1.));
#2353 = CARTESIAN_POINT('', (4., 50., 14.5));
#2354 = AXIS2_PLACEMENT_3D('', #2353, #2352, #2351);
#2355 = CIRCLE('', #2354, 1.5);
#2356 = DIRECTION('', (1., 0., 0.));
#2357 = DIRECTION('', (0., -0., -1.));
#2358 = CARTESIAN_POINT('', (4., 50., 14.5));
#2359 = AXIS2_PLACEMENT_3D('', #2358, #2357, #2356);
#2360 = CIRCLE('', #2359, 1.5);
#2361 = DIRECTION('', (-0.00000001, -1., -0.));
#2362 = DIRECTION('', (0., 0., -1.));
#2363 = CARTESIAN_POINT('', (4., 50., 14.5));
#2364 = AXIS2_PLACEMENT_3D('', #2363, #2362, #2361);
#2365 = CIRCLE('', #2364, 1.5);
#2366 = DIRECTION('', (0.00000001, 1., 0.));
#2367 = DIRECTION('', (0., -0., 1.));
#2368 = CARTESIAN_POINT('', (4., 50., 14.5));
#2369 = AXIS2_PLACEMENT_3D('', #2368, #2367, #2366);
#2370 = CIRCLE('', #2369, 1.5);
#2371 = DIRECTION('', (1., -0., 0.));
#2372 = DIRECTION('', (-0., -0., 1.));
#2373 = CARTESIAN_POINT('', (200., 4., 11.5));
#2374 = AXIS2_PLACEMENT_3D('', #2373, #2372, #2371);
#2375 = CIRCLE('', #2374, 1.5);
#2376 = DIRECTION('', (0., -0., 1.));
#2377 = VECTOR('', #2376, 1.);
#2378 = CARTESIAN_POINT('', (201.5, 4., 11.5));
#2379 = LINE('', #2378, #2377);
#2380 = DIRECTION('', (-1., 0., 0.));
#2381 = DIRECTION('', (0., 0., 1.));
#2382 = CARTESIAN_POINT('', (200., 4., 11.5));
#2383 = AXIS2_PLACEMENT_3D('', #2382, #2381, #2380);
#2384 = CIRCLE('', #2383, 1.5);
#2385 = DIRECTION('', (0., -0., 1.));
#2386 = VECTOR('', #2385, 1.);
#2387 = CARTESIAN_POINT('', (198.5, 4., 11.5));
#2388 = LINE('', #2387, #2386);
#2389 = DIRECTION('', (1., -0., 0.));
#2390 = DIRECTION('', (-0., -0., 1.));
#2391 = CARTESIAN_POINT('', (200., 4., 14.5));
#2392 = AXIS2_PLACEMENT_3D('', #2391, #2390, #2389);
#2393 = CIRCLE('', #2392, 1.5);
#2394 = DIRECTION('', (1., 0., 0.));
#2395 = DIRECTION('', (0., -0., -1.));
#2396 = CARTESIAN_POINT('', (200., 4., 14.5));
#2397 = AXIS2_PLACEMENT_3D('', #2396, #2395, #2394);
#2398 = CIRCLE('', #2397, 1.5);
#2399 = DIRECTION('', (-0.00000001, -1., 0.));
#2400 = DIRECTION('', (-0., -0., -1.));
#2401 = CARTESIAN_POINT('', (200., 4., 14.5));
#2402 = AXIS2_PLACEMENT_3D('', #2401, #2400, #2399);
#2403 = CIRCLE('', #2402, 1.5);
#2404 = DIRECTION('', (0.00000001, 1., -0.));
#2405 = DIRECTION('', (-0., 0., 1.));
#2406 = CARTESIAN_POINT('', (200., 4., 14.5));
#2407 = AXIS2_PLACEMENT_3D('', #2406, #2405, #2404);
#2408 = CIRCLE('', #2407, 1.5);
#2409 = DIRECTION('', (1., -0., 0.));
#2410 = DIRECTION('', (-0., -0., 1.));
#2411 = CARTESIAN_POINT('', (200., 50., 11.5));
#2412 = AXIS2_PLACEMENT_3D('', #2411, #2410, #2409);
#2413 = CIRCLE('', #2412, 1.5);
#2414 = DIRECTION('', (0., -0., 1.));
#2415 = VECTOR('', #2414, 1.);
#2416 = CARTESIAN_POINT('', (201.5, 50., 11.5));
#2417 = LINE('', #2416, #2415);
#2418 = DIRECTION('', (-1., 0., 0.));
#2419 = DIRECTION('', (0., 0., 1.));
#2420 = CARTESIAN_POINT('', (200., 50., 11.5));
#2421 = AXIS2_PLACEMENT_3D('', #2420, #2419, #2418);
#2422 = CIRCLE('', #2421, 1.5);
#2423 = DIRECTION('', (0., -0., 1.));
#2424 = VECTOR('', #2423, 1.);
#2425 = CARTESIAN_POINT('', (198.5, 50., 11.5));
#2426 = LINE('', #2425, #2424);
#2427 = DIRECTION('', (1., -0., 0.));
#2428 = DIRECTION('', (-0., -0., 1.));
#2429 = CARTESIAN_POINT('', (200., 50., 14.5));
#2430 = AXIS2_PLACEMENT_3D('', #2429, #2428, #2427);
#2431 = CIRCLE('', #2430, 1.5);
#2432 = DIRECTION('', (1., 0., 0.));
#2433 = DIRECTION('', (0., -0., -1.));
#2434 = CARTESIAN_POINT('', (200., 50., 14.5));
#2435 = AXIS2_PLACEMENT_3D('', #2434, #2433, #2432);
#2436 = CIRCLE('', #2435, 1.5);
#2437 = DIRECTION('', (-0.00000001, -1., 0.));
#2438 = DIRECTION('', (-0., -0., -1.));
#2439 = CARTESIAN_POINT('', (200., 50., 14.5));
#2440 = AXIS2_PLACEMENT_3D('', #2439, #2438, #2437);
#2441 = CIRCLE('', #2440, 1.5);
#2442 = DIRECTION('', (0.00000001, 1., -0.));
#2443 = DIRECTION('', (-0., 0., 1.));
#2444 = CARTESIAN_POINT('', (200., 50., 14.5));
#2445 = AXIS2_PLACEMENT_3D('', #2444, #2443, #2442);
#2446 = CIRCLE('', #2445, 1.5);
#2447 = DIRECTION('', (0., -0., -1.));
#2448 = VECTOR('', #2447, 1.);
#2449 = CARTESIAN_POINT('', (203.3, 1.07386397, 16.));
#2450 = LINE('', #2449, #2448);
#2451 = DIRECTION('', (0., -0., -1.));
#2452 = VECTOR('', #2451, 1.);
#2453 = CARTESIAN_POINT('', (203.3, 52.92613603, 16.));
#2454 = LINE('', #2453, #2452);
#2455 = DIRECTION('', (0., 1., 0.));
#2456 = VECTOR('', #2455, 1.);
#2457 = CARTESIAN_POINT('', (203.3, 1.07386398, 4.));
#2458 = LINE('', #2457, #2456);
#2459 = DIRECTION('', (0., -1., 0.));
#2460 = VECTOR('', #2459, 1.);
#2461 = CARTESIAN_POINT('', (203.3, 52.92613602, 16.));
#2462 = LINE('', #2461, #2460);
#2463 = DIRECTION('', (0.76666667, 0.64204534, 0.));
#2464 = DIRECTION('', (0., -0., 1.));
#2465 = CARTESIAN_POINT('', (201., 51., 16.));
#2466 = AXIS2_PLACEMENT_3D('', #2465, #2464, #2463);
#2467 = CIRCLE('', #2466, 3.);
#2468 = DIRECTION('', (0.76666667, 0.64204534, 0.));
#2469 = DIRECTION('', (0., -0., 1.));
#2470 = CARTESIAN_POINT('', (201., 51., 4.));
#2471 = AXIS2_PLACEMENT_3D('', #2470, #2469, #2468);
#2472 = CIRCLE('', #2471, 3.);
#2473 = DIRECTION('', (0., -0., -1.));
#2474 = VECTOR('', #2473, 1.);
#2475 = CARTESIAN_POINT('', (0., 31.5, 9.75));
#2476 = LINE('', #2475, #2474);
#2477 = DIRECTION('', (0., 1., 0.));
#2478 = VECTOR('', #2477, 1.);
#2479 = CARTESIAN_POINT('', (0., 22.5, 9.75));
#2480 = LINE('', #2479, #2478);
#2481 = DIRECTION('', (0., -0., 1.));
#2482 = VECTOR('', #2481, 1.);
#2483 = CARTESIAN_POINT('', (0., 22.5, 6.25));
#2484 = LINE('', #2483, #2482);
#2485 = DIRECTION('', (0., -1., 0.));
#2486 = VECTOR('', #2485, 1.);
#2487 = CARTESIAN_POINT('', (0., 31.5, 6.25));
#2488 = LINE('', #2487, #2486);
#2489 = DIRECTION('', (0., -0., -1.));
#2490 = VECTOR('', #2489, 1.);
#2491 = CARTESIAN_POINT('', (1.5, 31.5, 9.75));
#2492 = LINE('', #2491, #2490);
#2493 = DIRECTION('', (0., 1., 0.));
#2494 = VECTOR('', #2493, 1.);
#2495 = CARTESIAN_POINT('', (1.5, 22.5, 9.75));
#2496 = LINE('', #2495, #2494);
#2497 = DIRECTION('', (0., -0., 1.));
#2498 = VECTOR('', #2497, 1.);
#2499 = CARTESIAN_POINT('', (1.5, 22.5, 6.25));
#2500 = LINE('', #2499, #2498);
#2501 = DIRECTION('', (0., -1., 0.));
#2502 = VECTOR('', #2501, 1.);
#2503 = CARTESIAN_POINT('', (1.5, 31.5, 6.25));
#2504 = LINE('', #2503, #2502);
#2505 = DIRECTION('', (1., -0., 0.));
#2506 = VECTOR('', #2505, 1.);
#2507 = CARTESIAN_POINT('', (-0., 22.5, 6.25));
#2508 = LINE('', #2507, #2506);
#2509 = DIRECTION('', (1., -0., 0.));
#2510 = VECTOR('', #2509, 1.);
#2511 = CARTESIAN_POINT('', (-0., 22.5, 9.75));
#2512 = LINE('', #2511, #2510);
#2513 = DIRECTION('', (1., -0., 0.));
#2514 = VECTOR('', #2513, 1.);
#2515 = CARTESIAN_POINT('', (-0., 31.5, 6.25));
#2516 = LINE('', #2515, #2514);
#2517 = DIRECTION('', (1., -0., 0.));
#2518 = VECTOR('', #2517, 1.);
#2519 = CARTESIAN_POINT('', (-0., 31.5, 9.75));
#2520 = LINE('', #2519, #2518);
#2521 = DIRECTION('', (0., -0., -1.));
#2522 = VECTOR('', #2521, 1.);
#2523 = CARTESIAN_POINT('', (0., 12., 9.5));
#2524 = LINE('', #2523, #2522);
#2525 = DIRECTION('', (0., 1., 0.));
#2526 = VECTOR('', #2525, 1.);
#2527 = CARTESIAN_POINT('', (0., 8., 9.5));
#2528 = LINE('', #2527, #2526);
#2529 = DIRECTION('', (0., -0., 1.));
#2530 = VECTOR('', #2529, 1.);
#2531 = CARTESIAN_POINT('', (0., 8., 6.5));
#2532 = LINE('', #2531, #2530);
#2533 = DIRECTION('', (0., -1., 0.));
#2534 = VECTOR('', #2533, 1.);
#2535 = CARTESIAN_POINT('', (0., 12., 6.5));
#2536 = LINE('', #2535, #2534);
#2537 = DIRECTION('', (0., -0., -1.));
#2538 = VECTOR('', #2537, 1.);
#2539 = CARTESIAN_POINT('', (1.5, 12., 9.5));
#2540 = LINE('', #2539, #2538);
#2541 = DIRECTION('', (0., 1., 0.));
#2542 = VECTOR('', #2541, 1.);
#2543 = CARTESIAN_POINT('', (1.5, 8., 9.5));
#2544 = LINE('', #2543, #2542);
#2545 = DIRECTION('', (0., -0., 1.));
#2546 = VECTOR('', #2545, 1.);
#2547 = CARTESIAN_POINT('', (1.5, 8., 6.5));
#2548 = LINE('', #2547, #2546);
#2549 = DIRECTION('', (0., -1., 0.));
#2550 = VECTOR('', #2549, 1.);
#2551 = CARTESIAN_POINT('', (1.5, 12., 6.5));
#2552 = LINE('', #2551, #2550);
#2553 = DIRECTION('', (1., -0., 0.));
#2554 = VECTOR('', #2553, 1.);
#2555 = CARTESIAN_POINT('', (-0., 8., 6.5));
#2556 = LINE('', #2555, #2554);
#2557 = DIRECTION('', (1., -0., 0.));
#2558 = VECTOR('', #2557, 1.);
#2559 = CARTESIAN_POINT('', (-0., 8., 9.5));
#2560 = LINE('', #2559, #2558);
#2561 = DIRECTION('', (1., -0., 0.));
#2562 = VECTOR('', #2561, 1.);
#2563 = CARTESIAN_POINT('', (-0., 12., 6.5));
#2564 = LINE('', #2563, #2562);
#2565 = DIRECTION('', (1., -0., 0.));
#2566 = VECTOR('', #2565, 1.);
#2567 = CARTESIAN_POINT('', (-0., 12., 9.5));
#2568 = LINE('', #2567, #2566);
#2569 = DIRECTION('', (0., -0., -1.));
#2570 = VECTOR('', #2569, 1.);
#2571 = CARTESIAN_POINT('', (58.5, 54., 9.25));
#2572 = LINE('', #2571, #2570);
#2573 = DIRECTION('', (1., -0., 0.));
#2574 = VECTOR('', #2573, 1.);
#2575 = CARTESIAN_POINT('', (55.5, 54., 9.25));
#2576 = LINE('', #2575, #2574);
#2577 = DIRECTION('', (0., -0., 1.));
#2578 = VECTOR('', #2577, 1.);
#2579 = CARTESIAN_POINT('', (55.5, 54., 6.75));
#2580 = LINE('', #2579, #2578);
#2581 = DIRECTION('', (-1., -0., 0.));
#2582 = VECTOR('', #2581, 1.);
#2583 = CARTESIAN_POINT('', (58.5, 54., 6.75));
#2584 = LINE('', #2583, #2582);
#2585 = DIRECTION('', (0., -0., -1.));
#2586 = VECTOR('', #2585, 1.);
#2587 = CARTESIAN_POINT('', (58.5, 52.5, 9.25));
#2588 = LINE('', #2587, #2586);
#2589 = DIRECTION('', (1., -0., 0.));
#2590 = VECTOR('', #2589, 1.);
#2591 = CARTESIAN_POINT('', (55.5, 52.5, 9.25));
#2592 = LINE('', #2591, #2590);
#2593 = DIRECTION('', (0., -0., 1.));
#2594 = VECTOR('', #2593, 1.);
#2595 = CARTESIAN_POINT('', (55.5, 52.5, 6.75));
#2596 = LINE('', #2595, #2594);
#2597 = DIRECTION('', (-1., -0., 0.));
#2598 = VECTOR('', #2597, 1.);
#2599 = CARTESIAN_POINT('', (58.5, 52.5, 6.75));
#2600 = LINE('', #2599, #2598);
#2601 = DIRECTION('', (0., -1., 0.));
#2602 = VECTOR('', #2601, 1.);
#2603 = CARTESIAN_POINT('', (55.5, 54., 6.75));
#2604 = LINE('', #2603, #2602);
#2605 = DIRECTION('', (0., -1., 0.));
#2606 = VECTOR('', #2605, 1.);
#2607 = CARTESIAN_POINT('', (55.5, 54., 9.25));
#2608 = LINE('', #2607, #2606);
#2609 = DIRECTION('', (0., -1., 0.));
#2610 = VECTOR('', #2609, 1.);
#2611 = CARTESIAN_POINT('', (58.5, 54., 6.75));
#2612 = LINE('', #2611, #2610);
#2613 = DIRECTION('', (0., -1., 0.));
#2614 = VECTOR('', #2613, 1.);
#2615 = CARTESIAN_POINT('', (58.5, 54., 9.25));
#2616 = LINE('', #2615, #2614);
#2617 = DIRECTION('', (0., -0., -1.));
#2618 = VECTOR('', #2617, 1.);
#2619 = CARTESIAN_POINT('', (73.5, 54., 9.25));
#2620 = LINE('', #2619, #2618);
#2621 = DIRECTION('', (1., -0., 0.));
#2622 = VECTOR('', #2621, 1.);
#2623 = CARTESIAN_POINT('', (70.5, 54., 9.25));
#2624 = LINE('', #2623, #2622);
#2625 = DIRECTION('', (0., -0., 1.));
#2626 = VECTOR('', #2625, 1.);
#2627 = CARTESIAN_POINT('', (70.5, 54., 6.75));
#2628 = LINE('', #2627, #2626);
#2629 = DIRECTION('', (-1., -0., 0.));
#2630 = VECTOR('', #2629, 1.);
#2631 = CARTESIAN_POINT('', (73.5, 54., 6.75));
#2632 = LINE('', #2631, #2630);
#2633 = DIRECTION('', (0., -0., -1.));
#2634 = VECTOR('', #2633, 1.);
#2635 = CARTESIAN_POINT('', (73.5, 52.5, 9.25));
#2636 = LINE('', #2635, #2634);
#2637 = DIRECTION('', (1., -0., 0.));
#2638 = VECTOR('', #2637, 1.);
#2639 = CARTESIAN_POINT('', (70.5, 52.5, 9.25));
#2640 = LINE('', #2639, #2638);
#2641 = DIRECTION('', (0., -0., 1.));
#2642 = VECTOR('', #2641, 1.);
#2643 = CARTESIAN_POINT('', (70.5, 52.5, 6.75));
#2644 = LINE('', #2643, #2642);
#2645 = DIRECTION('', (-1., -0., 0.));
#2646 = VECTOR('', #2645, 1.);
#2647 = CARTESIAN_POINT('', (73.5, 52.5, 6.75));
#2648 = LINE('', #2647, #2646);
#2649 = DIRECTION('', (0., -1., 0.));
#2650 = VECTOR('', #2649, 1.);
#2651 = CARTESIAN_POINT('', (70.5, 54., 6.75));
#2652 = LINE('', #2651, #2650);
#2653 = DIRECTION('', (0., -1., 0.));
#2654 = VECTOR('', #2653, 1.);
#2655 = CARTESIAN_POINT('', (70.5, 54., 9.25));
#2656 = LINE('', #2655, #2654);
#2657 = DIRECTION('', (0., -1., 0.));
#2658 = VECTOR('', #2657, 1.);
#2659 = CARTESIAN_POINT('', (73.5, 54., 6.75));
#2660 = LINE('', #2659, #2658);
#2661 = DIRECTION('', (0., -1., 0.));
#2662 = VECTOR('', #2661, 1.);
#2663 = CARTESIAN_POINT('', (73.5, 54., 9.25));
#2664 = LINE('', #2663, #2662);
#2665 = DIRECTION('', (0., -0., -1.));
#2666 = VECTOR('', #2665, 1.);
#2667 = CARTESIAN_POINT('', (88.5, 54., 9.25));
#2668 = LINE('', #2667, #2666);
#2669 = DIRECTION('', (1., -0., 0.));
#2670 = VECTOR('', #2669, 1.);
#2671 = CARTESIAN_POINT('', (85.5, 54., 9.25));
#2672 = LINE('', #2671, #2670);
#2673 = DIRECTION('', (0., -0., 1.));
#2674 = VECTOR('', #2673, 1.);
#2675 = CARTESIAN_POINT('', (85.5, 54., 6.75));
#2676 = LINE('', #2675, #2674);
#2677 = DIRECTION('', (-1., -0., 0.));
#2678 = VECTOR('', #2677, 1.);
#2679 = CARTESIAN_POINT('', (88.5, 54., 6.75));
#2680 = LINE('', #2679, #2678);
#2681 = DIRECTION('', (0., -0., -1.));
#2682 = VECTOR('', #2681, 1.);
#2683 = CARTESIAN_POINT('', (88.5, 52.5, 9.25));
#2684 = LINE('', #2683, #2682);
#2685 = DIRECTION('', (1., -0., 0.));
#2686 = VECTOR('', #2685, 1.);
#2687 = CARTESIAN_POINT('', (85.5, 52.5, 9.25));
#2688 = LINE('', #2687, #2686);
#2689 = DIRECTION('', (0., -0., 1.));
#2690 = VECTOR('', #2689, 1.);
#2691 = CARTESIAN_POINT('', (85.5, 52.5, 6.75));
#2692 = LINE('', #2691, #2690);
#2693 = DIRECTION('', (-1., -0., 0.));
#2694 = VECTOR('', #2693, 1.);
#2695 = CARTESIAN_POINT('', (88.5, 52.5, 6.75));
#2696 = LINE('', #2695, #2694);
#2697 = DIRECTION('', (0., -1., 0.));
#2698 = VECTOR('', #2697, 1.);
#2699 = CARTESIAN_POINT('', (85.5, 54., 6.75));
#2700 = LINE('', #2699, #2698);
#2701 = DIRECTION('', (0., -1., 0.));
#2702 = VECTOR('', #2701, 1.);
#2703 = CARTESIAN_POINT('', (85.5, 54., 9.25));
#2704 = LINE('', #2703, #2702);
#2705 = DIRECTION('', (0., -1., 0.));
#2706 = VECTOR('', #2705, 1.);
#2707 = CARTESIAN_POINT('', (88.5, 54., 6.75));
#2708 = LINE('', #2707, #2706);
#2709 = DIRECTION('', (0., -1., 0.));
#2710 = VECTOR('', #2709, 1.);
#2711 = CARTESIAN_POINT('', (88.5, 54., 9.25));
#2712 = LINE('', #2711, #2710);
#2713 = DIRECTION('', (0., -0., -1.));
#2714 = VECTOR('', #2713, 1.);
#2715 = CARTESIAN_POINT('', (103.5, 54., 9.25));
#2716 = LINE('', #2715, #2714);
#2717 = DIRECTION('', (1., -0., 0.));
#2718 = VECTOR('', #2717, 1.);
#2719 = CARTESIAN_POINT('', (100.5, 54., 9.25));
#2720 = LINE('', #2719, #2718);
#2721 = DIRECTION('', (0., -0., 1.));
#2722 = VECTOR('', #2721, 1.);
#2723 = CARTESIAN_POINT('', (100.5, 54., 6.75));
#2724 = LINE('', #2723, #2722);
#2725 = DIRECTION('', (-1., -0., 0.));
#2726 = VECTOR('', #2725, 1.);
#2727 = CARTESIAN_POINT('', (103.5, 54., 6.75));
#2728 = LINE('', #2727, #2726);
#2729 = DIRECTION('', (0., -0., -1.));
#2730 = VECTOR('', #2729, 1.);
#2731 = CARTESIAN_POINT('', (103.5, 52.5, 9.25));
#2732 = LINE('', #2731, #2730);
#2733 = DIRECTION('', (1., -0., 0.));
#2734 = VECTOR('', #2733, 1.);
#2735 = CARTESIAN_POINT('', (100.5, 52.5, 9.25));
#2736 = LINE('', #2735, #2734);
#2737 = DIRECTION('', (0., -0., 1.));
#2738 = VECTOR('', #2737, 1.);
#2739 = CARTESIAN_POINT('', (100.5, 52.5, 6.75));
#2740 = LINE('', #2739, #2738);
#2741 = DIRECTION('', (-1., -0., 0.));
#2742 = VECTOR('', #2741, 1.);
#2743 = CARTESIAN_POINT('', (103.5, 52.5, 6.75));
#2744 = LINE('', #2743, #2742);
#2745 = DIRECTION('', (0., -1., 0.));
#2746 = VECTOR('', #2745, 1.);
#2747 = CARTESIAN_POINT('', (100.5, 54., 6.75));
#2748 = LINE('', #2747, #2746);
#2749 = DIRECTION('', (0., -1., 0.));
#2750 = VECTOR('', #2749, 1.);
#2751 = CARTESIAN_POINT('', (100.5, 54., 9.25));
#2752 = LINE('', #2751, #2750);
#2753 = DIRECTION('', (0., -1., 0.));
#2754 = VECTOR('', #2753, 1.);
#2755 = CARTESIAN_POINT('', (103.5, 54., 6.75));
#2756 = LINE('', #2755, #2754);
#2757 = DIRECTION('', (0., -1., 0.));
#2758 = VECTOR('', #2757, 1.);
#2759 = CARTESIAN_POINT('', (103.5, 54., 9.25));
#2760 = LINE('', #2759, #2758);
#2761 = DIRECTION('', (1., -0., 0.));
#2762 = DIRECTION('', (0., 0., 1.));
#2763 = CARTESIAN_POINT('', (161., 41., 16.));
#2764 = AXIS2_PLACEMENT_3D('', #2763, #2762, #2761);
#2765 = CIRCLE('', #2764, 0.75);
#2766 = DIRECTION('', (1., -0., 0.));
#2767 = DIRECTION('', (0., -0., -1.));
#2768 = CARTESIAN_POINT('', (161., 41., 16.));
#2769 = AXIS2_PLACEMENT_3D('', #2768, #2767, #2766);
#2770 = CIRCLE('', #2769, 0.75);
#2771 = DIRECTION('', (1., 0., 0.));
#2772 = DIRECTION('', (0., -0., 1.));
#2773 = CARTESIAN_POINT('', (161., 41., 14.5));
#2774 = AXIS2_PLACEMENT_3D('', #2773, #2772, #2771);
#2775 = CIRCLE('', #2774, 0.75);
#2776 = DIRECTION('', (1., 0., 0.));
#2777 = DIRECTION('', (0., -0., -1.));
#2778 = CARTESIAN_POINT('', (161., 41., 14.5));
#2779 = AXIS2_PLACEMENT_3D('', #2778, #2777, #2776);
#2780 = CIRCLE('', #2779, 0.75);
#2781 = DIRECTION('', (0., -1., -0.));
#2782 = DIRECTION('', (0., 0., -1.));
#2783 = CARTESIAN_POINT('', (161., 41., 16.));
#2784 = AXIS2_PLACEMENT_3D('', #2783, #2782, #2781);
#2785 = CIRCLE('', #2784, 0.75);
#2786 = DIRECTION('', (-0.00000003, 1., 0.));
#2787 = DIRECTION('', (0., -0., 1.));
#2788 = CARTESIAN_POINT('', (161., 41., 16.));
#2789 = AXIS2_PLACEMENT_3D('', #2788, #2787, #2786);
#2790 = CIRCLE('', #2789, 0.75);
#2791 = DIRECTION('', (-0.00000003, -1., -0.));
#2792 = DIRECTION('', (0., 0., -1.));
#2793 = CARTESIAN_POINT('', (161., 41., 14.5));
#2794 = AXIS2_PLACEMENT_3D('', #2793, #2792, #2791);
#2795 = CIRCLE('', #2794, 0.75);
#2796 = DIRECTION('', (0.00000003, 1., 0.));
#2797 = DIRECTION('', (0., -0., 1.));
#2798 = CARTESIAN_POINT('', (161., 41., 14.5));
#2799 = AXIS2_PLACEMENT_3D('', #2798, #2797, #2796);
#2800 = CIRCLE('', #2799, 0.75);
#2801 = DIRECTION('', (0., -0., 1.));
#2802 = VECTOR('', #2801, 1.);
#2803 = CARTESIAN_POINT('', (160.25, 41., 14.5));
#2804 = LINE('', #2803, #2802);
#2805 = DIRECTION('', (0., -0., 1.));
#2806 = VECTOR('', #2805, 1.);
#2807 = CARTESIAN_POINT('', (161.75, 41., 14.5));
#2808 = LINE('', #2807, #2806);
#2809 = DIRECTION('', (1., -0., 0.));
#2810 = DIRECTION('', (-0., -0., 1.));
#2811 = CARTESIAN_POINT('', (161., 44., 16.));
#2812 = AXIS2_PLACEMENT_3D('', #2811, #2810, #2809);
#2813 = CIRCLE('', #2812, 0.75);
#2814 = DIRECTION('', (1., 0., -0.));
#2815 = DIRECTION('', (-0., 0., -1.));
#2816 = CARTESIAN_POINT('', (161., 44., 16.));
#2817 = AXIS2_PLACEMENT_3D('', #2816, #2815, #2814);
#2818 = CIRCLE('', #2817, 0.75);
#2819 = DIRECTION('', (1., -0., 0.));
#2820 = DIRECTION('', (-0., -0., 1.));
#2821 = CARTESIAN_POINT('', (161., 44., 14.5));
#2822 = AXIS2_PLACEMENT_3D('', #2821, #2820, #2819);
#2823 = CIRCLE('', #2822, 0.75);
#2824 = DIRECTION('', (1., 0., 0.));
#2825 = DIRECTION('', (0., -0., -1.));
#2826 = CARTESIAN_POINT('', (161., 44., 14.5));
#2827 = AXIS2_PLACEMENT_3D('', #2826, #2825, #2824);
#2828 = CIRCLE('', #2827, 0.75);
#2829 = DIRECTION('', (0.00000003, -1., 0.));
#2830 = DIRECTION('', (-0., -0., -1.));
#2831 = CARTESIAN_POINT('', (161., 44., 16.));
#2832 = AXIS2_PLACEMENT_3D('', #2831, #2830, #2829);
#2833 = CIRCLE('', #2832, 0.75);
#2834 = DIRECTION('', (-0.00000003, 1., -0.));
#2835 = DIRECTION('', (-0., 0., 1.));
#2836 = CARTESIAN_POINT('', (161., 44., 16.));
#2837 = AXIS2_PLACEMENT_3D('', #2836, #2835, #2834);
#2838 = CIRCLE('', #2837, 0.75);
#2839 = DIRECTION('', (-0.00000003, -1., 0.));
#2840 = DIRECTION('', (-0., -0., -1.));
#2841 = CARTESIAN_POINT('', (161., 44., 14.5));
#2842 = AXIS2_PLACEMENT_3D('', #2841, #2840, #2839);
#2843 = CIRCLE('', #2842, 0.75);
#2844 = DIRECTION('', (0.00000003, 1., 0.));
#2845 = DIRECTION('', (0., -0., 1.));
#2846 = CARTESIAN_POINT('', (161., 44., 14.5));
#2847 = AXIS2_PLACEMENT_3D('', #2846, #2845, #2844);
#2848 = CIRCLE('', #2847, 0.75);
#2849 = DIRECTION('', (0., -0., 1.));
#2850 = VECTOR('', #2849, 1.);
#2851 = CARTESIAN_POINT('', (160.25, 44., 14.5));
#2852 = LINE('', #2851, #2850);
#2853 = DIRECTION('', (0., -0., 1.));
#2854 = VECTOR('', #2853, 1.);
#2855 = CARTESIAN_POINT('', (161.75, 44., 14.5));
#2856 = LINE('', #2855, #2854);
#2857 = DIRECTION('', (1., 0., -0.));
#2858 = DIRECTION('', (0., 0., 1.));
#2859 = CARTESIAN_POINT('', (161., 47., 16.));
#2860 = AXIS2_PLACEMENT_3D('', #2859, #2858, #2857);
#2861 = CIRCLE('', #2860, 0.75);
#2862 = DIRECTION('', (1., 0., -0.));
#2863 = DIRECTION('', (-0., 0., -1.));
#2864 = CARTESIAN_POINT('', (161., 47., 16.));
#2865 = AXIS2_PLACEMENT_3D('', #2864, #2863, #2862);
#2866 = CIRCLE('', #2865, 0.75);
#2867 = DIRECTION('', (1., -0., 0.));
#2868 = DIRECTION('', (-0., -0., 1.));
#2869 = CARTESIAN_POINT('', (161., 47., 14.5));
#2870 = AXIS2_PLACEMENT_3D('', #2869, #2868, #2867);
#2871 = CIRCLE('', #2870, 0.75);
#2872 = DIRECTION('', (1., -0., -0.));
#2873 = DIRECTION('', (-0., 0., -1.));
#2874 = CARTESIAN_POINT('', (161., 47., 14.5));
#2875 = AXIS2_PLACEMENT_3D('', #2874, #2873, #2872);
#2876 = CIRCLE('', #2875, 0.75);
#2877 = DIRECTION('', (0.00000003, -1., 0.));
#2878 = DIRECTION('', (0., -0., -1.));
#2879 = CARTESIAN_POINT('', (161., 47., 16.));
#2880 = AXIS2_PLACEMENT_3D('', #2879, #2878, #2877);
#2881 = CIRCLE('', #2880, 0.75);
#2882 = DIRECTION('', (-0., 1., -0.));
#2883 = DIRECTION('', (-0., 0., 1.));
#2884 = CARTESIAN_POINT('', (161., 47., 16.));
#2885 = AXIS2_PLACEMENT_3D('', #2884, #2883, #2882);
#2886 = CIRCLE('', #2885, 0.75);
#2887 = DIRECTION('', (-0., -1., 0.));
#2888 = DIRECTION('', (-0., -0., -1.));
#2889 = CARTESIAN_POINT('', (161., 47., 14.5));
#2890 = AXIS2_PLACEMENT_3D('', #2889, #2888, #2887);
#2891 = CIRCLE('', #2890, 0.75);
#2892 = DIRECTION('', (0.00000003, 1., -0.));
#2893 = DIRECTION('', (-0., 0., 1.));
#2894 = CARTESIAN_POINT('', (161., 47., 14.5));
#2895 = AXIS2_PLACEMENT_3D('', #2894, #2893, #2892);
#2896 = CIRCLE('', #2895, 0.75);
#2897 = DIRECTION('', (0., -0., 1.));
#2898 = VECTOR('', #2897, 1.);
#2899 = CARTESIAN_POINT('', (160.25, 47., 14.5));
#2900 = LINE('', #2899, #2898);
#2901 = DIRECTION('', (0., -0., 1.));
#2902 = VECTOR('', #2901, 1.);
#2903 = CARTESIAN_POINT('', (161.75, 47., 14.5));
#2904 = LINE('', #2903, #2902);
#2905 = DIRECTION('', (1., -0., 0.));
#2906 = DIRECTION('', (-0., -0., 1.));
#2907 = CARTESIAN_POINT('', (164., 41., 16.));
#2908 = AXIS2_PLACEMENT_3D('', #2907, #2906, #2905);
#2909 = CIRCLE('', #2908, 0.75);
#2910 = DIRECTION('', (1., -0., 0.));
#2911 = DIRECTION('', (0., -0., -1.));
#2912 = CARTESIAN_POINT('', (164., 41., 16.));
#2913 = AXIS2_PLACEMENT_3D('', #2912, #2911, #2910);
#2914 = CIRCLE('', #2913, 0.75);
#2915 = DIRECTION('', (1., -0., 0.));
#2916 = DIRECTION('', (-0., -0., 1.));
#2917 = CARTESIAN_POINT('', (164., 41., 14.5));
#2918 = AXIS2_PLACEMENT_3D('', #2917, #2916, #2915);
#2919 = CIRCLE('', #2918, 0.75);
#2920 = DIRECTION('', (1., 0., 0.));
#2921 = DIRECTION('', (0., -0., -1.));
#2922 = CARTESIAN_POINT('', (164., 41., 14.5));
#2923 = AXIS2_PLACEMENT_3D('', #2922, #2921, #2920);
#2924 = CIRCLE('', #2923, 0.75);
#2925 = DIRECTION('', (0., -1., 0.));
#2926 = DIRECTION('', (0., -0., -1.));
#2927 = CARTESIAN_POINT('', (164., 41., 16.));
#2928 = AXIS2_PLACEMENT_3D('', #2927, #2926, #2925);
#2929 = CIRCLE('', #2928, 0.75);
#2930 = DIRECTION('', (-0.00000003, 1., -0.));
#2931 = DIRECTION('', (-0., 0., 1.));
#2932 = CARTESIAN_POINT('', (164., 41., 16.));
#2933 = AXIS2_PLACEMENT_3D('', #2932, #2931, #2930);
#2934 = CIRCLE('', #2933, 0.75);
#2935 = DIRECTION('', (-0.00000003, -1., 0.));
#2936 = DIRECTION('', (-0., -0., -1.));
#2937 = CARTESIAN_POINT('', (164., 41., 14.5));
#2938 = AXIS2_PLACEMENT_3D('', #2937, #2936, #2935);
#2939 = CIRCLE('', #2938, 0.75);
#2940 = DIRECTION('', (0.00000003, 1., 0.));
#2941 = DIRECTION('', (0., -0., 1.));
#2942 = CARTESIAN_POINT('', (164., 41., 14.5));
#2943 = AXIS2_PLACEMENT_3D('', #2942, #2941, #2940);
#2944 = CIRCLE('', #2943, 0.75);
#2945 = DIRECTION('', (0., -0., 1.));
#2946 = VECTOR('', #2945, 1.);
#2947 = CARTESIAN_POINT('', (163.25, 41., 14.5));
#2948 = LINE('', #2947, #2946);
#2949 = DIRECTION('', (0., -0., 1.));
#2950 = VECTOR('', #2949, 1.);
#2951 = CARTESIAN_POINT('', (164.75, 41., 14.5));
#2952 = LINE('', #2951, #2950);
#2953 = DIRECTION('', (1., -0., 0.));
#2954 = DIRECTION('', (0., 0., 1.));
#2955 = CARTESIAN_POINT('', (164., 44., 16.));
#2956 = AXIS2_PLACEMENT_3D('', #2955, #2954, #2953);
#2957 = CIRCLE('', #2956, 0.75);
#2958 = DIRECTION('', (1., -0., -0.));
#2959 = DIRECTION('', (-0., 0., -1.));
#2960 = CARTESIAN_POINT('', (164., 44., 16.));
#2961 = AXIS2_PLACEMENT_3D('', #2960, #2959, #2958);
#2962 = CIRCLE('', #2961, 0.75);
#2963 = DIRECTION('', (1., -0., 0.));
#2964 = DIRECTION('', (-0., -0., 1.));
#2965 = CARTESIAN_POINT('', (164., 44., 14.5));
#2966 = AXIS2_PLACEMENT_3D('', #2965, #2964, #2963);
#2967 = CIRCLE('', #2966, 0.75);
#2968 = DIRECTION('', (1., 0., -0.));
#2969 = DIRECTION('', (-0., 0., -1.));
#2970 = CARTESIAN_POINT('', (164., 44., 14.5));
#2971 = AXIS2_PLACEMENT_3D('', #2970, #2969, #2968);
#2972 = CIRCLE('', #2971, 0.75);
#2973 = DIRECTION('', (0., -1., -0.));
#2974 = DIRECTION('', (0., 0., -1.));
#2975 = CARTESIAN_POINT('', (164., 44., 16.));
#2976 = AXIS2_PLACEMENT_3D('', #2975, #2974, #2973);
#2977 = CIRCLE('', #2976, 0.75);
#2978 = DIRECTION('', (-0.00000003, 1., -0.));
#2979 = DIRECTION('', (-0., 0., 1.));
#2980 = CARTESIAN_POINT('', (164., 44., 16.));
#2981 = AXIS2_PLACEMENT_3D('', #2980, #2979, #2978);
#2982 = CIRCLE('', #2981, 0.75);
#2983 = DIRECTION('', (-0.00000003, -1., -0.));
#2984 = DIRECTION('', (0., 0., -1.));
#2985 = CARTESIAN_POINT('', (164., 44., 14.5));
#2986 = AXIS2_PLACEMENT_3D('', #2985, #2984, #2983);
#2987 = CIRCLE('', #2986, 0.75);
#2988 = DIRECTION('', (0.00000003, 1., 0.));
#2989 = DIRECTION('', (0., -0., 1.));
#2990 = CARTESIAN_POINT('', (164., 44., 14.5));
#2991 = AXIS2_PLACEMENT_3D('', #2990, #2989, #2988);
#2992 = CIRCLE('', #2991, 0.75);
#2993 = DIRECTION('', (0., -0., 1.));
#2994 = VECTOR('', #2993, 1.);
#2995 = CARTESIAN_POINT('', (163.25, 44., 14.5));
#2996 = LINE('', #2995, #2994);
#2997 = DIRECTION('', (0., -0., 1.));
#2998 = VECTOR('', #2997, 1.);
#2999 = CARTESIAN_POINT('', (164.75, 44., 14.5));
#3000 = LINE('', #2999, #2998);
#3001 = DIRECTION('', (1., -0., 0.));
#3002 = DIRECTION('', (-0., -0., 1.));
#3003 = CARTESIAN_POINT('', (164., 47., 16.));
#3004 = AXIS2_PLACEMENT_3D('', #3003, #3002, #3001);
#3005 = CIRCLE('', #3004, 0.75);
#3006 = DIRECTION('', (1., 0., 0.));
#3007 = DIRECTION('', (0., -0., -1.));
#3008 = CARTESIAN_POINT('', (164., 47., 16.));
#3009 = AXIS2_PLACEMENT_3D('', #3008, #3007, #3006);
#3010 = CIRCLE('', #3009, 0.75);
#3011 = DIRECTION('', (1., -0., 0.));
#3012 = DIRECTION('', (-0., -0., 1.));
#3013 = CARTESIAN_POINT('', (164., 47., 14.5));
#3014 = AXIS2_PLACEMENT_3D('', #3013, #3012, #3011);
#3015 = CIRCLE('', #3014, 0.75);
#3016 = DIRECTION('', (1., -0., 0.));
#3017 = DIRECTION('', (0., -0., -1.));
#3018 = CARTESIAN_POINT('', (164., 47., 14.5));
#3019 = AXIS2_PLACEMENT_3D('', #3018, #3017, #3016);
#3020 = CIRCLE('', #3019, 0.75);
#3021 = DIRECTION('', (0.00000003, -1., 0.));
#3022 = DIRECTION('', (-0., -0., -1.));
#3023 = CARTESIAN_POINT('', (164., 47., 16.));
#3024 = AXIS2_PLACEMENT_3D('', #3023, #3022, #3021);
#3025 = CIRCLE('', #3024, 0.75);
#3026 = DIRECTION('', (-0., 1., -0.));
#3027 = DIRECTION('', (-0., 0., 1.));
#3028 = CARTESIAN_POINT('', (164., 47., 16.));
#3029 = AXIS2_PLACEMENT_3D('', #3028, #3027, #3026);
#3030 = CIRCLE('', #3029, 0.75);
#3031 = DIRECTION('', (-0., -1., -0.));
#3032 = DIRECTION('', (0., 0., -1.));
#3033 = CARTESIAN_POINT('', (164., 47., 14.5));
#3034 = AXIS2_PLACEMENT_3D('', #3033, #3032, #3031);
#3035 = CIRCLE('', #3034, 0.75);
#3036 = DIRECTION('', (0.00000003, 1., -0.));
#3037 = DIRECTION('', (-0., 0., 1.));
#3038 = CARTESIAN_POINT('', (164., 47., 14.5));
#3039 = AXIS2_PLACEMENT_3D('', #3038, #3037, #3036);
#3040 = CIRCLE('', #3039, 0.75);
#3041 = DIRECTION('', (0., -0., 1.));
#3042 = VECTOR('', #3041, 1.);
#3043 = CARTESIAN_POINT('', (163.25, 47., 14.5));
#3044 = LINE('', #3043, #3042);
#3045 = DIRECTION('', (0., -0., 1.));
#3046 = VECTOR('', #3045, 1.);
#3047 = CARTESIAN_POINT('', (164.75, 47., 14.5));
#3048 = LINE('', #3047, #3046);
#3049 = DIRECTION('', (1., -0., -0.));
#3050 = DIRECTION('', (0., 0., 1.));
#3051 = CARTESIAN_POINT('', (167., 41., 16.));
#3052 = AXIS2_PLACEMENT_3D('', #3051, #3050, #3049);
#3053 = CIRCLE('', #3052, 0.75);
#3054 = DIRECTION('', (1., -0., -0.));
#3055 = DIRECTION('', (-0., 0., -1.));
#3056 = CARTESIAN_POINT('', (167., 41., 16.));
#3057 = AXIS2_PLACEMENT_3D('', #3056, #3055, #3054);
#3058 = CIRCLE('', #3057, 0.75);
#3059 = DIRECTION('', (1., -0., 0.));
#3060 = DIRECTION('', (-0., -0., 1.));
#3061 = CARTESIAN_POINT('', (167., 41., 14.5));
#3062 = AXIS2_PLACEMENT_3D('', #3061, #3060, #3059);
#3063 = CIRCLE('', #3062, 0.75);
#3064 = DIRECTION('', (1., 0., 0.));
#3065 = DIRECTION('', (0., -0., -1.));
#3066 = CARTESIAN_POINT('', (167., 41., 14.5));
#3067 = AXIS2_PLACEMENT_3D('', #3066, #3065, #3064);
#3068 = CIRCLE('', #3067, 0.75);
#3069 = DIRECTION('', (0., -1., -0.));
#3070 = DIRECTION('', (0., 0., -1.));
#3071 = CARTESIAN_POINT('', (167., 41., 16.));
#3072 = AXIS2_PLACEMENT_3D('', #3071, #3070, #3069);
#3073 = CIRCLE('', #3072, 0.75);
#3074 = DIRECTION('', (-0.00000003, 1., -0.));
#3075 = DIRECTION('', (-0., 0., 1.));
#3076 = CARTESIAN_POINT('', (167., 41., 16.));
#3077 = AXIS2_PLACEMENT_3D('', #3076, #3075, #3074);
#3078 = CIRCLE('', #3077, 0.75);
#3079 = DIRECTION('', (-0.00000003, -1., -0.));
#3080 = DIRECTION('', (0., 0., -1.));
#3081 = CARTESIAN_POINT('', (167., 41., 14.5));
#3082 = AXIS2_PLACEMENT_3D('', #3081, #3080, #3079);
#3083 = CIRCLE('', #3082, 0.75);
#3084 = DIRECTION('', (0.00000003, 1., -0.));
#3085 = DIRECTION('', (-0., 0., 1.));
#3086 = CARTESIAN_POINT('', (167., 41., 14.5));
#3087 = AXIS2_PLACEMENT_3D('', #3086, #3085, #3084);
#3088 = CIRCLE('', #3087, 0.75);
#3089 = DIRECTION('', (0., -0., 1.));
#3090 = VECTOR('', #3089, 1.);
#3091 = CARTESIAN_POINT('', (166.25, 41., 14.5));
#3092 = LINE('', #3091, #3090);
#3093 = DIRECTION('', (0., -0., 1.));
#3094 = VECTOR('', #3093, 1.);
#3095 = CARTESIAN_POINT('', (167.75, 41., 14.5));
#3096 = LINE('', #3095, #3094);
#3097 = DIRECTION('', (1., -0., 0.));
#3098 = DIRECTION('', (-0., -0., 1.));
#3099 = CARTESIAN_POINT('', (167., 44., 16.));
#3100 = AXIS2_PLACEMENT_3D('', #3099, #3098, #3097);
#3101 = CIRCLE('', #3100, 0.75);
#3102 = DIRECTION('', (1., 0., 0.));
#3103 = DIRECTION('', (0., -0., -1.));
#3104 = CARTESIAN_POINT('', (167., 44., 16.));
#3105 = AXIS2_PLACEMENT_3D('', #3104, #3103, #3102);
#3106 = CIRCLE('', #3105, 0.75);
#3107 = DIRECTION('', (1., -0., 0.));
#3108 = DIRECTION('', (-0., -0., 1.));
#3109 = CARTESIAN_POINT('', (167., 44., 14.5));
#3110 = AXIS2_PLACEMENT_3D('', #3109, #3108, #3107);
#3111 = CIRCLE('', #3110, 0.75);
#3112 = DIRECTION('', (1., 0., 0.));
#3113 = DIRECTION('', (0., -0., -1.));
#3114 = CARTESIAN_POINT('', (167., 44., 14.5));
#3115 = AXIS2_PLACEMENT_3D('', #3114, #3113, #3112);
#3116 = CIRCLE('', #3115, 0.75);
#3117 = DIRECTION('', (0.00000003, -1., -0.));
#3118 = DIRECTION('', (0., 0., -1.));
#3119 = CARTESIAN_POINT('', (167., 44., 16.));
#3120 = AXIS2_PLACEMENT_3D('', #3119, #3118, #3117);
#3121 = CIRCLE('', #3120, 0.75);
#3122 = DIRECTION('', (-0., 1., -0.));
#3123 = DIRECTION('', (-0., 0., 1.));
#3124 = CARTESIAN_POINT('', (167., 44., 16.));
#3125 = AXIS2_PLACEMENT_3D('', #3124, #3123, #3122);
#3126 = CIRCLE('', #3125, 0.75);
#3127 = DIRECTION('', (-0., -1., 0.));
#3128 = DIRECTION('', (-0., -0., -1.));
#3129 = CARTESIAN_POINT('', (167., 44., 14.5));
#3130 = AXIS2_PLACEMENT_3D('', #3129, #3128, #3127);
#3131 = CIRCLE('', #3130, 0.75);
#3132 = DIRECTION('', (0.00000003, 1., 0.));
#3133 = DIRECTION('', (0., -0., 1.));
#3134 = CARTESIAN_POINT('', (167., 44., 14.5));
#3135 = AXIS2_PLACEMENT_3D('', #3134, #3133, #3132);
#3136 = CIRCLE('', #3135, 0.75);
#3137 = DIRECTION('', (0., -0., 1.));
#3138 = VECTOR('', #3137, 1.);
#3139 = CARTESIAN_POINT('', (166.25, 44., 14.5));
#3140 = LINE('', #3139, #3138);
#3141 = DIRECTION('', (0., -0., 1.));
#3142 = VECTOR('', #3141, 1.);
#3143 = CARTESIAN_POINT('', (167.75, 44., 14.5));
#3144 = LINE('', #3143, #3142);
#3145 = DIRECTION('', (1., 0., -0.));
#3146 = DIRECTION('', (0., 0., 1.));
#3147 = CARTESIAN_POINT('', (167., 47., 16.));
#3148 = AXIS2_PLACEMENT_3D('', #3147, #3146, #3145);
#3149 = CIRCLE('', #3148, 0.75);
#3150 = DIRECTION('', (1., 0., -0.));
#3151 = DIRECTION('', (-0., 0., -1.));
#3152 = CARTESIAN_POINT('', (167., 47., 16.));
#3153 = AXIS2_PLACEMENT_3D('', #3152, #3151, #3150);
#3154 = CIRCLE('', #3153, 0.75);
#3155 = DIRECTION('', (1., -0., 0.));
#3156 = DIRECTION('', (-0., -0., 1.));
#3157 = CARTESIAN_POINT('', (167., 47., 14.5));
#3158 = AXIS2_PLACEMENT_3D('', #3157, #3156, #3155);
#3159 = CIRCLE('', #3158, 0.75);
#3160 = DIRECTION('', (1., -0., -0.));
#3161 = DIRECTION('', (-0., 0., -1.));
#3162 = CARTESIAN_POINT('', (167., 47., 14.5));
#3163 = AXIS2_PLACEMENT_3D('', #3162, #3161, #3160);
#3164 = CIRCLE('', #3163, 0.75);
#3165 = DIRECTION('', (0.00000003, -1., -0.));
#3166 = DIRECTION('', (0., 0., -1.));
#3167 = CARTESIAN_POINT('', (167., 47., 16.));
#3168 = AXIS2_PLACEMENT_3D('', #3167, #3166, #3165);
#3169 = CIRCLE('', #3168, 0.75);
#3170 = DIRECTION('', (-0., 1., -0.));
#3171 = DIRECTION('', (-0., 0., 1.));
#3172 = CARTESIAN_POINT('', (167., 47., 16.));
#3173 = AXIS2_PLACEMENT_3D('', #3172, #3171, #3170);
#3174 = CIRCLE('', #3173, 0.75);
#3175 = DIRECTION('', (-0., -1., 0.));
#3176 = DIRECTION('', (0., -0., -1.));
#3177 = CARTESIAN_POINT('', (167., 47., 14.5));
#3178 = AXIS2_PLACEMENT_3D('', #3177, #3176, #3175);
#3179 = CIRCLE('', #3178, 0.75);
#3180 = DIRECTION('', (0.00000003, 1., 0.));
#3181 = DIRECTION('', (-0., 0., 1.));
#3182 = CARTESIAN_POINT('', (167., 47., 14.5));
#3183 = AXIS2_PLACEMENT_3D('', #3182, #3181, #3180);
#3184 = CIRCLE('', #3183, 0.75);
#3185 = DIRECTION('', (0., -0., 1.));
#3186 = VECTOR('', #3185, 1.);
#3187 = CARTESIAN_POINT('', (166.25, 47., 14.5));
#3188 = LINE('', #3187, #3186);
#3189 = DIRECTION('', (0., -0., 1.));
#3190 = VECTOR('', #3189, 1.);
#3191 = CARTESIAN_POINT('', (167.75, 47., 14.5));
#3192 = LINE('', #3191, #3190);
#3193 = DIRECTION('', (1., -0., 0.));
#3194 = DIRECTION('', (-0., -0., 1.));
#3195 = CARTESIAN_POINT('', (170., 41., 16.));
#3196 = AXIS2_PLACEMENT_3D('', #3195, #3194, #3193);
#3197 = CIRCLE('', #3196, 0.75);
#3198 = DIRECTION('', (1., -0., -0.));
#3199 = DIRECTION('', (-0., 0., -1.));
#3200 = CARTESIAN_POINT('', (170., 41., 16.));
#3201 = AXIS2_PLACEMENT_3D('', #3200, #3199, #3198);
#3202 = CIRCLE('', #3201, 0.75);
#3203 = DIRECTION('', (1., -0., -0.));
#3204 = DIRECTION('', (0., 0., 1.));
#3205 = CARTESIAN_POINT('', (170., 41., 14.5));
#3206 = AXIS2_PLACEMENT_3D('', #3205, #3204, #3203);
#3207 = CIRCLE('', #3206, 0.75);
#3208 = DIRECTION('', (1., 0., -0.));
#3209 = DIRECTION('', (-0., 0., -1.));
#3210 = CARTESIAN_POINT('', (170., 41., 14.5));
#3211 = AXIS2_PLACEMENT_3D('', #3210, #3209, #3208);
#3212 = CIRCLE('', #3211, 0.75);
#3213 = DIRECTION('', (0., -1., -0.));
#3214 = DIRECTION('', (0., 0., -1.));
#3215 = CARTESIAN_POINT('', (170., 41., 16.));
#3216 = AXIS2_PLACEMENT_3D('', #3215, #3214, #3213);
#3217 = CIRCLE('', #3216, 0.75);
#3218 = DIRECTION('', (-0.00000003, 1., 0.));
#3219 = DIRECTION('', (0., -0., 1.));
#3220 = CARTESIAN_POINT('', (170., 41., 16.));
#3221 = AXIS2_PLACEMENT_3D('', #3220, #3219, #3218);
#3222 = CIRCLE('', #3221, 0.75);
#3223 = DIRECTION('', (-0.00000003, -1., -0.));
#3224 = DIRECTION('', (0., 0., -1.));
#3225 = CARTESIAN_POINT('', (170., 41., 14.5));
#3226 = AXIS2_PLACEMENT_3D('', #3225, #3224, #3223);
#3227 = CIRCLE('', #3226, 0.75);
#3228 = DIRECTION('', (0.00000003, 1., 0.));
#3229 = DIRECTION('', (0., -0., 1.));
#3230 = CARTESIAN_POINT('', (170., 41., 14.5));
#3231 = AXIS2_PLACEMENT_3D('', #3230, #3229, #3228);
#3232 = CIRCLE('', #3231, 0.75);
#3233 = DIRECTION('', (0., -0., 1.));
#3234 = VECTOR('', #3233, 1.);
#3235 = CARTESIAN_POINT('', (169.25, 41., 14.5));
#3236 = LINE('', #3235, #3234);
#3237 = DIRECTION('', (0., -0., 1.));
#3238 = VECTOR('', #3237, 1.);
#3239 = CARTESIAN_POINT('', (170.75, 41., 14.5));
#3240 = LINE('', #3239, #3238);
#3241 = DIRECTION('', (1., 0., 0.));
#3242 = DIRECTION('', (-0., 0., 1.));
#3243 = CARTESIAN_POINT('', (170., 44., 16.));
#3244 = AXIS2_PLACEMENT_3D('', #3243, #3242, #3241);
#3245 = CIRCLE('', #3244, 0.75);
#3246 = DIRECTION('', (1., -0., -0.));
#3247 = DIRECTION('', (-0., 0., -1.));
#3248 = CARTESIAN_POINT('', (170., 44., 16.));
#3249 = AXIS2_PLACEMENT_3D('', #3248, #3247, #3246);
#3250 = CIRCLE('', #3249, 0.75);
#3251 = DIRECTION('', (1., -0., 0.));
#3252 = DIRECTION('', (-0., -0., 1.));
#3253 = CARTESIAN_POINT('', (170., 44., 14.5));
#3254 = AXIS2_PLACEMENT_3D('', #3253, #3252, #3251);
#3255 = CIRCLE('', #3254, 0.75);
#3256 = DIRECTION('', (1., 0., 0.));
#3257 = DIRECTION('', (0., -0., -1.));
#3258 = CARTESIAN_POINT('', (170., 44., 14.5));
#3259 = AXIS2_PLACEMENT_3D('', #3258, #3257, #3256);
#3260 = CIRCLE('', #3259, 0.75);
#3261 = DIRECTION('', (0.00000003, -1., 0.));
#3262 = DIRECTION('', (0., -0., -1.));
#3263 = CARTESIAN_POINT('', (170., 44., 16.));
#3264 = AXIS2_PLACEMENT_3D('', #3263, #3262, #3261);
#3265 = CIRCLE('', #3264, 0.75);
#3266 = DIRECTION('', (-0.00000003, 1., -0.));
#3267 = DIRECTION('', (-0., 0., 1.));
#3268 = CARTESIAN_POINT('', (170., 44., 16.));
#3269 = AXIS2_PLACEMENT_3D('', #3268, #3267, #3266);
#3270 = CIRCLE('', #3269, 0.75);
#3271 = DIRECTION('', (-0.00000003, -1., 0.));
#3272 = DIRECTION('', (-0., -0., -1.));
#3273 = CARTESIAN_POINT('', (170., 44., 14.5));
#3274 = AXIS2_PLACEMENT_3D('', #3273, #3272, #3271);
#3275 = CIRCLE('', #3274, 0.75);
#3276 = DIRECTION('', (0.00000003, 1., 0.));
#3277 = DIRECTION('', (0., -0., 1.));
#3278 = CARTESIAN_POINT('', (170., 44., 14.5));
#3279 = AXIS2_PLACEMENT_3D('', #3278, #3277, #3276);
#3280 = CIRCLE('', #3279, 0.75);
#3281 = DIRECTION('', (0., -0., 1.));
#3282 = VECTOR('', #3281, 1.);
#3283 = CARTESIAN_POINT('', (169.25, 44., 14.5));
#3284 = LINE('', #3283, #3282);
#3285 = DIRECTION('', (0., -0., 1.));
#3286 = VECTOR('', #3285, 1.);
#3287 = CARTESIAN_POINT('', (170.75, 44., 14.5));
#3288 = LINE('', #3287, #3286);
#3289 = DIRECTION('', (1., 0., -0.));
#3290 = DIRECTION('', (0., 0., 1.));
#3291 = CARTESIAN_POINT('', (170., 47., 16.));
#3292 = AXIS2_PLACEMENT_3D('', #3291, #3290, #3289);
#3293 = CIRCLE('', #3292, 0.75);
#3294 = DIRECTION('', (1., -0., -0.));
#3295 = DIRECTION('', (-0., 0., -1.));
#3296 = CARTESIAN_POINT('', (170., 47., 16.));
#3297 = AXIS2_PLACEMENT_3D('', #3296, #3295, #3294);
#3298 = CIRCLE('', #3297, 0.75);
#3299 = DIRECTION('', (1., -0., -0.));
#3300 = DIRECTION('', (0., -0., 1.));
#3301 = CARTESIAN_POINT('', (170., 47., 14.5));
#3302 = AXIS2_PLACEMENT_3D('', #3301, #3300, #3299);
#3303 = CIRCLE('', #3302, 0.75);
#3304 = DIRECTION('', (1., -0., -0.));
#3305 = DIRECTION('', (-0., 0., -1.));
#3306 = CARTESIAN_POINT('', (170., 47., 14.5));
#3307 = AXIS2_PLACEMENT_3D('', #3306, #3305, #3304);
#3308 = CIRCLE('', #3307, 0.75);
#3309 = DIRECTION('', (0.00000003, -1., -0.));
#3310 = DIRECTION('', (0., 0., -1.));
#3311 = CARTESIAN_POINT('', (170., 47., 16.));
#3312 = AXIS2_PLACEMENT_3D('', #3311, #3310, #3309);
#3313 = CIRCLE('', #3312, 0.75);
#3314 = DIRECTION('', (-0., 1., 0.));
#3315 = DIRECTION('', (0., -0., 1.));
#3316 = CARTESIAN_POINT('', (170., 47., 16.));
#3317 = AXIS2_PLACEMENT_3D('', #3316, #3315, #3314);
#3318 = CIRCLE('', #3317, 0.75);
#3319 = DIRECTION('', (-0., -1., 0.));
#3320 = DIRECTION('', (-0., -0., -1.));
#3321 = CARTESIAN_POINT('', (170., 47., 14.5));
#3322 = AXIS2_PLACEMENT_3D('', #3321, #3320, #3319);
#3323 = CIRCLE('', #3322, 0.75);
#3324 = DIRECTION('', (0.00000003, 1., 0.));
#3325 = DIRECTION('', (-0., 0., 1.));
#3326 = CARTESIAN_POINT('', (170., 47., 14.5));
#3327 = AXIS2_PLACEMENT_3D('', #3326, #3325, #3324);
#3328 = CIRCLE('', #3327, 0.75);
#3329 = DIRECTION('', (0., -0., 1.));
#3330 = VECTOR('', #3329, 1.);
#3331 = CARTESIAN_POINT('', (169.25, 47., 14.5));
#3332 = LINE('', #3331, #3330);
#3333 = DIRECTION('', (0., -0., 1.));
#3334 = VECTOR('', #3333, 1.);
#3335 = CARTESIAN_POINT('', (170.75, 47., 14.5));
#3336 = LINE('', #3335, #3334);
#3337 = DIRECTION('', (1., -0., 0.));
#3338 = DIRECTION('', (-0., -0., 1.));
#3339 = CARTESIAN_POINT('', (173., 41., 16.));
#3340 = AXIS2_PLACEMENT_3D('', #3339, #3338, #3337);
#3341 = CIRCLE('', #3340, 0.75);
#3342 = DIRECTION('', (1., -0., -0.));
#3343 = DIRECTION('', (-0., 0., -1.));
#3344 = CARTESIAN_POINT('', (173., 41., 16.));
#3345 = AXIS2_PLACEMENT_3D('', #3344, #3343, #3342);
#3346 = CIRCLE('', #3345, 0.75);
#3347 = DIRECTION('', (1., -0., 0.));
#3348 = DIRECTION('', (-0., -0., 1.));
#3349 = CARTESIAN_POINT('', (173., 41., 14.5));
#3350 = AXIS2_PLACEMENT_3D('', #3349, #3348, #3347);
#3351 = CIRCLE('', #3350, 0.75);
#3352 = DIRECTION('', (1., 0., -0.));
#3353 = DIRECTION('', (-0., 0., -1.));
#3354 = CARTESIAN_POINT('', (173., 41., 14.5));
#3355 = AXIS2_PLACEMENT_3D('', #3354, #3353, #3352);
#3356 = CIRCLE('', #3355, 0.75);
#3357 = DIRECTION('', (0., -1., 0.));
#3358 = DIRECTION('', (0., -0., -1.));
#3359 = CARTESIAN_POINT('', (173., 41., 16.));
#3360 = AXIS2_PLACEMENT_3D('', #3359, #3358, #3357);
#3361 = CIRCLE('', #3360, 0.75);
#3362 = DIRECTION('', (-0.00000003, 1., 0.));
#3363 = DIRECTION('', (0., -0., 1.));
#3364 = CARTESIAN_POINT('', (173., 41., 16.));
#3365 = AXIS2_PLACEMENT_3D('', #3364, #3363, #3362);
#3366 = CIRCLE('', #3365, 0.75);
#3367 = DIRECTION('', (-0.00000003, -1., 0.));
#3368 = DIRECTION('', (-0., -0., -1.));
#3369 = CARTESIAN_POINT('', (173., 41., 14.5));
#3370 = AXIS2_PLACEMENT_3D('', #3369, #3368, #3367);
#3371 = CIRCLE('', #3370, 0.75);
#3372 = DIRECTION('', (0.00000003, 1., 0.));
#3373 = DIRECTION('', (0., -0., 1.));
#3374 = CARTESIAN_POINT('', (173., 41., 14.5));
#3375 = AXIS2_PLACEMENT_3D('', #3374, #3373, #3372);
#3376 = CIRCLE('', #3375, 0.75);
#3377 = DIRECTION('', (0., -0., 1.));
#3378 = VECTOR('', #3377, 1.);
#3379 = CARTESIAN_POINT('', (172.25, 41., 14.5));
#3380 = LINE('', #3379, #3378);
#3381 = DIRECTION('', (0., -0., 1.));
#3382 = VECTOR('', #3381, 1.);
#3383 = CARTESIAN_POINT('', (173.75, 41., 14.5));
#3384 = LINE('', #3383, #3382);
#3385 = DIRECTION('', (1., -0., 0.));
#3386 = DIRECTION('', (-0., -0., 1.));
#3387 = CARTESIAN_POINT('', (173., 44., 16.));
#3388 = AXIS2_PLACEMENT_3D('', #3387, #3386, #3385);
#3389 = CIRCLE('', #3388, 0.75);
#3390 = DIRECTION('', (1., 0., -0.));
#3391 = DIRECTION('', (-0., 0., -1.));
#3392 = CARTESIAN_POINT('', (173., 44., 16.));
#3393 = AXIS2_PLACEMENT_3D('', #3392, #3391, #3390);
#3394 = CIRCLE('', #3393, 0.75);
#3395 = DIRECTION('', (1., 0., -0.));
#3396 = DIRECTION('', (0., 0., 1.));
#3397 = CARTESIAN_POINT('', (173., 44., 14.5));
#3398 = AXIS2_PLACEMENT_3D('', #3397, #3396, #3395);
#3399 = CIRCLE('', #3398, 0.75);
#3400 = DIRECTION('', (1., -0., -0.));
#3401 = DIRECTION('', (-0., 0., -1.));
#3402 = CARTESIAN_POINT('', (173., 44., 14.5));
#3403 = AXIS2_PLACEMENT_3D('', #3402, #3401, #3400);
#3404 = CIRCLE('', #3403, 0.75);
#3405 = DIRECTION('', (0.00000003, -1., -0.));
#3406 = DIRECTION('', (0., 0., -1.));
#3407 = CARTESIAN_POINT('', (173., 44., 16.));
#3408 = AXIS2_PLACEMENT_3D('', #3407, #3406, #3405);
#3409 = CIRCLE('', #3408, 0.75);
#3410 = DIRECTION('', (-0.00000003, 1., -0.));
#3411 = DIRECTION('', (-0., 0., 1.));
#3412 = CARTESIAN_POINT('', (173., 44., 16.));
#3413 = AXIS2_PLACEMENT_3D('', #3412, #3411, #3410);
#3414 = CIRCLE('', #3413, 0.75);
#3415 = DIRECTION('', (-0.00000003, -1., 0.));
#3416 = DIRECTION('', (-0., -0., -1.));
#3417 = CARTESIAN_POINT('', (173., 44., 14.5));
#3418 = AXIS2_PLACEMENT_3D('', #3417, #3416, #3415);
#3419 = CIRCLE('', #3418, 0.75);
#3420 = DIRECTION('', (0.00000003, 1., 0.));
#3421 = DIRECTION('', (0., -0., 1.));
#3422 = CARTESIAN_POINT('', (173., 44., 14.5));
#3423 = AXIS2_PLACEMENT_3D('', #3422, #3421, #3420);
#3424 = CIRCLE('', #3423, 0.75);
#3425 = DIRECTION('', (0., -0., 1.));
#3426 = VECTOR('', #3425, 1.);
#3427 = CARTESIAN_POINT('', (172.25, 44., 14.5));
#3428 = LINE('', #3427, #3426);
#3429 = DIRECTION('', (0., -0., 1.));
#3430 = VECTOR('', #3429, 1.);
#3431 = CARTESIAN_POINT('', (173.75, 44., 14.5));
#3432 = LINE('', #3431, #3430);
#3433 = DIRECTION('', (1., 0., 0.));
#3434 = DIRECTION('', (-0., -0., 1.));
#3435 = CARTESIAN_POINT('', (173., 47., 16.));
#3436 = AXIS2_PLACEMENT_3D('', #3435, #3434, #3433);
#3437 = CIRCLE('', #3436, 0.75);
#3438 = DIRECTION('', (1., 0., -0.));
#3439 = DIRECTION('', (-0., 0., -1.));
#3440 = CARTESIAN_POINT('', (173., 47., 16.));
#3441 = AXIS2_PLACEMENT_3D('', #3440, #3439, #3438);
#3442 = CIRCLE('', #3441, 0.75);
#3443 = DIRECTION('', (1., 0., -0.));
#3444 = DIRECTION('', (0., 0., 1.));
#3445 = CARTESIAN_POINT('', (173., 47., 14.5));
#3446 = AXIS2_PLACEMENT_3D('', #3445, #3444, #3443);
#3447 = CIRCLE('', #3446, 0.75);
#3448 = DIRECTION('', (1., -0., 0.));
#3449 = DIRECTION('', (0., -0., -1.));
#3450 = CARTESIAN_POINT('', (173., 47., 14.5));
#3451 = AXIS2_PLACEMENT_3D('', #3450, #3449, #3448);
#3452 = CIRCLE('', #3451, 0.75);
#3453 = DIRECTION('', (0.00000003, -1., -0.));
#3454 = DIRECTION('', (0., 0., -1.));
#3455 = CARTESIAN_POINT('', (173., 47., 16.));
#3456 = AXIS2_PLACEMENT_3D('', #3455, #3454, #3453);
#3457 = CIRCLE('', #3456, 0.75);
#3458 = DIRECTION('', (-0., 1., -0.));
#3459 = DIRECTION('', (-0., 0., 1.));
#3460 = CARTESIAN_POINT('', (173., 47., 16.));
#3461 = AXIS2_PLACEMENT_3D('', #3460, #3459, #3458);
#3462 = CIRCLE('', #3461, 0.75);
#3463 = DIRECTION('', (-0., -1., -0.));
#3464 = DIRECTION('', (0., 0., -1.));
#3465 = CARTESIAN_POINT('', (173., 47., 14.5));
#3466 = AXIS2_PLACEMENT_3D('', #3465, #3464, #3463);
#3467 = CIRCLE('', #3466, 0.75);
#3468 = DIRECTION('', (0.00000003, 1., 0.));
#3469 = DIRECTION('', (0., -0., 1.));
#3470 = CARTESIAN_POINT('', (173., 47., 14.5));
#3471 = AXIS2_PLACEMENT_3D('', #3470, #3469, #3468);
#3472 = CIRCLE('', #3471, 0.75);
#3473 = DIRECTION('', (0., -0., 1.));
#3474 = VECTOR('', #3473, 1.);
#3475 = CARTESIAN_POINT('', (172.25, 47., 14.5));
#3476 = LINE('', #3475, #3474);
#3477 = DIRECTION('', (0., -0., 1.));
#3478 = VECTOR('', #3477, 1.);
#3479 = CARTESIAN_POINT('', (173.75, 47., 14.5));
#3480 = LINE('', #3479, #3478);
#3481 = DIRECTION('', (1., -0., 0.));
#3482 = DIRECTION('', (-0., -0., 1.));
#3483 = CARTESIAN_POINT('', (154.5, 47.5, 16.));
#3484 = AXIS2_PLACEMENT_3D('', #3483, #3482, #3481);
#3485 = CIRCLE('', #3484, 0.6);
#3486 = DIRECTION('', (1., -0., -0.));
#3487 = DIRECTION('', (-0., 0., -1.));
#3488 = CARTESIAN_POINT('', (154.5, 47.5, 16.));
#3489 = AXIS2_PLACEMENT_3D('', #3488, #3487, #3486);
#3490 = CIRCLE('', #3489, 0.6);
#3491 = DIRECTION('', (1., -0., 0.));
#3492 = DIRECTION('', (-0., -0., 1.));
#3493 = CARTESIAN_POINT('', (154.5, 47.5, 14.5));
#3494 = AXIS2_PLACEMENT_3D('', #3493, #3492, #3491);
#3495 = CIRCLE('', #3494, 0.6);
#3496 = DIRECTION('', (1., 0., -0.));
#3497 = DIRECTION('', (-0., 0., -1.));
#3498 = CARTESIAN_POINT('', (154.5, 47.5, 14.5));
#3499 = AXIS2_PLACEMENT_3D('', #3498, #3497, #3496);
#3500 = CIRCLE('', #3499, 0.6);
#3501 = DIRECTION('', (0.00000021, -1., 0.));
#3502 = DIRECTION('', (-0., -0., -1.));
#3503 = CARTESIAN_POINT('', (154.5, 47.5, 16.));
#3504 = AXIS2_PLACEMENT_3D('', #3503, #3502, #3501);
#3505 = CIRCLE('', #3504, 0.6);
#3506 = DIRECTION('', (0.00000239, 1., -0.));
#3507 = DIRECTION('', (-0., 0., 1.));
#3508 = CARTESIAN_POINT('', (154.5, 47.5, 16.));
#3509 = AXIS2_PLACEMENT_3D('', #3508, #3507, #3506);
#3510 = CIRCLE('', #3509, 0.6);
#3511 = DIRECTION('', (-0.00000021, -1., -0.));
#3512 = DIRECTION('', (0., 0., -1.));
#3513 = CARTESIAN_POINT('', (154.5, 47.5, 14.5));
#3514 = AXIS2_PLACEMENT_3D('', #3513, #3512, #3511);
#3515 = CIRCLE('', #3514, 0.6);
#3516 = DIRECTION('', (0.00000021, 1., 0.));
#3517 = DIRECTION('', (0., -0., 1.));
#3518 = CARTESIAN_POINT('', (154.5, 47.5, 14.5));
#3519 = AXIS2_PLACEMENT_3D('', #3518, #3517, #3516);
#3520 = CIRCLE('', #3519, 0.6);
#3521 = DIRECTION('', (0., -0., 1.));
#3522 = VECTOR('', #3521, 1.);
#3523 = CARTESIAN_POINT('', (153.9, 47.5, 14.5));
#3524 = LINE('', #3523, #3522);
#3525 = DIRECTION('', (0., -0., 1.));
#3526 = VECTOR('', #3525, 1.);
#3527 = CARTESIAN_POINT('', (155.1, 47.5, 14.5));
#3528 = LINE('', #3527, #3526);
#3529 = DIRECTION('', (1., 0., -0.));
#3530 = DIRECTION('', (0., 0., 1.));
#3531 = CARTESIAN_POINT('', (154.5, 50., 16.));
#3532 = AXIS2_PLACEMENT_3D('', #3531, #3530, #3529);
#3533 = CIRCLE('', #3532, 0.6);
#3534 = DIRECTION('', (1., 0., 0.));
#3535 = DIRECTION('', (0., -0., -1.));
#3536 = CARTESIAN_POINT('', (154.5, 50., 16.));
#3537 = AXIS2_PLACEMENT_3D('', #3536, #3535, #3534);
#3538 = CIRCLE('', #3537, 0.6);
#3539 = DIRECTION('', (1., -0., 0.));
#3540 = DIRECTION('', (-0., -0., 1.));
#3541 = CARTESIAN_POINT('', (154.5, 50., 14.5));
#3542 = AXIS2_PLACEMENT_3D('', #3541, #3540, #3539);
#3543 = CIRCLE('', #3542, 0.6);
#3544 = DIRECTION('', (1., 0., 0.));
#3545 = DIRECTION('', (0., -0., -1.));
#3546 = CARTESIAN_POINT('', (154.5, 50., 14.5));
#3547 = AXIS2_PLACEMENT_3D('', #3546, #3545, #3544);
#3548 = CIRCLE('', #3547, 0.6);
#3549 = DIRECTION('', (0.00000021, -1., -0.));
#3550 = DIRECTION('', (-0., 0., -1.));
#3551 = CARTESIAN_POINT('', (154.5, 50., 16.));
#3552 = AXIS2_PLACEMENT_3D('', #3551, #3550, #3549);
#3553 = CIRCLE('', #3552, 0.6);
#3554 = DIRECTION('', (-0.00000021, 1., 0.));
#3555 = DIRECTION('', (0., -0., 1.));
#3556 = CARTESIAN_POINT('', (154.5, 50., 16.));
#3557 = AXIS2_PLACEMENT_3D('', #3556, #3555, #3554);
#3558 = CIRCLE('', #3557, 0.6);
#3559 = DIRECTION('', (-0.00000021, -1., -0.));
#3560 = DIRECTION('', (0., 0., -1.));
#3561 = CARTESIAN_POINT('', (154.5, 50., 14.5));
#3562 = AXIS2_PLACEMENT_3D('', #3561, #3560, #3559);
#3563 = CIRCLE('', #3562, 0.6);
#3564 = DIRECTION('', (0.00000021, 1., 0.));
#3565 = DIRECTION('', (0., -0., 1.));
#3566 = CARTESIAN_POINT('', (154.5, 50., 14.5));
#3567 = AXIS2_PLACEMENT_3D('', #3566, #3565, #3564);
#3568 = CIRCLE('', #3567, 0.6);
#3569 = DIRECTION('', (0., -0., 1.));
#3570 = VECTOR('', #3569, 1.);
#3571 = CARTESIAN_POINT('', (153.9, 50., 14.5));
#3572 = LINE('', #3571, #3570);
#3573 = DIRECTION('', (0., -0., 1.));
#3574 = VECTOR('', #3573, 1.);
#3575 = CARTESIAN_POINT('', (155.1, 50., 14.5));
#3576 = LINE('', #3575, #3574);
#3577 = DIRECTION('', (1., -0., 0.));
#3578 = DIRECTION('', (-0., -0., 1.));
#3579 = CARTESIAN_POINT('', (154.5, 52.5, 14.1));
#3580 = AXIS2_PLACEMENT_3D('', #3579, #3578, #3577);
#3581 = CIRCLE('', #3580, 0.6);
#3582 = DIRECTION('', (1., -0., -0.));
#3583 = DIRECTION('', (0., 0., 1.));
#3584 = CARTESIAN_POINT('', (154.5, 52.5, 16.));
#3585 = AXIS2_PLACEMENT_3D('', #3584, #3583, #3582);
#3586 = CIRCLE('', #3585, 0.6);
#3587 = DIRECTION('', (1., 0., -0.));
#3588 = DIRECTION('', (-0., 0., -1.));
#3589 = CARTESIAN_POINT('', (154.5, 52.5, 16.));
#3590 = AXIS2_PLACEMENT_3D('', #3589, #3588, #3587);
#3591 = CIRCLE('', #3590, 0.6);
#3592 = DIRECTION('', (0., -0., 1.));
#3593 = VECTOR('', #3592, 1.);
#3594 = CARTESIAN_POINT('', (153.9, 52.5, 14.1));
#3595 = LINE('', #3594, #3593);
#3596 = DIRECTION('', (0., -0., -1.));
#3597 = VECTOR('', #3596, 1.);
#3598 = CARTESIAN_POINT('', (155.1, 52.5, 14.5));
#3599 = LINE('', #3598, #3597);
#3600 = DIRECTION('', (1., -0., 0.));
#3601 = VECTOR('', #3600, 1.);
#3602 = CARTESIAN_POINT('', (153.9, 52.5, 14.1));
#3603 = LINE('', #3602, #3601);
#3604 = DIRECTION('', (1., -0., 0.));
#3605 = DIRECTION('', (-0., -0., -1.));
#3606 = CARTESIAN_POINT('', (154.5, 52.5, 14.5));
#3607 = AXIS2_PLACEMENT_3D('', #3606, #3605, #3604);
#3608 = CIRCLE('', #3607, 0.6);
#3609 = DIRECTION('', (0.00000021, -1., 0.));
#3610 = DIRECTION('', (0., -0., -1.));
#3611 = CARTESIAN_POINT('', (154.5, 52.5, 16.));
#3612 = AXIS2_PLACEMENT_3D('', #3611, #3610, #3609);
#3613 = CIRCLE('', #3612, 0.6);
#3614 = DIRECTION('', (-0.00000021, 1., 0.));
#3615 = DIRECTION('', (-0., -0., 1.));
#3616 = CARTESIAN_POINT('', (154.5, 52.5, 16.));
#3617 = AXIS2_PLACEMENT_3D('', #3616, #3615, #3614);
#3618 = CIRCLE('', #3617, 0.6);
#3619 = DIRECTION('', (1., -0., 0.));
#3620 = VECTOR('', #3619, 1.);
#3621 = CARTESIAN_POINT('', (154.5, 52.5, 14.1));
#3622 = LINE('', #3621, #3620);
#3623 = DIRECTION('', (0., 1., 0.));
#3624 = DIRECTION('', (0., -0., 1.));
#3625 = CARTESIAN_POINT('', (154.5, 52.5, 14.1));
#3626 = AXIS2_PLACEMENT_3D('', #3625, #3624, #3623);
#3627 = CIRCLE('', #3626, 0.6);
#3628 = DIRECTION('', (0., -0., 1.));
#3629 = VECTOR('', #3628, 1.);
#3630 = CARTESIAN_POINT('', (155.1, 52.5, 14.5));
#3631 = LINE('', #3630, #3629);
#3632 = DIRECTION('', (-1., -0., 0.));
#3633 = VECTOR('', #3632, 1.);
#3634 = CARTESIAN_POINT('', (153.9, 52.5, 14.5));
#3635 = LINE('', #3634, #3633);
#3636 = DIRECTION('', (0., -0., 1.));
#3637 = VECTOR('', #3636, 1.);
#3638 = CARTESIAN_POINT('', (153.9, 52.5, 14.5));
#3639 = LINE('', #3638, #3637);
#3640 = DIRECTION('', (1., -0., 0.));
#3641 = DIRECTION('', (-0., -0., 1.));
#3642 = CARTESIAN_POINT('', (157., 47.5, 16.));
#3643 = AXIS2_PLACEMENT_3D('', #3642, #3641, #3640);
#3644 = CIRCLE('', #3643, 0.6);
#3645 = DIRECTION('', (1., -0., 0.));
#3646 = DIRECTION('', (0., -0., -1.));
#3647 = CARTESIAN_POINT('', (157., 47.5, 16.));
#3648 = AXIS2_PLACEMENT_3D('', #3647, #3646, #3645);
#3649 = CIRCLE('', #3648, 0.6);
#3650 = DIRECTION('', (1., -0., 0.));
#3651 = DIRECTION('', (-0., -0., 1.));
#3652 = CARTESIAN_POINT('', (157., 47.5, 14.5));
#3653 = AXIS2_PLACEMENT_3D('', #3652, #3651, #3650);
#3654 = CIRCLE('', #3653, 0.6);
#3655 = DIRECTION('', (1., 0., -0.));
#3656 = DIRECTION('', (-0., 0., -1.));
#3657 = CARTESIAN_POINT('', (157., 47.5, 14.5));
#3658 = AXIS2_PLACEMENT_3D('', #3657, #3656, #3655);
#3659 = CIRCLE('', #3658, 0.6);
#3660 = DIRECTION('', (0.00000021, -1., -0.));
#3661 = DIRECTION('', (-0., 0., -1.));
#3662 = CARTESIAN_POINT('', (157., 47.5, 16.));
#3663 = AXIS2_PLACEMENT_3D('', #3662, #3661, #3660);
#3664 = CIRCLE('', #3663, 0.6);
#3665 = DIRECTION('', (-0., 1., -0.));
#3666 = DIRECTION('', (-0., 0., 1.));
#3667 = CARTESIAN_POINT('', (157., 47.5, 16.));
#3668 = AXIS2_PLACEMENT_3D('', #3667, #3666, #3665);
#3669 = CIRCLE('', #3668, 0.6);
#3670 = DIRECTION('', (-0., -1., 0.));
#3671 = DIRECTION('', (-0., -0., -1.));
#3672 = CARTESIAN_POINT('', (157., 47.5, 14.5));
#3673 = AXIS2_PLACEMENT_3D('', #3672, #3671, #3670);
#3674 = CIRCLE('', #3673, 0.6);
#3675 = DIRECTION('', (0.00000021, 1., 0.));
#3676 = DIRECTION('', (0., -0., 1.));
#3677 = CARTESIAN_POINT('', (157., 47.5, 14.5));
#3678 = AXIS2_PLACEMENT_3D('', #3677, #3676, #3675);
#3679 = CIRCLE('', #3678, 0.6);
#3680 = DIRECTION('', (0., -0., 1.));
#3681 = VECTOR('', #3680, 1.);
#3682 = CARTESIAN_POINT('', (156.4, 47.5, 14.5));
#3683 = LINE('', #3682, #3681);
#3684 = DIRECTION('', (0., -0., 1.));
#3685 = VECTOR('', #3684, 1.);
#3686 = CARTESIAN_POINT('', (157.6, 47.5, 14.5));
#3687 = LINE('', #3686, #3685);
#3688 = DIRECTION('', (1., -0., 0.));
#3689 = DIRECTION('', (-0., -0., 1.));
#3690 = CARTESIAN_POINT('', (157., 50., 16.));
#3691 = AXIS2_PLACEMENT_3D('', #3690, #3689, #3688);
#3692 = CIRCLE('', #3691, 0.6);
#3693 = DIRECTION('', (1., 0., -0.));
#3694 = DIRECTION('', (-0., 0., -1.));
#3695 = CARTESIAN_POINT('', (157., 50., 16.));
#3696 = AXIS2_PLACEMENT_3D('', #3695, #3694, #3693);
#3697 = CIRCLE('', #3696, 0.6);
#3698 = DIRECTION('', (1., -0., -0.));
#3699 = DIRECTION('', (0., 0., 1.));
#3700 = CARTESIAN_POINT('', (157., 50., 14.5));
#3701 = AXIS2_PLACEMENT_3D('', #3700, #3699, #3698);
#3702 = CIRCLE('', #3701, 0.6);
#3703 = DIRECTION('', (1., 0., -0.));
#3704 = DIRECTION('', (-0., 0., -1.));
#3705 = CARTESIAN_POINT('', (157., 50., 14.5));
#3706 = AXIS2_PLACEMENT_3D('', #3705, #3704, #3703);
#3707 = CIRCLE('', #3706, 0.6);
#3708 = DIRECTION('', (0.00000021, -1., -0.));
#3709 = DIRECTION('', (0., 0., -1.));
#3710 = CARTESIAN_POINT('', (157., 50., 16.));
#3711 = AXIS2_PLACEMENT_3D('', #3710, #3709, #3708);
#3712 = CIRCLE('', #3711, 0.6);
#3713 = DIRECTION('', (-0.00000021, 1., -0.));
#3714 = DIRECTION('', (-0., 0., 1.));
#3715 = CARTESIAN_POINT('', (157., 50., 16.));
#3716 = AXIS2_PLACEMENT_3D('', #3715, #3714, #3713);
#3717 = CIRCLE('', #3716, 0.6);
#3718 = DIRECTION('', (-0.00000021, -1., 0.));
#3719 = DIRECTION('', (-0., -0., -1.));
#3720 = CARTESIAN_POINT('', (157., 50., 14.5));
#3721 = AXIS2_PLACEMENT_3D('', #3720, #3719, #3718);
#3722 = CIRCLE('', #3721, 0.6);
#3723 = DIRECTION('', (0.00000021, 1., 0.));
#3724 = DIRECTION('', (-0., -0., 1.));
#3725 = CARTESIAN_POINT('', (157., 50., 14.5));
#3726 = AXIS2_PLACEMENT_3D('', #3725, #3724, #3723);
#3727 = CIRCLE('', #3726, 0.6);
#3728 = DIRECTION('', (0., -0., 1.));
#3729 = VECTOR('', #3728, 1.);
#3730 = CARTESIAN_POINT('', (156.4, 50., 14.5));
#3731 = LINE('', #3730, #3729);
#3732 = DIRECTION('', (0., -0., 1.));
#3733 = VECTOR('', #3732, 1.);
#3734 = CARTESIAN_POINT('', (157.6, 50., 14.5));
#3735 = LINE('', #3734, #3733);
#3736 = DIRECTION('', (1., -0., 0.));
#3737 = DIRECTION('', (-0., -0., 1.));
#3738 = CARTESIAN_POINT('', (157., 52.5, 14.1));
#3739 = AXIS2_PLACEMENT_3D('', #3738, #3737, #3736);
#3740 = CIRCLE('', #3739, 0.6);
#3741 = DIRECTION('', (1., -0., -0.));
#3742 = DIRECTION('', (0., 0., 1.));
#3743 = CARTESIAN_POINT('', (157., 52.5, 16.));
#3744 = AXIS2_PLACEMENT_3D('', #3743, #3742, #3741);
#3745 = CIRCLE('', #3744, 0.6);
#3746 = DIRECTION('', (1., 0., 0.));
#3747 = DIRECTION('', (0., -0., -1.));
#3748 = CARTESIAN_POINT('', (157., 52.5, 16.));
#3749 = AXIS2_PLACEMENT_3D('', #3748, #3747, #3746);
#3750 = CIRCLE('', #3749, 0.6);
#3751 = DIRECTION('', (0., -0., 1.));
#3752 = VECTOR('', #3751, 1.);
#3753 = CARTESIAN_POINT('', (156.4, 52.5, 14.1));
#3754 = LINE('', #3753, #3752);
#3755 = DIRECTION('', (0., -0., -1.));
#3756 = VECTOR('', #3755, 1.);
#3757 = CARTESIAN_POINT('', (157.6, 52.5, 14.5));
#3758 = LINE('', #3757, #3756);
#3759 = DIRECTION('', (1., -0., 0.));
#3760 = VECTOR('', #3759, 1.);
#3761 = CARTESIAN_POINT('', (156.4, 52.5, 14.1));
#3762 = LINE('', #3761, #3760);
#3763 = DIRECTION('', (1., 0., 0.));
#3764 = DIRECTION('', (0., 0., -1.));
#3765 = CARTESIAN_POINT('', (157., 52.5, 14.5));
#3766 = AXIS2_PLACEMENT_3D('', #3765, #3764, #3763);
#3767 = CIRCLE('', #3766, 0.6);
#3768 = DIRECTION('', (0.00000021, -1., 0.));
#3769 = DIRECTION('', (0., -0., -1.));
#3770 = CARTESIAN_POINT('', (157., 52.5, 16.));
#3771 = AXIS2_PLACEMENT_3D('', #3770, #3769, #3768);
#3772 = CIRCLE('', #3771, 0.6);
#3773 = DIRECTION('', (-0.00000021, 1., -0.));
#3774 = DIRECTION('', (-0., 0., 1.));
#3775 = CARTESIAN_POINT('', (157., 52.5, 16.));
#3776 = AXIS2_PLACEMENT_3D('', #3775, #3774, #3773);
#3777 = CIRCLE('', #3776, 0.6);
#3778 = DIRECTION('', (1., -0., 0.));
#3779 = VECTOR('', #3778, 1.);
#3780 = CARTESIAN_POINT('', (157., 52.5, 14.1));
#3781 = LINE('', #3780, #3779);
#3782 = DIRECTION('', (-0., 1., 0.));
#3783 = DIRECTION('', (0., -0., 1.));
#3784 = CARTESIAN_POINT('', (157., 52.5, 14.1));
#3785 = AXIS2_PLACEMENT_3D('', #3784, #3783, #3782);
#3786 = CIRCLE('', #3785, 0.6);
#3787 = DIRECTION('', (0., -0., 1.));
#3788 = VECTOR('', #3787, 1.);
#3789 = CARTESIAN_POINT('', (157.6, 52.5, 14.5));
#3790 = LINE('', #3789, #3788);
#3791 = DIRECTION('', (-1., -0., 0.));
#3792 = VECTOR('', #3791, 1.);
#3793 = CARTESIAN_POINT('', (156.4, 52.5, 14.5));
#3794 = LINE('', #3793, #3792);
#3795 = DIRECTION('', (0., -0., 1.));
#3796 = VECTOR('', #3795, 1.);
#3797 = CARTESIAN_POINT('', (156.4, 52.5, 14.5));
#3798 = LINE('', #3797, #3796);
#3799 = DIRECTION('', (1., -0., 0.));
#3800 = DIRECTION('', (-0., -0., 1.));
#3801 = CARTESIAN_POINT('', (159.5, 47.5, 16.));
#3802 = AXIS2_PLACEMENT_3D('', #3801, #3800, #3799);
#3803 = CIRCLE('', #3802, 0.6);
#3804 = DIRECTION('', (1., 0., 0.));
#3805 = DIRECTION('', (0., -0., -1.));
#3806 = CARTESIAN_POINT('', (159.5, 47.5, 16.));
#3807 = AXIS2_PLACEMENT_3D('', #3806, #3805, #3804);
#3808 = CIRCLE('', #3807, 0.6);
#3809 = DIRECTION('', (1., -0., -0.));
#3810 = DIRECTION('', (0., 0., 1.));
#3811 = CARTESIAN_POINT('', (159.5, 47.5, 14.5));
#3812 = AXIS2_PLACEMENT_3D('', #3811, #3810, #3809);
#3813 = CIRCLE('', #3812, 0.6);
#3814 = DIRECTION('', (1., 0., 0.));
#3815 = DIRECTION('', (0., -0., -1.));
#3816 = CARTESIAN_POINT('', (159.5, 47.5, 14.5));
#3817 = AXIS2_PLACEMENT_3D('', #3816, #3815, #3814);
#3818 = CIRCLE('', #3817, 0.6);
#3819 = DIRECTION('', (0.00000021, -1., 0.));
#3820 = DIRECTION('', (0., -0., -1.));
#3821 = CARTESIAN_POINT('', (159.5, 47.5, 16.));
#3822 = AXIS2_PLACEMENT_3D('', #3821, #3820, #3819);
#3823 = CIRCLE('', #3822, 0.6);
#3824 = DIRECTION('', (-0., 1., 0.));
#3825 = DIRECTION('', (0., -0., 1.));
#3826 = CARTESIAN_POINT('', (159.5, 47.5, 16.));
#3827 = AXIS2_PLACEMENT_3D('', #3826, #3825, #3824);
#3828 = CIRCLE('', #3827, 0.6);
#3829 = DIRECTION('', (-0.00000021, -1., 0.));
#3830 = DIRECTION('', (0., -0., -1.));
#3831 = CARTESIAN_POINT('', (159.5, 47.5, 14.5));
#3832 = AXIS2_PLACEMENT_3D('', #3831, #3830, #3829);
#3833 = CIRCLE('', #3832, 0.6);
#3834 = DIRECTION('', (0., 1., 0.));
#3835 = DIRECTION('', (0., -0., 1.));
#3836 = CARTESIAN_POINT('', (159.5, 47.5, 14.5));
#3837 = AXIS2_PLACEMENT_3D('', #3836, #3835, #3834);
#3838 = CIRCLE('', #3837, 0.6);
#3839 = DIRECTION('', (0., -0., 1.));
#3840 = VECTOR('', #3839, 1.);
#3841 = CARTESIAN_POINT('', (158.9, 47.5, 14.5));
#3842 = LINE('', #3841, #3840);
#3843 = DIRECTION('', (0., -0., 1.));
#3844 = VECTOR('', #3843, 1.);
#3845 = CARTESIAN_POINT('', (160.1, 47.5, 14.5));
#3846 = LINE('', #3845, #3844);
#3847 = DIRECTION('', (1., -0., -0.));
#3848 = DIRECTION('', (0., 0., 1.));
#3849 = CARTESIAN_POINT('', (159.5, 50., 16.));
#3850 = AXIS2_PLACEMENT_3D('', #3849, #3848, #3847);
#3851 = CIRCLE('', #3850, 0.6);
#3852 = DIRECTION('', (1., 0., -0.));
#3853 = DIRECTION('', (-0., 0., -1.));
#3854 = CARTESIAN_POINT('', (159.5, 50., 16.));
#3855 = AXIS2_PLACEMENT_3D('', #3854, #3853, #3852);
#3856 = CIRCLE('', #3855, 0.6);
#3857 = DIRECTION('', (1., 0., -0.));
#3858 = DIRECTION('', (0., 0., 1.));
#3859 = CARTESIAN_POINT('', (159.5, 50., 14.5));
#3860 = AXIS2_PLACEMENT_3D('', #3859, #3858, #3857);
#3861 = CIRCLE('', #3860, 0.6);
#3862 = DIRECTION('', (1., 0., -0.));
#3863 = DIRECTION('', (-0., 0., -1.));
#3864 = CARTESIAN_POINT('', (159.5, 50., 14.5));
#3865 = AXIS2_PLACEMENT_3D('', #3864, #3863, #3862);
#3866 = CIRCLE('', #3865, 0.6);
#3867 = DIRECTION('', (0.00000021, -1., 0.));
#3868 = DIRECTION('', (-0., -0., -1.));
#3869 = CARTESIAN_POINT('', (159.5, 50., 16.));
#3870 = AXIS2_PLACEMENT_3D('', #3869, #3868, #3867);
#3871 = CIRCLE('', #3870, 0.6);
#3872 = DIRECTION('', (-0.00000021, 1., 0.));
#3873 = DIRECTION('', (0., -0., 1.));
#3874 = CARTESIAN_POINT('', (159.5, 50., 16.));
#3875 = AXIS2_PLACEMENT_3D('', #3874, #3873, #3872);
#3876 = CIRCLE('', #3875, 0.6);
#3877 = DIRECTION('', (-0.00000021, -1., 0.));
#3878 = DIRECTION('', (-0., -0., -1.));
#3879 = CARTESIAN_POINT('', (159.5, 50., 14.5));
#3880 = AXIS2_PLACEMENT_3D('', #3879, #3878, #3877);
#3881 = CIRCLE('', #3880, 0.6);
#3882 = DIRECTION('', (0.00000021, 1., 0.));
#3883 = DIRECTION('', (0., -0., 1.));
#3884 = CARTESIAN_POINT('', (159.5, 50., 14.5));
#3885 = AXIS2_PLACEMENT_3D('', #3884, #3883, #3882);
#3886 = CIRCLE('', #3885, 0.6);
#3887 = DIRECTION('', (0., -0., 1.));
#3888 = VECTOR('', #3887, 1.);
#3889 = CARTESIAN_POINT('', (158.9, 50., 14.5));
#3890 = LINE('', #3889, #3888);
#3891 = DIRECTION('', (0., -0., 1.));
#3892 = VECTOR('', #3891, 1.);
#3893 = CARTESIAN_POINT('', (160.1, 50., 14.5));
#3894 = LINE('', #3893, #3892);
#3895 = DIRECTION('', (1., -0., 0.));
#3896 = DIRECTION('', (-0., -0., 1.));
#3897 = CARTESIAN_POINT('', (159.5, 52.5, 14.1));
#3898 = AXIS2_PLACEMENT_3D('', #3897, #3896, #3895);
#3899 = CIRCLE('', #3898, 0.6);
#3900 = DIRECTION('', (1., 0., -0.));
#3901 = DIRECTION('', (0., 0., 1.));
#3902 = CARTESIAN_POINT('', (159.5, 52.5, 16.));
#3903 = AXIS2_PLACEMENT_3D('', #3902, #3901, #3900);
#3904 = CIRCLE('', #3903, 0.6);
#3905 = DIRECTION('', (1., 0., 0.));
#3906 = DIRECTION('', (0., 0., -1.));
#3907 = CARTESIAN_POINT('', (159.5, 52.5, 16.));
#3908 = AXIS2_PLACEMENT_3D('', #3907, #3906, #3905);
#3909 = CIRCLE('', #3908, 0.6);
#3910 = DIRECTION('', (-0., -0., 1.));
#3911 = VECTOR('', #3910, 1.);
#3912 = CARTESIAN_POINT('', (158.9, 52.5, 14.1));
#3913 = LINE('', #3912, #3911);
#3914 = DIRECTION('', (0., -0., -1.));
#3915 = VECTOR('', #3914, 1.);
#3916 = CARTESIAN_POINT('', (160.1, 52.5, 14.5));
#3917 = LINE('', #3916, #3915);
#3918 = DIRECTION('', (1., -0., 0.));
#3919 = VECTOR('', #3918, 1.);
#3920 = CARTESIAN_POINT('', (158.9, 52.5, 14.1));
#3921 = LINE('', #3920, #3919);
#3922 = DIRECTION('', (1., 0., 0.));
#3923 = DIRECTION('', (0., -0., -1.));
#3924 = CARTESIAN_POINT('', (159.5, 52.5, 14.5));
#3925 = AXIS2_PLACEMENT_3D('', #3924, #3923, #3922);
#3926 = CIRCLE('', #3925, 0.6);
#3927 = DIRECTION('', (0.00000021, -1., 0.));
#3928 = DIRECTION('', (-0., -0., -1.));
#3929 = CARTESIAN_POINT('', (159.5, 52.5, 16.));
#3930 = AXIS2_PLACEMENT_3D('', #3929, #3928, #3927);
#3931 = CIRCLE('', #3930, 0.6);
#3932 = DIRECTION('', (-0.00000021, 1., -0.));
#3933 = DIRECTION('', (-0., 0., 1.));
#3934 = CARTESIAN_POINT('', (159.5, 52.5, 16.));
#3935 = AXIS2_PLACEMENT_3D('', #3934, #3933, #3932);
#3936 = CIRCLE('', #3935, 0.6);
#3937 = DIRECTION('', (1., -0., 0.));
#3938 = VECTOR('', #3937, 1.);
#3939 = CARTESIAN_POINT('', (159.5, 52.5, 14.1));
#3940 = LINE('', #3939, #3938);
#3941 = DIRECTION('', (-0., 1., 0.));
#3942 = DIRECTION('', (0., -0., 1.));
#3943 = CARTESIAN_POINT('', (159.5, 52.5, 14.1));
#3944 = AXIS2_PLACEMENT_3D('', #3943, #3942, #3941);
#3945 = CIRCLE('', #3944, 0.6);
#3946 = DIRECTION('', (0., -0., 1.));
#3947 = VECTOR('', #3946, 1.);
#3948 = CARTESIAN_POINT('', (160.1, 52.5, 14.5));
#3949 = LINE('', #3948, #3947);
#3950 = DIRECTION('', (-1., -0., 0.));
#3951 = VECTOR('', #3950, 1.);
#3952 = CARTESIAN_POINT('', (158.9, 52.5, 14.5));
#3953 = LINE('', #3952, #3951);
#3954 = DIRECTION('', (0., -0., 1.));
#3955 = VECTOR('', #3954, 1.);
#3956 = CARTESIAN_POINT('', (158.9, 52.5, 14.5));
#3957 = LINE('', #3956, #3955);
#3958 = DIRECTION('', (1., -0., 0.));
#3959 = DIRECTION('', (-0., 0., 1.));
#3960 = CARTESIAN_POINT('', (134., 50., 16.));
#3961 = AXIS2_PLACEMENT_3D('', #3960, #3959, #3958);
#3962 = CIRCLE('', #3961, 1.);
#3963 = DIRECTION('', (1., -0., 0.));
#3964 = DIRECTION('', (0., -0., -1.));
#3965 = CARTESIAN_POINT('', (134., 50., 16.));
#3966 = AXIS2_PLACEMENT_3D('', #3965, #3964, #3963);
#3967 = CIRCLE('', #3966, 1.);
#3968 = DIRECTION('', (1., -0., -0.));
#3969 = DIRECTION('', (0., 0., 1.));
#3970 = CARTESIAN_POINT('', (134., 50., 14.5));
#3971 = AXIS2_PLACEMENT_3D('', #3970, #3969, #3968);
#3972 = CIRCLE('', #3971, 1.);
#3973 = DIRECTION('', (1., 0., -0.));
#3974 = DIRECTION('', (-0., 0., -1.));
#3975 = CARTESIAN_POINT('', (134., 50., 14.5));
#3976 = AXIS2_PLACEMENT_3D('', #3975, #3974, #3973);
#3977 = CIRCLE('', #3976, 1.);
#3978 = DIRECTION('', (0., -1., -0.));
#3979 = DIRECTION('', (0., 0., -1.));
#3980 = CARTESIAN_POINT('', (134., 50., 16.));
#3981 = AXIS2_PLACEMENT_3D('', #3980, #3979, #3978);
#3982 = CIRCLE('', #3981, 1.);
#3983 = DIRECTION('', (-0.00000001, 1., 0.));
#3984 = DIRECTION('', (0., -0., 1.));
#3985 = CARTESIAN_POINT('', (134., 50., 16.));
#3986 = AXIS2_PLACEMENT_3D('', #3985, #3984, #3983);
#3987 = CIRCLE('', #3986, 1.);
#3988 = DIRECTION('', (-0.00000001, -1., 0.));
#3989 = DIRECTION('', (-0., -0., -1.));
#3990 = CARTESIAN_POINT('', (134., 50., 14.5));
#3991 = AXIS2_PLACEMENT_3D('', #3990, #3989, #3988);
#3992 = CIRCLE('', #3991, 1.);
#3993 = DIRECTION('', (0.00000001, 1., -0.));
#3994 = DIRECTION('', (-0., 0., 1.));
#3995 = CARTESIAN_POINT('', (134., 50., 14.5));
#3996 = AXIS2_PLACEMENT_3D('', #3995, #3994, #3993);
#3997 = CIRCLE('', #3996, 1.);
#3998 = DIRECTION('', (0., -0., 1.));
#3999 = VECTOR('', #3998, 1.);
#4000 = CARTESIAN_POINT('', (133., 50., 14.5));
#4001 = LINE('', #4000, #3999);
#4002 = DIRECTION('', (0., -0., 1.));
#4003 = VECTOR('', #4002, 1.);
#4004 = CARTESIAN_POINT('', (135., 50., 14.5));
#4005 = LINE('', #4004, #4003);
#4006 = DIRECTION('', (1., -0., -0.));
#4007 = DIRECTION('', (0., 0., 1.));
#4008 = CARTESIAN_POINT('', (138., 50., 16.));
#4009 = AXIS2_PLACEMENT_3D('', #4008, #4007, #4006);
#4010 = CIRCLE('', #4009, 1.);
#4011 = DIRECTION('', (1., 0., 0.));
#4012 = DIRECTION('', (0., 0., -1.));
#4013 = CARTESIAN_POINT('', (138., 50., 16.));
#4014 = AXIS2_PLACEMENT_3D('', #4013, #4012, #4011);
#4015 = CIRCLE('', #4014, 1.);
#4016 = DIRECTION('', (1., -0., 0.));
#4017 = DIRECTION('', (-0., -0., 1.));
#4018 = CARTESIAN_POINT('', (138., 50., 14.5));
#4019 = AXIS2_PLACEMENT_3D('', #4018, #4017, #4016);
#4020 = CIRCLE('', #4019, 1.);
#4021 = DIRECTION('', (1., 0., 0.));
#4022 = DIRECTION('', (0., -0., -1.));
#4023 = CARTESIAN_POINT('', (138., 50., 14.5));
#4024 = AXIS2_PLACEMENT_3D('', #4023, #4022, #4021);
#4025 = CIRCLE('', #4024, 1.);
#4026 = DIRECTION('', (0.00000001, -1., 0.));
#4027 = DIRECTION('', (-0., -0., -1.));
#4028 = CARTESIAN_POINT('', (138., 50., 16.));
#4029 = AXIS2_PLACEMENT_3D('', #4028, #4027, #4026);
#4030 = CIRCLE('', #4029, 1.);
#4031 = DIRECTION('', (-0., 1., 0.));
#4032 = DIRECTION('', (0., -0., 1.));
#4033 = CARTESIAN_POINT('', (138., 50., 16.));
#4034 = AXIS2_PLACEMENT_3D('', #4033, #4032, #4031);
#4035 = CIRCLE('', #4034, 1.);
#4036 = DIRECTION('', (-0., -1., -0.));
#4037 = DIRECTION('', (0., 0., -1.));
#4038 = CARTESIAN_POINT('', (138., 50., 14.5));
#4039 = AXIS2_PLACEMENT_3D('', #4038, #4037, #4036);
#4040 = CIRCLE('', #4039, 1.);
#4041 = DIRECTION('', (0.00000001, 1., 0.));
#4042 = DIRECTION('', (0., -0., 1.));
#4043 = CARTESIAN_POINT('', (138., 50., 14.5));
#4044 = AXIS2_PLACEMENT_3D('', #4043, #4042, #4041);
#4045 = CIRCLE('', #4044, 1.);
#4046 = DIRECTION('', (0., -0., 1.));
#4047 = VECTOR('', #4046, 1.);
#4048 = CARTESIAN_POINT('', (137., 50., 14.5));
#4049 = LINE('', #4048, #4047);
#4050 = DIRECTION('', (0., -0., 1.));
#4051 = VECTOR('', #4050, 1.);
#4052 = CARTESIAN_POINT('', (139., 50., 14.5));
#4053 = LINE('', #4052, #4051);
#4054 = DIRECTION('', (1., -0., 0.));
#4055 = DIRECTION('', (0., 0., 1.));
#4056 = CARTESIAN_POINT('', (142., 50., 16.));
#4057 = AXIS2_PLACEMENT_3D('', #4056, #4055, #4054);
#4058 = CIRCLE('', #4057, 1.);
#4059 = DIRECTION('', (1., 0., 0.));
#4060 = DIRECTION('', (0., -0., -1.));
#4061 = CARTESIAN_POINT('', (142., 50., 16.));
#4062 = AXIS2_PLACEMENT_3D('', #4061, #4060, #4059);
#4063 = CIRCLE('', #4062, 1.);
#4064 = DIRECTION('', (1., 0., 0.));
#4065 = DIRECTION('', (0., -0., 1.));
#4066 = CARTESIAN_POINT('', (142., 50., 14.5));
#4067 = AXIS2_PLACEMENT_3D('', #4066, #4065, #4064);
#4068 = CIRCLE('', #4067, 1.);
#4069 = DIRECTION('', (1., -0., -0.));
#4070 = DIRECTION('', (-0., 0., -1.));
#4071 = CARTESIAN_POINT('', (142., 50., 14.5));
#4072 = AXIS2_PLACEMENT_3D('', #4071, #4070, #4069);
#4073 = CIRCLE('', #4072, 1.);
#4074 = DIRECTION('', (0.00000001, -1., -0.));
#4075 = DIRECTION('', (0., 0., -1.));
#4076 = CARTESIAN_POINT('', (142., 50., 16.));
#4077 = AXIS2_PLACEMENT_3D('', #4076, #4075, #4074);
#4078 = CIRCLE('', #4077, 1.);
#4079 = DIRECTION('', (-0.00000001, 1., 0.));
#4080 = DIRECTION('', (0., -0., 1.));
#4081 = CARTESIAN_POINT('', (142., 50., 16.));
#4082 = AXIS2_PLACEMENT_3D('', #4081, #4080, #4079);
#4083 = CIRCLE('', #4082, 1.);
#4084 = DIRECTION('', (0.00000018, -1., 0.));
#4085 = DIRECTION('', (-0., -0., -1.));
#4086 = CARTESIAN_POINT('', (142., 50., 14.5));
#4087 = AXIS2_PLACEMENT_3D('', #4086, #4085, #4084);
#4088 = CIRCLE('', #4087, 1.);
#4089 = DIRECTION('', (-0.00000019, 1., 0.));
#4090 = DIRECTION('', (0., -0., 1.));
#4091 = CARTESIAN_POINT('', (142.00000001, 49.99999999, 14.5));
#4092 = AXIS2_PLACEMENT_3D('', #4091, #4090, #4089);
#4093 = CIRCLE('', #4092, 1.00000001);
#4094 = DIRECTION('', (0., -0., 1.));
#4095 = VECTOR('', #4094, 1.);
#4096 = CARTESIAN_POINT('', (141., 50., 14.5));
#4097 = LINE('', #4096, #4095);
#4098 = DIRECTION('', (0., -0., 1.));
#4099 = VECTOR('', #4098, 1.);
#4100 = CARTESIAN_POINT('', (143., 50., 14.5));
#4101 = LINE('', #4100, #4099);
#4102 = DIRECTION('', (0., -0., 1.));
#4103 = VECTOR('', #4102, 1.);
#4104 = CARTESIAN_POINT('', (126., 0.9, 5.));
#4105 = LINE('', #4104, #4103);
#4106 = DIRECTION('', (1., -0., 0.));
#4107 = VECTOR('', #4106, 1.);
#4108 = CARTESIAN_POINT('', (126., 0.9, 11.));
#4109 = LINE('', #4108, #4107);
#4110 = DIRECTION('', (0., -0., -1.));
#4111 = VECTOR('', #4110, 1.);
#4112 = CARTESIAN_POINT('', (142., 0.9, 11.));
#4113 = LINE('', #4112, #4111);
#4114 = DIRECTION('', (-1., -0., 0.));
#4115 = VECTOR('', #4114, 1.);
#4116 = CARTESIAN_POINT('', (142., 0.9, 5.));
#4117 = LINE('', #4116, #4115);
#4118 = DIRECTION('', (0., -0., -1.));
#4119 = VECTOR('', #4118, 1.);
#4120 = CARTESIAN_POINT('', (126., 0., 11.));
#4121 = LINE('', #4120, #4119);
#4122 = DIRECTION('', (-1., -0., 0.));
#4123 = VECTOR('', #4122, 1.);
#4124 = CARTESIAN_POINT('', (142., 0., 11.));
#4125 = LINE('', #4124, #4123);
#4126 = DIRECTION('', (0., -0., 1.));
#4127 = VECTOR('', #4126, 1.);
#4128 = CARTESIAN_POINT('', (142., 0., 5.));
#4129 = LINE('', #4128, #4127);
#4130 = DIRECTION('', (1., -0., 0.));
#4131 = VECTOR('', #4130, 1.);
#4132 = CARTESIAN_POINT('', (126., 0., 5.));
#4133 = LINE('', #4132, #4131);
#4134 = DIRECTION('', (0., 1., 0.));
#4135 = VECTOR('', #4134, 1.);
#4136 = CARTESIAN_POINT('', (142., 0., 5.));
#4137 = LINE('', #4136, #4135);
#4138 = DIRECTION('', (0., 1., 0.));
#4139 = VECTOR('', #4138, 1.);
#4140 = CARTESIAN_POINT('', (142., 0., 11.));
#4141 = LINE('', #4140, #4139);
#4142 = DIRECTION('', (0., 1., 0.));
#4143 = VECTOR('', #4142, 1.);
#4144 = CARTESIAN_POINT('', (126., 0., 5.));
#4145 = LINE('', #4144, #4143);
#4146 = DIRECTION('', (0., 1., 0.));
#4147 = VECTOR('', #4146, 1.);
#4148 = CARTESIAN_POINT('', (126., 0., 11.));
#4149 = LINE('', #4148, #4147);
#4150 = DIRECTION('', (1., -0., -0.));
#4151 = DIRECTION('', (0., 0., 1.));
#4152 = CARTESIAN_POINT('', (4., 4., 16.));
#4153 = AXIS2_PLACEMENT_3D('', #4152, #4151, #4150);
#4154 = CIRCLE('', #4153, 1.1);
#4155 = DIRECTION('', (1., 0., 0.));
#4156 = DIRECTION('', (0., -0., -1.));
#4157 = CARTESIAN_POINT('', (4., 4., 16.));
#4158 = AXIS2_PLACEMENT_3D('', #4157, #4156, #4155);
#4159 = CIRCLE('', #4158, 1.1);
#4160 = DIRECTION('', (1., 0., -0.));
#4161 = DIRECTION('', (0., 0., 1.));
#4162 = CARTESIAN_POINT('', (4., 4., 11.5));
#4163 = AXIS2_PLACEMENT_3D('', #4162, #4161, #4160);
#4164 = CIRCLE('', #4163, 1.1);
#4165 = DIRECTION('', (1., 0., 0.));
#4166 = DIRECTION('', (0., -0., -1.));
#4167 = CARTESIAN_POINT('', (4., 4., 11.5));
#4168 = AXIS2_PLACEMENT_3D('', #4167, #4166, #4165);
#4169 = CIRCLE('', #4168, 1.1);
#4170 = DIRECTION('', (0.00000002, -1., -0.));
#4171 = DIRECTION('', (-0., 0., -1.));
#4172 = CARTESIAN_POINT('', (4., 4., 16.));
#4173 = AXIS2_PLACEMENT_3D('', #4172, #4171, #4170);
#4174 = CIRCLE('', #4173, 1.1);
#4175 = DIRECTION('', (-0.00000002, 1., -0.));
#4176 = DIRECTION('', (-0., 0., 1.));
#4177 = CARTESIAN_POINT('', (4., 4., 16.));
#4178 = AXIS2_PLACEMENT_3D('', #4177, #4176, #4175);
#4179 = CIRCLE('', #4178, 1.1);
#4180 = DIRECTION('', (0.00000156, -1., 0.));
#4181 = DIRECTION('', (-0., -0., -1.));
#4182 = CARTESIAN_POINT('', (4., 4., 11.5));
#4183 = AXIS2_PLACEMENT_3D('', #4182, #4181, #4180);
#4184 = CIRCLE('', #4183, 1.1);
#4185 = DIRECTION('', (-0.00000156, 1., 0.));
#4186 = DIRECTION('', (0., -0., 1.));
#4187 = CARTESIAN_POINT('', (4., 4., 11.5));
#4188 = AXIS2_PLACEMENT_3D('', #4187, #4186, #4185);
#4189 = CIRCLE('', #4188, 1.1);
#4190 = DIRECTION('', (0., -0., 1.));
#4191 = VECTOR('', #4190, 1.);
#4192 = CARTESIAN_POINT('', (2.9, 4., 11.5));
#4193 = LINE('', #4192, #4191);
#4194 = DIRECTION('', (0., -0., 1.));
#4195 = VECTOR('', #4194, 1.);
#4196 = CARTESIAN_POINT('', (5.1, 4., 11.5));
#4197 = LINE('', #4196, #4195);
#4198 = DIRECTION('', (1., -0., 0.));
#4199 = DIRECTION('', (-0., -0., 1.));
#4200 = CARTESIAN_POINT('', (4., 50., 16.));
#4201 = AXIS2_PLACEMENT_3D('', #4200, #4199, #4198);
#4202 = CIRCLE('', #4201, 1.1);
#4203 = DIRECTION('', (1., -0., -0.));
#4204 = DIRECTION('', (-0., 0., -1.));
#4205 = CARTESIAN_POINT('', (4., 50., 16.));
#4206 = AXIS2_PLACEMENT_3D('', #4205, #4204, #4203);
#4207 = CIRCLE('', #4206, 1.1);
#4208 = DIRECTION('', (1., 0., -0.));
#4209 = DIRECTION('', (0., -0., 1.));
#4210 = CARTESIAN_POINT('', (4., 50., 11.5));
#4211 = AXIS2_PLACEMENT_3D('', #4210, #4209, #4208);
#4212 = CIRCLE('', #4211, 1.1);
#4213 = DIRECTION('', (1., -0., 0.));
#4214 = DIRECTION('', (0., -0., -1.));
#4215 = CARTESIAN_POINT('', (4., 50., 11.5));
#4216 = AXIS2_PLACEMENT_3D('', #4215, #4214, #4213);
#4217 = CIRCLE('', #4216, 1.1);
#4218 = DIRECTION('', (0.00000019, -1., -0.));
#4219 = DIRECTION('', (0., 0., -1.));
#4220 = CARTESIAN_POINT('', (4., 50., 16.));
#4221 = AXIS2_PLACEMENT_3D('', #4220, #4219, #4218);
#4222 = CIRCLE('', #4221, 1.1);
#4223 = DIRECTION('', (-0.00000002, 1., 0.));
#4224 = DIRECTION('', (0., -0., 1.));
#4225 = CARTESIAN_POINT('', (4., 50., 16.));
#4226 = AXIS2_PLACEMENT_3D('', #4225, #4224, #4223);
#4227 = CIRCLE('', #4226, 1.1);
#4228 = DIRECTION('', (0.00000156, -1., -0.));
#4229 = DIRECTION('', (0., 0., -1.));
#4230 = CARTESIAN_POINT('', (4., 50., 11.5));
#4231 = AXIS2_PLACEMENT_3D('', #4230, #4229, #4228);
#4232 = CIRCLE('', #4231, 1.1);
#4233 = DIRECTION('', (-0.00000156, 1., -0.));
#4234 = DIRECTION('', (-0., 0., 1.));
#4235 = CARTESIAN_POINT('', (4., 50., 11.5));
#4236 = AXIS2_PLACEMENT_3D('', #4235, #4234, #4233);
#4237 = CIRCLE('', #4236, 1.1);
#4238 = DIRECTION('', (0., -0., 1.));
#4239 = VECTOR('', #4238, 1.);
#4240 = CARTESIAN_POINT('', (2.9, 50., 11.5));
#4241 = LINE('', #4240, #4239);
#4242 = DIRECTION('', (0., -0., 1.));
#4243 = VECTOR('', #4242, 1.);
#4244 = CARTESIAN_POINT('', (5.1, 50., 11.5));
#4245 = LINE('', #4244, #4243);
#4246 = DIRECTION('', (1., 0., 0.));
#4247 = DIRECTION('', (-0., 0., 1.));
#4248 = CARTESIAN_POINT('', (200., 4., 16.));
#4249 = AXIS2_PLACEMENT_3D('', #4248, #4247, #4246);
#4250 = CIRCLE('', #4249, 1.1);
#4251 = DIRECTION('', (1., 0., -0.));
#4252 = DIRECTION('', (-0., 0., -1.));
#4253 = CARTESIAN_POINT('', (200., 4., 16.));
#4254 = AXIS2_PLACEMENT_3D('', #4253, #4252, #4251);
#4255 = CIRCLE('', #4254, 1.1);
#4256 = DIRECTION('', (1., 0., -0.));
#4257 = DIRECTION('', (0., 0., 1.));
#4258 = CARTESIAN_POINT('', (200., 4., 11.5));
#4259 = AXIS2_PLACEMENT_3D('', #4258, #4257, #4256);
#4260 = CIRCLE('', #4259, 1.1);
#4261 = DIRECTION('', (1., 0., 0.));
#4262 = DIRECTION('', (0., -0., -1.));
#4263 = CARTESIAN_POINT('', (200., 4., 11.5));
#4264 = AXIS2_PLACEMENT_3D('', #4263, #4262, #4261);
#4265 = CIRCLE('', #4264, 1.1);
#4266 = DIRECTION('', (0.00000002, -1., 0.));
#4267 = DIRECTION('', (0., -0., -1.));
#4268 = CARTESIAN_POINT('', (200., 4., 16.));
#4269 = AXIS2_PLACEMENT_3D('', #4268, #4267, #4266);
#4270 = CIRCLE('', #4269, 1.1);
#4271 = DIRECTION('', (-0.00000019, 1., 0.));
#4272 = DIRECTION('', (0., -0., 1.));
#4273 = CARTESIAN_POINT('', (200., 4., 16.));
#4274 = AXIS2_PLACEMENT_3D('', #4273, #4272, #4271);
#4275 = CIRCLE('', #4274, 1.1);
#4276 = DIRECTION('', (0.00000156, -1., -0.));
#4277 = DIRECTION('', (0., 0., -1.));
#4278 = CARTESIAN_POINT('', (200., 4., 11.5));
#4279 = AXIS2_PLACEMENT_3D('', #4278, #4277, #4276);
#4280 = CIRCLE('', #4279, 1.1);
#4281 = DIRECTION('', (-0.00000156, 1., -0.));
#4282 = DIRECTION('', (-0., 0., 1.));
#4283 = CARTESIAN_POINT('', (200., 4., 11.5));
#4284 = AXIS2_PLACEMENT_3D('', #4283, #4282, #4281);
#4285 = CIRCLE('', #4284, 1.1);
#4286 = DIRECTION('', (0., -0., 1.));
#4287 = VECTOR('', #4286, 1.);
#4288 = CARTESIAN_POINT('', (198.9, 4., 11.5));
#4289 = LINE('', #4288, #4287);
#4290 = DIRECTION('', (0., -0., 1.));
#4291 = VECTOR('', #4290, 1.);
#4292 = CARTESIAN_POINT('', (201.1, 4., 11.5));
#4293 = LINE('', #4292, #4291);
#4294 = DIRECTION('', (1., -0., -0.));
#4295 = DIRECTION('', (0., 0., 1.));
#4296 = CARTESIAN_POINT('', (200., 50., 16.));
#4297 = AXIS2_PLACEMENT_3D('', #4296, #4295, #4294);
#4298 = CIRCLE('', #4297, 1.1);
#4299 = DIRECTION('', (1., 0., 0.));
#4300 = DIRECTION('', (0., -0., -1.));
#4301 = CARTESIAN_POINT('', (200., 50., 16.));
#4302 = AXIS2_PLACEMENT_3D('', #4301, #4300, #4299);
#4303 = CIRCLE('', #4302, 1.1);
#4304 = DIRECTION('', (1., 0., -0.));
#4305 = DIRECTION('', (0., 0., 1.));
#4306 = CARTESIAN_POINT('', (200., 50., 11.5));
#4307 = AXIS2_PLACEMENT_3D('', #4306, #4305, #4304);
#4308 = CIRCLE('', #4307, 1.1);
#4309 = DIRECTION('', (1., -0., -0.));
#4310 = DIRECTION('', (-0., 0., -1.));
#4311 = CARTESIAN_POINT('', (200., 50., 11.5));
#4312 = AXIS2_PLACEMENT_3D('', #4311, #4310, #4309);
#4313 = CIRCLE('', #4312, 1.1);
#4314 = DIRECTION('', (0.00000002, -1., -0.));
#4315 = DIRECTION('', (0., 0., -1.));
#4316 = CARTESIAN_POINT('', (200., 50., 16.));
#4317 = AXIS2_PLACEMENT_3D('', #4316, #4315, #4314);
#4318 = CIRCLE('', #4317, 1.1);
#4319 = DIRECTION('', (-0.00000002, 1., -0.));
#4320 = DIRECTION('', (-0., 0., 1.));
#4321 = CARTESIAN_POINT('', (200., 50., 16.));
#4322 = AXIS2_PLACEMENT_3D('', #4321, #4320, #4319);
#4323 = CIRCLE('', #4322, 1.1);
#4324 = DIRECTION('', (0.00000156, -1., -0.));
#4325 = DIRECTION('', (0., 0., -1.));
#4326 = CARTESIAN_POINT('', (200., 50., 11.5));
#4327 = AXIS2_PLACEMENT_3D('', #4326, #4325, #4324);
#4328 = CIRCLE('', #4327, 1.1);
#4329 = DIRECTION('', (-0.00000156, 1., -0.));
#4330 = DIRECTION('', (-0., 0., 1.));
#4331 = CARTESIAN_POINT('', (200., 50., 11.5));
#4332 = AXIS2_PLACEMENT_3D('', #4331, #4330, #4329);
#4333 = CIRCLE('', #4332, 1.1);
#4334 = DIRECTION('', (0., -0., 1.));
#4335 = VECTOR('', #4334, 1.);
#4336 = CARTESIAN_POINT('', (198.9, 50., 11.5));
#4337 = LINE('', #4336, #4335);
#4338 = DIRECTION('', (0., -0., 1.));
#4339 = VECTOR('', #4338, 1.);
#4340 = CARTESIAN_POINT('', (201.1, 50., 11.5));
#4341 = LINE('', #4340, #4339);
#4342 = EDGE_CURVE('', #6, #8, #1071, .T.);
#4343 = EDGE_CURVE('', #8, #10, #1075, .T.);
#4344 = EDGE_CURVE('', #12, #10, #1080, .T.);
#4345 = EDGE_CURVE('', #6, #12, #1084, .T.);
#4346 = EDGE_CURVE('', #8, #14, #1088, .T.);
#4347 = EDGE_CURVE('', #14, #16, #1092, .T.);
#4348 = EDGE_CURVE('', #10, #16, #1096, .T.);
#4349 = EDGE_CURVE('', #14, #18, #1101, .T.);
#4350 = EDGE_CURVE('', #18, #20, #1105, .T.);
#4351 = EDGE_CURVE('', #16, #20, #1110, .T.);
#4352 = EDGE_CURVE('', #18, #110, #1114, .T.);
#4353 = EDGE_CURVE('', #22, #24, #1118, .T.);
#4354 = EDGE_CURVE('', #20, #116, #1122, .T.);
#4355 = EDGE_CURVE('', #22, #26, #1127, .T.);
#4356 = EDGE_CURVE('', #26, #28, #1131, .T.);
#4357 = EDGE_CURVE('', #24, #28, #1136, .T.);
#4358 = EDGE_CURVE('', #26, #30, #1140, .T.);
#4359 = EDGE_CURVE('', #30, #32, #1144, .T.);
#4360 = EDGE_CURVE('', #28, #32, #1148, .T.);
#4361 = EDGE_CURVE('', #30, #34, #1153, .T.);
#4362 = EDGE_CURVE('', #34, #36, #1157, .T.);
#4363 = EDGE_CURVE('', #32, #36, #1162, .T.);
#4364 = EDGE_CURVE('', #34, #50, #1166, .T.);
#4365 = EDGE_CURVE('', #36, #52, #1170, .T.);
#4366 = EDGE_CURVE('', #38, #40, #1175, .T.);
#4367 = EDGE_CURVE('', #40, #42, #1179, .T.);
#4368 = EDGE_CURVE('', #44, #42, #1184, .T.);
#4369 = EDGE_CURVE('', #38, #44, #1188, .T.);
#4370 = EDGE_CURVE('', #40, #46, #1192, .T.);
#4371 = EDGE_CURVE('', #46, #48, #1196, .T.);
#4372 = EDGE_CURVE('', #42, #48, #1200, .T.);
#4373 = EDGE_CURVE('', #50, #52, #1204, .T.);
#4374 = EDGE_CURVE('', #50, #54, #1208, .T.);
#4375 = EDGE_CURVE('', #54, #56, #1212, .T.);
#4376 = EDGE_CURVE('', #52, #56, #1216, .T.);
#4377 = EDGE_CURVE('', #54, #58, #1221, .T.);
#4378 = EDGE_CURVE('', #58, #60, #1225, .T.);
#4379 = EDGE_CURVE('', #56, #60, #1230, .T.);
#4380 = EDGE_CURVE('', #58, #38, #1234, .T.);
#4381 = EDGE_CURVE('', #60, #44, #1238, .T.);
#4382 = EDGE_CURVE('', #48, #76, #1242, .T.);
#4383 = EDGE_CURVE('', #46, #74, #1246, .T.);
#4384 = EDGE_CURVE('', #62, #64, #1251, .T.);
#4385 = EDGE_CURVE('', #64, #66, #1255, .T.);
#4386 = EDGE_CURVE('', #68, #66, #1260, .T.);
#4387 = EDGE_CURVE('', #62, #68, #1264, .T.);
#4388 = EDGE_CURVE('', #64, #70, #1268, .T.);
#4389 = EDGE_CURVE('', #70, #72, #1272, .T.);
#4390 = EDGE_CURVE('', #66, #72, #1276, .T.);
#4391 = EDGE_CURVE('', #74, #76, #1280, .T.);
#4392 = EDGE_CURVE('', #74, #78, #1284, .T.);
#4393 = EDGE_CURVE('', #78, #80, #1288, .T.);
#4394 = EDGE_CURVE('', #76, #80, #1292, .T.);
#4395 = EDGE_CURVE('', #78, #82, #1297, .T.);
#4396 = EDGE_CURVE('', #82, #84, #1301, .T.);
#4397 = EDGE_CURVE('', #80, #84, #1306, .T.);
#4398 = EDGE_CURVE('', #82, #62, #1310, .T.);
#4399 = EDGE_CURVE('', #84, #68, #1314, .T.);
#4400 = EDGE_CURVE('', #72, #12, #1318, .T.);
#4401 = EDGE_CURVE('', #70, #6, #1322, .T.);
#4402 = EDGE_CURVE('', #86, #88, #1326, .T.);
#4403 = EDGE_CURVE('', #88, #90, #1330, .T.);
#4404 = EDGE_CURVE('', #92, #90, #1334, .T.);
#4405 = EDGE_CURVE('', #86, #92, #1338, .T.);
#4406 = EDGE_CURVE('', #88, #94, #1343, .T.);
#4407 = EDGE_CURVE('', #94, #96, #1347, .T.);
#4408 = EDGE_CURVE('', #90, #96, #1352, .T.);
#4409 = EDGE_CURVE('', #94, #98, #1356, .T.);
#4410 = EDGE_CURVE('', #98, #100, #1360, .T.);
#4411 = EDGE_CURVE('', #96, #100, #1364, .T.);
#4412 = EDGE_CURVE('', #98, #102, #1369, .T.);
#4413 = EDGE_CURVE('', #102, #104, #1373, .T.);
#4414 = EDGE_CURVE('', #100, #104, #1378, .T.);
#4415 = EDGE_CURVE('', #102, #106, #1382, .T.);
#4416 = EDGE_CURVE('', #106, #108, #1386, .T.);
#4417 = EDGE_CURVE('', #104, #108, #1390, .T.);
#4418 = EDGE_CURVE('', #108, #24, #1394, .T.);
#4419 = EDGE_CURVE('', #106, #22, #1398, .T.);
#4420 = EDGE_CURVE('', #110, #112, #1402, .T.);
#4421 = EDGE_CURVE('', #112, #114, #1406, .T.);
#4422 = EDGE_CURVE('', #116, #114, #1410, .T.);
#4423 = EDGE_CURVE('', #110, #116, #1414, .T.);
#4424 = EDGE_CURVE('', #112, #118, #1419, .T.);
#4425 = EDGE_CURVE('', #118, #120, #1423, .T.);
#4426 = EDGE_CURVE('', #114, #120, #1428, .T.);
#4427 = EDGE_CURVE('', #118, #122, #1432, .T.);
#4428 = EDGE_CURVE('', #122, #124, #1436, .T.);
#4429 = EDGE_CURVE('', #120, #124, #1440, .T.);
#4430 = EDGE_CURVE('', #122, #126, #1445, .T.);
#4431 = EDGE_CURVE('', #126, #128, #1449, .T.);
#4432 = EDGE_CURVE('', #124, #128, #1454, .T.);
#4433 = EDGE_CURVE('', #126, #130, #1458, .T.);
#4434 = EDGE_CURVE('', #130, #132, #1462, .T.);
#4435 = EDGE_CURVE('', #128, #132, #1466, .T.);
#4436 = EDGE_CURVE('', #132, #92, #1470, .T.);
#4437 = EDGE_CURVE('', #130, #86, #1474, .T.);
#4438 = EDGE_CURVE('', #134, #136, #1478, .T.);
#4439 = EDGE_CURVE('', #136, #138, #1482, .T.);
#4440 = EDGE_CURVE('', #138, #140, #1486, .T.);
#4441 = EDGE_CURVE('', #140, #134, #1490, .T.);
#4442 = EDGE_CURVE('', #142, #144, #1494, .T.);
#4443 = EDGE_CURVE('', #144, #146, #1498, .T.);
#4444 = EDGE_CURVE('', #146, #148, #1502, .T.);
#4445 = EDGE_CURVE('', #148, #142, #1506, .T.);
#4446 = EDGE_CURVE('', #140, #148, #1510, .T.);
#4447 = EDGE_CURVE('', #138, #146, #1514, .T.);
#4448 = EDGE_CURVE('', #136, #144, #1518, .T.);
#4449 = EDGE_CURVE('', #134, #142, #1522, .T.);
#4450 = EDGE_CURVE('', #150, #152, #1526, .T.);
#4451 = EDGE_CURVE('', #152, #154, #1530, .T.);
#4452 = EDGE_CURVE('', #154, #156, #1534, .T.);
#4453 = EDGE_CURVE('', #156, #150, #1538, .T.);
#4454 = EDGE_CURVE('', #158, #160, #1542, .T.);
#4455 = EDGE_CURVE('', #160, #162, #1546, .T.);
#4456 = EDGE_CURVE('', #162, #164, #1550, .T.);
#4457 = EDGE_CURVE('', #164, #158, #1554, .T.);
#4458 = EDGE_CURVE('', #156, #164, #1558, .T.);
#4459 = EDGE_CURVE('', #154, #162, #1562, .T.);
#4460 = EDGE_CURVE('', #152, #160, #1566, .T.);
#4461 = EDGE_CURVE('', #150, #158, #1570, .T.);
#4462 = EDGE_CURVE('', #166, #168, #1574, .T.);
#4463 = EDGE_CURVE('', #168, #170, #1578, .T.);
#4464 = EDGE_CURVE('', #170, #172, #1582, .T.);
#4465 = EDGE_CURVE('', #172, #166, #1586, .T.);
#4466 = EDGE_CURVE('', #174, #176, #1590, .T.);
#4467 = EDGE_CURVE('', #176, #178, #1594, .T.);
#4468 = EDGE_CURVE('', #178, #180, #1598, .T.);
#4469 = EDGE_CURVE('', #180, #174, #1602, .T.);
#4470 = EDGE_CURVE('', #172, #180, #1606, .T.);
#4471 = EDGE_CURVE('', #170, #178, #1610, .T.);
#4472 = EDGE_CURVE('', #168, #176, #1614, .T.);
#4473 = EDGE_CURVE('', #166, #174, #1618, .T.);
#4474 = EDGE_CURVE('', #182, #184, #1622, .T.);
#4475 = EDGE_CURVE('', #184, #186, #1626, .T.);
#4476 = EDGE_CURVE('', #186, #188, #1630, .T.);
#4477 = EDGE_CURVE('', #188, #182, #1634, .T.);
#4478 = EDGE_CURVE('', #190, #192, #1638, .T.);
#4479 = EDGE_CURVE('', #192, #194, #1642, .T.);
#4480 = EDGE_CURVE('', #194, #196, #1646, .T.);
#4481 = EDGE_CURVE('', #196, #190, #1650, .T.);
#4482 = EDGE_CURVE('', #188, #196, #1654, .T.);
#4483 = EDGE_CURVE('', #186, #194, #1658, .T.);
#4484 = EDGE_CURVE('', #184, #192, #1662, .T.);
#4485 = EDGE_CURVE('', #182, #190, #1666, .T.);
#4486 = EDGE_CURVE('', #198, #238, #1670, .T.);
#4487 = EDGE_CURVE('', #200, #208, #1674, .T.);
#4488 = EDGE_CURVE('', #198, #206, #1678, .T.);
#4489 = EDGE_CURVE('', #200, #202, #1682, .T.);
#4490 = EDGE_CURVE('', #202, #210, #1686, .T.);
#4491 = EDGE_CURVE('', #202, #204, #1690, .T.);
#4492 = EDGE_CURVE('', #204, #212, #1694, .T.);
#4493 = EDGE_CURVE('', #204, #198, #1698, .T.);
#4494 = EDGE_CURVE('', #206, #208, #1702, .T.);
#4495 = EDGE_CURVE('', #208, #210, #1706, .T.);
#4496 = EDGE_CURVE('', #210, #212, #1710, .T.);
#4497 = EDGE_CURVE('', #212, #206, #1714, .T.);
#4498 = EDGE_CURVE('', #218, #214, #1719, .T.);
#4499 = EDGE_CURVE('', #220, #214, #1724, .T.);
#4500 = EDGE_CURVE('', #222, #216, #1729, .T.);
#4501 = EDGE_CURVE('', #224, #216, #1734, .T.);
#4502 = EDGE_CURVE('', #214, #216, #1738, .T.);
#4503 = EDGE_CURVE('', #232, #234, #1742, .T.);
#4504 = EDGE_CURVE('', #232, #250, #1746, .T.);
#4505 = EDGE_CURVE('', #236, #238, #1750, .T.);
#4506 = EDGE_CURVE('', #234, #240, #1755, .T.);
#4507 = EDGE_CURVE('', #242, #238, #1760, .T.);
#4508 = EDGE_CURVE('', #240, #228, #1764, .T.);
#4509 = EDGE_CURVE('', #242, #230, #1768, .T.);
#4510 = EDGE_CURVE('', #242, #222, #1773, .T.);
#4511 = EDGE_CURVE('', #240, #224, #1778, .T.);
#4512 = EDGE_CURVE('', #236, #256, #1783, .T.);
#4513 = EDGE_CURVE('', #234, #200, #1787, .T.);
#4514 = EDGE_CURVE('', #230, #218, #1792, .T.);
#4515 = EDGE_CURVE('', #228, #220, #1797, .T.);
#4516 = EDGE_CURVE('', #250, #254, #1802, .T.);
#4517 = EDGE_CURVE('', #256, #252, #1807, .T.);
#4518 = EDGE_CURVE('', #226, #256, #1812, .T.);
#4519 = EDGE_CURVE('', #256, #248, #1816, .T.);
#4520 = EDGE_CURVE('', #254, #246, #1820, .T.);
#4521 = EDGE_CURVE('', #254, #226, #1825, .T.);
#4522 = EDGE_CURVE('', #256, #270, #1830, .T.);
#4523 = EDGE_CURVE('', #254, #232, #1835, .T.);
#4524 = EDGE_CURVE('', #252, #236, #1839, .T.);
#4525 = EDGE_CURVE('', #250, #252, #1843, .T.);
#4526 = EDGE_CURVE('', #248, #230, #1848, .T.);
#4527 = EDGE_CURVE('', #246, #228, #1853, .T.);
#4528 = EDGE_CURVE('', #258, #268, #1858, .T.);
#4529 = EDGE_CURVE('', #262, #264, #1863, .T.);
#4530 = EDGE_CURVE('', #262, #266, #1868, .T.);
#4531 = EDGE_CURVE('', #260, #268, #1873, .T.);
#4532 = EDGE_CURVE('', #270, #260, #1878, .T.);
#4533 = EDGE_CURVE('', #244, #270, #1883, .T.);
#4534 = EDGE_CURVE('', #270, #266, #1887, .T.);
#4535 = EDGE_CURVE('', #268, #264, #1891, .T.);
#4536 = EDGE_CURVE('', #268, #244, #1896, .T.);
#4537 = EDGE_CURVE('', #270, #258, #1901, .T.);
#4538 = EDGE_CURVE('', #268, #254, #1906, .T.);
#4539 = EDGE_CURVE('', #266, #248, #1911, .T.);
#4540 = EDGE_CURVE('', #264, #246, #1916, .T.);
#4541 = EDGE_CURVE('', #262, #258, #1920, .T.);
#4542 = EDGE_CURVE('', #272, #282, #1925, .T.);
#4543 = EDGE_CURVE('', #272, #280, #1930, .T.);
#4544 = EDGE_CURVE('', #276, #286, #1935, .T.);
#4545 = EDGE_CURVE('', #276, #284, #1940, .T.);
#4546 = EDGE_CURVE('', #280, #274, #1945, .T.);
#4547 = EDGE_CURVE('', #282, #274, #1950, .T.);
#4548 = EDGE_CURVE('', #284, #278, #1955, .T.);
#4549 = EDGE_CURVE('', #286, #278, #1960, .T.);
#4550 = EDGE_CURVE('', #274, #278, #1964, .T.);
#4551 = EDGE_CURVE('', #272, #276, #1968, .T.);
#4552 = EDGE_CURVE('', #288, #298, #1973, .T.);
#4553 = EDGE_CURVE('', #288, #296, #1978, .T.);
#4554 = EDGE_CURVE('', #292, #302, #1983, .T.);
#4555 = EDGE_CURVE('', #292, #300, #1988, .T.);
#4556 = EDGE_CURVE('', #296, #290, #1993, .T.);
#4557 = EDGE_CURVE('', #298, #290, #1998, .T.);
#4558 = EDGE_CURVE('', #300, #294, #2003, .T.);
#4559 = EDGE_CURVE('', #302, #294, #2008, .T.);
#4560 = EDGE_CURVE('', #290, #294, #2012, .T.);
#4561 = EDGE_CURVE('', #288, #292, #2016, .T.);
#4562 = EDGE_CURVE('', #304, #314, #2021, .T.);
#4563 = EDGE_CURVE('', #304, #312, #2026, .T.);
#4564 = EDGE_CURVE('', #308, #318, #2031, .T.);
#4565 = EDGE_CURVE('', #308, #316, #2036, .T.);
#4566 = EDGE_CURVE('', #312, #306, #2041, .T.);
#4567 = EDGE_CURVE('', #314, #306, #2046, .T.);
#4568 = EDGE_CURVE('', #316, #310, #2051, .T.);
#4569 = EDGE_CURVE('', #318, #310, #2056, .T.);
#4570 = EDGE_CURVE('', #306, #310, #2060, .T.);
#4571 = EDGE_CURVE('', #304, #308, #2064, .T.);
#4572 = EDGE_CURVE('', #320, #330, #2069, .T.);
#4573 = EDGE_CURVE('', #320, #328, #2074, .T.);
#4574 = EDGE_CURVE('', #324, #334, #2079, .T.);
#4575 = EDGE_CURVE('', #324, #332, #2084, .T.);
#4576 = EDGE_CURVE('', #328, #322, #2089, .T.);
#4577 = EDGE_CURVE('', #330, #322, #2094, .T.);
#4578 = EDGE_CURVE('', #332, #326, #2099, .T.);
#4579 = EDGE_CURVE('', #334, #326, #2104, .T.);
#4580 = EDGE_CURVE('', #322, #326, #2108, .T.);
#4581 = EDGE_CURVE('', #320, #324, #2112, .T.);
#4582 = EDGE_CURVE('', #336, #442, #2117, .T.);
#4583 = EDGE_CURVE('', #338, #440, #2122, .T.);
#4584 = EDGE_CURVE('', #336, #338, #2126, .T.);
#4585 = EDGE_CURVE('', #340, #342, #2130, .T.);
#4586 = EDGE_CURVE('', #340, #344, #2134, .T.);
#4587 = EDGE_CURVE('', #344, #346, #2138, .T.);
#4588 = EDGE_CURVE('', #342, #346, #2142, .T.);
#4589 = EDGE_CURVE('', #344, #348, #2147, .T.);
#4590 = EDGE_CURVE('', #348, #350, #2151, .T.);
#4591 = EDGE_CURVE('', #346, #350, #2156, .T.);
#4592 = EDGE_CURVE('', #348, #352, #2160, .T.);
#4593 = EDGE_CURVE('', #352, #354, #2164, .T.);
#4594 = EDGE_CURVE('', #350, #354, #2168, .T.);
#4595 = EDGE_CURVE('', #352, #356, #2173, .T.);
#4596 = EDGE_CURVE('', #356, #358, #2177, .T.);
#4597 = EDGE_CURVE('', #354, #358, #2182, .T.);
#4598 = EDGE_CURVE('', #356, #336, #2186, .T.);
#4599 = EDGE_CURVE('', #358, #338, #2190, .T.);
#4600 = EDGE_CURVE('', #360, #362, #2195, .T.);
#4601 = EDGE_CURVE('', #362, #364, #2199, .T.);
#4602 = EDGE_CURVE('', #366, #364, #2204, .T.);
#4603 = EDGE_CURVE('', #360, #366, #2208, .T.);
#4604 = EDGE_CURVE('', #362, #368, #2212, .T.);
#4605 = EDGE_CURVE('', #368, #370, #2216, .T.);
#4606 = EDGE_CURVE('', #364, #370, #2220, .T.);
#4607 = EDGE_CURVE('', #368, #372, #2225, .T.);
#4608 = EDGE_CURVE('', #372, #374, #2229, .T.);
#4609 = EDGE_CURVE('', #370, #374, #2234, .T.);
#4610 = EDGE_CURVE('', #372, #376, #2238, .T.);
#4611 = EDGE_CURVE('', #376, #378, #2242, .T.);
#4612 = EDGE_CURVE('', #374, #930, #2246, .T.);
#4613 = EDGE_CURVE('', #376, #380, #2251, .T.);
#4614 = EDGE_CURVE('', #380, #382, #2255, .T.);
#4615 = EDGE_CURVE('', #378, #382, #2260, .T.);
#4616 = EDGE_CURVE('', #380, #384, #2264, .T.);
#4617 = EDGE_CURVE('', #384, #386, #2268, .T.);
#4618 = EDGE_CURVE('', #382, #386, #2272, .T.);
#4619 = EDGE_CURVE('', #384, #388, #2277, .T.);
#4620 = EDGE_CURVE('', #388, #390, #2281, .T.);
#4621 = EDGE_CURVE('', #386, #390, #2286, .T.);
#4622 = EDGE_CURVE('', #388, #360, #2290, .T.);
#4623 = EDGE_CURVE('', #390, #366, #2294, .T.);
#4624 = EDGE_CURVE('', #392, #394, #2299, .T.);
#4625 = EDGE_CURVE('', #392, #396, #2303, .T.);
#4626 = EDGE_CURVE('', #394, #392, #2308, .T.);
#4627 = EDGE_CURVE('', #394, #398, #2312, .T.);
#4628 = EDGE_CURVE('', #396, #402, #2317, .T.);
#4629 = EDGE_CURVE('', #396, #400, #2322, .T.);
#4630 = EDGE_CURVE('', #400, #398, #2327, .T.);
#4631 = EDGE_CURVE('', #402, #398, #2332, .T.);
#4632 = EDGE_CURVE('', #404, #406, #2337, .T.);
#4633 = EDGE_CURVE('', #404, #408, #2341, .T.);
#4634 = EDGE_CURVE('', #406, #404, #2346, .T.);
#4635 = EDGE_CURVE('', #406, #410, #2350, .T.);
#4636 = EDGE_CURVE('', #408, #414, #2355, .T.);
#4637 = EDGE_CURVE('', #408, #412, #2360, .T.);
#4638 = EDGE_CURVE('', #412, #410, #2365, .T.);
#4639 = EDGE_CURVE('', #414, #410, #2370, .T.);
#4640 = EDGE_CURVE('', #416, #418, #2375, .T.);
#4641 = EDGE_CURVE('', #416, #420, #2379, .T.);
#4642 = EDGE_CURVE('', #418, #416, #2384, .T.);
#4643 = EDGE_CURVE('', #418, #422, #2388, .T.);
#4644 = EDGE_CURVE('', #420, #426, #2393, .T.);
#4645 = EDGE_CURVE('', #420, #424, #2398, .T.);
#4646 = EDGE_CURVE('', #424, #422, #2403, .T.);
#4647 = EDGE_CURVE('', #426, #422, #2408, .T.);
#4648 = EDGE_CURVE('', #428, #430, #2413, .T.);
#4649 = EDGE_CURVE('', #428, #432, #2417, .T.);
#4650 = EDGE_CURVE('', #430, #428, #2422, .T.);
#4651 = EDGE_CURVE('', #430, #434, #2426, .T.);
#4652 = EDGE_CURVE('', #432, #438, #2431, .T.);
#4653 = EDGE_CURVE('', #432, #436, #2436, .T.);
#4654 = EDGE_CURVE('', #436, #434, #2441, .T.);
#4655 = EDGE_CURVE('', #438, #434, #2446, .T.);
#4656 = EDGE_CURVE('', #440, #442, #2450, .T.);
#4657 = EDGE_CURVE('', #444, #446, #2454, .T.);
#4658 = EDGE_CURVE('', #442, #446, #2458, .T.);
#4659 = EDGE_CURVE('', #444, #440, #2462, .T.);
#4660 = EDGE_CURVE('', #444, #342, #2467, .T.);
#4661 = EDGE_CURVE('', #446, #340, #2472, .T.);
#4662 = EDGE_CURVE('', #448, #450, #2476, .T.);
#4663 = EDGE_CURVE('', #452, #448, #2480, .T.);
#4664 = EDGE_CURVE('', #454, #452, #2484, .T.);
#4665 = EDGE_CURVE('', #450, #454, #2488, .T.);
#4666 = EDGE_CURVE('', #456, #458, #2492, .T.);
#4667 = EDGE_CURVE('', #460, #456, #2496, .T.);
#4668 = EDGE_CURVE('', #462, #460, #2500, .T.);
#4669 = EDGE_CURVE('', #458, #462, #2504, .T.);
#4670 = EDGE_CURVE('', #454, #462, #2508, .T.);
#4671 = EDGE_CURVE('', #452, #460, #2512, .T.);
#4672 = EDGE_CURVE('', #450, #458, #2516, .T.);
#4673 = EDGE_CURVE('', #448, #456, #2520, .T.);
#4674 = EDGE_CURVE('', #464, #466, #2524, .T.);
#4675 = EDGE_CURVE('', #468, #464, #2528, .T.);
#4676 = EDGE_CURVE('', #470, #468, #2532, .T.);
#4677 = EDGE_CURVE('', #466, #470, #2536, .T.);
#4678 = EDGE_CURVE('', #472, #474, #2540, .T.);
#4679 = EDGE_CURVE('', #476, #472, #2544, .T.);
#4680 = EDGE_CURVE('', #478, #476, #2548, .T.);
#4681 = EDGE_CURVE('', #474, #478, #2552, .T.);
#4682 = EDGE_CURVE('', #470, #478, #2556, .T.);
#4683 = EDGE_CURVE('', #468, #476, #2560, .T.);
#4684 = EDGE_CURVE('', #466, #474, #2564, .T.);
#4685 = EDGE_CURVE('', #464, #472, #2568, .T.);
#4686 = EDGE_CURVE('', #480, #482, #2572, .T.);
#4687 = EDGE_CURVE('', #484, #480, #2576, .T.);
#4688 = EDGE_CURVE('', #486, #484, #2580, .T.);
#4689 = EDGE_CURVE('', #482, #486, #2584, .T.);
#4690 = EDGE_CURVE('', #488, #490, #2588, .T.);
#4691 = EDGE_CURVE('', #492, #488, #2592, .T.);
#4692 = EDGE_CURVE('', #494, #492, #2596, .T.);
#4693 = EDGE_CURVE('', #490, #494, #2600, .T.);
#4694 = EDGE_CURVE('', #486, #494, #2604, .T.);
#4695 = EDGE_CURVE('', #484, #492, #2608, .T.);
#4696 = EDGE_CURVE('', #482, #490, #2612, .T.);
#4697 = EDGE_CURVE('', #480, #488, #2616, .T.);
#4698 = EDGE_CURVE('', #496, #498, #2620, .T.);
#4699 = EDGE_CURVE('', #500, #496, #2624, .T.);
#4700 = EDGE_CURVE('', #502, #500, #2628, .T.);
#4701 = EDGE_CURVE('', #498, #502, #2632, .T.);
#4702 = EDGE_CURVE('', #504, #506, #2636, .T.);
#4703 = EDGE_CURVE('', #508, #504, #2640, .T.);
#4704 = EDGE_CURVE('', #510, #508, #2644, .T.);
#4705 = EDGE_CURVE('', #506, #510, #2648, .T.);
#4706 = EDGE_CURVE('', #502, #510, #2652, .T.);
#4707 = EDGE_CURVE('', #500, #508, #2656, .T.);
#4708 = EDGE_CURVE('', #498, #506, #2660, .T.);
#4709 = EDGE_CURVE('', #496, #504, #2664, .T.);
#4710 = EDGE_CURVE('', #512, #514, #2668, .T.);
#4711 = EDGE_CURVE('', #516, #512, #2672, .T.);
#4712 = EDGE_CURVE('', #518, #516, #2676, .T.);
#4713 = EDGE_CURVE('', #514, #518, #2680, .T.);
#4714 = EDGE_CURVE('', #520, #522, #2684, .T.);
#4715 = EDGE_CURVE('', #524, #520, #2688, .T.);
#4716 = EDGE_CURVE('', #526, #524, #2692, .T.);
#4717 = EDGE_CURVE('', #522, #526, #2696, .T.);
#4718 = EDGE_CURVE('', #518, #526, #2700, .T.);
#4719 = EDGE_CURVE('', #516, #524, #2704, .T.);
#4720 = EDGE_CURVE('', #514, #522, #2708, .T.);
#4721 = EDGE_CURVE('', #512, #520, #2712, .T.);
#4722 = EDGE_CURVE('', #528, #530, #2716, .T.);
#4723 = EDGE_CURVE('', #532, #528, #2720, .T.);
#4724 = EDGE_CURVE('', #534, #532, #2724, .T.);
#4725 = EDGE_CURVE('', #530, #534, #2728, .T.);
#4726 = EDGE_CURVE('', #536, #538, #2732, .T.);
#4727 = EDGE_CURVE('', #540, #536, #2736, .T.);
#4728 = EDGE_CURVE('', #542, #540, #2740, .T.);
#4729 = EDGE_CURVE('', #538, #542, #2744, .T.);
#4730 = EDGE_CURVE('', #534, #542, #2748, .T.);
#4731 = EDGE_CURVE('', #532, #540, #2752, .T.);
#4732 = EDGE_CURVE('', #530, #538, #2756, .T.);
#4733 = EDGE_CURVE('', #528, #536, #2760, .T.);
#4734 = EDGE_CURVE('', #544, #554, #2765, .T.);
#4735 = EDGE_CURVE('', #544, #552, #2770, .T.);
#4736 = EDGE_CURVE('', #548, #558, #2775, .T.);
#4737 = EDGE_CURVE('', #548, #556, #2780, .T.);
#4738 = EDGE_CURVE('', #552, #546, #2785, .T.);
#4739 = EDGE_CURVE('', #554, #546, #2790, .T.);
#4740 = EDGE_CURVE('', #556, #550, #2795, .T.);
#4741 = EDGE_CURVE('', #558, #550, #2800, .T.);
#4742 = EDGE_CURVE('', #550, #546, #2804, .T.);
#4743 = EDGE_CURVE('', #548, #544, #2808, .T.);
#4744 = EDGE_CURVE('', #560, #570, #2813, .T.);
#4745 = EDGE_CURVE('', #560, #568, #2818, .T.);
#4746 = EDGE_CURVE('', #564, #574, #2823, .T.);
#4747 = EDGE_CURVE('', #564, #572, #2828, .T.);
#4748 = EDGE_CURVE('', #568, #562, #2833, .T.);
#4749 = EDGE_CURVE('', #570, #562, #2838, .T.);
#4750 = EDGE_CURVE('', #572, #566, #2843, .T.);
#4751 = EDGE_CURVE('', #574, #566, #2848, .T.);
#4752 = EDGE_CURVE('', #566, #562, #2852, .T.);
#4753 = EDGE_CURVE('', #564, #560, #2856, .T.);
#4754 = EDGE_CURVE('', #576, #586, #2861, .T.);
#4755 = EDGE_CURVE('', #576, #584, #2866, .T.);
#4756 = EDGE_CURVE('', #580, #590, #2871, .T.);
#4757 = EDGE_CURVE('', #580, #588, #2876, .T.);
#4758 = EDGE_CURVE('', #584, #578, #2881, .T.);
#4759 = EDGE_CURVE('', #586, #578, #2886, .T.);
#4760 = EDGE_CURVE('', #588, #582, #2891, .T.);
#4761 = EDGE_CURVE('', #590, #582, #2896, .T.);
#4762 = EDGE_CURVE('', #582, #578, #2900, .T.);
#4763 = EDGE_CURVE('', #580, #576, #2904, .T.);
#4764 = EDGE_CURVE('', #592, #602, #2909, .T.);
#4765 = EDGE_CURVE('', #592, #600, #2914, .T.);
#4766 = EDGE_CURVE('', #596, #606, #2919, .T.);
#4767 = EDGE_CURVE('', #596, #604, #2924, .T.);
#4768 = EDGE_CURVE('', #600, #594, #2929, .T.);
#4769 = EDGE_CURVE('', #602, #594, #2934, .T.);
#4770 = EDGE_CURVE('', #604, #598, #2939, .T.);
#4771 = EDGE_CURVE('', #606, #598, #2944, .T.);
#4772 = EDGE_CURVE('', #598, #594, #2948, .T.);
#4773 = EDGE_CURVE('', #596, #592, #2952, .T.);
#4774 = EDGE_CURVE('', #608, #618, #2957, .T.);
#4775 = EDGE_CURVE('', #608, #616, #2962, .T.);
#4776 = EDGE_CURVE('', #612, #622, #2967, .T.);
#4777 = EDGE_CURVE('', #612, #620, #2972, .T.);
#4778 = EDGE_CURVE('', #616, #610, #2977, .T.);
#4779 = EDGE_CURVE('', #618, #610, #2982, .T.);
#4780 = EDGE_CURVE('', #620, #614, #2987, .T.);
#4781 = EDGE_CURVE('', #622, #614, #2992, .T.);
#4782 = EDGE_CURVE('', #614, #610, #2996, .T.);
#4783 = EDGE_CURVE('', #612, #608, #3000, .T.);
#4784 = EDGE_CURVE('', #624, #634, #3005, .T.);
#4785 = EDGE_CURVE('', #624, #632, #3010, .T.);
#4786 = EDGE_CURVE('', #628, #638, #3015, .T.);
#4787 = EDGE_CURVE('', #628, #636, #3020, .T.);
#4788 = EDGE_CURVE('', #632, #626, #3025, .T.);
#4789 = EDGE_CURVE('', #634, #626, #3030, .T.);
#4790 = EDGE_CURVE('', #636, #630, #3035, .T.);
#4791 = EDGE_CURVE('', #638, #630, #3040, .T.);
#4792 = EDGE_CURVE('', #630, #626, #3044, .T.);
#4793 = EDGE_CURVE('', #628, #624, #3048, .T.);
#4794 = EDGE_CURVE('', #640, #650, #3053, .T.);
#4795 = EDGE_CURVE('', #640, #648, #3058, .T.);
#4796 = EDGE_CURVE('', #644, #654, #3063, .T.);
#4797 = EDGE_CURVE('', #644, #652, #3068, .T.);
#4798 = EDGE_CURVE('', #648, #642, #3073, .T.);
#4799 = EDGE_CURVE('', #650, #642, #3078, .T.);
#4800 = EDGE_CURVE('', #652, #646, #3083, .T.);
#4801 = EDGE_CURVE('', #654, #646, #3088, .T.);
#4802 = EDGE_CURVE('', #646, #642, #3092, .T.);
#4803 = EDGE_CURVE('', #644, #640, #3096, .T.);
#4804 = EDGE_CURVE('', #656, #666, #3101, .T.);
#4805 = EDGE_CURVE('', #656, #664, #3106, .T.);
#4806 = EDGE_CURVE('', #660, #670, #3111, .T.);
#4807 = EDGE_CURVE('', #660, #668, #3116, .T.);
#4808 = EDGE_CURVE('', #664, #658, #3121, .T.);
#4809 = EDGE_CURVE('', #666, #658, #3126, .T.);
#4810 = EDGE_CURVE('', #668, #662, #3131, .T.);
#4811 = EDGE_CURVE('', #670, #662, #3136, .T.);
#4812 = EDGE_CURVE('', #662, #658, #3140, .T.);
#4813 = EDGE_CURVE('', #660, #656, #3144, .T.);
#4814 = EDGE_CURVE('', #672, #682, #3149, .T.);
#4815 = EDGE_CURVE('', #672, #680, #3154, .T.);
#4816 = EDGE_CURVE('', #676, #686, #3159, .T.);
#4817 = EDGE_CURVE('', #676, #684, #3164, .T.);
#4818 = EDGE_CURVE('', #680, #674, #3169, .T.);
#4819 = EDGE_CURVE('', #682, #674, #3174, .T.);
#4820 = EDGE_CURVE('', #684, #678, #3179, .T.);
#4821 = EDGE_CURVE('', #686, #678, #3184, .T.);
#4822 = EDGE_CURVE('', #678, #674, #3188, .T.);
#4823 = EDGE_CURVE('', #676, #672, #3192, .T.);
#4824 = EDGE_CURVE('', #688, #698, #3197, .T.);
#4825 = EDGE_CURVE('', #688, #696, #3202, .T.);
#4826 = EDGE_CURVE('', #692, #702, #3207, .T.);
#4827 = EDGE_CURVE('', #692, #700, #3212, .T.);
#4828 = EDGE_CURVE('', #696, #690, #3217, .T.);
#4829 = EDGE_CURVE('', #698, #690, #3222, .T.);
#4830 = EDGE_CURVE('', #700, #694, #3227, .T.);
#4831 = EDGE_CURVE('', #702, #694, #3232, .T.);
#4832 = EDGE_CURVE('', #694, #690, #3236, .T.);
#4833 = EDGE_CURVE('', #692, #688, #3240, .T.);
#4834 = EDGE_CURVE('', #704, #714, #3245, .T.);
#4835 = EDGE_CURVE('', #704, #712, #3250, .T.);
#4836 = EDGE_CURVE('', #708, #718, #3255, .T.);
#4837 = EDGE_CURVE('', #708, #716, #3260, .T.);
#4838 = EDGE_CURVE('', #712, #706, #3265, .T.);
#4839 = EDGE_CURVE('', #714, #706, #3270, .T.);
#4840 = EDGE_CURVE('', #716, #710, #3275, .T.);
#4841 = EDGE_CURVE('', #718, #710, #3280, .T.);
#4842 = EDGE_CURVE('', #710, #706, #3284, .T.);
#4843 = EDGE_CURVE('', #708, #704, #3288, .T.);
#4844 = EDGE_CURVE('', #720, #730, #3293, .T.);
#4845 = EDGE_CURVE('', #720, #728, #3298, .T.);
#4846 = EDGE_CURVE('', #724, #734, #3303, .T.);
#4847 = EDGE_CURVE('', #724, #732, #3308, .T.);
#4848 = EDGE_CURVE('', #728, #722, #3313, .T.);
#4849 = EDGE_CURVE('', #730, #722, #3318, .T.);
#4850 = EDGE_CURVE('', #732, #726, #3323, .T.);
#4851 = EDGE_CURVE('', #734, #726, #3328, .T.);
#4852 = EDGE_CURVE('', #726, #722, #3332, .T.);
#4853 = EDGE_CURVE('', #724, #720, #3336, .T.);
#4854 = EDGE_CURVE('', #736, #746, #3341, .T.);
#4855 = EDGE_CURVE('', #736, #744, #3346, .T.);
#4856 = EDGE_CURVE('', #740, #750, #3351, .T.);
#4857 = EDGE_CURVE('', #740, #748, #3356, .T.);
#4858 = EDGE_CURVE('', #744, #738, #3361, .T.);
#4859 = EDGE_CURVE('', #746, #738, #3366, .T.);
#4860 = EDGE_CURVE('', #748, #742, #3371, .T.);
#4861 = EDGE_CURVE('', #750, #742, #3376, .T.);
#4862 = EDGE_CURVE('', #742, #738, #3380, .T.);
#4863 = EDGE_CURVE('', #740, #736, #3384, .T.);
#4864 = EDGE_CURVE('', #752, #762, #3389, .T.);
#4865 = EDGE_CURVE('', #752, #760, #3394, .T.);
#4866 = EDGE_CURVE('', #756, #766, #3399, .T.);
#4867 = EDGE_CURVE('', #756, #764, #3404, .T.);
#4868 = EDGE_CURVE('', #760, #754, #3409, .T.);
#4869 = EDGE_CURVE('', #762, #754, #3414, .T.);
#4870 = EDGE_CURVE('', #764, #758, #3419, .T.);
#4871 = EDGE_CURVE('', #766, #758, #3424, .T.);
#4872 = EDGE_CURVE('', #758, #754, #3428, .T.);
#4873 = EDGE_CURVE('', #756, #752, #3432, .T.);
#4874 = EDGE_CURVE('', #768, #778, #3437, .T.);
#4875 = EDGE_CURVE('', #768, #776, #3442, .T.);
#4876 = EDGE_CURVE('', #772, #782, #3447, .T.);
#4877 = EDGE_CURVE('', #772, #780, #3452, .T.);
#4878 = EDGE_CURVE('', #776, #770, #3457, .T.);
#4879 = EDGE_CURVE('', #778, #770, #3462, .T.);
#4880 = EDGE_CURVE('', #780, #774, #3467, .T.);
#4881 = EDGE_CURVE('', #782, #774, #3472, .T.);
#4882 = EDGE_CURVE('', #774, #770, #3476, .T.);
#4883 = EDGE_CURVE('', #772, #768, #3480, .T.);
#4884 = EDGE_CURVE('', #784, #794, #3485, .T.);
#4885 = EDGE_CURVE('', #784, #792, #3490, .T.);
#4886 = EDGE_CURVE('', #788, #798, #3495, .T.);
#4887 = EDGE_CURVE('', #788, #796, #3500, .T.);
#4888 = EDGE_CURVE('', #792, #786, #3505, .T.);
#4889 = EDGE_CURVE('', #794, #786, #3510, .T.);
#4890 = EDGE_CURVE('', #796, #790, #3515, .T.);
#4891 = EDGE_CURVE('', #798, #790, #3520, .T.);
#4892 = EDGE_CURVE('', #790, #786, #3524, .T.);
#4893 = EDGE_CURVE('', #788, #784, #3528, .T.);
#4894 = EDGE_CURVE('', #800, #810, #3533, .T.);
#4895 = EDGE_CURVE('', #800, #808, #3538, .T.);
#4896 = EDGE_CURVE('', #804, #814, #3543, .T.);
#4897 = EDGE_CURVE('', #804, #812, #3548, .T.);
#4898 = EDGE_CURVE('', #808, #802, #3553, .T.);
#4899 = EDGE_CURVE('', #810, #802, #3558, .T.);
#4900 = EDGE_CURVE('', #812, #806, #3563, .T.);
#4901 = EDGE_CURVE('', #814, #806, #3568, .T.);
#4902 = EDGE_CURVE('', #806, #802, #3572, .T.);
#4903 = EDGE_CURVE('', #804, #800, #3576, .T.);
#4904 = EDGE_CURVE('', #816, #834, #3581, .T.);
#4905 = EDGE_CURVE('', #820, #830, #3586, .T.);
#4906 = EDGE_CURVE('', #820, #828, #3591, .T.);
#4907 = EDGE_CURVE('', #818, #824, #3595, .T.);
#4908 = EDGE_CURVE('', #826, #816, #3599, .T.);
#4909 = EDGE_CURVE('', #818, #832, #3603, .T.);
#4910 = EDGE_CURVE('', #826, #824, #3608, .T.);
#4911 = EDGE_CURVE('', #828, #822, #3613, .T.);
#4912 = EDGE_CURVE('', #830, #822, #3618, .T.);
#4913 = EDGE_CURVE('', #832, #816, #3622, .T.);
#4914 = EDGE_CURVE('', #834, #818, #3627, .T.);
#4915 = EDGE_CURVE('', #826, #820, #3631, .T.);
#4916 = EDGE_CURVE('', #824, #378, #3635, .T.);
#4917 = EDGE_CURVE('', #824, #822, #3639, .T.);
#4918 = EDGE_CURVE('', #836, #846, #3644, .T.);
#4919 = EDGE_CURVE('', #836, #844, #3649, .T.);
#4920 = EDGE_CURVE('', #840, #850, #3654, .T.);
#4921 = EDGE_CURVE('', #840, #848, #3659, .T.);
#4922 = EDGE_CURVE('', #844, #838, #3664, .T.);
#4923 = EDGE_CURVE('', #846, #838, #3669, .T.);
#4924 = EDGE_CURVE('', #848, #842, #3674, .T.);
#4925 = EDGE_CURVE('', #850, #842, #3679, .T.);
#4926 = EDGE_CURVE('', #842, #838, #3683, .T.);
#4927 = EDGE_CURVE('', #840, #836, #3687, .T.);
#4928 = EDGE_CURVE('', #852, #862, #3692, .T.);
#4929 = EDGE_CURVE('', #852, #860, #3697, .T.);
#4930 = EDGE_CURVE('', #856, #866, #3702, .T.);
#4931 = EDGE_CURVE('', #856, #864, #3707, .T.);
#4932 = EDGE_CURVE('', #860, #854, #3712, .T.);
#4933 = EDGE_CURVE('', #862, #854, #3717, .T.);
#4934 = EDGE_CURVE('', #864, #858, #3722, .T.);
#4935 = EDGE_CURVE('', #866, #858, #3727, .T.);
#4936 = EDGE_CURVE('', #858, #854, #3731, .T.);
#4937 = EDGE_CURVE('', #856, #852, #3735, .T.);
#4938 = EDGE_CURVE('', #868, #886, #3740, .T.);
#4939 = EDGE_CURVE('', #872, #882, #3745, .T.);
#4940 = EDGE_CURVE('', #872, #880, #3750, .T.);
#4941 = EDGE_CURVE('', #870, #876, #3754, .T.);
#4942 = EDGE_CURVE('', #878, #868, #3758, .T.);
#4943 = EDGE_CURVE('', #870, #884, #3762, .T.);
#4944 = EDGE_CURVE('', #878, #876, #3767, .T.);
#4945 = EDGE_CURVE('', #880, #874, #3772, .T.);
#4946 = EDGE_CURVE('', #882, #874, #3777, .T.);
#4947 = EDGE_CURVE('', #884, #868, #3781, .T.);
#4948 = EDGE_CURVE('', #886, #870, #3786, .T.);
#4949 = EDGE_CURVE('', #878, #872, #3790, .T.);
#4950 = EDGE_CURVE('', #876, #826, #3794, .T.);
#4951 = EDGE_CURVE('', #876, #874, #3798, .T.);
#4952 = EDGE_CURVE('', #888, #898, #3803, .T.);
#4953 = EDGE_CURVE('', #888, #896, #3808, .T.);
#4954 = EDGE_CURVE('', #892, #902, #3813, .T.);
#4955 = EDGE_CURVE('', #892, #900, #3818, .T.);
#4956 = EDGE_CURVE('', #896, #890, #3823, .T.);
#4957 = EDGE_CURVE('', #898, #890, #3828, .T.);
#4958 = EDGE_CURVE('', #900, #894, #3833, .T.);
#4959 = EDGE_CURVE('', #902, #894, #3838, .T.);
#4960 = EDGE_CURVE('', #894, #890, #3842, .T.);
#4961 = EDGE_CURVE('', #892, #888, #3846, .T.);
#4962 = EDGE_CURVE('', #904, #914, #3851, .T.);
#4963 = EDGE_CURVE('', #904, #912, #3856, .T.);
#4964 = EDGE_CURVE('', #908, #918, #3861, .T.);
#4965 = EDGE_CURVE('', #908, #916, #3866, .T.);
#4966 = EDGE_CURVE('', #912, #906, #3871, .T.);
#4967 = EDGE_CURVE('', #914, #906, #3876, .T.);
#4968 = EDGE_CURVE('', #916, #910, #3881, .T.);
#4969 = EDGE_CURVE('', #918, #910, #3886, .T.);
#4970 = EDGE_CURVE('', #910, #906, #3890, .T.);
#4971 = EDGE_CURVE('', #908, #904, #3894, .T.);
#4972 = EDGE_CURVE('', #920, #938, #3899, .T.);
#4973 = EDGE_CURVE('', #924, #934, #3904, .T.);
#4974 = EDGE_CURVE('', #924, #932, #3909, .T.);
#4975 = EDGE_CURVE('', #922, #928, #3913, .T.);
#4976 = EDGE_CURVE('', #930, #920, #3917, .T.);
#4977 = EDGE_CURVE('', #922, #936, #3921, .T.);
#4978 = EDGE_CURVE('', #930, #928, #3926, .T.);
#4979 = EDGE_CURVE('', #932, #926, #3931, .T.);
#4980 = EDGE_CURVE('', #934, #926, #3936, .T.);
#4981 = EDGE_CURVE('', #936, #920, #3940, .T.);
#4982 = EDGE_CURVE('', #938, #922, #3945, .T.);
#4983 = EDGE_CURVE('', #930, #924, #3949, .T.);
#4984 = EDGE_CURVE('', #928, #878, #3953, .T.);
#4985 = EDGE_CURVE('', #928, #926, #3957, .T.);
#4986 = EDGE_CURVE('', #940, #950, #3962, .T.);
#4987 = EDGE_CURVE('', #940, #948, #3967, .T.);
#4988 = EDGE_CURVE('', #944, #954, #3972, .T.);
#4989 = EDGE_CURVE('', #944, #952, #3977, .T.);
#4990 = EDGE_CURVE('', #948, #942, #3982, .T.);
#4991 = EDGE_CURVE('', #950, #942, #3987, .T.);
#4992 = EDGE_CURVE('', #952, #946, #3992, .T.);
#4993 = EDGE_CURVE('', #954, #946, #3997, .T.);
#4994 = EDGE_CURVE('', #946, #942, #4001, .T.);
#4995 = EDGE_CURVE('', #944, #940, #4005, .T.);
#4996 = EDGE_CURVE('', #956, #966, #4010, .T.);
#4997 = EDGE_CURVE('', #956, #964, #4015, .T.);
#4998 = EDGE_CURVE('', #960, #970, #4020, .T.);
#4999 = EDGE_CURVE('', #960, #968, #4025, .T.);
#5000 = EDGE_CURVE('', #964, #958, #4030, .T.);
#5001 = EDGE_CURVE('', #966, #958, #4035, .T.);
#5002 = EDGE_CURVE('', #968, #962, #4040, .T.);
#5003 = EDGE_CURVE('', #970, #962, #4045, .T.);
#5004 = EDGE_CURVE('', #962, #958, #4049, .T.);
#5005 = EDGE_CURVE('', #960, #956, #4053, .T.);
#5006 = EDGE_CURVE('', #972, #982, #4058, .T.);
#5007 = EDGE_CURVE('', #972, #980, #4063, .T.);
#5008 = EDGE_CURVE('', #976, #986, #4068, .T.);
#5009 = EDGE_CURVE('', #976, #984, #4073, .T.);
#5010 = EDGE_CURVE('', #980, #974, #4078, .T.);
#5011 = EDGE_CURVE('', #982, #974, #4083, .T.);
#5012 = EDGE_CURVE('', #984, #978, #4088, .T.);
#5013 = EDGE_CURVE('', #986, #978, #4093, .T.);
#5014 = EDGE_CURVE('', #978, #974, #4097, .T.);
#5015 = EDGE_CURVE('', #976, #972, #4101, .T.);
#5016 = EDGE_CURVE('', #990, #988, #4105, .T.);
#5017 = EDGE_CURVE('', #988, #992, #4109, .T.);
#5018 = EDGE_CURVE('', #992, #994, #4113, .T.);
#5019 = EDGE_CURVE('', #994, #990, #4117, .T.);
#5020 = EDGE_CURVE('', #996, #998, #4121, .T.);
#5021 = EDGE_CURVE('', #1000, #996, #4125, .T.);
#5022 = EDGE_CURVE('', #1002, #1000, #4129, .T.);
#5023 = EDGE_CURVE('', #998, #1002, #4133, .T.);
#5024 = EDGE_CURVE('', #1002, #994, #4137, .T.);
#5025 = EDGE_CURVE('', #1000, #992, #4141, .T.);
#5026 = EDGE_CURVE('', #998, #990, #4145, .T.);
#5027 = EDGE_CURVE('', #996, #988, #4149, .T.);
#5028 = EDGE_CURVE('', #1004, #1014, #4154, .T.);
#5029 = EDGE_CURVE('', #1004, #1012, #4159, .T.);
#5030 = EDGE_CURVE('', #1008, #1018, #4164, .T.);
#5031 = EDGE_CURVE('', #1008, #1016, #4169, .T.);
#5032 = EDGE_CURVE('', #1012, #1006, #4174, .T.);
#5033 = EDGE_CURVE('', #1014, #1006, #4179, .T.);
#5034 = EDGE_CURVE('', #1016, #1010, #4184, .T.);
#5035 = EDGE_CURVE('', #1018, #1010, #4189, .T.);
#5036 = EDGE_CURVE('', #1010, #1006, #4193, .T.);
#5037 = EDGE_CURVE('', #1008, #1004, #4197, .T.);
#5038 = EDGE_CURVE('', #1020, #1030, #4202, .T.);
#5039 = EDGE_CURVE('', #1020, #1028, #4207, .T.);
#5040 = EDGE_CURVE('', #1024, #1034, #4212, .T.);
#5041 = EDGE_CURVE('', #1024, #1032, #4217, .T.);
#5042 = EDGE_CURVE('', #1028, #1022, #4222, .T.);
#5043 = EDGE_CURVE('', #1030, #1022, #4227, .T.);
#5044 = EDGE_CURVE('', #1032, #1026, #4232, .T.);
#5045 = EDGE_CURVE('', #1034, #1026, #4237, .T.);
#5046 = EDGE_CURVE('', #1026, #1022, #4241, .T.);
#5047 = EDGE_CURVE('', #1024, #1020, #4245, .T.);
#5048 = EDGE_CURVE('', #1036, #1046, #4250, .T.);
#5049 = EDGE_CURVE('', #1036, #1044, #4255, .T.);
#5050 = EDGE_CURVE('', #1040, #1050, #4260, .T.);
#5051 = EDGE_CURVE('', #1040, #1048, #4265, .T.);
#5052 = EDGE_CURVE('', #1044, #1038, #4270, .T.);
#5053 = EDGE_CURVE('', #1046, #1038, #4275, .T.);
#5054 = EDGE_CURVE('', #1048, #1042, #4280, .T.);
#5055 = EDGE_CURVE('', #1050, #1042, #4285, .T.);
#5056 = EDGE_CURVE('', #1042, #1038, #4289, .T.);
#5057 = EDGE_CURVE('', #1040, #1036, #4293, .T.);
#5058 = EDGE_CURVE('', #1052, #1062, #4298, .T.);
#5059 = EDGE_CURVE('', #1052, #1060, #4303, .T.);
#5060 = EDGE_CURVE('', #1056, #1066, #4308, .T.);
#5061 = EDGE_CURVE('', #1056, #1064, #4313, .T.);
#5062 = EDGE_CURVE('', #1060, #1054, #4318, .T.);
#5063 = EDGE_CURVE('', #1062, #1054, #4323, .T.);
#5064 = EDGE_CURVE('', #1064, #1058, #4328, .T.);
#5065 = EDGE_CURVE('', #1066, #1058, #4333, .T.);
#5066 = EDGE_CURVE('', #1058, #1054, #4337, .T.);
#5067 = EDGE_CURVE('', #1056, #1052, #4341, .T.);
#5068 = CARTESIAN_POINT('', (201., 3., 2.));
#5069 = DIRECTION('', (0., 0., 1.));
#5070 = DIRECTION('', (-0., -1., 0.));
#5071 = AXIS2_PLACEMENT_3D('', #5068, #5069, #5070);
#5072 = CYLINDRICAL_SURFACE('', #5071, 3.);
#5073 = CARTESIAN_POINT('', (204., 27., 2.));
#5074 = DIRECTION('', (1., -0., 0.));
#5075 = AXIS2_PLACEMENT_3D('', #5073, #5074, $);
#5076 = PLANE('', #5075);
#5077 = CARTESIAN_POINT('', (201., 51., 2.));
#5078 = DIRECTION('', (0., -0., 1.));
#5079 = DIRECTION('', (1., 0., 0.));
#5080 = AXIS2_PLACEMENT_3D('', #5077, #5078, #5079);
#5081 = CYLINDRICAL_SURFACE('', #5080, 3.);
#5082 = CARTESIAN_POINT('', (102., 54., 2.));
#5083 = DIRECTION('', (0., 1., -0.));
#5084 = AXIS2_PLACEMENT_3D('', #5082, #5083, $);
#5085 = PLANE('', #5084);
#5086 = CARTESIAN_POINT('', (3., 51., 2.));
#5087 = DIRECTION('', (-0., 0., 1.));
#5088 = DIRECTION('', (-0., 1., -0.));
#5089 = AXIS2_PLACEMENT_3D('', #5086, #5087, #5088);
#5090 = CYLINDRICAL_SURFACE('', #5089, 3.);
#5091 = CARTESIAN_POINT('', (0., 27., 2.));
#5092 = DIRECTION('', (-1., -0., 0.));
#5093 = AXIS2_PLACEMENT_3D('', #5091, #5092, $);
#5094 = PLANE('', #5093);
#5095 = CARTESIAN_POINT('', (3., 3., 2.));
#5096 = DIRECTION('', (0., 0., 1.));
#5097 = DIRECTION('', (-1., 0., 0.));
#5098 = AXIS2_PLACEMENT_3D('', #5095, #5096, #5097);
#5099 = CYLINDRICAL_SURFACE('', #5098, 3.);
#5100 = CARTESIAN_POINT('', (102., 0., 2.));
#5101 = DIRECTION('', (0., -1., 0.));
#5102 = AXIS2_PLACEMENT_3D('', #5100, #5101, $);
#5103 = PLANE('', #5102);
#5104 = CARTESIAN_POINT('', (62., -27., 2.));
#5105 = DIRECTION('', (0., 0., 1.));
#5106 = DIRECTION('', (-0., -1., 0.));
#5107 = AXIS2_PLACEMENT_3D('', #5104, #5105, #5106);
#5108 = CYLINDRICAL_SURFACE('', #5107, 3.);
#5109 = CARTESIAN_POINT('', (65., -13.5, 2.));
#5110 = DIRECTION('', (1., -0., 0.));
#5111 = AXIS2_PLACEMENT_3D('', #5109, #5110, $);
#5112 = PLANE('', #5111);
#5113 = CARTESIAN_POINT('', (40., -13.5, 2.));
#5114 = DIRECTION('', (-1., -0., 0.));
#5115 = AXIS2_PLACEMENT_3D('', #5113, #5114, $);
#5116 = PLANE('', #5115);
#5117 = CARTESIAN_POINT('', (43., -27., 2.));
#5118 = DIRECTION('', (0., 0., 1.));
#5119 = DIRECTION('', (-1., -0., 0.));
#5120 = AXIS2_PLACEMENT_3D('', #5117, #5118, #5119);
#5121 = CYLINDRICAL_SURFACE('', #5120, 3.);
#5122 = CARTESIAN_POINT('', (52.5, -30., 2.));
#5123 = DIRECTION('', (0., -1., 0.));
#5124 = AXIS2_PLACEMENT_3D('', #5122, #5123, $);
#5125 = PLANE('', #5124);
#5126 = CARTESIAN_POINT('', (162., -27., 2.));
#5127 = DIRECTION('', (-0., -0., 1.));
#5128 = DIRECTION('', (0., -1., 0.));
#5129 = AXIS2_PLACEMENT_3D('', #5126, #5127, #5128);
#5130 = CYLINDRICAL_SURFACE('', #5129, 3.);
#5131 = CARTESIAN_POINT('', (165., -13.5, 2.));
#5132 = DIRECTION('', (1., -0., 0.));
#5133 = AXIS2_PLACEMENT_3D('', #5131, #5132, $);
#5134 = PLANE('', #5133);
#5135 = CARTESIAN_POINT('', (140., -13.5, 2.));
#5136 = DIRECTION('', (-1., -0., 0.));
#5137 = AXIS2_PLACEMENT_3D('', #5135, #5136, $);
#5138 = PLANE('', #5137);
#5139 = CARTESIAN_POINT('', (143., -27., 2.));
#5140 = DIRECTION('', (0., -0., 1.));
#5141 = DIRECTION('', (-1., 0., 0.));
#5142 = AXIS2_PLACEMENT_3D('', #5139, #5140, #5141);
#5143 = CYLINDRICAL_SURFACE('', #5142, 3.);
#5144 = CARTESIAN_POINT('', (152.5, -30., 2.));
#5145 = DIRECTION('', (0., -1., 0.));
#5146 = AXIS2_PLACEMENT_3D('', #5144, #5145, $);
#5147 = PLANE('', #5146);
#5148 = CARTESIAN_POINT('', (65., 67.5, 2.));
#5149 = DIRECTION('', (1., -0., 0.));
#5150 = AXIS2_PLACEMENT_3D('', #5148, #5149, $);
#5151 = PLANE('', #5150);
#5152 = CARTESIAN_POINT('', (62., 81., 2.));
#5153 = DIRECTION('', (-0., -0., 1.));
#5154 = DIRECTION('', (1., -0., 0.));
#5155 = AXIS2_PLACEMENT_3D('', #5152, #5153, #5154);
#5156 = CYLINDRICAL_SURFACE('', #5155, 3.);
#5157 = CARTESIAN_POINT('', (52.5, 84., 2.));
#5158 = DIRECTION('', (0., 1., -0.));
#5159 = AXIS2_PLACEMENT_3D('', #5157, #5158, $);
#5160 = PLANE('', #5159);
#5161 = CARTESIAN_POINT('', (43., 81., 2.));
#5162 = DIRECTION('', (0., -0., 1.));
#5163 = DIRECTION('', (0., 1., 0.));
#5164 = AXIS2_PLACEMENT_3D('', #5161, #5162, #5163);
#5165 = CYLINDRICAL_SURFACE('', #5164, 3.);
#5166 = CARTESIAN_POINT('', (40., 67.5, 2.));
#5167 = DIRECTION('', (-1., -0., 0.));
#5168 = AXIS2_PLACEMENT_3D('', #5166, #5167, $);
#5169 = PLANE('', #5168);
#5170 = CARTESIAN_POINT('', (165., 67.5, 2.));
#5171 = DIRECTION('', (1., -0., 0.));
#5172 = AXIS2_PLACEMENT_3D('', #5170, #5171, $);
#5173 = PLANE('', #5172);
#5174 = CARTESIAN_POINT('', (162., 81., 2.));
#5175 = DIRECTION('', (-0., -0., 1.));
#5176 = DIRECTION('', (1., -0., 0.));
#5177 = AXIS2_PLACEMENT_3D('', #5174, #5175, #5176);
#5178 = CYLINDRICAL_SURFACE('', #5177, 3.);
#5179 = CARTESIAN_POINT('', (152.5, 84., 2.));
#5180 = DIRECTION('', (0., 1., -0.));
#5181 = AXIS2_PLACEMENT_3D('', #5179, #5180, $);
#5182 = PLANE('', #5181);
#5183 = CARTESIAN_POINT('', (143., 81., 2.));
#5184 = DIRECTION('', (0., -0., 1.));
#5185 = DIRECTION('', (0., 1., 0.));
#5186 = AXIS2_PLACEMENT_3D('', #5183, #5184, #5185);
#5187 = CYLINDRICAL_SURFACE('', #5186, 3.);
#5188 = CARTESIAN_POINT('', (140., 67.5, 2.));
#5189 = DIRECTION('', (-1., -0., 0.));
#5190 = AXIS2_PLACEMENT_3D('', #5188, #5189, $);
#5191 = PLANE('', #5190);
#5192 = CARTESIAN_POINT('', (140., 54., 0.));
#5193 = DIRECTION('', (0., -0., 1.));
#5194 = AXIS2_PLACEMENT_3D('', #5192, #5193, $);
#5195 = PLANE('', #5194);
#5196 = CARTESIAN_POINT('', (140., 54., 4.));
#5197 = DIRECTION('', (0., -0., 1.));
#5198 = AXIS2_PLACEMENT_3D('', #5196, #5197, $);
#5199 = PLANE('', #5198);
#5200 = CARTESIAN_POINT('', (64., -23., 2.));
#5201 = DIRECTION('', (1., -0., 0.));
#5202 = AXIS2_PLACEMENT_3D('', #5200, #5201, $);
#5203 = PLANE('', #5202);
#5204 = CARTESIAN_POINT('', (52.5, -21., 2.));
#5205 = DIRECTION('', (0., 1., -0.));
#5206 = AXIS2_PLACEMENT_3D('', #5204, #5205, $);
#5207 = PLANE('', #5206);
#5208 = CARTESIAN_POINT('', (41., -23., 2.));
#5209 = DIRECTION('', (-1., -0., 0.));
#5210 = AXIS2_PLACEMENT_3D('', #5208, #5209, $);
#5211 = PLANE('', #5210);
#5212 = CARTESIAN_POINT('', (52.5, -25., 2.));
#5213 = DIRECTION('', (0., -1., 0.));
#5214 = AXIS2_PLACEMENT_3D('', #5212, #5213, $);
#5215 = PLANE('', #5214);
#5216 = CARTESIAN_POINT('', (64., 77., 2.));
#5217 = DIRECTION('', (1., -0., 0.));
#5218 = AXIS2_PLACEMENT_3D('', #5216, #5217, $);
#5219 = PLANE('', #5218);
#5220 = CARTESIAN_POINT('', (52.5, 79., 2.));
#5221 = DIRECTION('', (0., 1., -0.));
#5222 = AXIS2_PLACEMENT_3D('', #5220, #5221, $);
#5223 = PLANE('', #5222);
#5224 = CARTESIAN_POINT('', (41., 77., 2.));
#5225 = DIRECTION('', (-1., -0., 0.));
#5226 = AXIS2_PLACEMENT_3D('', #5224, #5225, $);
#5227 = PLANE('', #5226);
#5228 = CARTESIAN_POINT('', (52.5, 75., 2.));
#5229 = DIRECTION('', (0., -1., 0.));
#5230 = AXIS2_PLACEMENT_3D('', #5228, #5229, $);
#5231 = PLANE('', #5230);
#5232 = CARTESIAN_POINT('', (164., -23., 2.));
#5233 = DIRECTION('', (1., -0., 0.));
#5234 = AXIS2_PLACEMENT_3D('', #5232, #5233, $);
#5235 = PLANE('', #5234);
#5236 = CARTESIAN_POINT('', (152.5, -21., 2.));
#5237 = DIRECTION('', (0., 1., -0.));
#5238 = AXIS2_PLACEMENT_3D('', #5236, #5237, $);
#5239 = PLANE('', #5238);
#5240 = CARTESIAN_POINT('', (141., -23., 2.));
#5241 = DIRECTION('', (-1., -0., 0.));
#5242 = AXIS2_PLACEMENT_3D('', #5240, #5241, $);
#5243 = PLANE('', #5242);
#5244 = CARTESIAN_POINT('', (152.5, -25., 2.));
#5245 = DIRECTION('', (0., -1., 0.));
#5246 = AXIS2_PLACEMENT_3D('', #5244, #5245, $);
#5247 = PLANE('', #5246);
#5248 = CARTESIAN_POINT('', (164., 77., 2.));
#5249 = DIRECTION('', (1., -0., 0.));
#5250 = AXIS2_PLACEMENT_3D('', #5248, #5249, $);
#5251 = PLANE('', #5250);
#5252 = CARTESIAN_POINT('', (152.5, 79., 2.));
#5253 = DIRECTION('', (0., 1., -0.));
#5254 = AXIS2_PLACEMENT_3D('', #5252, #5253, $);
#5255 = PLANE('', #5254);
#5256 = CARTESIAN_POINT('', (141., 77., 2.));
#5257 = DIRECTION('', (-1., -0., 0.));
#5258 = AXIS2_PLACEMENT_3D('', #5256, #5257, $);
#5259 = PLANE('', #5258);
#5260 = CARTESIAN_POINT('', (152.5, 75., 2.));
#5261 = DIRECTION('', (0., -1., 0.));
#5262 = AXIS2_PLACEMENT_3D('', #5260, #5261, $);
#5263 = PLANE('', #5262);
#5264 = CARTESIAN_POINT('', (78., 27., 2.7));
#5265 = DIRECTION('', (1., -0., 0.));
#5266 = AXIS2_PLACEMENT_3D('', #5264, #5265, $);
#5267 = PLANE('', #5266);
#5268 = CARTESIAN_POINT('', (43., 47., 2.7));
#5269 = DIRECTION('', (0., 1., -0.));
#5270 = AXIS2_PLACEMENT_3D('', #5268, #5269, $);
#5271 = PLANE('', #5270);
#5272 = CARTESIAN_POINT('', (8., 27., 2.7));
#5273 = DIRECTION('', (-1., -0., 0.));
#5274 = AXIS2_PLACEMENT_3D('', #5272, #5273, $);
#5275 = PLANE('', #5274);
#5276 = CARTESIAN_POINT('', (43., 7., 2.7));
#5277 = DIRECTION('', (0., -1., 0.));
#5278 = AXIS2_PLACEMENT_3D('', #5276, #5277, $);
#5279 = PLANE('', #5278);
#5280 = CARTESIAN_POINT('', (8., 7., 1.));
#5281 = DIRECTION('', (0., -0., 1.));
#5282 = AXIS2_PLACEMENT_3D('', #5280, #5281, $);
#5283 = PLANE('', #5282);
#5284 = CARTESIAN_POINT('', (57., 27., 0.8));
#5285 = DIRECTION('', (-0., -0., 1.));
#5286 = DIRECTION('', (1., -0., 0.));
#5287 = AXIS2_PLACEMENT_3D('', #5284, #5285, #5286);
#5288 = CYLINDRICAL_SURFACE('', #5287, 11.);
#5289 = CARTESIAN_POINT('', (72., 27., 0.8));
#5290 = DIRECTION('', (0., -0., 1.));
#5291 = DIRECTION('', (1., 0., 0.));
#5292 = AXIS2_PLACEMENT_3D('', #5289, #5290, #5291);
#5293 = CYLINDRICAL_SURFACE('', #5292, 11.);
#5294 = CARTESIAN_POINT('', (72., 27., 2.));
#5295 = DIRECTION('', (0., -0., 1.));
#5296 = AXIS2_PLACEMENT_3D('', #5294, #5295, $);
#5297 = PLANE('', #5296);
#5298 = CARTESIAN_POINT('', (87., 27., 0.8));
#5299 = DIRECTION('', (-0., -0., 1.));
#5300 = DIRECTION('', (1., -0., 0.));
#5301 = AXIS2_PLACEMENT_3D('', #5298, #5299, #5300);
#5302 = CYLINDRICAL_SURFACE('', #5301, 11.);
#5303 = CARTESIAN_POINT('', (87., 27., 2.));
#5304 = DIRECTION('', (0., -0., 1.));
#5305 = AXIS2_PLACEMENT_3D('', #5303, #5304, $);
#5306 = PLANE('', #5305);
#5307 = CARTESIAN_POINT('', (102., 27., 0.8));
#5308 = DIRECTION('', (0., -0., 1.));
#5309 = DIRECTION('', (1., 0., 0.));
#5310 = AXIS2_PLACEMENT_3D('', #5307, #5308, #5309);
#5311 = CYLINDRICAL_SURFACE('', #5310, 11.);
#5312 = CARTESIAN_POINT('', (102., 27., 2.));
#5313 = DIRECTION('', (0., -0., 1.));
#5314 = AXIS2_PLACEMENT_3D('', #5312, #5313, $);
#5315 = PLANE('', #5314);
#5316 = CARTESIAN_POINT('', (4., 4., 2.));
#5317 = DIRECTION('', (0., -0., 1.));
#5318 = DIRECTION('', (1., 0., 0.));
#5319 = AXIS2_PLACEMENT_3D('', #5316, #5317, #5318);
#5320 = CYLINDRICAL_SURFACE('', #5319, 1.1);
#5321 = CARTESIAN_POINT('', (4., 50., 2.));
#5322 = DIRECTION('', (0., -0., 1.));
#5323 = DIRECTION('', (1., 0., 0.));
#5324 = AXIS2_PLACEMENT_3D('', #5321, #5322, #5323);
#5325 = CYLINDRICAL_SURFACE('', #5324, 1.1);
#5326 = CARTESIAN_POINT('', (200., 4., 2.));
#5327 = DIRECTION('', (0., -0., 1.));
#5328 = DIRECTION('', (1., 0., 0.));
#5329 = AXIS2_PLACEMENT_3D('', #5326, #5327, #5328);
#5330 = CYLINDRICAL_SURFACE('', #5329, 1.1);
#5331 = CARTESIAN_POINT('', (200., 50., 2.));
#5332 = DIRECTION('', (0., -0., 1.));
#5333 = DIRECTION('', (1., 0., 0.));
#5334 = AXIS2_PLACEMENT_3D('', #5331, #5332, #5333);
#5335 = CYLINDRICAL_SURFACE('', #5334, 1.1);
#5336 = CARTESIAN_POINT('', (201., 3., 10.));
#5337 = DIRECTION('', (-0., 0., 1.));
#5338 = DIRECTION('', (-0., -1., 0.));
#5339 = AXIS2_PLACEMENT_3D('', #5336, #5337, #5338);
#5340 = CYLINDRICAL_SURFACE('', #5339, 3.);
#5341 = CARTESIAN_POINT('', (201., 51., 10.));
#5342 = DIRECTION('', (0., -0., 1.));
#5343 = DIRECTION('', (1., 0., 0.));
#5344 = AXIS2_PLACEMENT_3D('', #5341, #5342, #5343);
#5345 = CYLINDRICAL_SURFACE('', #5344, 3.);
#5346 = CARTESIAN_POINT('', (102., 54., 10.));
#5347 = DIRECTION('', (0., 1., -0.));
#5348 = AXIS2_PLACEMENT_3D('', #5346, #5347, $);
#5349 = PLANE('', #5348);
#5350 = CARTESIAN_POINT('', (3., 51., 10.));
#5351 = DIRECTION('', (0., -0., 1.));
#5352 = DIRECTION('', (-0., 1., 0.));
#5353 = AXIS2_PLACEMENT_3D('', #5350, #5351, #5352);
#5354 = CYLINDRICAL_SURFACE('', #5353, 3.);
#5355 = CARTESIAN_POINT('', (0., 27., 10.));
#5356 = DIRECTION('', (-1., -0., 0.));
#5357 = AXIS2_PLACEMENT_3D('', #5355, #5356, $);
#5358 = PLANE('', #5357);
#5359 = CARTESIAN_POINT('', (3., 3., 10.));
#5360 = DIRECTION('', (0., 0., 1.));
#5361 = DIRECTION('', (-1., 0., 0.));
#5362 = AXIS2_PLACEMENT_3D('', #5359, #5360, #5361);
#5363 = CYLINDRICAL_SURFACE('', #5362, 3.);
#5364 = CARTESIAN_POINT('', (102., 0., 10.));
#5365 = DIRECTION('', (0., -1., 0.));
#5366 = AXIS2_PLACEMENT_3D('', #5364, #5365, $);
#5367 = PLANE('', #5366);
#5368 = CARTESIAN_POINT('', (0., 0., 4.));
#5369 = DIRECTION('', (0., -0., 1.));
#5370 = AXIS2_PLACEMENT_3D('', #5368, #5369, $);
#5371 = PLANE('', #5370);
#5372 = CARTESIAN_POINT('', (0., 0., 16.));
#5373 = DIRECTION('', (0., -0., 1.));
#5374 = AXIS2_PLACEMENT_3D('', #5372, #5373, $);
#5375 = PLANE('', #5374);
#5376 = CARTESIAN_POINT('', (201., 3., 9.25));
#5377 = DIRECTION('', (0., 0., 1.));
#5378 = DIRECTION('', (-0., -1., 0.));
#5379 = AXIS2_PLACEMENT_3D('', #5376, #5377, #5378);
#5380 = CYLINDRICAL_SURFACE('', #5379, 1.5);
#5381 = CARTESIAN_POINT('', (202.5, 3., 4.));
#5382 = DIRECTION('', (1., -0., 0.));
#5383 = AXIS2_PLACEMENT_3D('', #5381, #5382, $);
#5384 = PLANE('', #5383);
#5385 = CARTESIAN_POINT('', (201., 51., 9.25));
#5386 = DIRECTION('', (-0., -0., 1.));
#5387 = DIRECTION('', (1., -0., 0.));
#5388 = AXIS2_PLACEMENT_3D('', #5385, #5386, #5387);
#5389 = CYLINDRICAL_SURFACE('', #5388, 1.5);
#5390 = CARTESIAN_POINT('', (201., 52.5, 4.));
#5391 = DIRECTION('', (0., 1., -0.));
#5392 = AXIS2_PLACEMENT_3D('', #5390, #5391, $);
#5393 = PLANE('', #5392);
#5394 = CARTESIAN_POINT('', (3., 51., 9.25));
#5395 = DIRECTION('', (0., -0., 1.));
#5396 = DIRECTION('', (-0., 1., 0.));
#5397 = AXIS2_PLACEMENT_3D('', #5394, #5395, #5396);
#5398 = CYLINDRICAL_SURFACE('', #5397, 1.5);
#5399 = CARTESIAN_POINT('', (1.5, 51., 4.));
#5400 = DIRECTION('', (-1., -0., 0.));
#5401 = AXIS2_PLACEMENT_3D('', #5399, #5400, $);
#5402 = PLANE('', #5401);
#5403 = CARTESIAN_POINT('', (3., 3., 9.25));
#5404 = DIRECTION('', (0., 0., 1.));
#5405 = DIRECTION('', (-1., -0., 0.));
#5406 = AXIS2_PLACEMENT_3D('', #5403, #5404, #5405);
#5407 = CYLINDRICAL_SURFACE('', #5406, 1.5);
#5408 = CARTESIAN_POINT('', (3., 1.5, 4.));
#5409 = DIRECTION('', (0., -1., 0.));
#5410 = AXIS2_PLACEMENT_3D('', #5408, #5409, $);
#5411 = PLANE('', #5410);
#5412 = CARTESIAN_POINT('', (201., 1.5, 14.5));
#5413 = DIRECTION('', (0., -0., 1.));
#5414 = AXIS2_PLACEMENT_3D('', #5412, #5413, $);
#5415 = PLANE('', #5414);
#5416 = CARTESIAN_POINT('', (4., 4., 13.125));
#5417 = DIRECTION('', (0., -0., 1.));
#5418 = DIRECTION('', (1., 0., 0.));
#5419 = AXIS2_PLACEMENT_3D('', #5416, #5417, #5418);
#5420 = CYLINDRICAL_SURFACE('', #5419, 1.5);
#5421 = CARTESIAN_POINT('', (4., 4., 11.5));
#5422 = DIRECTION('', (0., -0., 1.));
#5423 = AXIS2_PLACEMENT_3D('', #5421, #5422, $);
#5424 = PLANE('', #5423);
#5425 = CARTESIAN_POINT('', (4., 50., 13.125));
#5426 = DIRECTION('', (0., -0., 1.));
#5427 = DIRECTION('', (1., 0., 0.));
#5428 = AXIS2_PLACEMENT_3D('', #5425, #5426, #5427);
#5429 = CYLINDRICAL_SURFACE('', #5428, 1.5);
#5430 = CARTESIAN_POINT('', (4., 50., 11.5));
#5431 = DIRECTION('', (0., -0., 1.));
#5432 = AXIS2_PLACEMENT_3D('', #5430, #5431, $);
#5433 = PLANE('', #5432);
#5434 = CARTESIAN_POINT('', (200., 4., 13.125));
#5435 = DIRECTION('', (-0., -0., 1.));
#5436 = DIRECTION('', (1., -0., 0.));
#5437 = AXIS2_PLACEMENT_3D('', #5434, #5435, #5436);
#5438 = CYLINDRICAL_SURFACE('', #5437, 1.5);
#5439 = CARTESIAN_POINT('', (200., 4., 11.5));
#5440 = DIRECTION('', (0., -0., 1.));
#5441 = AXIS2_PLACEMENT_3D('', #5439, #5440, $);
#5442 = PLANE('', #5441);
#5443 = CARTESIAN_POINT('', (200., 50., 13.125));
#5444 = DIRECTION('', (-0., -0., 1.));
#5445 = DIRECTION('', (1., -0., 0.));
#5446 = AXIS2_PLACEMENT_3D('', #5443, #5444, #5445);
#5447 = CYLINDRICAL_SURFACE('', #5446, 1.5);
#5448 = CARTESIAN_POINT('', (200., 50., 11.5));
#5449 = DIRECTION('', (0., -0., 1.));
#5450 = AXIS2_PLACEMENT_3D('', #5448, #5449, $);
#5451 = PLANE('', #5450);
#5452 = CARTESIAN_POINT('', (203.3, 0., 4.));
#5453 = DIRECTION('', (1., -0., 0.));
#5454 = AXIS2_PLACEMENT_3D('', #5452, #5453, $);
#5455 = PLANE('', #5454);
#5456 = CARTESIAN_POINT('', (0.75, 31.5, 8.));
#5457 = DIRECTION('', (0., 1., 0.));
#5458 = AXIS2_PLACEMENT_3D('', #5456, #5457, $);
#5459 = PLANE('', #5458);
#5460 = CARTESIAN_POINT('', (0.75, 27., 9.75));
#5461 = DIRECTION('', (-0., -0., 1.));
#5462 = AXIS2_PLACEMENT_3D('', #5460, #5461, $);
#5463 = PLANE('', #5462);
#5464 = CARTESIAN_POINT('', (0.75, 22.5, 8.));
#5465 = DIRECTION('', (0., -1., 0.));
#5466 = AXIS2_PLACEMENT_3D('', #5464, #5465, $);
#5467 = PLANE('', #5466);
#5468 = CARTESIAN_POINT('', (0.75, 27., 6.25));
#5469 = DIRECTION('', (0., -0., -1.));
#5470 = AXIS2_PLACEMENT_3D('', #5468, #5469, $);
#5471 = PLANE('', #5470);
#5472 = CARTESIAN_POINT('', (0.75, 12., 8.));
#5473 = DIRECTION('', (0., 1., 0.));
#5474 = AXIS2_PLACEMENT_3D('', #5472, #5473, $);
#5475 = PLANE('', #5474);
#5476 = CARTESIAN_POINT('', (0.75, 10., 9.5));
#5477 = DIRECTION('', (-0., -0., 1.));
#5478 = AXIS2_PLACEMENT_3D('', #5476, #5477, $);
#5479 = PLANE('', #5478);
#5480 = CARTESIAN_POINT('', (0.75, 8., 8.));
#5481 = DIRECTION('', (0., -1., 0.));
#5482 = AXIS2_PLACEMENT_3D('', #5480, #5481, $);
#5483 = PLANE('', #5482);
#5484 = CARTESIAN_POINT('', (0.75, 10., 6.5));
#5485 = DIRECTION('', (0., -0., -1.));
#5486 = AXIS2_PLACEMENT_3D('', #5484, #5485, $);
#5487 = PLANE('', #5486);
#5488 = CARTESIAN_POINT('', (58.5, 53.25, 8.));
#5489 = DIRECTION('', (1., 0., 0.));
#5490 = AXIS2_PLACEMENT_3D('', #5488, #5489, $);
#5491 = PLANE('', #5490);
#5492 = CARTESIAN_POINT('', (57., 53.25, 9.25));
#5493 = DIRECTION('', (0., 0., 1.));
#5494 = AXIS2_PLACEMENT_3D('', #5492, #5493, $);
#5495 = PLANE('', #5494);
#5496 = CARTESIAN_POINT('', (55.5, 53.25, 8.));
#5497 = DIRECTION('', (-1., -0., 0.));
#5498 = AXIS2_PLACEMENT_3D('', #5496, #5497, $);
#5499 = PLANE('', #5498);
#5500 = CARTESIAN_POINT('', (57., 53.25, 6.75));
#5501 = DIRECTION('', (0., -0., -1.));
#5502 = AXIS2_PLACEMENT_3D('', #5500, #5501, $);
#5503 = PLANE('', #5502);
#5504 = CARTESIAN_POINT('', (73.5, 53.25, 8.));
#5505 = DIRECTION('', (1., 0., 0.));
#5506 = AXIS2_PLACEMENT_3D('', #5504, #5505, $);
#5507 = PLANE('', #5506);
#5508 = CARTESIAN_POINT('', (72., 53.25, 9.25));
#5509 = DIRECTION('', (0., 0., 1.));
#5510 = AXIS2_PLACEMENT_3D('', #5508, #5509, $);
#5511 = PLANE('', #5510);
#5512 = CARTESIAN_POINT('', (70.5, 53.25, 8.));
#5513 = DIRECTION('', (-1., -0., 0.));
#5514 = AXIS2_PLACEMENT_3D('', #5512, #5513, $);
#5515 = PLANE('', #5514);
#5516 = CARTESIAN_POINT('', (72., 53.25, 6.75));
#5517 = DIRECTION('', (0., -0., -1.));
#5518 = AXIS2_PLACEMENT_3D('', #5516, #5517, $);
#5519 = PLANE('', #5518);
#5520 = CARTESIAN_POINT('', (88.5, 53.25, 8.));
#5521 = DIRECTION('', (1., 0., 0.));
#5522 = AXIS2_PLACEMENT_3D('', #5520, #5521, $);
#5523 = PLANE('', #5522);
#5524 = CARTESIAN_POINT('', (87., 53.25, 9.25));
#5525 = DIRECTION('', (0., 0., 1.));
#5526 = AXIS2_PLACEMENT_3D('', #5524, #5525, $);
#5527 = PLANE('', #5526);
#5528 = CARTESIAN_POINT('', (85.5, 53.25, 8.));
#5529 = DIRECTION('', (-1., -0., 0.));
#5530 = AXIS2_PLACEMENT_3D('', #5528, #5529, $);
#5531 = PLANE('', #5530);
#5532 = CARTESIAN_POINT('', (87., 53.25, 6.75));
#5533 = DIRECTION('', (0., -0., -1.));
#5534 = AXIS2_PLACEMENT_3D('', #5532, #5533, $);
#5535 = PLANE('', #5534);
#5536 = CARTESIAN_POINT('', (103.5, 53.25, 8.));
#5537 = DIRECTION('', (1., 0., 0.));
#5538 = AXIS2_PLACEMENT_3D('', #5536, #5537, $);
#5539 = PLANE('', #5538);
#5540 = CARTESIAN_POINT('', (102., 53.25, 9.25));
#5541 = DIRECTION('', (0., 0., 1.));
#5542 = AXIS2_PLACEMENT_3D('', #5540, #5541, $);
#5543 = PLANE('', #5542);
#5544 = CARTESIAN_POINT('', (100.5, 53.25, 8.));
#5545 = DIRECTION('', (-1., -0., 0.));
#5546 = AXIS2_PLACEMENT_3D('', #5544, #5545, $);
#5547 = PLANE('', #5546);
#5548 = CARTESIAN_POINT('', (102., 53.25, 6.75));
#5549 = DIRECTION('', (0., -0., -1.));
#5550 = AXIS2_PLACEMENT_3D('', #5548, #5549, $);
#5551 = PLANE('', #5550);
#5552 = CARTESIAN_POINT('', (161., 41., 15.25));
#5553 = DIRECTION('', (-0., -0., 1.));
#5554 = DIRECTION('', (1., -0., 0.));
#5555 = AXIS2_PLACEMENT_3D('', #5552, #5553, #5554);
#5556 = CYLINDRICAL_SURFACE('', #5555, 0.75);
#5557 = CARTESIAN_POINT('', (161., 44., 15.25));
#5558 = DIRECTION('', (-0., -0., 1.));
#5559 = DIRECTION('', (1., -0., 0.));
#5560 = AXIS2_PLACEMENT_3D('', #5557, #5558, #5559);
#5561 = CYLINDRICAL_SURFACE('', #5560, 0.75);
#5562 = CARTESIAN_POINT('', (161., 47., 15.25));
#5563 = DIRECTION('', (-0., -0., 1.));
#5564 = DIRECTION('', (1., -0., 0.));
#5565 = AXIS2_PLACEMENT_3D('', #5562, #5563, #5564);
#5566 = CYLINDRICAL_SURFACE('', #5565, 0.75);
#5567 = CARTESIAN_POINT('', (164., 41., 15.25));
#5568 = DIRECTION('', (0., -0., 1.));
#5569 = DIRECTION('', (1., 0., 0.));
#5570 = AXIS2_PLACEMENT_3D('', #5567, #5568, #5569);
#5571 = CYLINDRICAL_SURFACE('', #5570, 0.75);
#5572 = CARTESIAN_POINT('', (164., 44., 15.25));
#5573 = DIRECTION('', (-0., -0., 1.));
#5574 = DIRECTION('', (1., -0., 0.));
#5575 = AXIS2_PLACEMENT_3D('', #5572, #5573, #5574);
#5576 = CYLINDRICAL_SURFACE('', #5575, 0.75);
#5577 = CARTESIAN_POINT('', (164., 47., 15.25));
#5578 = DIRECTION('', (-0., -0., 1.));
#5579 = DIRECTION('', (1., -0., 0.));
#5580 = AXIS2_PLACEMENT_3D('', #5577, #5578, #5579);
#5581 = CYLINDRICAL_SURFACE('', #5580, 0.75);
#5582 = CARTESIAN_POINT('', (167., 41., 15.25));
#5583 = DIRECTION('', (0., -0., 1.));
#5584 = DIRECTION('', (1., 0., 0.));
#5585 = AXIS2_PLACEMENT_3D('', #5582, #5583, #5584);
#5586 = CYLINDRICAL_SURFACE('', #5585, 0.75);
#5587 = CARTESIAN_POINT('', (167., 44., 15.25));
#5588 = DIRECTION('', (0., -0., 1.));
#5589 = DIRECTION('', (1., 0., 0.));
#5590 = AXIS2_PLACEMENT_3D('', #5587, #5588, #5589);
#5591 = CYLINDRICAL_SURFACE('', #5590, 0.75);
#5592 = CARTESIAN_POINT('', (167., 47., 15.25));
#5593 = DIRECTION('', (-0., -0., 1.));
#5594 = DIRECTION('', (1., -0., 0.));
#5595 = AXIS2_PLACEMENT_3D('', #5592, #5593, #5594);
#5596 = CYLINDRICAL_SURFACE('', #5595, 0.75);
#5597 = CARTESIAN_POINT('', (170., 41., 15.25));
#5598 = DIRECTION('', (0., -0., 1.));
#5599 = DIRECTION('', (1., 0., 0.));
#5600 = AXIS2_PLACEMENT_3D('', #5597, #5598, #5599);
#5601 = CYLINDRICAL_SURFACE('', #5600, 0.75);
#5602 = CARTESIAN_POINT('', (170., 44., 15.25));
#5603 = DIRECTION('', (0., -0., 1.));
#5604 = DIRECTION('', (1., 0., 0.));
#5605 = AXIS2_PLACEMENT_3D('', #5602, #5603, #5604);
#5606 = CYLINDRICAL_SURFACE('', #5605, 0.75);
#5607 = CARTESIAN_POINT('', (170., 47., 15.25));
#5608 = DIRECTION('', (0., -0., 1.));
#5609 = DIRECTION('', (1., 0., 0.));
#5610 = AXIS2_PLACEMENT_3D('', #5607, #5608, #5609);
#5611 = CYLINDRICAL_SURFACE('', #5610, 0.75);
#5612 = CARTESIAN_POINT('', (173., 41., 15.25));
#5613 = DIRECTION('', (0., -0., 1.));
#5614 = DIRECTION('', (1., 0., 0.));
#5615 = AXIS2_PLACEMENT_3D('', #5612, #5613, #5614);
#5616 = CYLINDRICAL_SURFACE('', #5615, 0.75);
#5617 = CARTESIAN_POINT('', (173., 44., 15.25));
#5618 = DIRECTION('', (0., -0., 1.));
#5619 = DIRECTION('', (1., 0., 0.));
#5620 = AXIS2_PLACEMENT_3D('', #5617, #5618, #5619);
#5621 = CYLINDRICAL_SURFACE('', #5620, 0.75);
#5622 = CARTESIAN_POINT('', (173., 47., 15.25));
#5623 = DIRECTION('', (0., -0., 1.));
#5624 = DIRECTION('', (1., 0., 0.));
#5625 = AXIS2_PLACEMENT_3D('', #5622, #5623, #5624);
#5626 = CYLINDRICAL_SURFACE('', #5625, 0.75);
#5627 = CARTESIAN_POINT('', (154.5, 47.5, 15.25));
#5628 = DIRECTION('', (0., -0., 1.));
#5629 = DIRECTION('', (1., 0., 0.));
#5630 = AXIS2_PLACEMENT_3D('', #5627, #5628, #5629);
#5631 = CYLINDRICAL_SURFACE('', #5630, 0.6);
#5632 = CARTESIAN_POINT('', (154.5, 50., 15.25));
#5633 = DIRECTION('', (0., -0., 1.));
#5634 = DIRECTION('', (1., 0., 0.));
#5635 = AXIS2_PLACEMENT_3D('', #5632, #5633, #5634);
#5636 = CYLINDRICAL_SURFACE('', #5635, 0.6);
#5637 = CARTESIAN_POINT('', (154.5, 52.5, 15.25));
#5638 = DIRECTION('', (-0., -0., 1.));
#5639 = DIRECTION('', (1., -0., 0.));
#5640 = AXIS2_PLACEMENT_3D('', #5637, #5638, #5639);
#5641 = CYLINDRICAL_SURFACE('', #5640, 0.6);
#5642 = CARTESIAN_POINT('', (154.5, 52.5, 14.1));
#5643 = DIRECTION('', (0., -0., 1.));
#5644 = AXIS2_PLACEMENT_3D('', #5642, #5643, $);
#5645 = PLANE('', #5644);
#5646 = CARTESIAN_POINT('', (157., 47.5, 15.25));
#5647 = DIRECTION('', (0., -0., 1.));
#5648 = DIRECTION('', (1., 0., 0.));
#5649 = AXIS2_PLACEMENT_3D('', #5646, #5647, #5648);
#5650 = CYLINDRICAL_SURFACE('', #5649, 0.6);
#5651 = CARTESIAN_POINT('', (157., 50., 15.25));
#5652 = DIRECTION('', (0., -0., 1.));
#5653 = DIRECTION('', (1., 0., 0.));
#5654 = AXIS2_PLACEMENT_3D('', #5651, #5652, #5653);
#5655 = CYLINDRICAL_SURFACE('', #5654, 0.6);
#5656 = CARTESIAN_POINT('', (157., 52.5, 15.25));
#5657 = DIRECTION('', (0., -0., 1.));
#5658 = DIRECTION('', (1., 0., 0.));
#5659 = AXIS2_PLACEMENT_3D('', #5656, #5657, #5658);
#5660 = CYLINDRICAL_SURFACE('', #5659, 0.6);
#5661 = CARTESIAN_POINT('', (157., 52.5, 14.1));
#5662 = DIRECTION('', (0., -0., 1.));
#5663 = AXIS2_PLACEMENT_3D('', #5661, #5662, $);
#5664 = PLANE('', #5663);
#5665 = CARTESIAN_POINT('', (159.5, 47.5, 15.25));
#5666 = DIRECTION('', (-0., -0., 1.));
#5667 = DIRECTION('', (1., -0., 0.));
#5668 = AXIS2_PLACEMENT_3D('', #5665, #5666, #5667);
#5669 = CYLINDRICAL_SURFACE('', #5668, 0.6);
#5670 = CARTESIAN_POINT('', (159.5, 50., 15.25));
#5671 = DIRECTION('', (-0., -0., 1.));
#5672 = DIRECTION('', (1., -0., 0.));
#5673 = AXIS2_PLACEMENT_3D('', #5670, #5671, #5672);
#5674 = CYLINDRICAL_SURFACE('', #5673, 0.6);
#5675 = CARTESIAN_POINT('', (159.5, 52.5, 15.25));
#5676 = DIRECTION('', (0., -0., 1.));
#5677 = DIRECTION('', (1., 0., 0.));
#5678 = AXIS2_PLACEMENT_3D('', #5675, #5676, #5677);
#5679 = CYLINDRICAL_SURFACE('', #5678, 0.6);
#5680 = CARTESIAN_POINT('', (159.5, 52.5, 14.1));
#5681 = DIRECTION('', (0., -0., 1.));
#5682 = AXIS2_PLACEMENT_3D('', #5680, #5681, $);
#5683 = PLANE('', #5682);
#5684 = CARTESIAN_POINT('', (134., 50., 15.25));
#5685 = DIRECTION('', (-0., -0., 1.));
#5686 = DIRECTION('', (1., -0., 0.));
#5687 = AXIS2_PLACEMENT_3D('', #5684, #5685, #5686);
#5688 = CYLINDRICAL_SURFACE('', #5687, 1.);
#5689 = CARTESIAN_POINT('', (138., 50., 15.25));
#5690 = DIRECTION('', (0., -0., 1.));
#5691 = DIRECTION('', (1., 0., 0.));
#5692 = AXIS2_PLACEMENT_3D('', #5689, #5690, #5691);
#5693 = CYLINDRICAL_SURFACE('', #5692, 1.);
#5694 = CARTESIAN_POINT('', (142., 50., 15.25));
#5695 = DIRECTION('', (-0., -0., 1.));
#5696 = DIRECTION('', (1., -0., 0.));
#5697 = AXIS2_PLACEMENT_3D('', #5694, #5695, #5696);
#5698 = CYLINDRICAL_SURFACE('', #5697, 1.);
#5699 = CARTESIAN_POINT('', (126., 0.25, 8.));
#5700 = DIRECTION('', (-1., 0., 0.));
#5701 = AXIS2_PLACEMENT_3D('', #5699, #5700, $);
#5702 = PLANE('', #5701);
#5703 = CARTESIAN_POINT('', (134., 0.25, 11.));
#5704 = DIRECTION('', (0., -0., 1.));
#5705 = AXIS2_PLACEMENT_3D('', #5703, #5704, $);
#5706 = PLANE('', #5705);
#5707 = CARTESIAN_POINT('', (142., 0.25, 8.));
#5708 = DIRECTION('', (1., -0., 0.));
#5709 = AXIS2_PLACEMENT_3D('', #5707, #5708, $);
#5710 = PLANE('', #5709);
#5711 = CARTESIAN_POINT('', (134., 0.25, 5.));
#5712 = DIRECTION('', (0., 0., -1.));
#5713 = AXIS2_PLACEMENT_3D('', #5711, #5712, $);
#5714 = PLANE('', #5713);
#5715 = CARTESIAN_POINT('', (142., 0.9, 5.));
#5716 = DIRECTION('', (0., 1., -0.));
#5717 = AXIS2_PLACEMENT_3D('', #5715, #5716, $);
#5718 = PLANE('', #5717);
#5719 = CARTESIAN_POINT('', (4., 4., 10.));
#5720 = DIRECTION('', (0., -0., 1.));
#5721 = DIRECTION('', (1., 0., 0.));
#5722 = AXIS2_PLACEMENT_3D('', #5719, #5720, #5721);
#5723 = CYLINDRICAL_SURFACE('', #5722, 1.1);
#5724 = CARTESIAN_POINT('', (4., 50., 10.));
#5725 = DIRECTION('', (0., -0., 1.));
#5726 = DIRECTION('', (1., 0., 0.));
#5727 = AXIS2_PLACEMENT_3D('', #5724, #5725, #5726);
#5728 = CYLINDRICAL_SURFACE('', #5727, 1.1);
#5729 = CARTESIAN_POINT('', (200., 4., 10.));
#5730 = DIRECTION('', (0., -0., 1.));
#5731 = DIRECTION('', (1., 0., 0.));
#5732 = AXIS2_PLACEMENT_3D('', #5729, #5730, #5731);
#5733 = CYLINDRICAL_SURFACE('', #5732, 1.1);
#5734 = CARTESIAN_POINT('', (200., 50., 10.));
#5735 = DIRECTION('', (0., -0., 1.));
#5736 = DIRECTION('', (1., 0., 0.));
#5737 = AXIS2_PLACEMENT_3D('', #5734, #5735, #5736);
#5738 = CYLINDRICAL_SURFACE('', #5737, 1.1);
#5739 = ORIENTED_EDGE('', *, *, #4342, .T.);
#5740 = ORIENTED_EDGE('', *, *, #4343, .T.);
#5741 = ORIENTED_EDGE('', *, *, #4344, .F.);
#5742 = ORIENTED_EDGE('', *, *, #4345, .F.);
#5743 = EDGE_LOOP('', (#5739, #5740, #5741, #5742));
#5744 = FACE_BOUND('', #5743, .T.);
#5745 = ADVANCED_FACE('', (#5744), #5072, .T.);
#5746 = ORIENTED_EDGE('', *, *, #4346, .T.);
#5747 = ORIENTED_EDGE('', *, *, #4347, .T.);
#5748 = ORIENTED_EDGE('', *, *, #4348, .F.);
#5749 = ORIENTED_EDGE('', *, *, #4343, .F.);
#5750 = EDGE_LOOP('', (#5746, #5747, #5748, #5749));
#5751 = FACE_BOUND('', #5750, .T.);
#5752 = ADVANCED_FACE('', (#5751), #5076, .T.);
#5753 = ORIENTED_EDGE('', *, *, #4349, .T.);
#5754 = ORIENTED_EDGE('', *, *, #4350, .T.);
#5755 = ORIENTED_EDGE('', *, *, #4351, .F.);
#5756 = ORIENTED_EDGE('', *, *, #4347, .F.);
#5757 = EDGE_LOOP('', (#5753, #5754, #5755, #5756));
#5758 = FACE_BOUND('', #5757, .T.);
#5759 = ADVANCED_FACE('', (#5758), #5081, .T.);
#5760 = ORIENTED_EDGE('', *, *, #4352, .T.);
#5761 = ORIENTED_EDGE('', *, *, #4423, .T.);
#5762 = ORIENTED_EDGE('', *, *, #4354, .F.);
#5763 = ORIENTED_EDGE('', *, *, #4350, .F.);
#5764 = EDGE_LOOP('', (#5760, #5761, #5762, #5763));
#5765 = FACE_BOUND('', #5764, .T.);
#5766 = ADVANCED_FACE('', (#5765), #5085, .T.);
#5767 = ORIENTED_EDGE('', *, *, #4355, .T.);
#5768 = ORIENTED_EDGE('', *, *, #4356, .T.);
#5769 = ORIENTED_EDGE('', *, *, #4357, .F.);
#5770 = ORIENTED_EDGE('', *, *, #4353, .F.);
#5771 = EDGE_LOOP('', (#5767, #5768, #5769, #5770));
#5772 = FACE_BOUND('', #5771, .T.);
#5773 = ADVANCED_FACE('', (#5772), #5090, .T.);
#5774 = ORIENTED_EDGE('', *, *, #4358, .T.);
#5775 = ORIENTED_EDGE('', *, *, #4359, .T.);
#5776 = ORIENTED_EDGE('', *, *, #4360, .F.);
#5777 = ORIENTED_EDGE('', *, *, #4356, .F.);
#5778 = EDGE_LOOP('', (#5774, #5775, #5776, #5777));
#5779 = FACE_BOUND('', #5778, .T.);
#5780 = ADVANCED_FACE('', (#5779), #5094, .T.);
#5781 = ORIENTED_EDGE('', *, *, #4361, .T.);
#5782 = ORIENTED_EDGE('', *, *, #4362, .T.);
#5783 = ORIENTED_EDGE('', *, *, #4363, .F.);
#5784 = ORIENTED_EDGE('', *, *, #4359, .F.);
#5785 = EDGE_LOOP('', (#5781, #5782, #5783, #5784));
#5786 = FACE_BOUND('', #5785, .T.);
#5787 = ADVANCED_FACE('', (#5786), #5099, .T.);
#5788 = ORIENTED_EDGE('', *, *, #4364, .T.);
#5789 = ORIENTED_EDGE('', *, *, #4373, .T.);
#5790 = ORIENTED_EDGE('', *, *, #4365, .F.);
#5791 = ORIENTED_EDGE('', *, *, #4362, .F.);
#5792 = EDGE_LOOP('', (#5788, #5789, #5790, #5791));
#5793 = FACE_BOUND('', #5792, .T.);
#5794 = ADVANCED_FACE('', (#5793), #5103, .T.);
#5795 = ORIENTED_EDGE('', *, *, #4366, .T.);
#5796 = ORIENTED_EDGE('', *, *, #4367, .T.);
#5797 = ORIENTED_EDGE('', *, *, #4368, .F.);
#5798 = ORIENTED_EDGE('', *, *, #4369, .F.);
#5799 = EDGE_LOOP('', (#5795, #5796, #5797, #5798));
#5800 = FACE_BOUND('', #5799, .T.);
#5801 = ADVANCED_FACE('', (#5800), #5108, .T.);
#5802 = ORIENTED_EDGE('', *, *, #4370, .T.);
#5803 = ORIENTED_EDGE('', *, *, #4371, .T.);
#5804 = ORIENTED_EDGE('', *, *, #4372, .F.);
#5805 = ORIENTED_EDGE('', *, *, #4367, .F.);
#5806 = EDGE_LOOP('', (#5802, #5803, #5804, #5805));
#5807 = FACE_BOUND('', #5806, .T.);
#5808 = ADVANCED_FACE('', (#5807), #5112, .T.);
#5809 = ORIENTED_EDGE('', *, *, #4374, .T.);
#5810 = ORIENTED_EDGE('', *, *, #4375, .T.);
#5811 = ORIENTED_EDGE('', *, *, #4376, .F.);
#5812 = ORIENTED_EDGE('', *, *, #4373, .F.);
#5813 = EDGE_LOOP('', (#5809, #5810, #5811, #5812));
#5814 = FACE_BOUND('', #5813, .T.);
#5815 = ADVANCED_FACE('', (#5814), #5116, .T.);
#5816 = ORIENTED_EDGE('', *, *, #4377, .T.);
#5817 = ORIENTED_EDGE('', *, *, #4378, .T.);
#5818 = ORIENTED_EDGE('', *, *, #4379, .F.);
#5819 = ORIENTED_EDGE('', *, *, #4375, .F.);
#5820 = EDGE_LOOP('', (#5816, #5817, #5818, #5819));
#5821 = FACE_BOUND('', #5820, .T.);
#5822 = ADVANCED_FACE('', (#5821), #5121, .T.);
#5823 = ORIENTED_EDGE('', *, *, #4380, .T.);
#5824 = ORIENTED_EDGE('', *, *, #4369, .T.);
#5825 = ORIENTED_EDGE('', *, *, #4381, .F.);
#5826 = ORIENTED_EDGE('', *, *, #4378, .F.);
#5827 = EDGE_LOOP('', (#5823, #5824, #5825, #5826));
#5828 = FACE_BOUND('', #5827, .T.);
#5829 = ADVANCED_FACE('', (#5828), #5125, .T.);
#5830 = ORIENTED_EDGE('', *, *, #4383, .T.);
#5831 = ORIENTED_EDGE('', *, *, #4391, .T.);
#5832 = ORIENTED_EDGE('', *, *, #4382, .F.);
#5833 = ORIENTED_EDGE('', *, *, #4371, .F.);
#5834 = EDGE_LOOP('', (#5830, #5831, #5832, #5833));
#5835 = FACE_BOUND('', #5834, .T.);
#5836 = ADVANCED_FACE('', (#5835), #5103, .T.);
#5837 = ORIENTED_EDGE('', *, *, #4384, .T.);
#5838 = ORIENTED_EDGE('', *, *, #4385, .T.);
#5839 = ORIENTED_EDGE('', *, *, #4386, .F.);
#5840 = ORIENTED_EDGE('', *, *, #4387, .F.);
#5841 = EDGE_LOOP('', (#5837, #5838, #5839, #5840));
#5842 = FACE_BOUND('', #5841, .T.);
#5843 = ADVANCED_FACE('', (#5842), #5130, .T.);
#5844 = ORIENTED_EDGE('', *, *, #4388, .T.);
#5845 = ORIENTED_EDGE('', *, *, #4389, .T.);
#5846 = ORIENTED_EDGE('', *, *, #4390, .F.);
#5847 = ORIENTED_EDGE('', *, *, #4385, .F.);
#5848 = EDGE_LOOP('', (#5844, #5845, #5846, #5847));
#5849 = FACE_BOUND('', #5848, .T.);
#5850 = ADVANCED_FACE('', (#5849), #5134, .T.);
#5851 = ORIENTED_EDGE('', *, *, #4392, .T.);
#5852 = ORIENTED_EDGE('', *, *, #4393, .T.);
#5853 = ORIENTED_EDGE('', *, *, #4394, .F.);
#5854 = ORIENTED_EDGE('', *, *, #4391, .F.);
#5855 = EDGE_LOOP('', (#5851, #5852, #5853, #5854));
#5856 = FACE_BOUND('', #5855, .T.);
#5857 = ADVANCED_FACE('', (#5856), #5138, .T.);
#5858 = ORIENTED_EDGE('', *, *, #4395, .T.);
#5859 = ORIENTED_EDGE('', *, *, #4396, .T.);
#5860 = ORIENTED_EDGE('', *, *, #4397, .F.);
#5861 = ORIENTED_EDGE('', *, *, #4393, .F.);
#5862 = EDGE_LOOP('', (#5858, #5859, #5860, #5861));
#5863 = FACE_BOUND('', #5862, .T.);
#5864 = ADVANCED_FACE('', (#5863), #5143, .T.);
#5865 = ORIENTED_EDGE('', *, *, #4398, .T.);
#5866 = ORIENTED_EDGE('', *, *, #4387, .T.);
#5867 = ORIENTED_EDGE('', *, *, #4399, .F.);
#5868 = ORIENTED_EDGE('', *, *, #4396, .F.);
#5869 = EDGE_LOOP('', (#5865, #5866, #5867, #5868));
#5870 = FACE_BOUND('', #5869, .T.);
#5871 = ADVANCED_FACE('', (#5870), #5147, .T.);
#5872 = ORIENTED_EDGE('', *, *, #4401, .T.);
#5873 = ORIENTED_EDGE('', *, *, #4345, .T.);
#5874 = ORIENTED_EDGE('', *, *, #4400, .F.);
#5875 = ORIENTED_EDGE('', *, *, #4389, .F.);
#5876 = EDGE_LOOP('', (#5872, #5873, #5874, #5875));
#5877 = FACE_BOUND('', #5876, .T.);
#5878 = ADVANCED_FACE('', (#5877), #5103, .T.);
#5879 = ORIENTED_EDGE('', *, *, #4402, .T.);
#5880 = ORIENTED_EDGE('', *, *, #4403, .T.);
#5881 = ORIENTED_EDGE('', *, *, #4404, .F.);
#5882 = ORIENTED_EDGE('', *, *, #4405, .F.);
#5883 = EDGE_LOOP('', (#5879, #5880, #5881, #5882));
#5884 = FACE_BOUND('', #5883, .T.);
#5885 = ADVANCED_FACE('', (#5884), #5151, .T.);
#5886 = ORIENTED_EDGE('', *, *, #4406, .T.);
#5887 = ORIENTED_EDGE('', *, *, #4407, .T.);
#5888 = ORIENTED_EDGE('', *, *, #4408, .F.);
#5889 = ORIENTED_EDGE('', *, *, #4403, .F.);
#5890 = EDGE_LOOP('', (#5886, #5887, #5888, #5889));
#5891 = FACE_BOUND('', #5890, .T.);
#5892 = ADVANCED_FACE('', (#5891), #5156, .T.);
#5893 = ORIENTED_EDGE('', *, *, #4409, .T.);
#5894 = ORIENTED_EDGE('', *, *, #4410, .T.);
#5895 = ORIENTED_EDGE('', *, *, #4411, .F.);
#5896 = ORIENTED_EDGE('', *, *, #4407, .F.);
#5897 = EDGE_LOOP('', (#5893, #5894, #5895, #5896));
#5898 = FACE_BOUND('', #5897, .T.);
#5899 = ADVANCED_FACE('', (#5898), #5160, .T.);
#5900 = ORIENTED_EDGE('', *, *, #4412, .T.);
#5901 = ORIENTED_EDGE('', *, *, #4413, .T.);
#5902 = ORIENTED_EDGE('', *, *, #4414, .F.);
#5903 = ORIENTED_EDGE('', *, *, #4410, .F.);
#5904 = EDGE_LOOP('', (#5900, #5901, #5902, #5903));
#5905 = FACE_BOUND('', #5904, .T.);
#5906 = ADVANCED_FACE('', (#5905), #5165, .T.);
#5907 = ORIENTED_EDGE('', *, *, #4415, .T.);
#5908 = ORIENTED_EDGE('', *, *, #4416, .T.);
#5909 = ORIENTED_EDGE('', *, *, #4417, .F.);
#5910 = ORIENTED_EDGE('', *, *, #4413, .F.);
#5911 = EDGE_LOOP('', (#5907, #5908, #5909, #5910));
#5912 = FACE_BOUND('', #5911, .T.);
#5913 = ADVANCED_FACE('', (#5912), #5169, .T.);
#5914 = ORIENTED_EDGE('', *, *, #4419, .T.);
#5915 = ORIENTED_EDGE('', *, *, #4353, .T.);
#5916 = ORIENTED_EDGE('', *, *, #4418, .F.);
#5917 = ORIENTED_EDGE('', *, *, #4416, .F.);
#5918 = EDGE_LOOP('', (#5914, #5915, #5916, #5917));
#5919 = FACE_BOUND('', #5918, .T.);
#5920 = ADVANCED_FACE('', (#5919), #5085, .T.);
#5921 = ORIENTED_EDGE('', *, *, #4420, .T.);
#5922 = ORIENTED_EDGE('', *, *, #4421, .T.);
#5923 = ORIENTED_EDGE('', *, *, #4422, .F.);
#5924 = ORIENTED_EDGE('', *, *, #4423, .F.);
#5925 = EDGE_LOOP('', (#5921, #5922, #5923, #5924));
#5926 = FACE_BOUND('', #5925, .T.);
#5927 = ADVANCED_FACE('', (#5926), #5173, .T.);
#5928 = ORIENTED_EDGE('', *, *, #4424, .T.);
#5929 = ORIENTED_EDGE('', *, *, #4425, .T.);
#5930 = ORIENTED_EDGE('', *, *, #4426, .F.);
#5931 = ORIENTED_EDGE('', *, *, #4421, .F.);
#5932 = EDGE_LOOP('', (#5928, #5929, #5930, #5931));
#5933 = FACE_BOUND('', #5932, .T.);
#5934 = ADVANCED_FACE('', (#5933), #5178, .T.);
#5935 = ORIENTED_EDGE('', *, *, #4427, .T.);
#5936 = ORIENTED_EDGE('', *, *, #4428, .T.);
#5937 = ORIENTED_EDGE('', *, *, #4429, .F.);
#5938 = ORIENTED_EDGE('', *, *, #4425, .F.);
#5939 = EDGE_LOOP('', (#5935, #5936, #5937, #5938));
#5940 = FACE_BOUND('', #5939, .T.);
#5941 = ADVANCED_FACE('', (#5940), #5182, .T.);
#5942 = ORIENTED_EDGE('', *, *, #4430, .T.);
#5943 = ORIENTED_EDGE('', *, *, #4431, .T.);
#5944 = ORIENTED_EDGE('', *, *, #4432, .F.);
#5945 = ORIENTED_EDGE('', *, *, #4428, .F.);
#5946 = EDGE_LOOP('', (#5942, #5943, #5944, #5945));
#5947 = FACE_BOUND('', #5946, .T.);
#5948 = ADVANCED_FACE('', (#5947), #5187, .T.);
#5949 = ORIENTED_EDGE('', *, *, #4433, .T.);
#5950 = ORIENTED_EDGE('', *, *, #4434, .T.);
#5951 = ORIENTED_EDGE('', *, *, #4435, .F.);
#5952 = ORIENTED_EDGE('', *, *, #4431, .F.);
#5953 = EDGE_LOOP('', (#5949, #5950, #5951, #5952));
#5954 = FACE_BOUND('', #5953, .T.);
#5955 = ADVANCED_FACE('', (#5954), #5191, .T.);
#5956 = ORIENTED_EDGE('', *, *, #4433, .F.);
#5957 = ORIENTED_EDGE('', *, *, #4430, .F.);
#5958 = ORIENTED_EDGE('', *, *, #4427, .F.);
#5959 = ORIENTED_EDGE('', *, *, #4424, .F.);
#5960 = ORIENTED_EDGE('', *, *, #4420, .F.);
#5961 = ORIENTED_EDGE('', *, *, #4352, .F.);
#5962 = ORIENTED_EDGE('', *, *, #4349, .F.);
#5963 = ORIENTED_EDGE('', *, *, #4346, .F.);
#5964 = ORIENTED_EDGE('', *, *, #4342, .F.);
#5965 = ORIENTED_EDGE('', *, *, #4401, .F.);
#5966 = ORIENTED_EDGE('', *, *, #4388, .F.);
#5967 = ORIENTED_EDGE('', *, *, #4384, .F.);
#5968 = ORIENTED_EDGE('', *, *, #4398, .F.);
#5969 = ORIENTED_EDGE('', *, *, #4395, .F.);
#5970 = ORIENTED_EDGE('', *, *, #4392, .F.);
#5971 = ORIENTED_EDGE('', *, *, #4383, .F.);
#5972 = ORIENTED_EDGE('', *, *, #4370, .F.);
#5973 = ORIENTED_EDGE('', *, *, #4366, .F.);
#5974 = ORIENTED_EDGE('', *, *, #4380, .F.);
#5975 = ORIENTED_EDGE('', *, *, #4377, .F.);
#5976 = ORIENTED_EDGE('', *, *, #4374, .F.);
#5977 = ORIENTED_EDGE('', *, *, #4364, .F.);
#5978 = ORIENTED_EDGE('', *, *, #4361, .F.);
#5979 = ORIENTED_EDGE('', *, *, #4358, .F.);
#5980 = ORIENTED_EDGE('', *, *, #4355, .F.);
#5981 = ORIENTED_EDGE('', *, *, #4419, .F.);
#5982 = ORIENTED_EDGE('', *, *, #4415, .F.);
#5983 = ORIENTED_EDGE('', *, *, #4412, .F.);
#5984 = ORIENTED_EDGE('', *, *, #4409, .F.);
#5985 = ORIENTED_EDGE('', *, *, #4406, .F.);
#5986 = ORIENTED_EDGE('', *, *, #4402, .F.);
#5987 = ORIENTED_EDGE('', *, *, #4437, .F.);
#5988 = ORIENTED_EDGE('', *, *, #4439, .T.);
#5989 = ORIENTED_EDGE('', *, *, #4440, .T.);
#5990 = ORIENTED_EDGE('', *, *, #4441, .T.);
#5991 = ORIENTED_EDGE('', *, *, #4438, .T.);
#5992 = ORIENTED_EDGE('', *, *, #4451, .T.);
#5993 = ORIENTED_EDGE('', *, *, #4452, .T.);
#5994 = ORIENTED_EDGE('', *, *, #4453, .T.);
#5995 = ORIENTED_EDGE('', *, *, #4450, .T.);
#5996 = ORIENTED_EDGE('', *, *, #4463, .T.);
#5997 = ORIENTED_EDGE('', *, *, #4464, .T.);
#5998 = ORIENTED_EDGE('', *, *, #4465, .T.);
#5999 = ORIENTED_EDGE('', *, *, #4462, .T.);
#6000 = ORIENTED_EDGE('', *, *, #4475, .T.);
#6001 = ORIENTED_EDGE('', *, *, #4476, .T.);
#6002 = ORIENTED_EDGE('', *, *, #4477, .T.);
#6003 = ORIENTED_EDGE('', *, *, #4474, .T.);
#6004 = ORIENTED_EDGE('', *, *, #4499, .T.);
#6005 = ORIENTED_EDGE('', *, *, #4498, .F.);
#6006 = ORIENTED_EDGE('', *, *, #4514, .F.);
#6007 = ORIENTED_EDGE('', *, *, #4526, .F.);
#6008 = ORIENTED_EDGE('', *, *, #4539, .F.);
#6009 = ORIENTED_EDGE('', *, *, #4530, .F.);
#6010 = ORIENTED_EDGE('', *, *, #4529, .T.);
#6011 = ORIENTED_EDGE('', *, *, #4540, .T.);
#6012 = ORIENTED_EDGE('', *, *, #4527, .T.);
#6013 = ORIENTED_EDGE('', *, *, #4515, .T.);
#6014 = ORIENTED_EDGE('', *, *, #4547, .T.);
#6015 = ORIENTED_EDGE('', *, *, #4546, .F.);
#6016 = ORIENTED_EDGE('', *, *, #4543, .F.);
#6017 = ORIENTED_EDGE('', *, *, #4542, .T.);
#6018 = ORIENTED_EDGE('', *, *, #4557, .T.);
#6019 = ORIENTED_EDGE('', *, *, #4556, .F.);
#6020 = ORIENTED_EDGE('', *, *, #4553, .F.);
#6021 = ORIENTED_EDGE('', *, *, #4552, .T.);
#6022 = ORIENTED_EDGE('', *, *, #4567, .T.);
#6023 = ORIENTED_EDGE('', *, *, #4566, .F.);
#6024 = ORIENTED_EDGE('', *, *, #4563, .F.);
#6025 = ORIENTED_EDGE('', *, *, #4562, .T.);
#6026 = ORIENTED_EDGE('', *, *, #4577, .T.);
#6027 = ORIENTED_EDGE('', *, *, #4576, .F.);
#6028 = ORIENTED_EDGE('', *, *, #4573, .F.);
#6029 = ORIENTED_EDGE('', *, *, #4572, .T.);
#6030 = EDGE_LOOP('', (#5956, #5957, #5958, #5959, #5960, #5961, #5962, #5963, #5964, #5965, #5966, #5967, #5968, #5969, #5970, #5971, #5972, #5973, #5974, #5975, #5976, #5977, #5978, #5979, #5980, #5981, #5982, #5983, #5984, #5985, #5986, #5987));
#6031 = FACE_BOUND('', #6030, .T.);
#6032 = EDGE_LOOP('', (#5988, #5989, #5990, #5991));
#6033 = FACE_BOUND('', #6032, .T.);
#6034 = EDGE_LOOP('', (#5992, #5993, #5994, #5995));
#6035 = FACE_BOUND('', #6034, .T.);
#6036 = EDGE_LOOP('', (#5996, #5997, #5998, #5999));
#6037 = FACE_BOUND('', #6036, .T.);
#6038 = EDGE_LOOP('', (#6000, #6001, #6002, #6003));
#6039 = FACE_BOUND('', #6038, .T.);
#6040 = EDGE_LOOP('', (#6004, #6005, #6006, #6007, #6008, #6009, #6010, #6011, #6012, #6013));
#6041 = FACE_BOUND('', #6040, .T.);
#6042 = EDGE_LOOP('', (#6014, #6015, #6016, #6017));
#6043 = FACE_BOUND('', #6042, .T.);
#6044 = EDGE_LOOP('', (#6018, #6019, #6020, #6021));
#6045 = FACE_BOUND('', #6044, .T.);
#6046 = EDGE_LOOP('', (#6022, #6023, #6024, #6025));
#6047 = FACE_BOUND('', #6046, .T.);
#6048 = EDGE_LOOP('', (#6026, #6027, #6028, #6029));
#6049 = FACE_BOUND('', #6048, .T.);
#6050 = ADVANCED_FACE('', (#6031, #6033, #6035, #6037, #6039, #6041, #6043, #6045, #6047, #6049), #5195, .F.);
#6051 = ORIENTED_EDGE('', *, *, #4436, .T.);
#6052 = ORIENTED_EDGE('', *, *, #4404, .T.);
#6053 = ORIENTED_EDGE('', *, *, #4408, .T.);
#6054 = ORIENTED_EDGE('', *, *, #4411, .T.);
#6055 = ORIENTED_EDGE('', *, *, #4414, .T.);
#6056 = ORIENTED_EDGE('', *, *, #4417, .T.);
#6057 = ORIENTED_EDGE('', *, *, #4418, .T.);
#6058 = ORIENTED_EDGE('', *, *, #4357, .T.);
#6059 = ORIENTED_EDGE('', *, *, #4360, .T.);
#6060 = ORIENTED_EDGE('', *, *, #4363, .T.);
#6061 = ORIENTED_EDGE('', *, *, #4365, .T.);
#6062 = ORIENTED_EDGE('', *, *, #4376, .T.);
#6063 = ORIENTED_EDGE('', *, *, #4379, .T.);
#6064 = ORIENTED_EDGE('', *, *, #4381, .T.);
#6065 = ORIENTED_EDGE('', *, *, #4368, .T.);
#6066 = ORIENTED_EDGE('', *, *, #4372, .T.);
#6067 = ORIENTED_EDGE('', *, *, #4382, .T.);
#6068 = ORIENTED_EDGE('', *, *, #4394, .T.);
#6069 = ORIENTED_EDGE('', *, *, #4397, .T.);
#6070 = ORIENTED_EDGE('', *, *, #4399, .T.);
#6071 = ORIENTED_EDGE('', *, *, #4386, .T.);
#6072 = ORIENTED_EDGE('', *, *, #4390, .T.);
#6073 = ORIENTED_EDGE('', *, *, #4400, .T.);
#6074 = ORIENTED_EDGE('', *, *, #4344, .T.);
#6075 = ORIENTED_EDGE('', *, *, #4348, .T.);
#6076 = ORIENTED_EDGE('', *, *, #4351, .T.);
#6077 = ORIENTED_EDGE('', *, *, #4354, .T.);
#6078 = ORIENTED_EDGE('', *, *, #4422, .T.);
#6079 = ORIENTED_EDGE('', *, *, #4426, .T.);
#6080 = ORIENTED_EDGE('', *, *, #4429, .T.);
#6081 = ORIENTED_EDGE('', *, *, #4432, .T.);
#6082 = ORIENTED_EDGE('', *, *, #4435, .T.);
#6083 = ORIENTED_EDGE('', *, *, #4442, .F.);
#6084 = ORIENTED_EDGE('', *, *, #4445, .F.);
#6085 = ORIENTED_EDGE('', *, *, #4444, .F.);
#6086 = ORIENTED_EDGE('', *, *, #4443, .F.);
#6087 = ORIENTED_EDGE('', *, *, #4454, .F.);
#6088 = ORIENTED_EDGE('', *, *, #4457, .F.);
#6089 = ORIENTED_EDGE('', *, *, #4456, .F.);
#6090 = ORIENTED_EDGE('', *, *, #4455, .F.);
#6091 = ORIENTED_EDGE('', *, *, #4466, .F.);
#6092 = ORIENTED_EDGE('', *, *, #4469, .F.);
#6093 = ORIENTED_EDGE('', *, *, #4468, .F.);
#6094 = ORIENTED_EDGE('', *, *, #4467, .F.);
#6095 = ORIENTED_EDGE('', *, *, #4478, .F.);
#6096 = ORIENTED_EDGE('', *, *, #4481, .F.);
#6097 = ORIENTED_EDGE('', *, *, #4480, .F.);
#6098 = ORIENTED_EDGE('', *, *, #4479, .F.);
#6099 = ORIENTED_EDGE('', *, *, #4494, .F.);
#6100 = ORIENTED_EDGE('', *, *, #4497, .F.);
#6101 = ORIENTED_EDGE('', *, *, #4496, .F.);
#6102 = ORIENTED_EDGE('', *, *, #4495, .F.);
#6103 = ORIENTED_EDGE('', *, *, #4544, .F.);
#6104 = ORIENTED_EDGE('', *, *, #4545, .T.);
#6105 = ORIENTED_EDGE('', *, *, #4548, .T.);
#6106 = ORIENTED_EDGE('', *, *, #4549, .F.);
#6107 = ORIENTED_EDGE('', *, *, #4554, .F.);
#6108 = ORIENTED_EDGE('', *, *, #4555, .T.);
#6109 = ORIENTED_EDGE('', *, *, #4558, .T.);
#6110 = ORIENTED_EDGE('', *, *, #4559, .F.);
#6111 = ORIENTED_EDGE('', *, *, #4564, .F.);
#6112 = ORIENTED_EDGE('', *, *, #4565, .T.);
#6113 = ORIENTED_EDGE('', *, *, #4568, .T.);
#6114 = ORIENTED_EDGE('', *, *, #4569, .F.);
#6115 = ORIENTED_EDGE('', *, *, #4574, .F.);
#6116 = ORIENTED_EDGE('', *, *, #4575, .T.);
#6117 = ORIENTED_EDGE('', *, *, #4578, .T.);
#6118 = ORIENTED_EDGE('', *, *, #4579, .F.);
#6119 = EDGE_LOOP('', (#6051, #6052, #6053, #6054, #6055, #6056, #6057, #6058, #6059, #6060, #6061, #6062, #6063, #6064, #6065, #6066, #6067, #6068, #6069, #6070, #6071, #6072, #6073, #6074, #6075, #6076, #6077, #6078, #6079, #6080, #6081, #6082));
#6120 = FACE_BOUND('', #6119, .T.);
#6121 = EDGE_LOOP('', (#6083, #6084, #6085, #6086));
#6122 = FACE_BOUND('', #6121, .T.);
#6123 = EDGE_LOOP('', (#6087, #6088, #6089, #6090));
#6124 = FACE_BOUND('', #6123, .T.);
#6125 = EDGE_LOOP('', (#6091, #6092, #6093, #6094));
#6126 = FACE_BOUND('', #6125, .T.);
#6127 = EDGE_LOOP('', (#6095, #6096, #6097, #6098));
#6128 = FACE_BOUND('', #6127, .T.);
#6129 = EDGE_LOOP('', (#6099, #6100, #6101, #6102));
#6130 = FACE_BOUND('', #6129, .T.);
#6131 = EDGE_LOOP('', (#6103, #6104, #6105, #6106));
#6132 = FACE_BOUND('', #6131, .T.);
#6133 = EDGE_LOOP('', (#6107, #6108, #6109, #6110));
#6134 = FACE_BOUND('', #6133, .T.);
#6135 = EDGE_LOOP('', (#6111, #6112, #6113, #6114));
#6136 = FACE_BOUND('', #6135, .T.);
#6137 = EDGE_LOOP('', (#6115, #6116, #6117, #6118));
#6138 = FACE_BOUND('', #6137, .T.);
#6139 = ADVANCED_FACE('', (#6120, #6122, #6124, #6126, #6128, #6130, #6132, #6134, #6136, #6138), #5199, .T.);
#6140 = ORIENTED_EDGE('', *, *, #4437, .T.);
#6141 = ORIENTED_EDGE('', *, *, #4405, .T.);
#6142 = ORIENTED_EDGE('', *, *, #4436, .F.);
#6143 = ORIENTED_EDGE('', *, *, #4434, .F.);
#6144 = EDGE_LOOP('', (#6140, #6141, #6142, #6143));
#6145 = FACE_BOUND('', #6144, .T.);
#6146 = ADVANCED_FACE('', (#6145), #5085, .T.);
#6147 = ORIENTED_EDGE('', *, *, #4441, .F.);
#6148 = ORIENTED_EDGE('', *, *, #4446, .T.);
#6149 = ORIENTED_EDGE('', *, *, #4445, .T.);
#6150 = ORIENTED_EDGE('', *, *, #4449, .F.);
#6151 = EDGE_LOOP('', (#6147, #6148, #6149, #6150));
#6152 = FACE_BOUND('', #6151, .T.);
#6153 = ADVANCED_FACE('', (#6152), #5215, .F.);
#6154 = ORIENTED_EDGE('', *, *, #4440, .F.);
#6155 = ORIENTED_EDGE('', *, *, #4447, .T.);
#6156 = ORIENTED_EDGE('', *, *, #4444, .T.);
#6157 = ORIENTED_EDGE('', *, *, #4446, .F.);
#6158 = EDGE_LOOP('', (#6154, #6155, #6156, #6157));
#6159 = FACE_BOUND('', #6158, .T.);
#6160 = ADVANCED_FACE('', (#6159), #5211, .F.);
#6161 = ORIENTED_EDGE('', *, *, #4439, .F.);
#6162 = ORIENTED_EDGE('', *, *, #4448, .T.);
#6163 = ORIENTED_EDGE('', *, *, #4443, .T.);
#6164 = ORIENTED_EDGE('', *, *, #4447, .F.);
#6165 = EDGE_LOOP('', (#6161, #6162, #6163, #6164));
#6166 = FACE_BOUND('', #6165, .T.);
#6167 = ADVANCED_FACE('', (#6166), #5207, .F.);
#6168 = ORIENTED_EDGE('', *, *, #4438, .F.);
#6169 = ORIENTED_EDGE('', *, *, #4449, .T.);
#6170 = ORIENTED_EDGE('', *, *, #4442, .T.);
#6171 = ORIENTED_EDGE('', *, *, #4448, .F.);
#6172 = EDGE_LOOP('', (#6168, #6169, #6170, #6171));
#6173 = FACE_BOUND('', #6172, .T.);
#6174 = ADVANCED_FACE('', (#6173), #5203, .F.);
#6175 = ORIENTED_EDGE('', *, *, #4453, .F.);
#6176 = ORIENTED_EDGE('', *, *, #4458, .T.);
#6177 = ORIENTED_EDGE('', *, *, #4457, .T.);
#6178 = ORIENTED_EDGE('', *, *, #4461, .F.);
#6179 = EDGE_LOOP('', (#6175, #6176, #6177, #6178));
#6180 = FACE_BOUND('', #6179, .T.);
#6181 = ADVANCED_FACE('', (#6180), #5231, .F.);
#6182 = ORIENTED_EDGE('', *, *, #4452, .F.);
#6183 = ORIENTED_EDGE('', *, *, #4459, .T.);
#6184 = ORIENTED_EDGE('', *, *, #4456, .T.);
#6185 = ORIENTED_EDGE('', *, *, #4458, .F.);
#6186 = EDGE_LOOP('', (#6182, #6183, #6184, #6185));
#6187 = FACE_BOUND('', #6186, .T.);
#6188 = ADVANCED_FACE('', (#6187), #5227, .F.);
#6189 = ORIENTED_EDGE('', *, *, #4451, .F.);
#6190 = ORIENTED_EDGE('', *, *, #4460, .T.);
#6191 = ORIENTED_EDGE('', *, *, #4455, .T.);
#6192 = ORIENTED_EDGE('', *, *, #4459, .F.);
#6193 = EDGE_LOOP('', (#6189, #6190, #6191, #6192));
#6194 = FACE_BOUND('', #6193, .T.);
#6195 = ADVANCED_FACE('', (#6194), #5223, .F.);
#6196 = ORIENTED_EDGE('', *, *, #4450, .F.);
#6197 = ORIENTED_EDGE('', *, *, #4461, .T.);
#6198 = ORIENTED_EDGE('', *, *, #4454, .T.);
#6199 = ORIENTED_EDGE('', *, *, #4460, .F.);
#6200 = EDGE_LOOP('', (#6196, #6197, #6198, #6199));
#6201 = FACE_BOUND('', #6200, .T.);
#6202 = ADVANCED_FACE('', (#6201), #5219, .F.);
#6203 = ORIENTED_EDGE('', *, *, #4465, .F.);
#6204 = ORIENTED_EDGE('', *, *, #4470, .T.);
#6205 = ORIENTED_EDGE('', *, *, #4469, .T.);
#6206 = ORIENTED_EDGE('', *, *, #4473, .F.);
#6207 = EDGE_LOOP('', (#6203, #6204, #6205, #6206));
#6208 = FACE_BOUND('', #6207, .T.);
#6209 = ADVANCED_FACE('', (#6208), #5247, .F.);
#6210 = ORIENTED_EDGE('', *, *, #4463, .F.);
#6211 = ORIENTED_EDGE('', *, *, #4472, .T.);
#6212 = ORIENTED_EDGE('', *, *, #4467, .T.);
#6213 = ORIENTED_EDGE('', *, *, #4471, .F.);
#6214 = EDGE_LOOP('', (#6210, #6211, #6212, #6213));
#6215 = FACE_BOUND('', #6214, .T.);
#6216 = ADVANCED_FACE('', (#6215), #5239, .F.);
#6217 = ORIENTED_EDGE('', *, *, #4462, .F.);
#6218 = ORIENTED_EDGE('', *, *, #4473, .T.);
#6219 = ORIENTED_EDGE('', *, *, #4466, .T.);
#6220 = ORIENTED_EDGE('', *, *, #4472, .F.);
#6221 = EDGE_LOOP('', (#6217, #6218, #6219, #6220));
#6222 = FACE_BOUND('', #6221, .T.);
#6223 = ADVANCED_FACE('', (#6222), #5235, .F.);
#6224 = ORIENTED_EDGE('', *, *, #4464, .F.);
#6225 = ORIENTED_EDGE('', *, *, #4471, .T.);
#6226 = ORIENTED_EDGE('', *, *, #4468, .T.);
#6227 = ORIENTED_EDGE('', *, *, #4470, .F.);
#6228 = EDGE_LOOP('', (#6224, #6225, #6226, #6227));
#6229 = FACE_BOUND('', #6228, .T.);
#6230 = ADVANCED_FACE('', (#6229), #5243, .F.);
#6231 = ORIENTED_EDGE('', *, *, #4477, .F.);
#6232 = ORIENTED_EDGE('', *, *, #4482, .T.);
#6233 = ORIENTED_EDGE('', *, *, #4481, .T.);
#6234 = ORIENTED_EDGE('', *, *, #4485, .F.);
#6235 = EDGE_LOOP('', (#6231, #6232, #6233, #6234));
#6236 = FACE_BOUND('', #6235, .T.);
#6237 = ADVANCED_FACE('', (#6236), #5263, .F.);
#6238 = ORIENTED_EDGE('', *, *, #4476, .F.);
#6239 = ORIENTED_EDGE('', *, *, #4483, .T.);
#6240 = ORIENTED_EDGE('', *, *, #4480, .T.);
#6241 = ORIENTED_EDGE('', *, *, #4482, .F.);
#6242 = EDGE_LOOP('', (#6238, #6239, #6240, #6241));
#6243 = FACE_BOUND('', #6242, .T.);
#6244 = ADVANCED_FACE('', (#6243), #5259, .F.);
#6245 = ORIENTED_EDGE('', *, *, #4475, .F.);
#6246 = ORIENTED_EDGE('', *, *, #4484, .T.);
#6247 = ORIENTED_EDGE('', *, *, #4479, .T.);
#6248 = ORIENTED_EDGE('', *, *, #4483, .F.);
#6249 = EDGE_LOOP('', (#6245, #6246, #6247, #6248));
#6250 = FACE_BOUND('', #6249, .T.);
#6251 = ADVANCED_FACE('', (#6250), #5255, .F.);
#6252 = ORIENTED_EDGE('', *, *, #4474, .F.);
#6253 = ORIENTED_EDGE('', *, *, #4485, .T.);
#6254 = ORIENTED_EDGE('', *, *, #4478, .T.);
#6255 = ORIENTED_EDGE('', *, *, #4484, .F.);
#6256 = EDGE_LOOP('', (#6252, #6253, #6254, #6255));
#6257 = FACE_BOUND('', #6256, .T.);
#6258 = ADVANCED_FACE('', (#6257), #5251, .F.);
#6259 = ORIENTED_EDGE('', *, *, #4488, .T.);
#6260 = ORIENTED_EDGE('', *, *, #4494, .T.);
#6261 = ORIENTED_EDGE('', *, *, #4487, .F.);
#6262 = ORIENTED_EDGE('', *, *, #4513, .F.);
#6263 = ORIENTED_EDGE('', *, *, #4503, .F.);
#6264 = ORIENTED_EDGE('', *, *, #4504, .T.);
#6265 = ORIENTED_EDGE('', *, *, #4525, .T.);
#6266 = ORIENTED_EDGE('', *, *, #4524, .T.);
#6267 = ORIENTED_EDGE('', *, *, #4505, .T.);
#6268 = ORIENTED_EDGE('', *, *, #4486, .F.);
#6269 = EDGE_LOOP('', (#6259, #6260, #6261, #6262, #6263, #6264, #6265, #6266, #6267, #6268));
#6270 = FACE_BOUND('', #6269, .T.);
#6271 = ADVANCED_FACE('', (#6270), #5267, .F.);
#6272 = ORIENTED_EDGE('', *, *, #4487, .T.);
#6273 = ORIENTED_EDGE('', *, *, #4495, .T.);
#6274 = ORIENTED_EDGE('', *, *, #4490, .F.);
#6275 = ORIENTED_EDGE('', *, *, #4489, .F.);
#6276 = EDGE_LOOP('', (#6272, #6273, #6274, #6275));
#6277 = FACE_BOUND('', #6276, .T.);
#6278 = ADVANCED_FACE('', (#6277), #5271, .F.);
#6279 = ORIENTED_EDGE('', *, *, #4490, .T.);
#6280 = ORIENTED_EDGE('', *, *, #4496, .T.);
#6281 = ORIENTED_EDGE('', *, *, #4492, .F.);
#6282 = ORIENTED_EDGE('', *, *, #4491, .F.);
#6283 = EDGE_LOOP('', (#6279, #6280, #6281, #6282));
#6284 = FACE_BOUND('', #6283, .T.);
#6285 = ADVANCED_FACE('', (#6284), #5275, .F.);
#6286 = ORIENTED_EDGE('', *, *, #4492, .T.);
#6287 = ORIENTED_EDGE('', *, *, #4497, .T.);
#6288 = ORIENTED_EDGE('', *, *, #4488, .F.);
#6289 = ORIENTED_EDGE('', *, *, #4493, .F.);
#6290 = EDGE_LOOP('', (#6286, #6287, #6288, #6289));
#6291 = FACE_BOUND('', #6290, .T.);
#6292 = ADVANCED_FACE('', (#6291), #5279, .F.);
#6293 = ORIENTED_EDGE('', *, *, #4486, .T.);
#6294 = ORIENTED_EDGE('', *, *, #4507, .F.);
#6295 = ORIENTED_EDGE('', *, *, #4510, .T.);
#6296 = ORIENTED_EDGE('', *, *, #4500, .T.);
#6297 = ORIENTED_EDGE('', *, *, #4501, .F.);
#6298 = ORIENTED_EDGE('', *, *, #4511, .F.);
#6299 = ORIENTED_EDGE('', *, *, #4506, .F.);
#6300 = ORIENTED_EDGE('', *, *, #4513, .T.);
#6301 = ORIENTED_EDGE('', *, *, #4489, .T.);
#6302 = ORIENTED_EDGE('', *, *, #4491, .T.);
#6303 = ORIENTED_EDGE('', *, *, #4493, .T.);
#6304 = EDGE_LOOP('', (#6293, #6294, #6295, #6296, #6297, #6298, #6299, #6300, #6301, #6302, #6303));
#6305 = FACE_BOUND('', #6304, .T.);
#6306 = ADVANCED_FACE('', (#6305), #5283, .T.);
#6307 = ORIENTED_EDGE('', *, *, #4499, .F.);
#6308 = ORIENTED_EDGE('', *, *, #4515, .F.);
#6309 = ORIENTED_EDGE('', *, *, #4508, .F.);
#6310 = ORIENTED_EDGE('', *, *, #4511, .T.);
#6311 = ORIENTED_EDGE('', *, *, #4501, .T.);
#6312 = ORIENTED_EDGE('', *, *, #4502, .F.);
#6313 = EDGE_LOOP('', (#6307, #6308, #6309, #6310, #6311, #6312));
#6314 = FACE_BOUND('', #6313, .T.);
#6315 = ADVANCED_FACE('', (#6314), #5288, .F.);
#6316 = ORIENTED_EDGE('', *, *, #4500, .F.);
#6317 = ORIENTED_EDGE('', *, *, #4510, .F.);
#6318 = ORIENTED_EDGE('', *, *, #4509, .T.);
#6319 = ORIENTED_EDGE('', *, *, #4514, .T.);
#6320 = ORIENTED_EDGE('', *, *, #4498, .T.);
#6321 = ORIENTED_EDGE('', *, *, #4502, .T.);
#6322 = EDGE_LOOP('', (#6316, #6317, #6318, #6319, #6320, #6321));
#6323 = FACE_BOUND('', #6322, .T.);
#6324 = ADVANCED_FACE('', (#6323), #5288, .F.);
#6325 = ORIENTED_EDGE('', *, *, #4518, .T.);
#6326 = ORIENTED_EDGE('', *, *, #4517, .T.);
#6327 = ORIENTED_EDGE('', *, *, #4525, .F.);
#6328 = ORIENTED_EDGE('', *, *, #4516, .T.);
#6329 = ORIENTED_EDGE('', *, *, #4521, .T.);
#6330 = EDGE_LOOP('', (#6325, #6326, #6327, #6328, #6329));
#6331 = FACE_BOUND('', #6330, .T.);
#6332 = ADVANCED_FACE('', (#6331), #5297, .F.);
#6333 = ORIENTED_EDGE('', *, *, #4519, .T.);
#6334 = ORIENTED_EDGE('', *, *, #4526, .T.);
#6335 = ORIENTED_EDGE('', *, *, #4509, .F.);
#6336 = ORIENTED_EDGE('', *, *, #4507, .T.);
#6337 = ORIENTED_EDGE('', *, *, #4505, .F.);
#6338 = ORIENTED_EDGE('', *, *, #4512, .T.);
#6339 = EDGE_LOOP('', (#6333, #6334, #6335, #6336, #6337, #6338));
#6340 = FACE_BOUND('', #6339, .T.);
#6341 = ADVANCED_FACE('', (#6340), #5293, .F.);
#6342 = ORIENTED_EDGE('', *, *, #4503, .T.);
#6343 = ORIENTED_EDGE('', *, *, #4506, .T.);
#6344 = ORIENTED_EDGE('', *, *, #4508, .T.);
#6345 = ORIENTED_EDGE('', *, *, #4527, .F.);
#6346 = ORIENTED_EDGE('', *, *, #4520, .F.);
#6347 = ORIENTED_EDGE('', *, *, #4523, .T.);
#6348 = EDGE_LOOP('', (#6342, #6343, #6344, #6345, #6346, #6347));
#6349 = FACE_BOUND('', #6348, .T.);
#6350 = ADVANCED_FACE('', (#6349), #5293, .F.);
#6351 = ORIENTED_EDGE('', *, *, #4531, .F.);
#6352 = ORIENTED_EDGE('', *, *, #4532, .F.);
#6353 = ORIENTED_EDGE('', *, *, #4522, .F.);
#6354 = ORIENTED_EDGE('', *, *, #4518, .F.);
#6355 = ORIENTED_EDGE('', *, *, #4521, .F.);
#6356 = ORIENTED_EDGE('', *, *, #4538, .F.);
#6357 = EDGE_LOOP('', (#6351, #6352, #6353, #6354, #6355, #6356));
#6358 = FACE_BOUND('', #6357, .T.);
#6359 = ADVANCED_FACE('', (#6358), #5306, .F.);
#6360 = ORIENTED_EDGE('', *, *, #4520, .T.);
#6361 = ORIENTED_EDGE('', *, *, #4540, .F.);
#6362 = ORIENTED_EDGE('', *, *, #4535, .F.);
#6363 = ORIENTED_EDGE('', *, *, #4538, .T.);
#6364 = EDGE_LOOP('', (#6360, #6361, #6362, #6363));
#6365 = FACE_BOUND('', #6364, .T.);
#6366 = ADVANCED_FACE('', (#6365), #5302, .F.);
#6367 = ORIENTED_EDGE('', *, *, #4516, .F.);
#6368 = ORIENTED_EDGE('', *, *, #4504, .F.);
#6369 = ORIENTED_EDGE('', *, *, #4523, .F.);
#6370 = EDGE_LOOP('', (#6367, #6368, #6369));
#6371 = FACE_BOUND('', #6370, .T.);
#6372 = ADVANCED_FACE('', (#6371), #5297, .F.);
#6373 = ORIENTED_EDGE('', *, *, #4517, .F.);
#6374 = ORIENTED_EDGE('', *, *, #4512, .F.);
#6375 = ORIENTED_EDGE('', *, *, #4524, .F.);
#6376 = EDGE_LOOP('', (#6373, #6374, #6375));
#6377 = FACE_BOUND('', #6376, .T.);
#6378 = ADVANCED_FACE('', (#6377), #5297, .F.);
#6379 = ORIENTED_EDGE('', *, *, #4537, .F.);
#6380 = ORIENTED_EDGE('', *, *, #4533, .F.);
#6381 = ORIENTED_EDGE('', *, *, #4536, .F.);
#6382 = ORIENTED_EDGE('', *, *, #4528, .F.);
#6383 = EDGE_LOOP('', (#6379, #6380, #6381, #6382));
#6384 = FACE_BOUND('', #6383, .T.);
#6385 = ADVANCED_FACE('', (#6384), #5315, .F.);
#6386 = ORIENTED_EDGE('', *, *, #4534, .T.);
#6387 = ORIENTED_EDGE('', *, *, #4539, .T.);
#6388 = ORIENTED_EDGE('', *, *, #4519, .F.);
#6389 = ORIENTED_EDGE('', *, *, #4522, .T.);
#6390 = EDGE_LOOP('', (#6386, #6387, #6388, #6389));
#6391 = FACE_BOUND('', #6390, .T.);
#6392 = ADVANCED_FACE('', (#6391), #5302, .F.);
#6393 = ORIENTED_EDGE('', *, *, #4533, .T.);
#6394 = ORIENTED_EDGE('', *, *, #4532, .T.);
#6395 = ORIENTED_EDGE('', *, *, #4531, .T.);
#6396 = ORIENTED_EDGE('', *, *, #4536, .T.);
#6397 = EDGE_LOOP('', (#6393, #6394, #6395, #6396));
#6398 = FACE_BOUND('', #6397, .T.);
#6399 = ADVANCED_FACE('', (#6398), #5306, .F.);
#6400 = ORIENTED_EDGE('', *, *, #4530, .T.);
#6401 = ORIENTED_EDGE('', *, *, #4534, .F.);
#6402 = ORIENTED_EDGE('', *, *, #4537, .T.);
#6403 = ORIENTED_EDGE('', *, *, #4541, .F.);
#6404 = EDGE_LOOP('', (#6400, #6401, #6402, #6403));
#6405 = FACE_BOUND('', #6404, .T.);
#6406 = ADVANCED_FACE('', (#6405), #5311, .F.);
#6407 = ORIENTED_EDGE('', *, *, #4535, .T.);
#6408 = ORIENTED_EDGE('', *, *, #4529, .F.);
#6409 = ORIENTED_EDGE('', *, *, #4541, .T.);
#6410 = ORIENTED_EDGE('', *, *, #4528, .T.);
#6411 = EDGE_LOOP('', (#6407, #6408, #6409, #6410));
#6412 = FACE_BOUND('', #6411, .T.);
#6413 = ADVANCED_FACE('', (#6412), #5311, .F.);
#6414 = ORIENTED_EDGE('', *, *, #4547, .F.);
#6415 = ORIENTED_EDGE('', *, *, #4542, .F.);
#6416 = ORIENTED_EDGE('', *, *, #4551, .T.);
#6417 = ORIENTED_EDGE('', *, *, #4544, .T.);
#6418 = ORIENTED_EDGE('', *, *, #4549, .T.);
#6419 = ORIENTED_EDGE('', *, *, #4550, .F.);
#6420 = EDGE_LOOP('', (#6414, #6415, #6416, #6417, #6418, #6419));
#6421 = FACE_BOUND('', #6420, .T.);
#6422 = ADVANCED_FACE('', (#6421), #5320, .F.);
#6423 = ORIENTED_EDGE('', *, *, #4548, .F.);
#6424 = ORIENTED_EDGE('', *, *, #4545, .F.);
#6425 = ORIENTED_EDGE('', *, *, #4551, .F.);
#6426 = ORIENTED_EDGE('', *, *, #4543, .T.);
#6427 = ORIENTED_EDGE('', *, *, #4546, .T.);
#6428 = ORIENTED_EDGE('', *, *, #4550, .T.);
#6429 = EDGE_LOOP('', (#6423, #6424, #6425, #6426, #6427, #6428));
#6430 = FACE_BOUND('', #6429, .T.);
#6431 = ADVANCED_FACE('', (#6430), #5320, .F.);
#6432 = ORIENTED_EDGE('', *, *, #4557, .F.);
#6433 = ORIENTED_EDGE('', *, *, #4552, .F.);
#6434 = ORIENTED_EDGE('', *, *, #4561, .T.);
#6435 = ORIENTED_EDGE('', *, *, #4554, .T.);
#6436 = ORIENTED_EDGE('', *, *, #4559, .T.);
#6437 = ORIENTED_EDGE('', *, *, #4560, .F.);
#6438 = EDGE_LOOP('', (#6432, #6433, #6434, #6435, #6436, #6437));
#6439 = FACE_BOUND('', #6438, .T.);
#6440 = ADVANCED_FACE('', (#6439), #5325, .F.);
#6441 = ORIENTED_EDGE('', *, *, #4558, .F.);
#6442 = ORIENTED_EDGE('', *, *, #4555, .F.);
#6443 = ORIENTED_EDGE('', *, *, #4561, .F.);
#6444 = ORIENTED_EDGE('', *, *, #4553, .T.);
#6445 = ORIENTED_EDGE('', *, *, #4556, .T.);
#6446 = ORIENTED_EDGE('', *, *, #4560, .T.);
#6447 = EDGE_LOOP('', (#6441, #6442, #6443, #6444, #6445, #6446));
#6448 = FACE_BOUND('', #6447, .T.);
#6449 = ADVANCED_FACE('', (#6448), #5325, .F.);
#6450 = ORIENTED_EDGE('', *, *, #4567, .F.);
#6451 = ORIENTED_EDGE('', *, *, #4562, .F.);
#6452 = ORIENTED_EDGE('', *, *, #4571, .T.);
#6453 = ORIENTED_EDGE('', *, *, #4564, .T.);
#6454 = ORIENTED_EDGE('', *, *, #4569, .T.);
#6455 = ORIENTED_EDGE('', *, *, #4570, .F.);
#6456 = EDGE_LOOP('', (#6450, #6451, #6452, #6453, #6454, #6455));
#6457 = FACE_BOUND('', #6456, .T.);
#6458 = ADVANCED_FACE('', (#6457), #5330, .F.);
#6459 = ORIENTED_EDGE('', *, *, #4568, .F.);
#6460 = ORIENTED_EDGE('', *, *, #4565, .F.);
#6461 = ORIENTED_EDGE('', *, *, #4571, .F.);
#6462 = ORIENTED_EDGE('', *, *, #4563, .T.);
#6463 = ORIENTED_EDGE('', *, *, #4566, .T.);
#6464 = ORIENTED_EDGE('', *, *, #4570, .T.);
#6465 = EDGE_LOOP('', (#6459, #6460, #6461, #6462, #6463, #6464));
#6466 = FACE_BOUND('', #6465, .T.);
#6467 = ADVANCED_FACE('', (#6466), #5330, .F.);
#6468 = ORIENTED_EDGE('', *, *, #4577, .F.);
#6469 = ORIENTED_EDGE('', *, *, #4572, .F.);
#6470 = ORIENTED_EDGE('', *, *, #4581, .T.);
#6471 = ORIENTED_EDGE('', *, *, #4574, .T.);
#6472 = ORIENTED_EDGE('', *, *, #4579, .T.);
#6473 = ORIENTED_EDGE('', *, *, #4580, .F.);
#6474 = EDGE_LOOP('', (#6468, #6469, #6470, #6471, #6472, #6473));
#6475 = FACE_BOUND('', #6474, .T.);
#6476 = ADVANCED_FACE('', (#6475), #5335, .F.);
#6477 = ORIENTED_EDGE('', *, *, #4578, .F.);
#6478 = ORIENTED_EDGE('', *, *, #4575, .F.);
#6479 = ORIENTED_EDGE('', *, *, #4581, .F.);
#6480 = ORIENTED_EDGE('', *, *, #4573, .T.);
#6481 = ORIENTED_EDGE('', *, *, #4576, .T.);
#6482 = ORIENTED_EDGE('', *, *, #4580, .T.);
#6483 = EDGE_LOOP('', (#6477, #6478, #6479, #6480, #6481, #6482));
#6484 = FACE_BOUND('', #6483, .T.);
#6485 = ADVANCED_FACE('', (#6484), #5335, .F.);
#6486 = ORIENTED_EDGE('', *, *, #4582, .T.);
#6487 = ORIENTED_EDGE('', *, *, #4656, .F.);
#6488 = ORIENTED_EDGE('', *, *, #4583, .F.);
#6489 = ORIENTED_EDGE('', *, *, #4584, .F.);
#6490 = EDGE_LOOP('', (#6486, #6487, #6488, #6489));
#6491 = FACE_BOUND('', #6490, .T.);
#6492 = ADVANCED_FACE('', (#6491), #5340, .T.);
#6493 = ORIENTED_EDGE('', *, *, #4586, .T.);
#6494 = ORIENTED_EDGE('', *, *, #4587, .T.);
#6495 = ORIENTED_EDGE('', *, *, #4588, .F.);
#6496 = ORIENTED_EDGE('', *, *, #4585, .F.);
#6497 = ORIENTED_EDGE('', *, *, #4686, .F.);
#6498 = ORIENTED_EDGE('', *, *, #4687, .F.);
#6499 = ORIENTED_EDGE('', *, *, #4688, .F.);
#6500 = ORIENTED_EDGE('', *, *, #4689, .F.);
#6501 = ORIENTED_EDGE('', *, *, #4698, .F.);
#6502 = ORIENTED_EDGE('', *, *, #4699, .F.);
#6503 = ORIENTED_EDGE('', *, *, #4700, .F.);
#6504 = ORIENTED_EDGE('', *, *, #4701, .F.);
#6505 = ORIENTED_EDGE('', *, *, #4710, .F.);
#6506 = ORIENTED_EDGE('', *, *, #4711, .F.);
#6507 = ORIENTED_EDGE('', *, *, #4712, .F.);
#6508 = ORIENTED_EDGE('', *, *, #4713, .F.);
#6509 = ORIENTED_EDGE('', *, *, #4722, .F.);
#6510 = ORIENTED_EDGE('', *, *, #4723, .F.);
#6511 = ORIENTED_EDGE('', *, *, #4724, .F.);
#6512 = ORIENTED_EDGE('', *, *, #4725, .F.);
#6513 = EDGE_LOOP('', (#6493, #6494, #6495, #6496));
#6514 = FACE_BOUND('', #6513, .T.);
#6515 = EDGE_LOOP('', (#6497, #6498, #6499, #6500));
#6516 = FACE_BOUND('', #6515, .T.);
#6517 = EDGE_LOOP('', (#6501, #6502, #6503, #6504));
#6518 = FACE_BOUND('', #6517, .T.);
#6519 = EDGE_LOOP('', (#6505, #6506, #6507, #6508));
#6520 = FACE_BOUND('', #6519, .T.);
#6521 = EDGE_LOOP('', (#6509, #6510, #6511, #6512));
#6522 = FACE_BOUND('', #6521, .T.);
#6523 = ADVANCED_FACE('', (#6514, #6516, #6518, #6520, #6522), #5349, .T.);
#6524 = ORIENTED_EDGE('', *, *, #4589, .T.);
#6525 = ORIENTED_EDGE('', *, *, #4590, .T.);
#6526 = ORIENTED_EDGE('', *, *, #4591, .F.);
#6527 = ORIENTED_EDGE('', *, *, #4587, .F.);
#6528 = EDGE_LOOP('', (#6524, #6525, #6526, #6527));
#6529 = FACE_BOUND('', #6528, .T.);
#6530 = ADVANCED_FACE('', (#6529), #5354, .T.);
#6531 = ORIENTED_EDGE('', *, *, #4592, .T.);
#6532 = ORIENTED_EDGE('', *, *, #4593, .T.);
#6533 = ORIENTED_EDGE('', *, *, #4594, .F.);
#6534 = ORIENTED_EDGE('', *, *, #4590, .F.);
#6535 = ORIENTED_EDGE('', *, *, #4662, .F.);
#6536 = ORIENTED_EDGE('', *, *, #4663, .F.);
#6537 = ORIENTED_EDGE('', *, *, #4664, .F.);
#6538 = ORIENTED_EDGE('', *, *, #4665, .F.);
#6539 = ORIENTED_EDGE('', *, *, #4674, .F.);
#6540 = ORIENTED_EDGE('', *, *, #4675, .F.);
#6541 = ORIENTED_EDGE('', *, *, #4676, .F.);
#6542 = ORIENTED_EDGE('', *, *, #4677, .F.);
#6543 = EDGE_LOOP('', (#6531, #6532, #6533, #6534));
#6544 = FACE_BOUND('', #6543, .T.);
#6545 = EDGE_LOOP('', (#6535, #6536, #6537, #6538));
#6546 = FACE_BOUND('', #6545, .T.);
#6547 = EDGE_LOOP('', (#6539, #6540, #6541, #6542));
#6548 = FACE_BOUND('', #6547, .T.);
#6549 = ADVANCED_FACE('', (#6544, #6546, #6548), #5358, .T.);
#6550 = ORIENTED_EDGE('', *, *, #4595, .T.);
#6551 = ORIENTED_EDGE('', *, *, #4596, .T.);
#6552 = ORIENTED_EDGE('', *, *, #4597, .F.);
#6553 = ORIENTED_EDGE('', *, *, #4593, .F.);
#6554 = EDGE_LOOP('', (#6550, #6551, #6552, #6553));
#6555 = FACE_BOUND('', #6554, .T.);
#6556 = ADVANCED_FACE('', (#6555), #5363, .T.);
#6557 = ORIENTED_EDGE('', *, *, #4598, .T.);
#6558 = ORIENTED_EDGE('', *, *, #4584, .T.);
#6559 = ORIENTED_EDGE('', *, *, #4599, .F.);
#6560 = ORIENTED_EDGE('', *, *, #4596, .F.);
#6561 = ORIENTED_EDGE('', *, *, #5020, .F.);
#6562 = ORIENTED_EDGE('', *, *, #5021, .F.);
#6563 = ORIENTED_EDGE('', *, *, #5022, .F.);
#6564 = ORIENTED_EDGE('', *, *, #5023, .F.);
#6565 = EDGE_LOOP('', (#6557, #6558, #6559, #6560));
#6566 = FACE_BOUND('', #6565, .T.);
#6567 = EDGE_LOOP('', (#6561, #6562, #6563, #6564));
#6568 = FACE_BOUND('', #6567, .T.);
#6569 = ADVANCED_FACE('', (#6566, #6568), #5367, .T.);
#6570 = ORIENTED_EDGE('', *, *, #4598, .F.);
#6571 = ORIENTED_EDGE('', *, *, #4595, .F.);
#6572 = ORIENTED_EDGE('', *, *, #4592, .F.);
#6573 = ORIENTED_EDGE('', *, *, #4589, .F.);
#6574 = ORIENTED_EDGE('', *, *, #4586, .F.);
#6575 = ORIENTED_EDGE('', *, *, #4661, .F.);
#6576 = ORIENTED_EDGE('', *, *, #4658, .F.);
#6577 = ORIENTED_EDGE('', *, *, #4582, .F.);
#6578 = ORIENTED_EDGE('', *, *, #4600, .T.);
#6579 = ORIENTED_EDGE('', *, *, #4604, .T.);
#6580 = ORIENTED_EDGE('', *, *, #4607, .T.);
#6581 = ORIENTED_EDGE('', *, *, #4610, .T.);
#6582 = ORIENTED_EDGE('', *, *, #4613, .T.);
#6583 = ORIENTED_EDGE('', *, *, #4616, .T.);
#6584 = ORIENTED_EDGE('', *, *, #4619, .T.);
#6585 = ORIENTED_EDGE('', *, *, #4622, .T.);
#6586 = EDGE_LOOP('', (#6570, #6571, #6572, #6573, #6574, #6575, #6576, #6577));
#6587 = FACE_BOUND('', #6586, .T.);
#6588 = EDGE_LOOP('', (#6578, #6579, #6580, #6581, #6582, #6583, #6584, #6585));
#6589 = FACE_BOUND('', #6588, .T.);
#6590 = ADVANCED_FACE('', (#6587, #6589), #5371, .F.);
#6591 = ORIENTED_EDGE('', *, *, #4583, .T.);
#6592 = ORIENTED_EDGE('', *, *, #4659, .F.);
#6593 = ORIENTED_EDGE('', *, *, #4660, .T.);
#6594 = ORIENTED_EDGE('', *, *, #4588, .T.);
#6595 = ORIENTED_EDGE('', *, *, #4591, .T.);
#6596 = ORIENTED_EDGE('', *, *, #4594, .T.);
#6597 = ORIENTED_EDGE('', *, *, #4597, .T.);
#6598 = ORIENTED_EDGE('', *, *, #4599, .T.);
#6599 = ORIENTED_EDGE('', *, *, #4734, .F.);
#6600 = ORIENTED_EDGE('', *, *, #4735, .T.);
#6601 = ORIENTED_EDGE('', *, *, #4738, .T.);
#6602 = ORIENTED_EDGE('', *, *, #4739, .F.);
#6603 = ORIENTED_EDGE('', *, *, #4744, .F.);
#6604 = ORIENTED_EDGE('', *, *, #4745, .T.);
#6605 = ORIENTED_EDGE('', *, *, #4748, .T.);
#6606 = ORIENTED_EDGE('', *, *, #4749, .F.);
#6607 = ORIENTED_EDGE('', *, *, #4754, .F.);
#6608 = ORIENTED_EDGE('', *, *, #4755, .T.);
#6609 = ORIENTED_EDGE('', *, *, #4758, .T.);
#6610 = ORIENTED_EDGE('', *, *, #4759, .F.);
#6611 = ORIENTED_EDGE('', *, *, #4764, .F.);
#6612 = ORIENTED_EDGE('', *, *, #4765, .T.);
#6613 = ORIENTED_EDGE('', *, *, #4768, .T.);
#6614 = ORIENTED_EDGE('', *, *, #4769, .F.);
#6615 = ORIENTED_EDGE('', *, *, #4774, .F.);
#6616 = ORIENTED_EDGE('', *, *, #4775, .T.);
#6617 = ORIENTED_EDGE('', *, *, #4778, .T.);
#6618 = ORIENTED_EDGE('', *, *, #4779, .F.);
#6619 = ORIENTED_EDGE('', *, *, #4784, .F.);
#6620 = ORIENTED_EDGE('', *, *, #4785, .T.);
#6621 = ORIENTED_EDGE('', *, *, #4788, .T.);
#6622 = ORIENTED_EDGE('', *, *, #4789, .F.);
#6623 = ORIENTED_EDGE('', *, *, #4794, .F.);
#6624 = ORIENTED_EDGE('', *, *, #4795, .T.);
#6625 = ORIENTED_EDGE('', *, *, #4798, .T.);
#6626 = ORIENTED_EDGE('', *, *, #4799, .F.);
#6627 = ORIENTED_EDGE('', *, *, #4804, .F.);
#6628 = ORIENTED_EDGE('', *, *, #4805, .T.);
#6629 = ORIENTED_EDGE('', *, *, #4808, .T.);
#6630 = ORIENTED_EDGE('', *, *, #4809, .F.);
#6631 = ORIENTED_EDGE('', *, *, #4814, .F.);
#6632 = ORIENTED_EDGE('', *, *, #4815, .T.);
#6633 = ORIENTED_EDGE('', *, *, #4818, .T.);
#6634 = ORIENTED_EDGE('', *, *, #4819, .F.);
#6635 = ORIENTED_EDGE('', *, *, #4824, .F.);
#6636 = ORIENTED_EDGE('', *, *, #4825, .T.);
#6637 = ORIENTED_EDGE('', *, *, #4828, .T.);
#6638 = ORIENTED_EDGE('', *, *, #4829, .F.);
#6639 = ORIENTED_EDGE('', *, *, #4834, .F.);
#6640 = ORIENTED_EDGE('', *, *, #4835, .T.);
#6641 = ORIENTED_EDGE('', *, *, #4838, .T.);
#6642 = ORIENTED_EDGE('', *, *, #4839, .F.);
#6643 = ORIENTED_EDGE('', *, *, #4844, .F.);
#6644 = ORIENTED_EDGE('', *, *, #4845, .T.);
#6645 = ORIENTED_EDGE('', *, *, #4848, .T.);
#6646 = ORIENTED_EDGE('', *, *, #4849, .F.);
#6647 = ORIENTED_EDGE('', *, *, #4854, .F.);
#6648 = ORIENTED_EDGE('', *, *, #4855, .T.);
#6649 = ORIENTED_EDGE('', *, *, #4858, .T.);
#6650 = ORIENTED_EDGE('', *, *, #4859, .F.);
#6651 = ORIENTED_EDGE('', *, *, #4864, .F.);
#6652 = ORIENTED_EDGE('', *, *, #4865, .T.);
#6653 = ORIENTED_EDGE('', *, *, #4868, .T.);
#6654 = ORIENTED_EDGE('', *, *, #4869, .F.);
#6655 = ORIENTED_EDGE('', *, *, #4874, .F.);
#6656 = ORIENTED_EDGE('', *, *, #4875, .T.);
#6657 = ORIENTED_EDGE('', *, *, #4878, .T.);
#6658 = ORIENTED_EDGE('', *, *, #4879, .F.);
#6659 = ORIENTED_EDGE('', *, *, #4884, .F.);
#6660 = ORIENTED_EDGE('', *, *, #4885, .T.);
#6661 = ORIENTED_EDGE('', *, *, #4888, .T.);
#6662 = ORIENTED_EDGE('', *, *, #4889, .F.);
#6663 = ORIENTED_EDGE('', *, *, #4894, .F.);
#6664 = ORIENTED_EDGE('', *, *, #4895, .T.);
#6665 = ORIENTED_EDGE('', *, *, #4898, .T.);
#6666 = ORIENTED_EDGE('', *, *, #4899, .F.);
#6667 = ORIENTED_EDGE('', *, *, #4905, .F.);
#6668 = ORIENTED_EDGE('', *, *, #4906, .T.);
#6669 = ORIENTED_EDGE('', *, *, #4911, .T.);
#6670 = ORIENTED_EDGE('', *, *, #4912, .F.);
#6671 = ORIENTED_EDGE('', *, *, #4918, .F.);
#6672 = ORIENTED_EDGE('', *, *, #4919, .T.);
#6673 = ORIENTED_EDGE('', *, *, #4922, .T.);
#6674 = ORIENTED_EDGE('', *, *, #4923, .F.);
#6675 = ORIENTED_EDGE('', *, *, #4928, .F.);
#6676 = ORIENTED_EDGE('', *, *, #4929, .T.);
#6677 = ORIENTED_EDGE('', *, *, #4932, .T.);
#6678 = ORIENTED_EDGE('', *, *, #4933, .F.);
#6679 = ORIENTED_EDGE('', *, *, #4939, .F.);
#6680 = ORIENTED_EDGE('', *, *, #4940, .T.);
#6681 = ORIENTED_EDGE('', *, *, #4945, .T.);
#6682 = ORIENTED_EDGE('', *, *, #4946, .F.);
#6683 = ORIENTED_EDGE('', *, *, #4952, .F.);
#6684 = ORIENTED_EDGE('', *, *, #4953, .T.);
#6685 = ORIENTED_EDGE('', *, *, #4956, .T.);
#6686 = ORIENTED_EDGE('', *, *, #4957, .F.);
#6687 = ORIENTED_EDGE('', *, *, #4962, .F.);
#6688 = ORIENTED_EDGE('', *, *, #4963, .T.);
#6689 = ORIENTED_EDGE('', *, *, #4966, .T.);
#6690 = ORIENTED_EDGE('', *, *, #4967, .F.);
#6691 = ORIENTED_EDGE('', *, *, #4973, .F.);
#6692 = ORIENTED_EDGE('', *, *, #4974, .T.);
#6693 = ORIENTED_EDGE('', *, *, #4979, .T.);
#6694 = ORIENTED_EDGE('', *, *, #4980, .F.);
#6695 = ORIENTED_EDGE('', *, *, #4986, .F.);
#6696 = ORIENTED_EDGE('', *, *, #4987, .T.);
#6697 = ORIENTED_EDGE('', *, *, #4990, .T.);
#6698 = ORIENTED_EDGE('', *, *, #4991, .F.);
#6699 = ORIENTED_EDGE('', *, *, #4996, .F.);
#6700 = ORIENTED_EDGE('', *, *, #4997, .T.);
#6701 = ORIENTED_EDGE('', *, *, #5000, .T.);
#6702 = ORIENTED_EDGE('', *, *, #5001, .F.);
#6703 = ORIENTED_EDGE('', *, *, #5006, .F.);
#6704 = ORIENTED_EDGE('', *, *, #5007, .T.);
#6705 = ORIENTED_EDGE('', *, *, #5010, .T.);
#6706 = ORIENTED_EDGE('', *, *, #5011, .F.);
#6707 = ORIENTED_EDGE('', *, *, #5028, .F.);
#6708 = ORIENTED_EDGE('', *, *, #5029, .T.);
#6709 = ORIENTED_EDGE('', *, *, #5032, .T.);
#6710 = ORIENTED_EDGE('', *, *, #5033, .F.);
#6711 = ORIENTED_EDGE('', *, *, #5038, .F.);
#6712 = ORIENTED_EDGE('', *, *, #5039, .T.);
#6713 = ORIENTED_EDGE('', *, *, #5042, .T.);
#6714 = ORIENTED_EDGE('', *, *, #5043, .F.);
#6715 = ORIENTED_EDGE('', *, *, #5048, .F.);
#6716 = ORIENTED_EDGE('', *, *, #5049, .T.);
#6717 = ORIENTED_EDGE('', *, *, #5052, .T.);
#6718 = ORIENTED_EDGE('', *, *, #5053, .F.);
#6719 = ORIENTED_EDGE('', *, *, #5058, .F.);
#6720 = ORIENTED_EDGE('', *, *, #5059, .T.);
#6721 = ORIENTED_EDGE('', *, *, #5062, .T.);
#6722 = ORIENTED_EDGE('', *, *, #5063, .F.);
#6723 = EDGE_LOOP('', (#6591, #6592, #6593, #6594, #6595, #6596, #6597, #6598));
#6724 = FACE_BOUND('', #6723, .T.);
#6725 = EDGE_LOOP('', (#6599, #6600, #6601, #6602));
#6726 = FACE_BOUND('', #6725, .T.);
#6727 = EDGE_LOOP('', (#6603, #6604, #6605, #6606));
#6728 = FACE_BOUND('', #6727, .T.);
#6729 = EDGE_LOOP('', (#6607, #6608, #6609, #6610));
#6730 = FACE_BOUND('', #6729, .T.);
#6731 = EDGE_LOOP('', (#6611, #6612, #6613, #6614));
#6732 = FACE_BOUND('', #6731, .T.);
#6733 = EDGE_LOOP('', (#6615, #6616, #6617, #6618));
#6734 = FACE_BOUND('', #6733, .T.);
#6735 = EDGE_LOOP('', (#6619, #6620, #6621, #6622));
#6736 = FACE_BOUND('', #6735, .T.);
#6737 = EDGE_LOOP('', (#6623, #6624, #6625, #6626));
#6738 = FACE_BOUND('', #6737, .T.);
#6739 = EDGE_LOOP('', (#6627, #6628, #6629, #6630));
#6740 = FACE_BOUND('', #6739, .T.);
#6741 = EDGE_LOOP('', (#6631, #6632, #6633, #6634));
#6742 = FACE_BOUND('', #6741, .T.);
#6743 = EDGE_LOOP('', (#6635, #6636, #6637, #6638));
#6744 = FACE_BOUND('', #6743, .T.);
#6745 = EDGE_LOOP('', (#6639, #6640, #6641, #6642));
#6746 = FACE_BOUND('', #6745, .T.);
#6747 = EDGE_LOOP('', (#6643, #6644, #6645, #6646));
#6748 = FACE_BOUND('', #6747, .T.);
#6749 = EDGE_LOOP('', (#6647, #6648, #6649, #6650));
#6750 = FACE_BOUND('', #6749, .T.);
#6751 = EDGE_LOOP('', (#6651, #6652, #6653, #6654));
#6752 = FACE_BOUND('', #6751, .T.);
#6753 = EDGE_LOOP('', (#6655, #6656, #6657, #6658));
#6754 = FACE_BOUND('', #6753, .T.);
#6755 = EDGE_LOOP('', (#6659, #6660, #6661, #6662));
#6756 = FACE_BOUND('', #6755, .T.);
#6757 = EDGE_LOOP('', (#6663, #6664, #6665, #6666));
#6758 = FACE_BOUND('', #6757, .T.);
#6759 = EDGE_LOOP('', (#6667, #6668, #6669, #6670));
#6760 = FACE_BOUND('', #6759, .T.);
#6761 = EDGE_LOOP('', (#6671, #6672, #6673, #6674));
#6762 = FACE_BOUND('', #6761, .T.);
#6763 = EDGE_LOOP('', (#6675, #6676, #6677, #6678));
#6764 = FACE_BOUND('', #6763, .T.);
#6765 = EDGE_LOOP('', (#6679, #6680, #6681, #6682));
#6766 = FACE_BOUND('', #6765, .T.);
#6767 = EDGE_LOOP('', (#6683, #6684, #6685, #6686));
#6768 = FACE_BOUND('', #6767, .T.);
#6769 = EDGE_LOOP('', (#6687, #6688, #6689, #6690));
#6770 = FACE_BOUND('', #6769, .T.);
#6771 = EDGE_LOOP('', (#6691, #6692, #6693, #6694));
#6772 = FACE_BOUND('', #6771, .T.);
#6773 = EDGE_LOOP('', (#6695, #6696, #6697, #6698));
#6774 = FACE_BOUND('', #6773, .T.);
#6775 = EDGE_LOOP('', (#6699, #6700, #6701, #6702));
#6776 = FACE_BOUND('', #6775, .T.);
#6777 = EDGE_LOOP('', (#6703, #6704, #6705, #6706));
#6778 = FACE_BOUND('', #6777, .T.);
#6779 = EDGE_LOOP('', (#6707, #6708, #6709, #6710));
#6780 = FACE_BOUND('', #6779, .T.);
#6781 = EDGE_LOOP('', (#6711, #6712, #6713, #6714));
#6782 = FACE_BOUND('', #6781, .T.);
#6783 = EDGE_LOOP('', (#6715, #6716, #6717, #6718));
#6784 = FACE_BOUND('', #6783, .T.);
#6785 = EDGE_LOOP('', (#6719, #6720, #6721, #6722));
#6786 = FACE_BOUND('', #6785, .T.);
#6787 = ADVANCED_FACE('', (#6724, #6726, #6728, #6730, #6732, #6734, #6736, #6738, #6740, #6742, #6744, #6746, #6748, #6750, #6752, #6754, #6756, #6758, #6760, #6762, #6764, #6766, #6768, #6770, #6772, #6774, #6776, #6778, #6780, #6782, #6784, #6786), #5375, .T.);
#6788 = ORIENTED_EDGE('', *, *, #4603, .T.);
#6789 = ORIENTED_EDGE('', *, *, #4602, .T.);
#6790 = ORIENTED_EDGE('', *, *, #4601, .F.);
#6791 = ORIENTED_EDGE('', *, *, #4600, .F.);
#6792 = EDGE_LOOP('', (#6788, #6789, #6790, #6791));
#6793 = FACE_BOUND('', #6792, .T.);
#6794 = ADVANCED_FACE('', (#6793), #5380, .F.);
#6795 = ORIENTED_EDGE('', *, *, #4601, .T.);
#6796 = ORIENTED_EDGE('', *, *, #4606, .T.);
#6797 = ORIENTED_EDGE('', *, *, #4605, .F.);
#6798 = ORIENTED_EDGE('', *, *, #4604, .F.);
#6799 = EDGE_LOOP('', (#6795, #6796, #6797, #6798));
#6800 = FACE_BOUND('', #6799, .T.);
#6801 = ADVANCED_FACE('', (#6800), #5384, .F.);
#6802 = ORIENTED_EDGE('', *, *, #4605, .T.);
#6803 = ORIENTED_EDGE('', *, *, #4609, .T.);
#6804 = ORIENTED_EDGE('', *, *, #4608, .F.);
#6805 = ORIENTED_EDGE('', *, *, #4607, .F.);
#6806 = EDGE_LOOP('', (#6802, #6803, #6804, #6805));
#6807 = FACE_BOUND('', #6806, .T.);
#6808 = ADVANCED_FACE('', (#6807), #5389, .F.);
#6809 = ORIENTED_EDGE('', *, *, #4608, .T.);
#6810 = ORIENTED_EDGE('', *, *, #4612, .T.);
#6811 = ORIENTED_EDGE('', *, *, #4976, .T.);
#6812 = ORIENTED_EDGE('', *, *, #4981, .F.);
#6813 = ORIENTED_EDGE('', *, *, #4977, .F.);
#6814 = ORIENTED_EDGE('', *, *, #4975, .T.);
#6815 = ORIENTED_EDGE('', *, *, #4984, .T.);
#6816 = ORIENTED_EDGE('', *, *, #4942, .T.);
#6817 = ORIENTED_EDGE('', *, *, #4947, .F.);
#6818 = ORIENTED_EDGE('', *, *, #4943, .F.);
#6819 = ORIENTED_EDGE('', *, *, #4941, .T.);
#6820 = ORIENTED_EDGE('', *, *, #4950, .T.);
#6821 = ORIENTED_EDGE('', *, *, #4908, .T.);
#6822 = ORIENTED_EDGE('', *, *, #4913, .F.);
#6823 = ORIENTED_EDGE('', *, *, #4909, .F.);
#6824 = ORIENTED_EDGE('', *, *, #4907, .T.);
#6825 = ORIENTED_EDGE('', *, *, #4916, .T.);
#6826 = ORIENTED_EDGE('', *, *, #4611, .F.);
#6827 = ORIENTED_EDGE('', *, *, #4610, .F.);
#6828 = ORIENTED_EDGE('', *, *, #4693, .T.);
#6829 = ORIENTED_EDGE('', *, *, #4692, .T.);
#6830 = ORIENTED_EDGE('', *, *, #4691, .T.);
#6831 = ORIENTED_EDGE('', *, *, #4690, .T.);
#6832 = ORIENTED_EDGE('', *, *, #4705, .T.);
#6833 = ORIENTED_EDGE('', *, *, #4704, .T.);
#6834 = ORIENTED_EDGE('', *, *, #4703, .T.);
#6835 = ORIENTED_EDGE('', *, *, #4702, .T.);
#6836 = ORIENTED_EDGE('', *, *, #4717, .T.);
#6837 = ORIENTED_EDGE('', *, *, #4716, .T.);
#6838 = ORIENTED_EDGE('', *, *, #4715, .T.);
#6839 = ORIENTED_EDGE('', *, *, #4714, .T.);
#6840 = ORIENTED_EDGE('', *, *, #4729, .T.);
#6841 = ORIENTED_EDGE('', *, *, #4728, .T.);
#6842 = ORIENTED_EDGE('', *, *, #4727, .T.);
#6843 = ORIENTED_EDGE('', *, *, #4726, .T.);
#6844 = EDGE_LOOP('', (#6809, #6810, #6811, #6812, #6813, #6814, #6815, #6816, #6817, #6818, #6819, #6820, #6821, #6822, #6823, #6824, #6825, #6826, #6827));
#6845 = FACE_BOUND('', #6844, .T.);
#6846 = EDGE_LOOP('', (#6828, #6829, #6830, #6831));
#6847 = FACE_BOUND('', #6846, .T.);
#6848 = EDGE_LOOP('', (#6832, #6833, #6834, #6835));
#6849 = FACE_BOUND('', #6848, .T.);
#6850 = EDGE_LOOP('', (#6836, #6837, #6838, #6839));
#6851 = FACE_BOUND('', #6850, .T.);
#6852 = EDGE_LOOP('', (#6840, #6841, #6842, #6843));
#6853 = FACE_BOUND('', #6852, .T.);
#6854 = ADVANCED_FACE('', (#6845, #6847, #6849, #6851, #6853), #5393, .F.);
#6855 = ORIENTED_EDGE('', *, *, #4611, .T.);
#6856 = ORIENTED_EDGE('', *, *, #4615, .T.);
#6857 = ORIENTED_EDGE('', *, *, #4614, .F.);
#6858 = ORIENTED_EDGE('', *, *, #4613, .F.);
#6859 = EDGE_LOOP('', (#6855, #6856, #6857, #6858));
#6860 = FACE_BOUND('', #6859, .T.);
#6861 = ADVANCED_FACE('', (#6860), #5398, .F.);
#6862 = ORIENTED_EDGE('', *, *, #4614, .T.);
#6863 = ORIENTED_EDGE('', *, *, #4618, .T.);
#6864 = ORIENTED_EDGE('', *, *, #4617, .F.);
#6865 = ORIENTED_EDGE('', *, *, #4616, .F.);
#6866 = ORIENTED_EDGE('', *, *, #4669, .T.);
#6867 = ORIENTED_EDGE('', *, *, #4668, .T.);
#6868 = ORIENTED_EDGE('', *, *, #4667, .T.);
#6869 = ORIENTED_EDGE('', *, *, #4666, .T.);
#6870 = ORIENTED_EDGE('', *, *, #4681, .T.);
#6871 = ORIENTED_EDGE('', *, *, #4680, .T.);
#6872 = ORIENTED_EDGE('', *, *, #4679, .T.);
#6873 = ORIENTED_EDGE('', *, *, #4678, .T.);
#6874 = EDGE_LOOP('', (#6862, #6863, #6864, #6865));
#6875 = FACE_BOUND('', #6874, .T.);
#6876 = EDGE_LOOP('', (#6866, #6867, #6868, #6869));
#6877 = FACE_BOUND('', #6876, .T.);
#6878 = EDGE_LOOP('', (#6870, #6871, #6872, #6873));
#6879 = FACE_BOUND('', #6878, .T.);
#6880 = ADVANCED_FACE('', (#6875, #6877, #6879), #5402, .F.);
#6881 = ORIENTED_EDGE('', *, *, #4617, .T.);
#6882 = ORIENTED_EDGE('', *, *, #4621, .T.);
#6883 = ORIENTED_EDGE('', *, *, #4620, .F.);
#6884 = ORIENTED_EDGE('', *, *, #4619, .F.);
#6885 = EDGE_LOOP('', (#6881, #6882, #6883, #6884));
#6886 = FACE_BOUND('', #6885, .T.);
#6887 = ADVANCED_FACE('', (#6886), #5407, .F.);
#6888 = ORIENTED_EDGE('', *, *, #4620, .T.);
#6889 = ORIENTED_EDGE('', *, *, #4623, .T.);
#6890 = ORIENTED_EDGE('', *, *, #4603, .F.);
#6891 = ORIENTED_EDGE('', *, *, #4622, .F.);
#6892 = EDGE_LOOP('', (#6888, #6889, #6890, #6891));
#6893 = FACE_BOUND('', #6892, .T.);
#6894 = ADVANCED_FACE('', (#6893), #5411, .F.);
#6895 = ORIENTED_EDGE('', *, *, #4623, .F.);
#6896 = ORIENTED_EDGE('', *, *, #4621, .F.);
#6897 = ORIENTED_EDGE('', *, *, #4618, .F.);
#6898 = ORIENTED_EDGE('', *, *, #4615, .F.);
#6899 = ORIENTED_EDGE('', *, *, #4916, .F.);
#6900 = ORIENTED_EDGE('', *, *, #4910, .F.);
#6901 = ORIENTED_EDGE('', *, *, #4950, .F.);
#6902 = ORIENTED_EDGE('', *, *, #4944, .F.);
#6903 = ORIENTED_EDGE('', *, *, #4984, .F.);
#6904 = ORIENTED_EDGE('', *, *, #4978, .F.);
#6905 = ORIENTED_EDGE('', *, *, #4612, .F.);
#6906 = ORIENTED_EDGE('', *, *, #4609, .F.);
#6907 = ORIENTED_EDGE('', *, *, #4606, .F.);
#6908 = ORIENTED_EDGE('', *, *, #4602, .F.);
#6909 = ORIENTED_EDGE('', *, *, #4631, .T.);
#6910 = ORIENTED_EDGE('', *, *, #4630, .F.);
#6911 = ORIENTED_EDGE('', *, *, #4629, .F.);
#6912 = ORIENTED_EDGE('', *, *, #4628, .T.);
#6913 = ORIENTED_EDGE('', *, *, #4639, .T.);
#6914 = ORIENTED_EDGE('', *, *, #4638, .F.);
#6915 = ORIENTED_EDGE('', *, *, #4637, .F.);
#6916 = ORIENTED_EDGE('', *, *, #4636, .T.);
#6917 = ORIENTED_EDGE('', *, *, #4647, .T.);
#6918 = ORIENTED_EDGE('', *, *, #4646, .F.);
#6919 = ORIENTED_EDGE('', *, *, #4645, .F.);
#6920 = ORIENTED_EDGE('', *, *, #4644, .T.);
#6921 = ORIENTED_EDGE('', *, *, #4655, .T.);
#6922 = ORIENTED_EDGE('', *, *, #4654, .F.);
#6923 = ORIENTED_EDGE('', *, *, #4653, .F.);
#6924 = ORIENTED_EDGE('', *, *, #4652, .T.);
#6925 = ORIENTED_EDGE('', *, *, #4741, .T.);
#6926 = ORIENTED_EDGE('', *, *, #4740, .F.);
#6927 = ORIENTED_EDGE('', *, *, #4737, .F.);
#6928 = ORIENTED_EDGE('', *, *, #4736, .T.);
#6929 = ORIENTED_EDGE('', *, *, #4751, .T.);
#6930 = ORIENTED_EDGE('', *, *, #4750, .F.);
#6931 = ORIENTED_EDGE('', *, *, #4747, .F.);
#6932 = ORIENTED_EDGE('', *, *, #4746, .T.);
#6933 = ORIENTED_EDGE('', *, *, #4761, .T.);
#6934 = ORIENTED_EDGE('', *, *, #4760, .F.);
#6935 = ORIENTED_EDGE('', *, *, #4757, .F.);
#6936 = ORIENTED_EDGE('', *, *, #4756, .T.);
#6937 = ORIENTED_EDGE('', *, *, #4771, .T.);
#6938 = ORIENTED_EDGE('', *, *, #4770, .F.);
#6939 = ORIENTED_EDGE('', *, *, #4767, .F.);
#6940 = ORIENTED_EDGE('', *, *, #4766, .T.);
#6941 = ORIENTED_EDGE('', *, *, #4781, .T.);
#6942 = ORIENTED_EDGE('', *, *, #4780, .F.);
#6943 = ORIENTED_EDGE('', *, *, #4777, .F.);
#6944 = ORIENTED_EDGE('', *, *, #4776, .T.);
#6945 = ORIENTED_EDGE('', *, *, #4791, .T.);
#6946 = ORIENTED_EDGE('', *, *, #4790, .F.);
#6947 = ORIENTED_EDGE('', *, *, #4787, .F.);
#6948 = ORIENTED_EDGE('', *, *, #4786, .T.);
#6949 = ORIENTED_EDGE('', *, *, #4801, .T.);
#6950 = ORIENTED_EDGE('', *, *, #4800, .F.);
#6951 = ORIENTED_EDGE('', *, *, #4797, .F.);
#6952 = ORIENTED_EDGE('', *, *, #4796, .T.);
#6953 = ORIENTED_EDGE('', *, *, #4811, .T.);
#6954 = ORIENTED_EDGE('', *, *, #4810, .F.);
#6955 = ORIENTED_EDGE('', *, *, #4807, .F.);
#6956 = ORIENTED_EDGE('', *, *, #4806, .T.);
#6957 = ORIENTED_EDGE('', *, *, #4821, .T.);
#6958 = ORIENTED_EDGE('', *, *, #4820, .F.);
#6959 = ORIENTED_EDGE('', *, *, #4817, .F.);
#6960 = ORIENTED_EDGE('', *, *, #4816, .T.);
#6961 = ORIENTED_EDGE('', *, *, #4831, .T.);
#6962 = ORIENTED_EDGE('', *, *, #4830, .F.);
#6963 = ORIENTED_EDGE('', *, *, #4827, .F.);
#6964 = ORIENTED_EDGE('', *, *, #4826, .T.);
#6965 = ORIENTED_EDGE('', *, *, #4841, .T.);
#6966 = ORIENTED_EDGE('', *, *, #4840, .F.);
#6967 = ORIENTED_EDGE('', *, *, #4837, .F.);
#6968 = ORIENTED_EDGE('', *, *, #4836, .T.);
#6969 = ORIENTED_EDGE('', *, *, #4851, .T.);
#6970 = ORIENTED_EDGE('', *, *, #4850, .F.);
#6971 = ORIENTED_EDGE('', *, *, #4847, .F.);
#6972 = ORIENTED_EDGE('', *, *, #4846, .T.);
#6973 = ORIENTED_EDGE('', *, *, #4861, .T.);
#6974 = ORIENTED_EDGE('', *, *, #4860, .F.);
#6975 = ORIENTED_EDGE('', *, *, #4857, .F.);
#6976 = ORIENTED_EDGE('', *, *, #4856, .T.);
#6977 = ORIENTED_EDGE('', *, *, #4871, .T.);
#6978 = ORIENTED_EDGE('', *, *, #4870, .F.);
#6979 = ORIENTED_EDGE('', *, *, #4867, .F.);
#6980 = ORIENTED_EDGE('', *, *, #4866, .T.);
#6981 = ORIENTED_EDGE('', *, *, #4881, .T.);
#6982 = ORIENTED_EDGE('', *, *, #4880, .F.);
#6983 = ORIENTED_EDGE('', *, *, #4877, .F.);
#6984 = ORIENTED_EDGE('', *, *, #4876, .T.);
#6985 = ORIENTED_EDGE('', *, *, #4891, .T.);
#6986 = ORIENTED_EDGE('', *, *, #4890, .F.);
#6987 = ORIENTED_EDGE('', *, *, #4887, .F.);
#6988 = ORIENTED_EDGE('', *, *, #4886, .T.);
#6989 = ORIENTED_EDGE('', *, *, #4901, .T.);
#6990 = ORIENTED_EDGE('', *, *, #4900, .F.);
#6991 = ORIENTED_EDGE('', *, *, #4897, .F.);
#6992 = ORIENTED_EDGE('', *, *, #4896, .T.);
#6993 = ORIENTED_EDGE('', *, *, #4925, .T.);
#6994 = ORIENTED_EDGE('', *, *, #4924, .F.);
#6995 = ORIENTED_EDGE('', *, *, #4921, .F.);
#6996 = ORIENTED_EDGE('', *, *, #4920, .T.);
#6997 = ORIENTED_EDGE('', *, *, #4935, .T.);
#6998 = ORIENTED_EDGE('', *, *, #4934, .F.);
#6999 = ORIENTED_EDGE('', *, *, #4931, .F.);
#7000 = ORIENTED_EDGE('', *, *, #4930, .T.);
#7001 = ORIENTED_EDGE('', *, *, #4959, .T.);
#7002 = ORIENTED_EDGE('', *, *, #4958, .F.);
#7003 = ORIENTED_EDGE('', *, *, #4955, .F.);
#7004 = ORIENTED_EDGE('', *, *, #4954, .T.);
#7005 = ORIENTED_EDGE('', *, *, #4969, .T.);
#7006 = ORIENTED_EDGE('', *, *, #4968, .F.);
#7007 = ORIENTED_EDGE('', *, *, #4965, .F.);
#7008 = ORIENTED_EDGE('', *, *, #4964, .T.);
#7009 = ORIENTED_EDGE('', *, *, #4993, .T.);
#7010 = ORIENTED_EDGE('', *, *, #4992, .F.);
#7011 = ORIENTED_EDGE('', *, *, #4989, .F.);
#7012 = ORIENTED_EDGE('', *, *, #4988, .T.);
#7013 = ORIENTED_EDGE('', *, *, #5003, .T.);
#7014 = ORIENTED_EDGE('', *, *, #5002, .F.);
#7015 = ORIENTED_EDGE('', *, *, #4999, .F.);
#7016 = ORIENTED_EDGE('', *, *, #4998, .T.);
#7017 = ORIENTED_EDGE('', *, *, #5013, .T.);
#7018 = ORIENTED_EDGE('', *, *, #5012, .F.);
#7019 = ORIENTED_EDGE('', *, *, #5009, .F.);
#7020 = ORIENTED_EDGE('', *, *, #5008, .T.);
#7021 = EDGE_LOOP('', (#6895, #6896, #6897, #6898, #6899, #6900, #6901, #6902, #6903, #6904, #6905, #6906, #6907, #6908));
#7022 = FACE_BOUND('', #7021, .T.);
#7023 = EDGE_LOOP('', (#6909, #6910, #6911, #6912));
#7024 = FACE_BOUND('', #7023, .T.);
#7025 = EDGE_LOOP('', (#6913, #6914, #6915, #6916));
#7026 = FACE_BOUND('', #7025, .T.);
#7027 = EDGE_LOOP('', (#6917, #6918, #6919, #6920));
#7028 = FACE_BOUND('', #7027, .T.);
#7029 = EDGE_LOOP('', (#6921, #6922, #6923, #6924));
#7030 = FACE_BOUND('', #7029, .T.);
#7031 = EDGE_LOOP('', (#6925, #6926, #6927, #6928));
#7032 = FACE_BOUND('', #7031, .T.);
#7033 = EDGE_LOOP('', (#6929, #6930, #6931, #6932));
#7034 = FACE_BOUND('', #7033, .T.);
#7035 = EDGE_LOOP('', (#6933, #6934, #6935, #6936));
#7036 = FACE_BOUND('', #7035, .T.);
#7037 = EDGE_LOOP('', (#6937, #6938, #6939, #6940));
#7038 = FACE_BOUND('', #7037, .T.);
#7039 = EDGE_LOOP('', (#6941, #6942, #6943, #6944));
#7040 = FACE_BOUND('', #7039, .T.);
#7041 = EDGE_LOOP('', (#6945, #6946, #6947, #6948));
#7042 = FACE_BOUND('', #7041, .T.);
#7043 = EDGE_LOOP('', (#6949, #6950, #6951, #6952));
#7044 = FACE_BOUND('', #7043, .T.);
#7045 = EDGE_LOOP('', (#6953, #6954, #6955, #6956));
#7046 = FACE_BOUND('', #7045, .T.);
#7047 = EDGE_LOOP('', (#6957, #6958, #6959, #6960));
#7048 = FACE_BOUND('', #7047, .T.);
#7049 = EDGE_LOOP('', (#6961, #6962, #6963, #6964));
#7050 = FACE_BOUND('', #7049, .T.);
#7051 = EDGE_LOOP('', (#6965, #6966, #6967, #6968));
#7052 = FACE_BOUND('', #7051, .T.);
#7053 = EDGE_LOOP('', (#6969, #6970, #6971, #6972));
#7054 = FACE_BOUND('', #7053, .T.);
#7055 = EDGE_LOOP('', (#6973, #6974, #6975, #6976));
#7056 = FACE_BOUND('', #7055, .T.);
#7057 = EDGE_LOOP('', (#6977, #6978, #6979, #6980));
#7058 = FACE_BOUND('', #7057, .T.);
#7059 = EDGE_LOOP('', (#6981, #6982, #6983, #6984));
#7060 = FACE_BOUND('', #7059, .T.);
#7061 = EDGE_LOOP('', (#6985, #6986, #6987, #6988));
#7062 = FACE_BOUND('', #7061, .T.);
#7063 = EDGE_LOOP('', (#6989, #6990, #6991, #6992));
#7064 = FACE_BOUND('', #7063, .T.);
#7065 = EDGE_LOOP('', (#6993, #6994, #6995, #6996));
#7066 = FACE_BOUND('', #7065, .T.);
#7067 = EDGE_LOOP('', (#6997, #6998, #6999, #7000));
#7068 = FACE_BOUND('', #7067, .T.);
#7069 = EDGE_LOOP('', (#7001, #7002, #7003, #7004));
#7070 = FACE_BOUND('', #7069, .T.);
#7071 = EDGE_LOOP('', (#7005, #7006, #7007, #7008));
#7072 = FACE_BOUND('', #7071, .T.);
#7073 = EDGE_LOOP('', (#7009, #7010, #7011, #7012));
#7074 = FACE_BOUND('', #7073, .T.);
#7075 = EDGE_LOOP('', (#7013, #7014, #7015, #7016));
#7076 = FACE_BOUND('', #7075, .T.);
#7077 = EDGE_LOOP('', (#7017, #7018, #7019, #7020));
#7078 = FACE_BOUND('', #7077, .T.);
#7079 = ADVANCED_FACE('', (#7022, #7024, #7026, #7028, #7030, #7032, #7034, #7036, #7038, #7040, #7042, #7044, #7046, #7048, #7050, #7052, #7054, #7056, #7058, #7060, #7062, #7064, #7066, #7068, #7070, #7072, #7074, #7076, #7078), #5415, .F.);
#7080 = ORIENTED_EDGE('', *, *, #4627, .T.);
#7081 = ORIENTED_EDGE('', *, *, #4631, .F.);
#7082 = ORIENTED_EDGE('', *, *, #4628, .F.);
#7083 = ORIENTED_EDGE('', *, *, #4625, .F.);
#7084 = ORIENTED_EDGE('', *, *, #4624, .T.);
#7085 = EDGE_LOOP('', (#7080, #7081, #7082, #7083, #7084));
#7086 = FACE_BOUND('', #7085, .T.);
#7087 = ADVANCED_FACE('', (#7086), #5420, .T.);
#7088 = ORIENTED_EDGE('', *, *, #4626, .F.);
#7089 = ORIENTED_EDGE('', *, *, #4624, .F.);
#7090 = ORIENTED_EDGE('', *, *, #5035, .T.);
#7091 = ORIENTED_EDGE('', *, *, #5034, .F.);
#7092 = ORIENTED_EDGE('', *, *, #5031, .F.);
#7093 = ORIENTED_EDGE('', *, *, #5030, .T.);
#7094 = EDGE_LOOP('', (#7088, #7089));
#7095 = FACE_BOUND('', #7094, .T.);
#7096 = EDGE_LOOP('', (#7090, #7091, #7092, #7093));
#7097 = FACE_BOUND('', #7096, .T.);
#7098 = ADVANCED_FACE('', (#7095, #7097), #5424, .F.);
#7099 = ORIENTED_EDGE('', *, *, #4627, .F.);
#7100 = ORIENTED_EDGE('', *, *, #4626, .T.);
#7101 = ORIENTED_EDGE('', *, *, #4625, .T.);
#7102 = ORIENTED_EDGE('', *, *, #4629, .T.);
#7103 = ORIENTED_EDGE('', *, *, #4630, .T.);
#7104 = EDGE_LOOP('', (#7099, #7100, #7101, #7102, #7103));
#7105 = FACE_BOUND('', #7104, .T.);
#7106 = ADVANCED_FACE('', (#7105), #5420, .T.);
#7107 = ORIENTED_EDGE('', *, *, #4635, .T.);
#7108 = ORIENTED_EDGE('', *, *, #4639, .F.);
#7109 = ORIENTED_EDGE('', *, *, #4636, .F.);
#7110 = ORIENTED_EDGE('', *, *, #4633, .F.);
#7111 = ORIENTED_EDGE('', *, *, #4632, .T.);
#7112 = EDGE_LOOP('', (#7107, #7108, #7109, #7110, #7111));
#7113 = FACE_BOUND('', #7112, .T.);
#7114 = ADVANCED_FACE('', (#7113), #5429, .T.);
#7115 = ORIENTED_EDGE('', *, *, #4634, .F.);
#7116 = ORIENTED_EDGE('', *, *, #4632, .F.);
#7117 = ORIENTED_EDGE('', *, *, #5045, .T.);
#7118 = ORIENTED_EDGE('', *, *, #5044, .F.);
#7119 = ORIENTED_EDGE('', *, *, #5041, .F.);
#7120 = ORIENTED_EDGE('', *, *, #5040, .T.);
#7121 = EDGE_LOOP('', (#7115, #7116));
#7122 = FACE_BOUND('', #7121, .T.);
#7123 = EDGE_LOOP('', (#7117, #7118, #7119, #7120));
#7124 = FACE_BOUND('', #7123, .T.);
#7125 = ADVANCED_FACE('', (#7122, #7124), #5433, .F.);
#7126 = ORIENTED_EDGE('', *, *, #4635, .F.);
#7127 = ORIENTED_EDGE('', *, *, #4634, .T.);
#7128 = ORIENTED_EDGE('', *, *, #4633, .T.);
#7129 = ORIENTED_EDGE('', *, *, #4637, .T.);
#7130 = ORIENTED_EDGE('', *, *, #4638, .T.);
#7131 = EDGE_LOOP('', (#7126, #7127, #7128, #7129, #7130));
#7132 = FACE_BOUND('', #7131, .T.);
#7133 = ADVANCED_FACE('', (#7132), #5429, .T.);
#7134 = ORIENTED_EDGE('', *, *, #4643, .T.);
#7135 = ORIENTED_EDGE('', *, *, #4647, .F.);
#7136 = ORIENTED_EDGE('', *, *, #4644, .F.);
#7137 = ORIENTED_EDGE('', *, *, #4641, .F.);
#7138 = ORIENTED_EDGE('', *, *, #4640, .T.);
#7139 = EDGE_LOOP('', (#7134, #7135, #7136, #7137, #7138));
#7140 = FACE_BOUND('', #7139, .T.);
#7141 = ADVANCED_FACE('', (#7140), #5438, .T.);
#7142 = ORIENTED_EDGE('', *, *, #4642, .F.);
#7143 = ORIENTED_EDGE('', *, *, #4640, .F.);
#7144 = ORIENTED_EDGE('', *, *, #5055, .T.);
#7145 = ORIENTED_EDGE('', *, *, #5054, .F.);
#7146 = ORIENTED_EDGE('', *, *, #5051, .F.);
#7147 = ORIENTED_EDGE('', *, *, #5050, .T.);
#7148 = EDGE_LOOP('', (#7142, #7143));
#7149 = FACE_BOUND('', #7148, .T.);
#7150 = EDGE_LOOP('', (#7144, #7145, #7146, #7147));
#7151 = FACE_BOUND('', #7150, .T.);
#7152 = ADVANCED_FACE('', (#7149, #7151), #5442, .F.);
#7153 = ORIENTED_EDGE('', *, *, #4643, .F.);
#7154 = ORIENTED_EDGE('', *, *, #4642, .T.);
#7155 = ORIENTED_EDGE('', *, *, #4641, .T.);
#7156 = ORIENTED_EDGE('', *, *, #4645, .T.);
#7157 = ORIENTED_EDGE('', *, *, #4646, .T.);
#7158 = EDGE_LOOP('', (#7153, #7154, #7155, #7156, #7157));
#7159 = FACE_BOUND('', #7158, .T.);
#7160 = ADVANCED_FACE('', (#7159), #5438, .T.);
#7161 = ORIENTED_EDGE('', *, *, #4651, .T.);
#7162 = ORIENTED_EDGE('', *, *, #4655, .F.);
#7163 = ORIENTED_EDGE('', *, *, #4652, .F.);
#7164 = ORIENTED_EDGE('', *, *, #4649, .F.);
#7165 = ORIENTED_EDGE('', *, *, #4648, .T.);
#7166 = EDGE_LOOP('', (#7161, #7162, #7163, #7164, #7165));
#7167 = FACE_BOUND('', #7166, .T.);
#7168 = ADVANCED_FACE('', (#7167), #5447, .T.);
#7169 = ORIENTED_EDGE('', *, *, #4650, .F.);
#7170 = ORIENTED_EDGE('', *, *, #4648, .F.);
#7171 = ORIENTED_EDGE('', *, *, #5065, .T.);
#7172 = ORIENTED_EDGE('', *, *, #5064, .F.);
#7173 = ORIENTED_EDGE('', *, *, #5061, .F.);
#7174 = ORIENTED_EDGE('', *, *, #5060, .T.);
#7175 = EDGE_LOOP('', (#7169, #7170));
#7176 = FACE_BOUND('', #7175, .T.);
#7177 = EDGE_LOOP('', (#7171, #7172, #7173, #7174));
#7178 = FACE_BOUND('', #7177, .T.);
#7179 = ADVANCED_FACE('', (#7176, #7178), #5451, .F.);
#7180 = ORIENTED_EDGE('', *, *, #4651, .F.);
#7181 = ORIENTED_EDGE('', *, *, #4650, .T.);
#7182 = ORIENTED_EDGE('', *, *, #4649, .T.);
#7183 = ORIENTED_EDGE('', *, *, #4653, .T.);
#7184 = ORIENTED_EDGE('', *, *, #4654, .T.);
#7185 = EDGE_LOOP('', (#7180, #7181, #7182, #7183, #7184));
#7186 = FACE_BOUND('', #7185, .T.);
#7187 = ADVANCED_FACE('', (#7186), #5447, .T.);
#7188 = ORIENTED_EDGE('', *, *, #4661, .T.);
#7189 = ORIENTED_EDGE('', *, *, #4585, .T.);
#7190 = ORIENTED_EDGE('', *, *, #4660, .F.);
#7191 = ORIENTED_EDGE('', *, *, #4657, .T.);
#7192 = EDGE_LOOP('', (#7188, #7189, #7190, #7191));
#7193 = FACE_BOUND('', #7192, .T.);
#7194 = ADVANCED_FACE('', (#7193), #5345, .T.);
#7195 = ORIENTED_EDGE('', *, *, #4659, .T.);
#7196 = ORIENTED_EDGE('', *, *, #4656, .T.);
#7197 = ORIENTED_EDGE('', *, *, #4658, .T.);
#7198 = ORIENTED_EDGE('', *, *, #4657, .F.);
#7199 = EDGE_LOOP('', (#7195, #7196, #7197, #7198));
#7200 = FACE_BOUND('', #7199, .T.);
#7201 = ADVANCED_FACE('', (#7200), #5455, .T.);
#7202 = ORIENTED_EDGE('', *, *, #4665, .T.);
#7203 = ORIENTED_EDGE('', *, *, #4670, .T.);
#7204 = ORIENTED_EDGE('', *, *, #4669, .F.);
#7205 = ORIENTED_EDGE('', *, *, #4672, .F.);
#7206 = EDGE_LOOP('', (#7202, #7203, #7204, #7205));
#7207 = FACE_BOUND('', #7206, .T.);
#7208 = ADVANCED_FACE('', (#7207), #5471, .F.);
#7209 = ORIENTED_EDGE('', *, *, #4664, .T.);
#7210 = ORIENTED_EDGE('', *, *, #4671, .T.);
#7211 = ORIENTED_EDGE('', *, *, #4668, .F.);
#7212 = ORIENTED_EDGE('', *, *, #4670, .F.);
#7213 = EDGE_LOOP('', (#7209, #7210, #7211, #7212));
#7214 = FACE_BOUND('', #7213, .T.);
#7215 = ADVANCED_FACE('', (#7214), #5467, .F.);
#7216 = ORIENTED_EDGE('', *, *, #4663, .T.);
#7217 = ORIENTED_EDGE('', *, *, #4673, .T.);
#7218 = ORIENTED_EDGE('', *, *, #4667, .F.);
#7219 = ORIENTED_EDGE('', *, *, #4671, .F.);
#7220 = EDGE_LOOP('', (#7216, #7217, #7218, #7219));
#7221 = FACE_BOUND('', #7220, .T.);
#7222 = ADVANCED_FACE('', (#7221), #5463, .F.);
#7223 = ORIENTED_EDGE('', *, *, #4662, .T.);
#7224 = ORIENTED_EDGE('', *, *, #4672, .T.);
#7225 = ORIENTED_EDGE('', *, *, #4666, .F.);
#7226 = ORIENTED_EDGE('', *, *, #4673, .F.);
#7227 = EDGE_LOOP('', (#7223, #7224, #7225, #7226));
#7228 = FACE_BOUND('', #7227, .T.);
#7229 = ADVANCED_FACE('', (#7228), #5459, .F.);
#7230 = ORIENTED_EDGE('', *, *, #4677, .T.);
#7231 = ORIENTED_EDGE('', *, *, #4682, .T.);
#7232 = ORIENTED_EDGE('', *, *, #4681, .F.);
#7233 = ORIENTED_EDGE('', *, *, #4684, .F.);
#7234 = EDGE_LOOP('', (#7230, #7231, #7232, #7233));
#7235 = FACE_BOUND('', #7234, .T.);
#7236 = ADVANCED_FACE('', (#7235), #5487, .F.);
#7237 = ORIENTED_EDGE('', *, *, #4676, .T.);
#7238 = ORIENTED_EDGE('', *, *, #4683, .T.);
#7239 = ORIENTED_EDGE('', *, *, #4680, .F.);
#7240 = ORIENTED_EDGE('', *, *, #4682, .F.);
#7241 = EDGE_LOOP('', (#7237, #7238, #7239, #7240));
#7242 = FACE_BOUND('', #7241, .T.);
#7243 = ADVANCED_FACE('', (#7242), #5483, .F.);
#7244 = ORIENTED_EDGE('', *, *, #4675, .T.);
#7245 = ORIENTED_EDGE('', *, *, #4685, .T.);
#7246 = ORIENTED_EDGE('', *, *, #4679, .F.);
#7247 = ORIENTED_EDGE('', *, *, #4683, .F.);
#7248 = EDGE_LOOP('', (#7244, #7245, #7246, #7247));
#7249 = FACE_BOUND('', #7248, .T.);
#7250 = ADVANCED_FACE('', (#7249), #5479, .F.);
#7251 = ORIENTED_EDGE('', *, *, #4674, .T.);
#7252 = ORIENTED_EDGE('', *, *, #4684, .T.);
#7253 = ORIENTED_EDGE('', *, *, #4678, .F.);
#7254 = ORIENTED_EDGE('', *, *, #4685, .F.);
#7255 = EDGE_LOOP('', (#7251, #7252, #7253, #7254));
#7256 = FACE_BOUND('', #7255, .T.);
#7257 = ADVANCED_FACE('', (#7256), #5475, .F.);
#7258 = ORIENTED_EDGE('', *, *, #4689, .T.);
#7259 = ORIENTED_EDGE('', *, *, #4694, .T.);
#7260 = ORIENTED_EDGE('', *, *, #4693, .F.);
#7261 = ORIENTED_EDGE('', *, *, #4696, .F.);
#7262 = EDGE_LOOP('', (#7258, #7259, #7260, #7261));
#7263 = FACE_BOUND('', #7262, .T.);
#7264 = ADVANCED_FACE('', (#7263), #5503, .F.);
#7265 = ORIENTED_EDGE('', *, *, #4688, .T.);
#7266 = ORIENTED_EDGE('', *, *, #4695, .T.);
#7267 = ORIENTED_EDGE('', *, *, #4692, .F.);
#7268 = ORIENTED_EDGE('', *, *, #4694, .F.);
#7269 = EDGE_LOOP('', (#7265, #7266, #7267, #7268));
#7270 = FACE_BOUND('', #7269, .T.);
#7271 = ADVANCED_FACE('', (#7270), #5499, .F.);
#7272 = ORIENTED_EDGE('', *, *, #4686, .T.);
#7273 = ORIENTED_EDGE('', *, *, #4696, .T.);
#7274 = ORIENTED_EDGE('', *, *, #4690, .F.);
#7275 = ORIENTED_EDGE('', *, *, #4697, .F.);
#7276 = EDGE_LOOP('', (#7272, #7273, #7274, #7275));
#7277 = FACE_BOUND('', #7276, .T.);
#7278 = ADVANCED_FACE('', (#7277), #5491, .F.);
#7279 = ORIENTED_EDGE('', *, *, #4687, .T.);
#7280 = ORIENTED_EDGE('', *, *, #4697, .T.);
#7281 = ORIENTED_EDGE('', *, *, #4691, .F.);
#7282 = ORIENTED_EDGE('', *, *, #4695, .F.);
#7283 = EDGE_LOOP('', (#7279, #7280, #7281, #7282));
#7284 = FACE_BOUND('', #7283, .T.);
#7285 = ADVANCED_FACE('', (#7284), #5495, .F.);
#7286 = ORIENTED_EDGE('', *, *, #4701, .T.);
#7287 = ORIENTED_EDGE('', *, *, #4706, .T.);
#7288 = ORIENTED_EDGE('', *, *, #4705, .F.);
#7289 = ORIENTED_EDGE('', *, *, #4708, .F.);
#7290 = EDGE_LOOP('', (#7286, #7287, #7288, #7289));
#7291 = FACE_BOUND('', #7290, .T.);
#7292 = ADVANCED_FACE('', (#7291), #5519, .F.);
#7293 = ORIENTED_EDGE('', *, *, #4700, .T.);
#7294 = ORIENTED_EDGE('', *, *, #4707, .T.);
#7295 = ORIENTED_EDGE('', *, *, #4704, .F.);
#7296 = ORIENTED_EDGE('', *, *, #4706, .F.);
#7297 = EDGE_LOOP('', (#7293, #7294, #7295, #7296));
#7298 = FACE_BOUND('', #7297, .T.);
#7299 = ADVANCED_FACE('', (#7298), #5515, .F.);
#7300 = ORIENTED_EDGE('', *, *, #4699, .T.);
#7301 = ORIENTED_EDGE('', *, *, #4709, .T.);
#7302 = ORIENTED_EDGE('', *, *, #4703, .F.);
#7303 = ORIENTED_EDGE('', *, *, #4707, .F.);
#7304 = EDGE_LOOP('', (#7300, #7301, #7302, #7303));
#7305 = FACE_BOUND('', #7304, .T.);
#7306 = ADVANCED_FACE('', (#7305), #5511, .F.);
#7307 = ORIENTED_EDGE('', *, *, #4698, .T.);
#7308 = ORIENTED_EDGE('', *, *, #4708, .T.);
#7309 = ORIENTED_EDGE('', *, *, #4702, .F.);
#7310 = ORIENTED_EDGE('', *, *, #4709, .F.);
#7311 = EDGE_LOOP('', (#7307, #7308, #7309, #7310));
#7312 = FACE_BOUND('', #7311, .T.);
#7313 = ADVANCED_FACE('', (#7312), #5507, .F.);
#7314 = ORIENTED_EDGE('', *, *, #4713, .T.);
#7315 = ORIENTED_EDGE('', *, *, #4718, .T.);
#7316 = ORIENTED_EDGE('', *, *, #4717, .F.);
#7317 = ORIENTED_EDGE('', *, *, #4720, .F.);
#7318 = EDGE_LOOP('', (#7314, #7315, #7316, #7317));
#7319 = FACE_BOUND('', #7318, .T.);
#7320 = ADVANCED_FACE('', (#7319), #5535, .F.);
#7321 = ORIENTED_EDGE('', *, *, #4712, .T.);
#7322 = ORIENTED_EDGE('', *, *, #4719, .T.);
#7323 = ORIENTED_EDGE('', *, *, #4716, .F.);
#7324 = ORIENTED_EDGE('', *, *, #4718, .F.);
#7325 = EDGE_LOOP('', (#7321, #7322, #7323, #7324));
#7326 = FACE_BOUND('', #7325, .T.);
#7327 = ADVANCED_FACE('', (#7326), #5531, .F.);
#7328 = ORIENTED_EDGE('', *, *, #4711, .T.);
#7329 = ORIENTED_EDGE('', *, *, #4721, .T.);
#7330 = ORIENTED_EDGE('', *, *, #4715, .F.);
#7331 = ORIENTED_EDGE('', *, *, #4719, .F.);
#7332 = EDGE_LOOP('', (#7328, #7329, #7330, #7331));
#7333 = FACE_BOUND('', #7332, .T.);
#7334 = ADVANCED_FACE('', (#7333), #5527, .F.);
#7335 = ORIENTED_EDGE('', *, *, #4710, .T.);
#7336 = ORIENTED_EDGE('', *, *, #4720, .T.);
#7337 = ORIENTED_EDGE('', *, *, #4714, .F.);
#7338 = ORIENTED_EDGE('', *, *, #4721, .F.);
#7339 = EDGE_LOOP('', (#7335, #7336, #7337, #7338));
#7340 = FACE_BOUND('', #7339, .T.);
#7341 = ADVANCED_FACE('', (#7340), #5523, .F.);
#7342 = ORIENTED_EDGE('', *, *, #4725, .T.);
#7343 = ORIENTED_EDGE('', *, *, #4730, .T.);
#7344 = ORIENTED_EDGE('', *, *, #4729, .F.);
#7345 = ORIENTED_EDGE('', *, *, #4732, .F.);
#7346 = EDGE_LOOP('', (#7342, #7343, #7344, #7345));
#7347 = FACE_BOUND('', #7346, .T.);
#7348 = ADVANCED_FACE('', (#7347), #5551, .F.);
#7349 = ORIENTED_EDGE('', *, *, #4723, .T.);
#7350 = ORIENTED_EDGE('', *, *, #4733, .T.);
#7351 = ORIENTED_EDGE('', *, *, #4727, .F.);
#7352 = ORIENTED_EDGE('', *, *, #4731, .F.);
#7353 = EDGE_LOOP('', (#7349, #7350, #7351, #7352));
#7354 = FACE_BOUND('', #7353, .T.);
#7355 = ADVANCED_FACE('', (#7354), #5543, .F.);
#7356 = ORIENTED_EDGE('', *, *, #4722, .T.);
#7357 = ORIENTED_EDGE('', *, *, #4732, .T.);
#7358 = ORIENTED_EDGE('', *, *, #4726, .F.);
#7359 = ORIENTED_EDGE('', *, *, #4733, .F.);
#7360 = EDGE_LOOP('', (#7356, #7357, #7358, #7359));
#7361 = FACE_BOUND('', #7360, .T.);
#7362 = ADVANCED_FACE('', (#7361), #5539, .F.);
#7363 = ORIENTED_EDGE('', *, *, #4724, .T.);
#7364 = ORIENTED_EDGE('', *, *, #4731, .T.);
#7365 = ORIENTED_EDGE('', *, *, #4728, .F.);
#7366 = ORIENTED_EDGE('', *, *, #4730, .F.);
#7367 = EDGE_LOOP('', (#7363, #7364, #7365, #7366));
#7368 = FACE_BOUND('', #7367, .T.);
#7369 = ADVANCED_FACE('', (#7368), #5547, .F.);
#7370 = ORIENTED_EDGE('', *, *, #4741, .F.);
#7371 = ORIENTED_EDGE('', *, *, #4736, .F.);
#7372 = ORIENTED_EDGE('', *, *, #4743, .T.);
#7373 = ORIENTED_EDGE('', *, *, #4734, .T.);
#7374 = ORIENTED_EDGE('', *, *, #4739, .T.);
#7375 = ORIENTED_EDGE('', *, *, #4742, .F.);
#7376 = EDGE_LOOP('', (#7370, #7371, #7372, #7373, #7374, #7375));
#7377 = FACE_BOUND('', #7376, .T.);
#7378 = ADVANCED_FACE('', (#7377), #5556, .F.);
#7379 = ORIENTED_EDGE('', *, *, #4738, .F.);
#7380 = ORIENTED_EDGE('', *, *, #4735, .F.);
#7381 = ORIENTED_EDGE('', *, *, #4743, .F.);
#7382 = ORIENTED_EDGE('', *, *, #4737, .T.);
#7383 = ORIENTED_EDGE('', *, *, #4740, .T.);
#7384 = ORIENTED_EDGE('', *, *, #4742, .T.);
#7385 = EDGE_LOOP('', (#7379, #7380, #7381, #7382, #7383, #7384));
#7386 = FACE_BOUND('', #7385, .T.);
#7387 = ADVANCED_FACE('', (#7386), #5556, .F.);
#7388 = ORIENTED_EDGE('', *, *, #4751, .F.);
#7389 = ORIENTED_EDGE('', *, *, #4746, .F.);
#7390 = ORIENTED_EDGE('', *, *, #4753, .T.);
#7391 = ORIENTED_EDGE('', *, *, #4744, .T.);
#7392 = ORIENTED_EDGE('', *, *, #4749, .T.);
#7393 = ORIENTED_EDGE('', *, *, #4752, .F.);
#7394 = EDGE_LOOP('', (#7388, #7389, #7390, #7391, #7392, #7393));
#7395 = FACE_BOUND('', #7394, .T.);
#7396 = ADVANCED_FACE('', (#7395), #5561, .F.);
#7397 = ORIENTED_EDGE('', *, *, #4748, .F.);
#7398 = ORIENTED_EDGE('', *, *, #4745, .F.);
#7399 = ORIENTED_EDGE('', *, *, #4753, .F.);
#7400 = ORIENTED_EDGE('', *, *, #4747, .T.);
#7401 = ORIENTED_EDGE('', *, *, #4750, .T.);
#7402 = ORIENTED_EDGE('', *, *, #4752, .T.);
#7403 = EDGE_LOOP('', (#7397, #7398, #7399, #7400, #7401, #7402));
#7404 = FACE_BOUND('', #7403, .T.);
#7405 = ADVANCED_FACE('', (#7404), #5561, .F.);
#7406 = ORIENTED_EDGE('', *, *, #4761, .F.);
#7407 = ORIENTED_EDGE('', *, *, #4756, .F.);
#7408 = ORIENTED_EDGE('', *, *, #4763, .T.);
#7409 = ORIENTED_EDGE('', *, *, #4754, .T.);
#7410 = ORIENTED_EDGE('', *, *, #4759, .T.);
#7411 = ORIENTED_EDGE('', *, *, #4762, .F.);
#7412 = EDGE_LOOP('', (#7406, #7407, #7408, #7409, #7410, #7411));
#7413 = FACE_BOUND('', #7412, .T.);
#7414 = ADVANCED_FACE('', (#7413), #5566, .F.);
#7415 = ORIENTED_EDGE('', *, *, #4758, .F.);
#7416 = ORIENTED_EDGE('', *, *, #4755, .F.);
#7417 = ORIENTED_EDGE('', *, *, #4763, .F.);
#7418 = ORIENTED_EDGE('', *, *, #4757, .T.);
#7419 = ORIENTED_EDGE('', *, *, #4760, .T.);
#7420 = ORIENTED_EDGE('', *, *, #4762, .T.);
#7421 = EDGE_LOOP('', (#7415, #7416, #7417, #7418, #7419, #7420));
#7422 = FACE_BOUND('', #7421, .T.);
#7423 = ADVANCED_FACE('', (#7422), #5566, .F.);
#7424 = ORIENTED_EDGE('', *, *, #4771, .F.);
#7425 = ORIENTED_EDGE('', *, *, #4766, .F.);
#7426 = ORIENTED_EDGE('', *, *, #4773, .T.);
#7427 = ORIENTED_EDGE('', *, *, #4764, .T.);
#7428 = ORIENTED_EDGE('', *, *, #4769, .T.);
#7429 = ORIENTED_EDGE('', *, *, #4772, .F.);
#7430 = EDGE_LOOP('', (#7424, #7425, #7426, #7427, #7428, #7429));
#7431 = FACE_BOUND('', #7430, .T.);
#7432 = ADVANCED_FACE('', (#7431), #5571, .F.);
#7433 = ORIENTED_EDGE('', *, *, #4768, .F.);
#7434 = ORIENTED_EDGE('', *, *, #4765, .F.);
#7435 = ORIENTED_EDGE('', *, *, #4773, .F.);
#7436 = ORIENTED_EDGE('', *, *, #4767, .T.);
#7437 = ORIENTED_EDGE('', *, *, #4770, .T.);
#7438 = ORIENTED_EDGE('', *, *, #4772, .T.);
#7439 = EDGE_LOOP('', (#7433, #7434, #7435, #7436, #7437, #7438));
#7440 = FACE_BOUND('', #7439, .T.);
#7441 = ADVANCED_FACE('', (#7440), #5571, .F.);
#7442 = ORIENTED_EDGE('', *, *, #4781, .F.);
#7443 = ORIENTED_EDGE('', *, *, #4776, .F.);
#7444 = ORIENTED_EDGE('', *, *, #4783, .T.);
#7445 = ORIENTED_EDGE('', *, *, #4774, .T.);
#7446 = ORIENTED_EDGE('', *, *, #4779, .T.);
#7447 = ORIENTED_EDGE('', *, *, #4782, .F.);
#7448 = EDGE_LOOP('', (#7442, #7443, #7444, #7445, #7446, #7447));
#7449 = FACE_BOUND('', #7448, .T.);
#7450 = ADVANCED_FACE('', (#7449), #5576, .F.);
#7451 = ORIENTED_EDGE('', *, *, #4778, .F.);
#7452 = ORIENTED_EDGE('', *, *, #4775, .F.);
#7453 = ORIENTED_EDGE('', *, *, #4783, .F.);
#7454 = ORIENTED_EDGE('', *, *, #4777, .T.);
#7455 = ORIENTED_EDGE('', *, *, #4780, .T.);
#7456 = ORIENTED_EDGE('', *, *, #4782, .T.);
#7457 = EDGE_LOOP('', (#7451, #7452, #7453, #7454, #7455, #7456));
#7458 = FACE_BOUND('', #7457, .T.);
#7459 = ADVANCED_FACE('', (#7458), #5576, .F.);
#7460 = ORIENTED_EDGE('', *, *, #4791, .F.);
#7461 = ORIENTED_EDGE('', *, *, #4786, .F.);
#7462 = ORIENTED_EDGE('', *, *, #4793, .T.);
#7463 = ORIENTED_EDGE('', *, *, #4784, .T.);
#7464 = ORIENTED_EDGE('', *, *, #4789, .T.);
#7465 = ORIENTED_EDGE('', *, *, #4792, .F.);
#7466 = EDGE_LOOP('', (#7460, #7461, #7462, #7463, #7464, #7465));
#7467 = FACE_BOUND('', #7466, .T.);
#7468 = ADVANCED_FACE('', (#7467), #5581, .F.);
#7469 = ORIENTED_EDGE('', *, *, #4788, .F.);
#7470 = ORIENTED_EDGE('', *, *, #4785, .F.);
#7471 = ORIENTED_EDGE('', *, *, #4793, .F.);
#7472 = ORIENTED_EDGE('', *, *, #4787, .T.);
#7473 = ORIENTED_EDGE('', *, *, #4790, .T.);
#7474 = ORIENTED_EDGE('', *, *, #4792, .T.);
#7475 = EDGE_LOOP('', (#7469, #7470, #7471, #7472, #7473, #7474));
#7476 = FACE_BOUND('', #7475, .T.);
#7477 = ADVANCED_FACE('', (#7476), #5581, .F.);
#7478 = ORIENTED_EDGE('', *, *, #4801, .F.);
#7479 = ORIENTED_EDGE('', *, *, #4796, .F.);
#7480 = ORIENTED_EDGE('', *, *, #4803, .T.);
#7481 = ORIENTED_EDGE('', *, *, #4794, .T.);
#7482 = ORIENTED_EDGE('', *, *, #4799, .T.);
#7483 = ORIENTED_EDGE('', *, *, #4802, .F.);
#7484 = EDGE_LOOP('', (#7478, #7479, #7480, #7481, #7482, #7483));
#7485 = FACE_BOUND('', #7484, .T.);
#7486 = ADVANCED_FACE('', (#7485), #5586, .F.);
#7487 = ORIENTED_EDGE('', *, *, #4798, .F.);
#7488 = ORIENTED_EDGE('', *, *, #4795, .F.);
#7489 = ORIENTED_EDGE('', *, *, #4803, .F.);
#7490 = ORIENTED_EDGE('', *, *, #4797, .T.);
#7491 = ORIENTED_EDGE('', *, *, #4800, .T.);
#7492 = ORIENTED_EDGE('', *, *, #4802, .T.);
#7493 = EDGE_LOOP('', (#7487, #7488, #7489, #7490, #7491, #7492));
#7494 = FACE_BOUND('', #7493, .T.);
#7495 = ADVANCED_FACE('', (#7494), #5586, .F.);
#7496 = ORIENTED_EDGE('', *, *, #4811, .F.);
#7497 = ORIENTED_EDGE('', *, *, #4806, .F.);
#7498 = ORIENTED_EDGE('', *, *, #4813, .T.);
#7499 = ORIENTED_EDGE('', *, *, #4804, .T.);
#7500 = ORIENTED_EDGE('', *, *, #4809, .T.);
#7501 = ORIENTED_EDGE('', *, *, #4812, .F.);
#7502 = EDGE_LOOP('', (#7496, #7497, #7498, #7499, #7500, #7501));
#7503 = FACE_BOUND('', #7502, .T.);
#7504 = ADVANCED_FACE('', (#7503), #5591, .F.);
#7505 = ORIENTED_EDGE('', *, *, #4808, .F.);
#7506 = ORIENTED_EDGE('', *, *, #4805, .F.);
#7507 = ORIENTED_EDGE('', *, *, #4813, .F.);
#7508 = ORIENTED_EDGE('', *, *, #4807, .T.);
#7509 = ORIENTED_EDGE('', *, *, #4810, .T.);
#7510 = ORIENTED_EDGE('', *, *, #4812, .T.);
#7511 = EDGE_LOOP('', (#7505, #7506, #7507, #7508, #7509, #7510));
#7512 = FACE_BOUND('', #7511, .T.);
#7513 = ADVANCED_FACE('', (#7512), #5591, .F.);
#7514 = ORIENTED_EDGE('', *, *, #4821, .F.);
#7515 = ORIENTED_EDGE('', *, *, #4816, .F.);
#7516 = ORIENTED_EDGE('', *, *, #4823, .T.);
#7517 = ORIENTED_EDGE('', *, *, #4814, .T.);
#7518 = ORIENTED_EDGE('', *, *, #4819, .T.);
#7519 = ORIENTED_EDGE('', *, *, #4822, .F.);
#7520 = EDGE_LOOP('', (#7514, #7515, #7516, #7517, #7518, #7519));
#7521 = FACE_BOUND('', #7520, .T.);
#7522 = ADVANCED_FACE('', (#7521), #5596, .F.);
#7523 = ORIENTED_EDGE('', *, *, #4818, .F.);
#7524 = ORIENTED_EDGE('', *, *, #4815, .F.);
#7525 = ORIENTED_EDGE('', *, *, #4823, .F.);
#7526 = ORIENTED_EDGE('', *, *, #4817, .T.);
#7527 = ORIENTED_EDGE('', *, *, #4820, .T.);
#7528 = ORIENTED_EDGE('', *, *, #4822, .T.);
#7529 = EDGE_LOOP('', (#7523, #7524, #7525, #7526, #7527, #7528));
#7530 = FACE_BOUND('', #7529, .T.);
#7531 = ADVANCED_FACE('', (#7530), #5596, .F.);
#7532 = ORIENTED_EDGE('', *, *, #4831, .F.);
#7533 = ORIENTED_EDGE('', *, *, #4826, .F.);
#7534 = ORIENTED_EDGE('', *, *, #4833, .T.);
#7535 = ORIENTED_EDGE('', *, *, #4824, .T.);
#7536 = ORIENTED_EDGE('', *, *, #4829, .T.);
#7537 = ORIENTED_EDGE('', *, *, #4832, .F.);
#7538 = EDGE_LOOP('', (#7532, #7533, #7534, #7535, #7536, #7537));
#7539 = FACE_BOUND('', #7538, .T.);
#7540 = ADVANCED_FACE('', (#7539), #5601, .F.);
#7541 = ORIENTED_EDGE('', *, *, #4828, .F.);
#7542 = ORIENTED_EDGE('', *, *, #4825, .F.);
#7543 = ORIENTED_EDGE('', *, *, #4833, .F.);
#7544 = ORIENTED_EDGE('', *, *, #4827, .T.);
#7545 = ORIENTED_EDGE('', *, *, #4830, .T.);
#7546 = ORIENTED_EDGE('', *, *, #4832, .T.);
#7547 = EDGE_LOOP('', (#7541, #7542, #7543, #7544, #7545, #7546));
#7548 = FACE_BOUND('', #7547, .T.);
#7549 = ADVANCED_FACE('', (#7548), #5601, .F.);
#7550 = ORIENTED_EDGE('', *, *, #4841, .F.);
#7551 = ORIENTED_EDGE('', *, *, #4836, .F.);
#7552 = ORIENTED_EDGE('', *, *, #4843, .T.);
#7553 = ORIENTED_EDGE('', *, *, #4834, .T.);
#7554 = ORIENTED_EDGE('', *, *, #4839, .T.);
#7555 = ORIENTED_EDGE('', *, *, #4842, .F.);
#7556 = EDGE_LOOP('', (#7550, #7551, #7552, #7553, #7554, #7555));
#7557 = FACE_BOUND('', #7556, .T.);
#7558 = ADVANCED_FACE('', (#7557), #5606, .F.);
#7559 = ORIENTED_EDGE('', *, *, #4838, .F.);
#7560 = ORIENTED_EDGE('', *, *, #4835, .F.);
#7561 = ORIENTED_EDGE('', *, *, #4843, .F.);
#7562 = ORIENTED_EDGE('', *, *, #4837, .T.);
#7563 = ORIENTED_EDGE('', *, *, #4840, .T.);
#7564 = ORIENTED_EDGE('', *, *, #4842, .T.);
#7565 = EDGE_LOOP('', (#7559, #7560, #7561, #7562, #7563, #7564));
#7566 = FACE_BOUND('', #7565, .T.);
#7567 = ADVANCED_FACE('', (#7566), #5606, .F.);
#7568 = ORIENTED_EDGE('', *, *, #4851, .F.);
#7569 = ORIENTED_EDGE('', *, *, #4846, .F.);
#7570 = ORIENTED_EDGE('', *, *, #4853, .T.);
#7571 = ORIENTED_EDGE('', *, *, #4844, .T.);
#7572 = ORIENTED_EDGE('', *, *, #4849, .T.);
#7573 = ORIENTED_EDGE('', *, *, #4852, .F.);
#7574 = EDGE_LOOP('', (#7568, #7569, #7570, #7571, #7572, #7573));
#7575 = FACE_BOUND('', #7574, .T.);
#7576 = ADVANCED_FACE('', (#7575), #5611, .F.);
#7577 = ORIENTED_EDGE('', *, *, #4848, .F.);
#7578 = ORIENTED_EDGE('', *, *, #4845, .F.);
#7579 = ORIENTED_EDGE('', *, *, #4853, .F.);
#7580 = ORIENTED_EDGE('', *, *, #4847, .T.);
#7581 = ORIENTED_EDGE('', *, *, #4850, .T.);
#7582 = ORIENTED_EDGE('', *, *, #4852, .T.);
#7583 = EDGE_LOOP('', (#7577, #7578, #7579, #7580, #7581, #7582));
#7584 = FACE_BOUND('', #7583, .T.);
#7585 = ADVANCED_FACE('', (#7584), #5611, .F.);
#7586 = ORIENTED_EDGE('', *, *, #4861, .F.);
#7587 = ORIENTED_EDGE('', *, *, #4856, .F.);
#7588 = ORIENTED_EDGE('', *, *, #4863, .T.);
#7589 = ORIENTED_EDGE('', *, *, #4854, .T.);
#7590 = ORIENTED_EDGE('', *, *, #4859, .T.);
#7591 = ORIENTED_EDGE('', *, *, #4862, .F.);
#7592 = EDGE_LOOP('', (#7586, #7587, #7588, #7589, #7590, #7591));
#7593 = FACE_BOUND('', #7592, .T.);
#7594 = ADVANCED_FACE('', (#7593), #5616, .F.);
#7595 = ORIENTED_EDGE('', *, *, #4858, .F.);
#7596 = ORIENTED_EDGE('', *, *, #4855, .F.);
#7597 = ORIENTED_EDGE('', *, *, #4863, .F.);
#7598 = ORIENTED_EDGE('', *, *, #4857, .T.);
#7599 = ORIENTED_EDGE('', *, *, #4860, .T.);
#7600 = ORIENTED_EDGE('', *, *, #4862, .T.);
#7601 = EDGE_LOOP('', (#7595, #7596, #7597, #7598, #7599, #7600));
#7602 = FACE_BOUND('', #7601, .T.);
#7603 = ADVANCED_FACE('', (#7602), #5616, .F.);
#7604 = ORIENTED_EDGE('', *, *, #4871, .F.);
#7605 = ORIENTED_EDGE('', *, *, #4866, .F.);
#7606 = ORIENTED_EDGE('', *, *, #4873, .T.);
#7607 = ORIENTED_EDGE('', *, *, #4864, .T.);
#7608 = ORIENTED_EDGE('', *, *, #4869, .T.);
#7609 = ORIENTED_EDGE('', *, *, #4872, .F.);
#7610 = EDGE_LOOP('', (#7604, #7605, #7606, #7607, #7608, #7609));
#7611 = FACE_BOUND('', #7610, .T.);
#7612 = ADVANCED_FACE('', (#7611), #5621, .F.);
#7613 = ORIENTED_EDGE('', *, *, #4868, .F.);
#7614 = ORIENTED_EDGE('', *, *, #4865, .F.);
#7615 = ORIENTED_EDGE('', *, *, #4873, .F.);
#7616 = ORIENTED_EDGE('', *, *, #4867, .T.);
#7617 = ORIENTED_EDGE('', *, *, #4870, .T.);
#7618 = ORIENTED_EDGE('', *, *, #4872, .T.);
#7619 = EDGE_LOOP('', (#7613, #7614, #7615, #7616, #7617, #7618));
#7620 = FACE_BOUND('', #7619, .T.);
#7621 = ADVANCED_FACE('', (#7620), #5621, .F.);
#7622 = ORIENTED_EDGE('', *, *, #4881, .F.);
#7623 = ORIENTED_EDGE('', *, *, #4876, .F.);
#7624 = ORIENTED_EDGE('', *, *, #4883, .T.);
#7625 = ORIENTED_EDGE('', *, *, #4874, .T.);
#7626 = ORIENTED_EDGE('', *, *, #4879, .T.);
#7627 = ORIENTED_EDGE('', *, *, #4882, .F.);
#7628 = EDGE_LOOP('', (#7622, #7623, #7624, #7625, #7626, #7627));
#7629 = FACE_BOUND('', #7628, .T.);
#7630 = ADVANCED_FACE('', (#7629), #5626, .F.);
#7631 = ORIENTED_EDGE('', *, *, #4878, .F.);
#7632 = ORIENTED_EDGE('', *, *, #4875, .F.);
#7633 = ORIENTED_EDGE('', *, *, #4883, .F.);
#7634 = ORIENTED_EDGE('', *, *, #4877, .T.);
#7635 = ORIENTED_EDGE('', *, *, #4880, .T.);
#7636 = ORIENTED_EDGE('', *, *, #4882, .T.);
#7637 = EDGE_LOOP('', (#7631, #7632, #7633, #7634, #7635, #7636));
#7638 = FACE_BOUND('', #7637, .T.);
#7639 = ADVANCED_FACE('', (#7638), #5626, .F.);
#7640 = ORIENTED_EDGE('', *, *, #4891, .F.);
#7641 = ORIENTED_EDGE('', *, *, #4886, .F.);
#7642 = ORIENTED_EDGE('', *, *, #4893, .T.);
#7643 = ORIENTED_EDGE('', *, *, #4884, .T.);
#7644 = ORIENTED_EDGE('', *, *, #4889, .T.);
#7645 = ORIENTED_EDGE('', *, *, #4892, .F.);
#7646 = EDGE_LOOP('', (#7640, #7641, #7642, #7643, #7644, #7645));
#7647 = FACE_BOUND('', #7646, .T.);
#7648 = ADVANCED_FACE('', (#7647), #5631, .F.);
#7649 = ORIENTED_EDGE('', *, *, #4888, .F.);
#7650 = ORIENTED_EDGE('', *, *, #4885, .F.);
#7651 = ORIENTED_EDGE('', *, *, #4893, .F.);
#7652 = ORIENTED_EDGE('', *, *, #4887, .T.);
#7653 = ORIENTED_EDGE('', *, *, #4890, .T.);
#7654 = ORIENTED_EDGE('', *, *, #4892, .T.);
#7655 = EDGE_LOOP('', (#7649, #7650, #7651, #7652, #7653, #7654));
#7656 = FACE_BOUND('', #7655, .T.);
#7657 = ADVANCED_FACE('', (#7656), #5631, .F.);
#7658 = ORIENTED_EDGE('', *, *, #4901, .F.);
#7659 = ORIENTED_EDGE('', *, *, #4896, .F.);
#7660 = ORIENTED_EDGE('', *, *, #4903, .T.);
#7661 = ORIENTED_EDGE('', *, *, #4894, .T.);
#7662 = ORIENTED_EDGE('', *, *, #4899, .T.);
#7663 = ORIENTED_EDGE('', *, *, #4902, .F.);
#7664 = EDGE_LOOP('', (#7658, #7659, #7660, #7661, #7662, #7663));
#7665 = FACE_BOUND('', #7664, .T.);
#7666 = ADVANCED_FACE('', (#7665), #5636, .F.);
#7667 = ORIENTED_EDGE('', *, *, #4898, .F.);
#7668 = ORIENTED_EDGE('', *, *, #4895, .F.);
#7669 = ORIENTED_EDGE('', *, *, #4903, .F.);
#7670 = ORIENTED_EDGE('', *, *, #4897, .T.);
#7671 = ORIENTED_EDGE('', *, *, #4900, .T.);
#7672 = ORIENTED_EDGE('', *, *, #4902, .T.);
#7673 = EDGE_LOOP('', (#7667, #7668, #7669, #7670, #7671, #7672));
#7674 = FACE_BOUND('', #7673, .T.);
#7675 = ADVANCED_FACE('', (#7674), #5636, .F.);
#7676 = ORIENTED_EDGE('', *, *, #4914, .F.);
#7677 = ORIENTED_EDGE('', *, *, #4904, .F.);
#7678 = ORIENTED_EDGE('', *, *, #4908, .F.);
#7679 = ORIENTED_EDGE('', *, *, #4915, .T.);
#7680 = ORIENTED_EDGE('', *, *, #4905, .T.);
#7681 = ORIENTED_EDGE('', *, *, #4912, .T.);
#7682 = ORIENTED_EDGE('', *, *, #4917, .F.);
#7683 = ORIENTED_EDGE('', *, *, #4907, .F.);
#7684 = EDGE_LOOP('', (#7676, #7677, #7678, #7679, #7680, #7681, #7682, #7683));
#7685 = FACE_BOUND('', #7684, .T.);
#7686 = ADVANCED_FACE('', (#7685), #5641, .F.);
#7687 = ORIENTED_EDGE('', *, *, #4904, .T.);
#7688 = ORIENTED_EDGE('', *, *, #4914, .T.);
#7689 = ORIENTED_EDGE('', *, *, #4909, .T.);
#7690 = ORIENTED_EDGE('', *, *, #4913, .T.);
#7691 = EDGE_LOOP('', (#7687, #7688, #7689, #7690));
#7692 = FACE_BOUND('', #7691, .T.);
#7693 = ADVANCED_FACE('', (#7692), #5645, .T.);
#7694 = ORIENTED_EDGE('', *, *, #4911, .F.);
#7695 = ORIENTED_EDGE('', *, *, #4906, .F.);
#7696 = ORIENTED_EDGE('', *, *, #4915, .F.);
#7697 = ORIENTED_EDGE('', *, *, #4910, .T.);
#7698 = ORIENTED_EDGE('', *, *, #4917, .T.);
#7699 = EDGE_LOOP('', (#7694, #7695, #7696, #7697, #7698));
#7700 = FACE_BOUND('', #7699, .T.);
#7701 = ADVANCED_FACE('', (#7700), #5641, .F.);
#7702 = ORIENTED_EDGE('', *, *, #4925, .F.);
#7703 = ORIENTED_EDGE('', *, *, #4920, .F.);
#7704 = ORIENTED_EDGE('', *, *, #4927, .T.);
#7705 = ORIENTED_EDGE('', *, *, #4918, .T.);
#7706 = ORIENTED_EDGE('', *, *, #4923, .T.);
#7707 = ORIENTED_EDGE('', *, *, #4926, .F.);
#7708 = EDGE_LOOP('', (#7702, #7703, #7704, #7705, #7706, #7707));
#7709 = FACE_BOUND('', #7708, .T.);
#7710 = ADVANCED_FACE('', (#7709), #5650, .F.);
#7711 = ORIENTED_EDGE('', *, *, #4922, .F.);
#7712 = ORIENTED_EDGE('', *, *, #4919, .F.);
#7713 = ORIENTED_EDGE('', *, *, #4927, .F.);
#7714 = ORIENTED_EDGE('', *, *, #4921, .T.);
#7715 = ORIENTED_EDGE('', *, *, #4924, .T.);
#7716 = ORIENTED_EDGE('', *, *, #4926, .T.);
#7717 = EDGE_LOOP('', (#7711, #7712, #7713, #7714, #7715, #7716));
#7718 = FACE_BOUND('', #7717, .T.);
#7719 = ADVANCED_FACE('', (#7718), #5650, .F.);
#7720 = ORIENTED_EDGE('', *, *, #4935, .F.);
#7721 = ORIENTED_EDGE('', *, *, #4930, .F.);
#7722 = ORIENTED_EDGE('', *, *, #4937, .T.);
#7723 = ORIENTED_EDGE('', *, *, #4928, .T.);
#7724 = ORIENTED_EDGE('', *, *, #4933, .T.);
#7725 = ORIENTED_EDGE('', *, *, #4936, .F.);
#7726 = EDGE_LOOP('', (#7720, #7721, #7722, #7723, #7724, #7725));
#7727 = FACE_BOUND('', #7726, .T.);
#7728 = ADVANCED_FACE('', (#7727), #5655, .F.);
#7729 = ORIENTED_EDGE('', *, *, #4932, .F.);
#7730 = ORIENTED_EDGE('', *, *, #4929, .F.);
#7731 = ORIENTED_EDGE('', *, *, #4937, .F.);
#7732 = ORIENTED_EDGE('', *, *, #4931, .T.);
#7733 = ORIENTED_EDGE('', *, *, #4934, .T.);
#7734 = ORIENTED_EDGE('', *, *, #4936, .T.);
#7735 = EDGE_LOOP('', (#7729, #7730, #7731, #7732, #7733, #7734));
#7736 = FACE_BOUND('', #7735, .T.);
#7737 = ADVANCED_FACE('', (#7736), #5655, .F.);
#7738 = ORIENTED_EDGE('', *, *, #4948, .F.);
#7739 = ORIENTED_EDGE('', *, *, #4938, .F.);
#7740 = ORIENTED_EDGE('', *, *, #4942, .F.);
#7741 = ORIENTED_EDGE('', *, *, #4949, .T.);
#7742 = ORIENTED_EDGE('', *, *, #4939, .T.);
#7743 = ORIENTED_EDGE('', *, *, #4946, .T.);
#7744 = ORIENTED_EDGE('', *, *, #4951, .F.);
#7745 = ORIENTED_EDGE('', *, *, #4941, .F.);
#7746 = EDGE_LOOP('', (#7738, #7739, #7740, #7741, #7742, #7743, #7744, #7745));
#7747 = FACE_BOUND('', #7746, .T.);
#7748 = ADVANCED_FACE('', (#7747), #5660, .F.);
#7749 = ORIENTED_EDGE('', *, *, #4938, .T.);
#7750 = ORIENTED_EDGE('', *, *, #4948, .T.);
#7751 = ORIENTED_EDGE('', *, *, #4943, .T.);
#7752 = ORIENTED_EDGE('', *, *, #4947, .T.);
#7753 = EDGE_LOOP('', (#7749, #7750, #7751, #7752));
#7754 = FACE_BOUND('', #7753, .T.);
#7755 = ADVANCED_FACE('', (#7754), #5664, .T.);
#7756 = ORIENTED_EDGE('', *, *, #4945, .F.);
#7757 = ORIENTED_EDGE('', *, *, #4940, .F.);
#7758 = ORIENTED_EDGE('', *, *, #4949, .F.);
#7759 = ORIENTED_EDGE('', *, *, #4944, .T.);
#7760 = ORIENTED_EDGE('', *, *, #4951, .T.);
#7761 = EDGE_LOOP('', (#7756, #7757, #7758, #7759, #7760));
#7762 = FACE_BOUND('', #7761, .T.);
#7763 = ADVANCED_FACE('', (#7762), #5660, .F.);
#7764 = ORIENTED_EDGE('', *, *, #4959, .F.);
#7765 = ORIENTED_EDGE('', *, *, #4954, .F.);
#7766 = ORIENTED_EDGE('', *, *, #4961, .T.);
#7767 = ORIENTED_EDGE('', *, *, #4952, .T.);
#7768 = ORIENTED_EDGE('', *, *, #4957, .T.);
#7769 = ORIENTED_EDGE('', *, *, #4960, .F.);
#7770 = EDGE_LOOP('', (#7764, #7765, #7766, #7767, #7768, #7769));
#7771 = FACE_BOUND('', #7770, .T.);
#7772 = ADVANCED_FACE('', (#7771), #5669, .F.);
#7773 = ORIENTED_EDGE('', *, *, #4956, .F.);
#7774 = ORIENTED_EDGE('', *, *, #4953, .F.);
#7775 = ORIENTED_EDGE('', *, *, #4961, .F.);
#7776 = ORIENTED_EDGE('', *, *, #4955, .T.);
#7777 = ORIENTED_EDGE('', *, *, #4958, .T.);
#7778 = ORIENTED_EDGE('', *, *, #4960, .T.);
#7779 = EDGE_LOOP('', (#7773, #7774, #7775, #7776, #7777, #7778));
#7780 = FACE_BOUND('', #7779, .T.);
#7781 = ADVANCED_FACE('', (#7780), #5669, .F.);
#7782 = ORIENTED_EDGE('', *, *, #4969, .F.);
#7783 = ORIENTED_EDGE('', *, *, #4964, .F.);
#7784 = ORIENTED_EDGE('', *, *, #4971, .T.);
#7785 = ORIENTED_EDGE('', *, *, #4962, .T.);
#7786 = ORIENTED_EDGE('', *, *, #4967, .T.);
#7787 = ORIENTED_EDGE('', *, *, #4970, .F.);
#7788 = EDGE_LOOP('', (#7782, #7783, #7784, #7785, #7786, #7787));
#7789 = FACE_BOUND('', #7788, .T.);
#7790 = ADVANCED_FACE('', (#7789), #5674, .F.);
#7791 = ORIENTED_EDGE('', *, *, #4966, .F.);
#7792 = ORIENTED_EDGE('', *, *, #4963, .F.);
#7793 = ORIENTED_EDGE('', *, *, #4971, .F.);
#7794 = ORIENTED_EDGE('', *, *, #4965, .T.);
#7795 = ORIENTED_EDGE('', *, *, #4968, .T.);
#7796 = ORIENTED_EDGE('', *, *, #4970, .T.);
#7797 = EDGE_LOOP('', (#7791, #7792, #7793, #7794, #7795, #7796));
#7798 = FACE_BOUND('', #7797, .T.);
#7799 = ADVANCED_FACE('', (#7798), #5674, .F.);
#7800 = ORIENTED_EDGE('', *, *, #4982, .F.);
#7801 = ORIENTED_EDGE('', *, *, #4972, .F.);
#7802 = ORIENTED_EDGE('', *, *, #4976, .F.);
#7803 = ORIENTED_EDGE('', *, *, #4983, .T.);
#7804 = ORIENTED_EDGE('', *, *, #4973, .T.);
#7805 = ORIENTED_EDGE('', *, *, #4980, .T.);
#7806 = ORIENTED_EDGE('', *, *, #4985, .F.);
#7807 = ORIENTED_EDGE('', *, *, #4975, .F.);
#7808 = EDGE_LOOP('', (#7800, #7801, #7802, #7803, #7804, #7805, #7806, #7807));
#7809 = FACE_BOUND('', #7808, .T.);
#7810 = ADVANCED_FACE('', (#7809), #5679, .F.);
#7811 = ORIENTED_EDGE('', *, *, #4972, .T.);
#7812 = ORIENTED_EDGE('', *, *, #4982, .T.);
#7813 = ORIENTED_EDGE('', *, *, #4977, .T.);
#7814 = ORIENTED_EDGE('', *, *, #4981, .T.);
#7815 = EDGE_LOOP('', (#7811, #7812, #7813, #7814));
#7816 = FACE_BOUND('', #7815, .T.);
#7817 = ADVANCED_FACE('', (#7816), #5683, .T.);
#7818 = ORIENTED_EDGE('', *, *, #4979, .F.);
#7819 = ORIENTED_EDGE('', *, *, #4974, .F.);
#7820 = ORIENTED_EDGE('', *, *, #4983, .F.);
#7821 = ORIENTED_EDGE('', *, *, #4978, .T.);
#7822 = ORIENTED_EDGE('', *, *, #4985, .T.);
#7823 = EDGE_LOOP('', (#7818, #7819, #7820, #7821, #7822));
#7824 = FACE_BOUND('', #7823, .T.);
#7825 = ADVANCED_FACE('', (#7824), #5679, .F.);
#7826 = ORIENTED_EDGE('', *, *, #4993, .F.);
#7827 = ORIENTED_EDGE('', *, *, #4988, .F.);
#7828 = ORIENTED_EDGE('', *, *, #4995, .T.);
#7829 = ORIENTED_EDGE('', *, *, #4986, .T.);
#7830 = ORIENTED_EDGE('', *, *, #4991, .T.);
#7831 = ORIENTED_EDGE('', *, *, #4994, .F.);
#7832 = EDGE_LOOP('', (#7826, #7827, #7828, #7829, #7830, #7831));
#7833 = FACE_BOUND('', #7832, .T.);
#7834 = ADVANCED_FACE('', (#7833), #5688, .F.);
#7835 = ORIENTED_EDGE('', *, *, #4990, .F.);
#7836 = ORIENTED_EDGE('', *, *, #4987, .F.);
#7837 = ORIENTED_EDGE('', *, *, #4995, .F.);
#7838 = ORIENTED_EDGE('', *, *, #4989, .T.);
#7839 = ORIENTED_EDGE('', *, *, #4992, .T.);
#7840 = ORIENTED_EDGE('', *, *, #4994, .T.);
#7841 = EDGE_LOOP('', (#7835, #7836, #7837, #7838, #7839, #7840));
#7842 = FACE_BOUND('', #7841, .T.);
#7843 = ADVANCED_FACE('', (#7842), #5688, .F.);
#7844 = ORIENTED_EDGE('', *, *, #5003, .F.);
#7845 = ORIENTED_EDGE('', *, *, #4998, .F.);
#7846 = ORIENTED_EDGE('', *, *, #5005, .T.);
#7847 = ORIENTED_EDGE('', *, *, #4996, .T.);
#7848 = ORIENTED_EDGE('', *, *, #5001, .T.);
#7849 = ORIENTED_EDGE('', *, *, #5004, .F.);
#7850 = EDGE_LOOP('', (#7844, #7845, #7846, #7847, #7848, #7849));
#7851 = FACE_BOUND('', #7850, .T.);
#7852 = ADVANCED_FACE('', (#7851), #5693, .F.);
#7853 = ORIENTED_EDGE('', *, *, #5000, .F.);
#7854 = ORIENTED_EDGE('', *, *, #4997, .F.);
#7855 = ORIENTED_EDGE('', *, *, #5005, .F.);
#7856 = ORIENTED_EDGE('', *, *, #4999, .T.);
#7857 = ORIENTED_EDGE('', *, *, #5002, .T.);
#7858 = ORIENTED_EDGE('', *, *, #5004, .T.);
#7859 = EDGE_LOOP('', (#7853, #7854, #7855, #7856, #7857, #7858));
#7860 = FACE_BOUND('', #7859, .T.);
#7861 = ADVANCED_FACE('', (#7860), #5693, .F.);
#7862 = ORIENTED_EDGE('', *, *, #5013, .F.);
#7863 = ORIENTED_EDGE('', *, *, #5008, .F.);
#7864 = ORIENTED_EDGE('', *, *, #5015, .T.);
#7865 = ORIENTED_EDGE('', *, *, #5006, .T.);
#7866 = ORIENTED_EDGE('', *, *, #5011, .T.);
#7867 = ORIENTED_EDGE('', *, *, #5014, .F.);
#7868 = EDGE_LOOP('', (#7862, #7863, #7864, #7865, #7866, #7867));
#7869 = FACE_BOUND('', #7868, .T.);
#7870 = ADVANCED_FACE('', (#7869), #5698, .F.);
#7871 = ORIENTED_EDGE('', *, *, #5010, .F.);
#7872 = ORIENTED_EDGE('', *, *, #5007, .F.);
#7873 = ORIENTED_EDGE('', *, *, #5015, .F.);
#7874 = ORIENTED_EDGE('', *, *, #5009, .T.);
#7875 = ORIENTED_EDGE('', *, *, #5012, .T.);
#7876 = ORIENTED_EDGE('', *, *, #5014, .T.);
#7877 = EDGE_LOOP('', (#7871, #7872, #7873, #7874, #7875, #7876));
#7878 = FACE_BOUND('', #7877, .T.);
#7879 = ADVANCED_FACE('', (#7878), #5698, .F.);
#7880 = ORIENTED_EDGE('', *, *, #5019, .F.);
#7881 = ORIENTED_EDGE('', *, *, #5018, .F.);
#7882 = ORIENTED_EDGE('', *, *, #5017, .F.);
#7883 = ORIENTED_EDGE('', *, *, #5016, .F.);
#7884 = EDGE_LOOP('', (#7880, #7881, #7882, #7883));
#7885 = FACE_BOUND('', #7884, .T.);
#7886 = ADVANCED_FACE('', (#7885), #5718, .F.);
#7887 = ORIENTED_EDGE('', *, *, #5023, .T.);
#7888 = ORIENTED_EDGE('', *, *, #5024, .T.);
#7889 = ORIENTED_EDGE('', *, *, #5019, .T.);
#7890 = ORIENTED_EDGE('', *, *, #5026, .F.);
#7891 = EDGE_LOOP('', (#7887, #7888, #7889, #7890));
#7892 = FACE_BOUND('', #7891, .T.);
#7893 = ADVANCED_FACE('', (#7892), #5714, .F.);
#7894 = ORIENTED_EDGE('', *, *, #5022, .T.);
#7895 = ORIENTED_EDGE('', *, *, #5025, .T.);
#7896 = ORIENTED_EDGE('', *, *, #5018, .T.);
#7897 = ORIENTED_EDGE('', *, *, #5024, .F.);
#7898 = EDGE_LOOP('', (#7894, #7895, #7896, #7897));
#7899 = FACE_BOUND('', #7898, .T.);
#7900 = ADVANCED_FACE('', (#7899), #5710, .F.);
#7901 = ORIENTED_EDGE('', *, *, #5021, .T.);
#7902 = ORIENTED_EDGE('', *, *, #5027, .T.);
#7903 = ORIENTED_EDGE('', *, *, #5017, .T.);
#7904 = ORIENTED_EDGE('', *, *, #5025, .F.);
#7905 = EDGE_LOOP('', (#7901, #7902, #7903, #7904));
#7906 = FACE_BOUND('', #7905, .T.);
#7907 = ADVANCED_FACE('', (#7906), #5706, .F.);
#7908 = ORIENTED_EDGE('', *, *, #5020, .T.);
#7909 = ORIENTED_EDGE('', *, *, #5026, .T.);
#7910 = ORIENTED_EDGE('', *, *, #5016, .T.);
#7911 = ORIENTED_EDGE('', *, *, #5027, .F.);
#7912 = EDGE_LOOP('', (#7908, #7909, #7910, #7911));
#7913 = FACE_BOUND('', #7912, .T.);
#7914 = ADVANCED_FACE('', (#7913), #5702, .F.);
#7915 = ORIENTED_EDGE('', *, *, #5035, .F.);
#7916 = ORIENTED_EDGE('', *, *, #5030, .F.);
#7917 = ORIENTED_EDGE('', *, *, #5037, .T.);
#7918 = ORIENTED_EDGE('', *, *, #5028, .T.);
#7919 = ORIENTED_EDGE('', *, *, #5033, .T.);
#7920 = ORIENTED_EDGE('', *, *, #5036, .F.);
#7921 = EDGE_LOOP('', (#7915, #7916, #7917, #7918, #7919, #7920));
#7922 = FACE_BOUND('', #7921, .T.);
#7923 = ADVANCED_FACE('', (#7922), #5723, .F.);
#7924 = ORIENTED_EDGE('', *, *, #5032, .F.);
#7925 = ORIENTED_EDGE('', *, *, #5029, .F.);
#7926 = ORIENTED_EDGE('', *, *, #5037, .F.);
#7927 = ORIENTED_EDGE('', *, *, #5031, .T.);
#7928 = ORIENTED_EDGE('', *, *, #5034, .T.);
#7929 = ORIENTED_EDGE('', *, *, #5036, .T.);
#7930 = EDGE_LOOP('', (#7924, #7925, #7926, #7927, #7928, #7929));
#7931 = FACE_BOUND('', #7930, .T.);
#7932 = ADVANCED_FACE('', (#7931), #5723, .F.);
#7933 = ORIENTED_EDGE('', *, *, #5045, .F.);
#7934 = ORIENTED_EDGE('', *, *, #5040, .F.);
#7935 = ORIENTED_EDGE('', *, *, #5047, .T.);
#7936 = ORIENTED_EDGE('', *, *, #5038, .T.);
#7937 = ORIENTED_EDGE('', *, *, #5043, .T.);
#7938 = ORIENTED_EDGE('', *, *, #5046, .F.);
#7939 = EDGE_LOOP('', (#7933, #7934, #7935, #7936, #7937, #7938));
#7940 = FACE_BOUND('', #7939, .T.);
#7941 = ADVANCED_FACE('', (#7940), #5728, .F.);
#7942 = ORIENTED_EDGE('', *, *, #5042, .F.);
#7943 = ORIENTED_EDGE('', *, *, #5039, .F.);
#7944 = ORIENTED_EDGE('', *, *, #5047, .F.);
#7945 = ORIENTED_EDGE('', *, *, #5041, .T.);
#7946 = ORIENTED_EDGE('', *, *, #5044, .T.);
#7947 = ORIENTED_EDGE('', *, *, #5046, .T.);
#7948 = EDGE_LOOP('', (#7942, #7943, #7944, #7945, #7946, #7947));
#7949 = FACE_BOUND('', #7948, .T.);
#7950 = ADVANCED_FACE('', (#7949), #5728, .F.);
#7951 = ORIENTED_EDGE('', *, *, #5055, .F.);
#7952 = ORIENTED_EDGE('', *, *, #5050, .F.);
#7953 = ORIENTED_EDGE('', *, *, #5057, .T.);
#7954 = ORIENTED_EDGE('', *, *, #5048, .T.);
#7955 = ORIENTED_EDGE('', *, *, #5053, .T.);
#7956 = ORIENTED_EDGE('', *, *, #5056, .F.);
#7957 = EDGE_LOOP('', (#7951, #7952, #7953, #7954, #7955, #7956));
#7958 = FACE_BOUND('', #7957, .T.);
#7959 = ADVANCED_FACE('', (#7958), #5733, .F.);
#7960 = ORIENTED_EDGE('', *, *, #5052, .F.);
#7961 = ORIENTED_EDGE('', *, *, #5049, .F.);
#7962 = ORIENTED_EDGE('', *, *, #5057, .F.);
#7963 = ORIENTED_EDGE('', *, *, #5051, .T.);
#7964 = ORIENTED_EDGE('', *, *, #5054, .T.);
#7965 = ORIENTED_EDGE('', *, *, #5056, .T.);
#7966 = EDGE_LOOP('', (#7960, #7961, #7962, #7963, #7964, #7965));
#7967 = FACE_BOUND('', #7966, .T.);
#7968 = ADVANCED_FACE('', (#7967), #5733, .F.);
#7969 = ORIENTED_EDGE('', *, *, #5065, .F.);
#7970 = ORIENTED_EDGE('', *, *, #5060, .F.);
#7971 = ORIENTED_EDGE('', *, *, #5067, .T.);
#7972 = ORIENTED_EDGE('', *, *, #5058, .T.);
#7973 = ORIENTED_EDGE('', *, *, #5063, .T.);
#7974 = ORIENTED_EDGE('', *, *, #5066, .F.);
#7975 = EDGE_LOOP('', (#7969, #7970, #7971, #7972, #7973, #7974));
#7976 = FACE_BOUND('', #7975, .T.);
#7977 = ADVANCED_FACE('', (#7976), #5738, .F.);
#7978 = ORIENTED_EDGE('', *, *, #5062, .F.);
#7979 = ORIENTED_EDGE('', *, *, #5059, .F.);
#7980 = ORIENTED_EDGE('', *, *, #5067, .F.);
#7981 = ORIENTED_EDGE('', *, *, #5061, .T.);
#7982 = ORIENTED_EDGE('', *, *, #5064, .T.);
#7983 = ORIENTED_EDGE('', *, *, #5066, .T.);
#7984 = EDGE_LOOP('', (#7978, #7979, #7980, #7981, #7982, #7983));
#7985 = FACE_BOUND('', #7984, .T.);
#7986 = ADVANCED_FACE('', (#7985), #5738, .F.);
#7987 = CLOSED_SHELL('', (#5745, #5752, #5759, #5766, #5773, #5780, #5787, #5794, #5801, #5808, #5815, #5822, #5829, #5836, #5843, #5850, #5857, #5864, #5871, #5878, #5885, #5892, #5899, #5906, #5913, #5920, #5927, #5934, #5941, #5948, #5955, #6050, #6139, #6146, #6153, #6160, #6167, #6174, #6181, #6188, #6195, #6202, #6209, #6216, #6223, #6230, #6237, #6244, #6251, #6258, #6271, #6278, #6285, #6292, #6306, #6315, #6324, #6332, #6341, #6350, #6359, #6366, #6372, #6378, #6385, #6392, #6399, #6406, #6413, #6422, #6431, #6440, #6449, #6458, #6467, #6476, #6485));
#7988 = CLOSED_SHELL('', (#6492, #6523, #6530, #6549, #6556, #6569, #6590, #6787, #6794, #6801, #6808, #6854, #6861, #6880, #6887, #6894, #7079, #7087, #7098, #7106, #7114, #7125, #7133, #7141, #7152, #7160, #7168, #7179, #7187, #7194, #7201, #7208, #7215, #7222, #7229, #7236, #7243, #7250, #7257, #7264, #7271, #7278, #7285, #7292, #7299, #7306, #7313, #7320, #7327, #7334, #7341, #7348, #7355, #7362, #7369, #7378, #7387, #7396, #7405, #7414, #7423, #7432, #7441, #7450, #7459, #7468, #7477, #7486, #7495, #7504, #7513, #7522, #7531, #7540, #7549, #7558, #7567, #7576, #7585, #7594, #7603, #7612, #7621, #7630, #7639, #7648, #7657, #7666, #7675, #7686, #7693, #7701, #7710, #7719, #7728, #7737, #7748, #7755, #7763, #7772, #7781, #7790, #7799, #7810, #7817, #7825, #7834, #7843, #7852, #7861, #7870, #7879, #7886, #7893, #7900, #7907, #7914, #7923, #7932, #7941, #7950, #7959, #7968, #7977, #7986));
#7989 = MANIFOLD_SOLID_BREP('', #7987);
#7990 = MANIFOLD_SOLID_BREP('', #7988);
#7991 = APPLICATION_CONTEXT('configuration controlled 3D design of mechanical parts and assemblies');
#7992 = PRODUCT_DEFINITION_CONTEXT('part definition', #7991, 'design');
#7993 = PRODUCT_CONTEXT('', #7991, 'mechanical');
#7994 = PRODUCT('UNIDENTIFIED_PRODUCT', '', $, (#7993));
#7995 = PRODUCT_DEFINITION_FORMATION('', $, #7994);
#7996 = PRODUCT_DEFINITION('design', $, #7995, #7992);
#7997 = PRODUCT_DEFINITION_SHAPE('', '', #7996);
#7998 = ADVANCED_BREP_SHAPE_REPRESENTATION('', (#7990), #4);
#7999 = SHAPE_DEFINITION_REPRESENTATION(#7997, #7998);
#8000 = COLOUR_RGB('', 0.13333334, 0.15686275, 0.2);
#8001 = FILL_AREA_STYLE_COLOUR('', #8000);
#8002 = FILL_AREA_STYLE('', (#8001));
#8003 = SURFACE_STYLE_FILL_AREA(#8002);
#8004 = SURFACE_SIDE_STYLE('', (#8003));
#8005 = SURFACE_STYLE_USAGE(.BOTH., #8004);
#8006 = PRESENTATION_STYLE_ASSIGNMENT((#8005));
#8007 = STYLED_ITEM('', (#8006), #7990);
#8008 = MECHANICAL_DESIGN_GEOMETRIC_PRESENTATION_REPRESENTATION('', (#8007), #4);
#8009 = PRODUCT_CONTEXT('', #7991, 'mechanical');
#8010 = PRODUCT('UNIDENTIFIED_PRODUCT', '', $, (#8009));
#8011 = PRODUCT_DEFINITION_FORMATION('', $, #8010);
#8012 = PRODUCT_DEFINITION('design', $, #8011, #7992);
#8013 = PRODUCT_DEFINITION_SHAPE('', '', #8012);
#8014 = ADVANCED_BREP_SHAPE_REPRESENTATION('', (#7989), #4);
#8015 = SHAPE_DEFINITION_REPRESENTATION(#8013, #8014);
#8016 = COLOUR_RGB('', 0.32549021, 0.40000001, 0.43137255);
#8017 = FILL_AREA_STYLE_COLOUR('', #8016);
#8018 = FILL_AREA_STYLE('', (#8017));
#8019 = SURFACE_STYLE_FILL_AREA(#8018);
#8020 = SURFACE_SIDE_STYLE('', (#8019));
#8021 = SURFACE_STYLE_USAGE(.BOTH., #8020);
#8022 = PRESENTATION_STYLE_ASSIGNMENT((#8021));
#8023 = STYLED_ITEM('', (#8022), #7989);
#8024 = MECHANICAL_DESIGN_GEOMETRIC_PRESENTATION_REPRESENTATION('', (#8023), #4);
ENDSEC;
END-ISO-10303-21;
