solid unnamed
facet normal 0.09801795 -0.99518466 0
    outer loop
        vertex 221 -0 8
        vertex 221 -0 0
        vertex 221.58527 0.05764416 8
    endloop
endfacet
facet normal 0.29028687 -0.95693964 0
    outer loop
        vertex 221.58527 0.05764416 8
        vertex 221.58527 0.05764416 0
        vertex 222.14804 0.2283614 8
    endloop
endfacet
facet normal 0.29028687 -0.95693964 0
    outer loop
        vertex 222.14804 0.2283614 8
        vertex 221.58527 0.05764416 0
        vertex 222.14804 0.2283614 0
    endloop
endfacet
facet normal 0.47138518 -0.88192749 0
    outer loop
        vertex 222.66672 0.50559115 8
        vertex 222.14804 0.2283614 0
        vertex 222.66672 0.50559115 0
    endloop
endfacet
facet normal 0.63439715 -0.77300733 0
    outer loop
        vertex 223.12132 0.8786797 8
        vertex 222.66672 0.50559115 8
        vertex 222.66672 0.50559115 0
    endloop
endfacet
facet normal 0.77300692 -0.63439751 0
    outer loop
        vertex 223.49442 1.3332893 8
        vertex 223.12132 0.8786797 8
        vertex 223.12132 0.8786797 0
    endloop
endfacet
facet normal 0.77300692 -0.63439751 0
    outer loop
        vertex 223.49442 1.3332893 0
        vertex 223.49442 1.3332893 8
        vertex 223.12132 0.8786797 0
    endloop
endfacet
facet normal 0.88192695 -0.47138602 0
    outer loop
        vertex 223.77164 1.8519497 0
        vertex 223.77164 1.8519497 8
        vertex 223.49442 1.3332893 0
    endloop
endfacet
facet normal 0.99518412 -0.09802309 0
    outer loop
        vertex 223.94235 2.4147289 0
        vertex 224 3 0
        vertex 224 3 8
    endloop
endfacet
facet normal 0.99518412 -0.09802309 0
    outer loop
        vertex 223.94235 2.4147289 8
        vertex 223.94235 2.4147289 0
        vertex 224 3 8
    endloop
endfacet
facet normal 0.95694119 -0.29028177 0
    outer loop
        vertex 223.94235 2.4147289 8
        vertex 223.77164 1.8519497 0
        vertex 223.94235 2.4147289 0
    endloop
endfacet
facet normal 0.95694119 -0.29028177 0
    outer loop
        vertex 223.94235 2.4147289 8
        vertex 223.77164 1.8519497 8
        vertex 223.77164 1.8519497 0
    endloop
endfacet
facet normal 0.88192695 -0.47138602 0
    outer loop
        vertex 223.77164 1.8519497 8
        vertex 223.49442 1.3332893 8
        vertex 223.49442 1.3332893 0
    endloop
endfacet
facet normal 0.63439715 -0.77300733 0
    outer loop
        vertex 223.12132 0.8786797 8
        vertex 222.66672 0.50559115 0
        vertex 223.12132 0.8786797 0
    endloop
endfacet
facet normal 0.09801795 -0.99518466 0
    outer loop
        vertex 221.58527 0.05764416 0
        vertex 221.58527 0.05764416 8
        vertex 221 -0 0
    endloop
endfacet
facet normal 0.47138518 -0.88192749 0
    outer loop
        vertex 222.14804 0.2283614 0
        vertex 222.66672 0.50559115 8
        vertex 222.14804 0.2283614 8
    endloop
endfacet
facet normal 1 -0 0
    outer loop
        vertex 224 39 8
        vertex 224 3 0
        vertex 224 51 8
    endloop
endfacet
facet normal 1 0 0
    outer loop
        vertex 224 51 8
        vertex 224 3 0
        vertex 224 51 0
    endloop
endfacet
facet normal 1 -0 0
    outer loop
        vertex 224 15 8
        vertex 224 3 0
        vertex 224 27 8
    endloop
endfacet
facet normal 1 -0 0
    outer loop
        vertex 224 3 8
        vertex 224 3 0
        vertex 224 15 8
    endloop
endfacet
facet normal 1 -0 0
    outer loop
        vertex 224 27 8
        vertex 224 3 0
        vertex 224 39 8
    endloop
endfacet
facet normal 0.99518412 0.09802265 0
    outer loop
        vertex 224 51 8
        vertex 224 51 0
        vertex 223.94235 51.585274 8
    endloop
endfacet
facet normal 0.95694113 0.2902821 0
    outer loop
        vertex 223.94235 51.585274 8
        vertex 223.94235 51.585274 0
        vertex 223.77164 52.148052 8
    endloop
endfacet
facet normal 0.95694113 0.2902821 0
    outer loop
        vertex 223.77164 52.148052 8
        vertex 223.94235 51.585274 0
        vertex 223.77164 52.148052 0
    endloop
endfacet
facet normal 0.88192737 0.47138527 0
    outer loop
        vertex 223.49442 52.666714 8
        vertex 223.77164 52.148052 0
        vertex 223.49442 52.666714 0
    endloop
endfacet
facet normal 0.7730065 0.6343981 0
    outer loop
        vertex 223.12132 53.121323 8
        vertex 223.49442 52.666714 8
        vertex 223.49442 52.666714 0
    endloop
endfacet
facet normal 0.63439357 0.77301031 0
    outer loop
        vertex 222.66672 53.494408 8
        vertex 223.12132 53.121323 8
        vertex 223.12132 53.121323 0
    endloop
endfacet
facet normal 0.63439357 0.77301031 -0
    outer loop
        vertex 222.66672 53.494408 0
        vertex 222.66672 53.494408 8
        vertex 223.12132 53.121323 0
    endloop
endfacet
facet normal 0.47138461 0.88192785 -0
    outer loop
        vertex 222.14804 53.771637 0
        vertex 222.14804 53.771637 8
        vertex 222.66672 53.494408 0
    endloop
endfacet
facet normal 0.09801749 0.99518466 0
    outer loop
        vertex 221.58527 53.942356 0
        vertex 221 54 0
        vertex 221 54 8
    endloop
endfacet
facet normal 0.09801749 0.99518466 0
    outer loop
        vertex 221.58527 53.942356 8
        vertex 221.58527 53.942356 0
        vertex 221 54 8
    endloop
endfacet
facet normal 0.29028985 0.95693874 0
    outer loop
        vertex 221.58527 53.942356 8
        vertex 222.14804 53.771637 0
        vertex 221.58527 53.942356 0
    endloop
endfacet
facet normal 0.29028985 0.95693874 0
    outer loop
        vertex 221.58527 53.942356 8
        vertex 222.14804 53.771637 8
        vertex 222.14804 53.771637 0
    endloop
endfacet
facet normal 0.47138461 0.88192785 0
    outer loop
        vertex 222.14804 53.771637 8
        vertex 222.66672 53.494408 8
        vertex 222.66672 53.494408 0
    endloop
endfacet
facet normal 0.7730065 0.6343981 0
    outer loop
        vertex 223.12132 53.121323 8
        vertex 223.49442 52.666714 0
        vertex 223.12132 53.121323 0
    endloop
endfacet
facet normal 0.99518412 0.09802265 -0
    outer loop
        vertex 223.94235 51.585274 0
        vertex 223.94235 51.585274 8
        vertex 224 51 0
    endloop
endfacet
facet normal 0.88192737 0.47138527 -0
    outer loop
        vertex 223.77164 52.148052 0
        vertex 223.49442 52.666714 8
        vertex 223.77164 52.148052 8
    endloop
endfacet
facet normal 0 0.99999994 -0
    outer loop
        vertex 173 54 0
        vertex 166.5 54 8
        vertex 193.75 54 8
    endloop
endfacet
facet normal 0 1 0
    outer loop
        vertex 166.5 54 8
        vertex 125 54 2
        vertex 112 54 8
    endloop
endfacet
facet normal 0 1 0
    outer loop
        vertex 112 54 8
        vertex 110 54 2
        vertex 107 54 2
    endloop
endfacet
facet normal 0 1 0
    outer loop
        vertex 221 54 8
        vertex 221 54 0
        vertex 173 54 0
    endloop
endfacet
facet normal -0 0.99999994 0
    outer loop
        vertex 3 54 8
        vertex 30.25 54 8
        vertex 3 54 0
    endloop
endfacet
facet normal 0 1 -0
    outer loop
        vertex 77 54 0
        vertex 57.5 54 8
        vertex 77 54 2
    endloop
endfacet
facet normal 0 1 0
    outer loop
        vertex 3 54 0
        vertex 57.5 54 8
        vertex 77 54 0
    endloop
endfacet
facet normal 0 1 -0
    outer loop
        vertex 80 54 2
        vertex 57.5 54 8
        vertex 112 54 8
    endloop
endfacet
facet normal -0 1 0
    outer loop
        vertex 80 54 2
        vertex 92 54 2
        vertex 80 54 0
    endloop
endfacet
facet normal 0 1 0
    outer loop
        vertex 80 54 2
        vertex 77 54 2
        vertex 57.5 54 8
    endloop
endfacet
facet normal 0 1 -0
    outer loop
        vertex 92 54 2
        vertex 80 54 2
        vertex 112 54 8
    endloop
endfacet
facet normal 0 1 0
    outer loop
        vertex 92 54 2
        vertex 92 54 0
        vertex 80 54 0
    endloop
endfacet
facet normal -0 1 0
    outer loop
        vertex 95 54 2
        vertex 107 54 2
        vertex 95 54 0
    endloop
endfacet
facet normal 0 1 -0
    outer loop
        vertex 95 54 2
        vertex 92 54 2
        vertex 112 54 8
    endloop
endfacet
facet normal 0 1 -0
    outer loop
        vertex 107 54 2
        vertex 95 54 2
        vertex 112 54 8
    endloop
endfacet
facet normal 0 1 0
    outer loop
        vertex 107 54 2
        vertex 107 54 0
        vertex 95 54 0
    endloop
endfacet
facet normal -0 1 0
    outer loop
        vertex 110 54 2
        vertex 122 54 2
        vertex 110 54 0
    endloop
endfacet
facet normal 0 1 0
    outer loop
        vertex 122 54 2
        vertex 110 54 2
        vertex 112 54 8
    endloop
endfacet
facet normal 0 1 0
    outer loop
        vertex 122 54 2
        vertex 122 54 0
        vertex 110 54 0
    endloop
endfacet
facet normal 0 1 0
    outer loop
        vertex 125 54 2
        vertex 122 54 2
        vertex 112 54 8
    endloop
endfacet
facet normal 0 1 0
    outer loop
        vertex 166.5 54 8
        vertex 173 54 0
        vertex 125 54 0
    endloop
endfacet
facet normal 0 0.99999994 0
    outer loop
        vertex 125 54 0
        vertex 125 54 2
        vertex 166.5 54 8
    endloop
endfacet
facet normal 0 0.99999994 0
    outer loop
        vertex 173 54 0
        vertex 193.75 54 8
        vertex 221 54 8
    endloop
endfacet
facet normal -0 0.99999994 0
    outer loop
        vertex 30.25 54 8
        vertex 57.5 54 8
        vertex 3 54 0
    endloop
endfacet
facet normal -0.09801666 0.99518478 0
    outer loop
        vertex 3 54 8
        vertex 3 54 0
        vertex 2.4147289 53.942356 8
    endloop
endfacet
facet normal -0.29028767 0.95693934 0
    outer loop
        vertex 2.4147289 53.942356 8
        vertex 2.4147289 53.942356 0
        vertex 1.8519497 53.771637 8
    endloop
endfacet
facet normal -0.29028767 0.95693934 0
    outer loop
        vertex 1.8519497 53.771637 8
        vertex 2.4147289 53.942356 0
        vertex 1.8519497 53.771637 0
    endloop
endfacet
facet normal -0.47139612 0.88192159 0
    outer loop
        vertex 1.3332893 53.494408 8
        vertex 1.8519497 53.771637 0
        vertex 1.3332893 53.494408 0
    endloop
endfacet
facet normal -0.63438976 0.77301323 0
    outer loop
        vertex 0.8786797 53.121323 8
        vertex 1.3332893 53.494408 8
        vertex 1.3332893 53.494408 0
    endloop
endfacet
facet normal -0.77300996 0.63439399 0
    outer loop
        vertex 0.50559115 52.666714 8
        vertex 0.8786797 53.121323 8
        vertex 0.8786797 53.121323 0
    endloop
endfacet
facet normal -0.77300996 0.63439399 0
    outer loop
        vertex 0.50559115 52.666714 0
        vertex 0.50559115 52.666714 8
        vertex 0.8786797 53.121323 0
    endloop
endfacet
facet normal -0.88192165 0.47139591 0
    outer loop
        vertex 0.2283614 52.148052 0
        vertex 0.2283614 52.148052 8
        vertex 0.50559115 52.666714 0
    endloop
endfacet
facet normal -0.99518472 0.09801668 0
    outer loop
        vertex 0.05764416 51.585274 0
        vertex 0 51 0
        vertex 0 51 8
    endloop
endfacet
facet normal -0.99518472 0.09801668 0
    outer loop
        vertex 0.05764416 51.585274 8
        vertex 0.05764416 51.585274 0
        vertex 0 51 8
    endloop
endfacet
facet normal -0.95694017 0.29028508 0
    outer loop
        vertex 0.05764416 51.585274 8
        vertex 0.2283614 52.148052 0
        vertex 0.05764416 51.585274 0
    endloop
endfacet
facet normal -0.95694017 0.29028508 0
    outer loop
        vertex 0.05764416 51.585274 8
        vertex 0.2283614 52.148052 8
        vertex 0.2283614 52.148052 0
    endloop
endfacet
facet normal -0.88192165 0.47139591 0
    outer loop
        vertex 0.2283614 52.148052 8
        vertex 0.50559115 52.666714 8
        vertex 0.50559115 52.666714 0
    endloop
endfacet
facet normal -0.63438976 0.77301323 0
    outer loop
        vertex 0.8786797 53.121323 8
        vertex 1.3332893 53.494408 0
        vertex 0.8786797 53.121323 0
    endloop
endfacet
facet normal -0.09801666 0.99518478 0
    outer loop
        vertex 2.4147289 53.942356 0
        vertex 2.4147289 53.942356 8
        vertex 3 54 0
    endloop
endfacet
facet normal -0.47139612 0.88192159 0
    outer loop
        vertex 1.8519497 53.771637 0
        vertex 1.3332893 53.494408 8
        vertex 1.8519497 53.771637 8
    endloop
endfacet
facet normal -1 -0 -0
    outer loop
        vertex 0 15 8
        vertex 0 51 0
        vertex 0 3 8
    endloop
endfacet
facet normal -1 0 0
    outer loop
        vertex 0 3 8
        vertex 0 51 0
        vertex 0 3 0
    endloop
endfacet
facet normal -1 -0 -0
    outer loop
        vertex 0 39 8
        vertex 0 51 0
        vertex 0 27 8
    endloop
endfacet
facet normal -1 -0 -0
    outer loop
        vertex 0 51 8
        vertex 0 51 0
        vertex 0 39 8
    endloop
endfacet
facet normal -1 -0 -0
    outer loop
        vertex 0 27 8
        vertex 0 51 0
        vertex 0 15 8
    endloop
endfacet
facet normal -0.99518478 -0.09801712 -0
    outer loop
        vertex 0 3 8
        vertex 0 3 0
        vertex 0.05764416 2.4147289 8
    endloop
endfacet
facet normal -0.95694035 -0.29028475 -0
    outer loop
        vertex 0.05764416 2.4147289 8
        vertex 0.05764416 2.4147289 0
        vertex 0.2283614 1.8519497 8
    endloop
endfacet
facet normal -0.95694035 -0.29028475 -0
    outer loop
        vertex 0.2283614 1.8519497 8
        vertex 0.05764416 2.4147289 0
        vertex 0.2283614 1.8519497 0
    endloop
endfacet
facet normal -0.88192129 -0.47139671 -0
    outer loop
        vertex 0.50559115 1.3332893 8
        vertex 0.2283614 1.8519497 0
        vertex 0.50559115 1.3332893 0
    endloop
endfacet
facet normal -0.77301037 -0.63439339 0
    outer loop
        vertex 0.8786797 0.8786797 8
        vertex 0.50559115 1.3332893 8
        vertex 0.50559115 1.3332893 0
    endloop
endfacet
facet normal -0.63439339 -0.77301037 0
    outer loop
        vertex 1.3332893 0.50559115 8
        vertex 0.8786797 0.8786797 8
        vertex 0.8786797 0.8786797 0
    endloop
endfacet
facet normal -0.63439339 -0.77301037 0
    outer loop
        vertex 1.3332893 0.50559115 0
        vertex 1.3332893 0.50559115 8
        vertex 0.8786797 0.8786797 0
    endloop
endfacet
facet normal -0.47139671 -0.88192129 0
    outer loop
        vertex 1.8519497 0.2283614 0
        vertex 1.8519497 0.2283614 8
        vertex 1.3332893 0.50559115 0
    endloop
endfacet
facet normal -0.09801712 -0.99518478 0
    outer loop
        vertex 2.4147289 0.05764416 0
        vertex 3 -0 0
        vertex 3 -0 8
    endloop
endfacet
facet normal -0.09801712 -0.99518478 -0
    outer loop
        vertex 2.4147289 0.05764416 8
        vertex 2.4147289 0.05764416 0
        vertex 3 -0 8
    endloop
endfacet
facet normal -0.29028475 -0.95694035 -0
    outer loop
        vertex 2.4147289 0.05764416 8
        vertex 1.8519497 0.2283614 0
        vertex 2.4147289 0.05764416 0
    endloop
endfacet
facet normal -0.29028475 -0.95694035 0
    outer loop
        vertex 2.4147289 0.05764416 8
        vertex 1.8519497 0.2283614 8
        vertex 1.8519497 0.2283614 0
    endloop
endfacet
facet normal -0.47139671 -0.88192129 0
    outer loop
        vertex 1.8519497 0.2283614 8
        vertex 1.3332893 0.50559115 8
        vertex 1.3332893 0.50559115 0
    endloop
endfacet
facet normal -0.77301037 -0.63439339 -0
    outer loop
        vertex 0.8786797 0.8786797 8
        vertex 0.50559115 1.3332893 0
        vertex 0.8786797 0.8786797 0
    endloop
endfacet
facet normal -0.99518478 -0.09801712 0
    outer loop
        vertex 0.05764416 2.4147289 0
        vertex 0.05764416 2.4147289 8
        vertex 0 3 0
    endloop
endfacet
facet normal -0.88192129 -0.47139671 0
    outer loop
        vertex 0.2283614 1.8519497 0
        vertex 0.50559115 1.3332893 8
        vertex 0.2283614 1.8519497 8
    endloop
endfacet
facet normal 0 -0.99999994 0
    outer loop
        vertex 3 -0 8
        vertex 3 -0 0
        vertex 221 -0 8
    endloop
endfacet
facet normal 0 -0.99999994 -0
    outer loop
        vertex 221 -0 8
        vertex 3 -0 0
        vertex 221 -0 0
    endloop
endfacet
facet normal 0 -0 -1
    outer loop
        vertex 107 47 0
        vertex 221 -0 0
        vertex 3 -0 0
    endloop
endfacet
facet normal -0 0 -0.99999994
    outer loop
        vertex 107 47 0
        vertex 3 -0 0
        vertex 92 47 0
    endloop
endfacet
facet normal 0 0 -0.99999994
    outer loop
        vertex 3 -0 0
        vertex 77 47 0
        vertex 92 47 0
    endloop
endfacet
facet normal 0 -0 -1
    outer loop
        vertex 76.61732 47.076122 0
        vertex 77 47 0
        vertex 3 -0 0
    endloop
endfacet
facet normal -0 0 -1
    outer loop
        vertex 76.61732 47.076122 0
        vertex 3 -0 0
        vertex 76.29289 47.292892 0
    endloop
endfacet
facet normal 0 0 -1
    outer loop
        vertex 3 -0 0
        vertex 76.07612 47.617317 0
        vertex 76.29289 47.292892 0
    endloop
endfacet
facet normal 0 0 -1
    outer loop
        vertex 0 3 0
        vertex 3 54 0
        vertex 3 -0 0
    endloop
endfacet
facet normal 0 0 -1
    outer loop
        vertex 3 54 0
        vertex 76.07612 47.617317 0
        vertex 3 -0 0
    endloop
endfacet
facet normal 0 0 -0.99999994
    outer loop
        vertex 1.8519497 0.2283614 0
        vertex 1.3332893 0.50559115 0
        vertex 0 3 0
    endloop
endfacet
facet normal 0 0 -1
    outer loop
        vertex 0 51 0
        vertex 3 54 0
        vertex 0 3 0
    endloop
endfacet
facet normal 0 0 -0.99999994
    outer loop
        vertex 0.05764416 51.585274 0
        vertex 0.2283614 52.148052 0
        vertex 3 54 0
    endloop
endfacet
facet normal 0 0 -0.99999994
    outer loop
        vertex 3 54 0
        vertex 0.2283614 52.148052 0
        vertex 0.50559115 52.666714 0
    endloop
endfacet
facet normal 0 0 -1
    outer loop
        vertex 3 54 0
        vertex 0.50559115 52.666714 0
        vertex 0.8786797 53.121323 0
    endloop
endfacet
facet normal 0 -0 -0.99999994
    outer loop
        vertex 1.8519497 53.771637 0
        vertex 3 54 0
        vertex 1.3332893 53.494408 0
    endloop
endfacet
facet normal 0 0 -0.99999994
    outer loop
        vertex 3 54 0
        vertex 0.8786797 53.121323 0
        vertex 1.3332893 53.494408 0
    endloop
endfacet
facet normal 0 -0 -1
    outer loop
        vertex 2.4147289 53.942356 0
        vertex 3 54 0
        vertex 1.8519497 53.771637 0
    endloop
endfacet
facet normal 0 0 -1
    outer loop
        vertex 3 54 0
        vertex 0 51 0
        vertex 0.05764416 51.585274 0
    endloop
endfacet
facet normal 0 0 -1
    outer loop
        vertex 77 54 0
        vertex 76.61732 48.92388 0
        vertex 76.29289 48.707104 0
    endloop
endfacet
facet normal -0 0 -0.99999994
    outer loop
        vertex 76.29289 48.707104 0
        vertex 76.07612 48.382683 0
        vertex 77 54 0
    endloop
endfacet
facet normal 0 0 -0.99999994
    outer loop
        vertex 76.07612 48.382683 0
        vertex 3 54 0
        vertex 77 54 0
    endloop
endfacet
facet normal 0 0 -1
    outer loop
        vertex 76 48 0
        vertex 3 54 0
        vertex 76.07612 48.382683 0
    endloop
endfacet
facet normal 0 0 -0.99999994
    outer loop
        vertex 3 54 0
        vertex 76 48 0
        vertex 76.07612 47.617317 0
    endloop
endfacet
facet normal 0 0 -0.99999994
    outer loop
        vertex 3 -0 0
        vertex 2.4147289 0.05764416 0
        vertex 0 3 0
    endloop
endfacet
facet normal 0 0 -1
    outer loop
        vertex 0 3 0
        vertex 0.2283614 1.8519497 0
        vertex 0.05764416 2.4147289 0
    endloop
endfacet
facet normal 0 0 -0.99999994
    outer loop
        vertex 77.38268 47.076122 0
        vertex 91.61732 47.076122 0
        vertex 92 47 0
    endloop
endfacet
facet normal 0 -0 -1
    outer loop
        vertex 77.38268 47.076122 0
        vertex 92 47 0
        vertex 77 47 0
    endloop
endfacet
facet normal 0 -0 -1
    outer loop
        vertex 80 48 0
        vertex 91.61732 47.076122 0
        vertex 77.38268 47.076122 0
    endloop
endfacet
facet normal 0 0 -1
    outer loop
        vertex 80 48 0
        vertex 77.38268 47.076122 0
        vertex 77.70711 47.292892 0
    endloop
endfacet
facet normal 0 0 -1
    outer loop
        vertex 76.61732 48.92388 0
        vertex 77 54 0
        vertex 77 49 0
    endloop
endfacet
facet normal 0 0 -0.99999994
    outer loop
        vertex 0.50559115 1.3332893 0
        vertex 0.2283614 1.8519497 0
        vertex 0 3 0
    endloop
endfacet
facet normal -0 0 -1
    outer loop
        vertex 80 48 0
        vertex 77.92388 47.617317 0
        vertex 78 48 0
    endloop
endfacet
facet normal 0 0 -1
    outer loop
        vertex 2.4147289 0.05764416 0
        vertex 1.8519497 0.2283614 0
        vertex 0 3 0
    endloop
endfacet
facet normal 0 0 -1
    outer loop
        vertex 80 54 0
        vertex 91.29289 48.707104 0
        vertex 91.07612 48.382683 0
    endloop
endfacet
facet normal 0 0 -1
    outer loop
        vertex 92 54 0
        vertex 91.61732 48.92388 0
        vertex 91.29289 48.707104 0
    endloop
endfacet
facet normal 0 0 -1
    outer loop
        vertex 91.29289 48.707104 0
        vertex 80 54 0
        vertex 92 54 0
    endloop
endfacet
facet normal -0 0 -1
    outer loop
        vertex 91.07612 48.382683 0
        vertex 80 48 0
        vertex 80 54 0
    endloop
endfacet
facet normal 0 0 -1
    outer loop
        vertex 91 48 0
        vertex 80 48 0
        vertex 91.07612 48.382683 0
    endloop
endfacet
facet normal 0 0 -1
    outer loop
        vertex 80 48 0
        vertex 91.07612 47.617317 0
        vertex 91.29289 47.292892 0
    endloop
endfacet
facet normal -0 -0 -1
    outer loop
        vertex 91 48 0
        vertex 91.07612 47.617317 0
        vertex 80 48 0
    endloop
endfacet
facet normal 0 -0 -1
    outer loop
        vertex 77.92388 47.617317 0
        vertex 80 48 0
        vertex 77.70711 47.292892 0
    endloop
endfacet
facet normal 0 0 -0.99999994
    outer loop
        vertex 92.38268 47.076122 0
        vertex 106.61732 47.076122 0
        vertex 107 47 0
    endloop
endfacet
facet normal 0 -0 -1
    outer loop
        vertex 92.38268 47.076122 0
        vertex 107 47 0
        vertex 92 47 0
    endloop
endfacet
facet normal 0 -0 -1
    outer loop
        vertex 95 48 0
        vertex 106.61732 47.076122 0
        vertex 92.38268 47.076122 0
    endloop
endfacet
facet normal 0 0 -1
    outer loop
        vertex 95 48 0
        vertex 92.38268 47.076122 0
        vertex 92.70711 47.292892 0
    endloop
endfacet
facet normal 0 0 -1
    outer loop
        vertex 91.61732 48.92388 0
        vertex 92 54 0
        vertex 92 49 0
    endloop
endfacet
facet normal 0 0 -1
    outer loop
        vertex 0.50559115 1.3332893 0
        vertex 0 3 0
        vertex 0.8786797 0.8786797 0
    endloop
endfacet
facet normal 0 0 -1
    outer loop
        vertex 80 48 0
        vertex 91.29289 47.292892 0
        vertex 91.61732 47.076122 0
    endloop
endfacet
facet normal 0 0 -1
    outer loop
        vertex 95 48 0
        vertex 106.07612 47.617317 0
        vertex 106.29289 47.292892 0
    endloop
endfacet
facet normal 0 0 -1
    outer loop
        vertex 95 54 0
        vertex 106.29289 48.707104 0
        vertex 106.07612 48.382683 0
    endloop
endfacet
facet normal 0 0 -1
    outer loop
        vertex 107 54 0
        vertex 106.61732 48.92388 0
        vertex 106.29289 48.707104 0
    endloop
endfacet
facet normal 0 0 -1
    outer loop
        vertex 106.29289 48.707104 0
        vertex 95 54 0
        vertex 107 54 0
    endloop
endfacet
facet normal -0 0 -1
    outer loop
        vertex 106.07612 48.382683 0
        vertex 95 48 0
        vertex 95 54 0
    endloop
endfacet
facet normal 0 0 -1
    outer loop
        vertex 106 48 0
        vertex 95 48 0
        vertex 106.07612 48.382683 0
    endloop
endfacet
facet normal 0 -0 -1
    outer loop
        vertex 93 48 0
        vertex 95 48 0
        vertex 92.92388 47.617317 0
    endloop
endfacet
facet normal -0 -0 -1
    outer loop
        vertex 106 48 0
        vertex 106.07612 47.617317 0
        vertex 95 48 0
    endloop
endfacet
facet normal 0 -0 -1
    outer loop
        vertex 92.92388 47.617317 0
        vertex 95 48 0
        vertex 92.70711 47.292892 0
    endloop
endfacet
facet normal 0 -0 -1
    outer loop
        vertex 107.38268 47.076122 0
        vertex 122 47 0
        vertex 107 47 0
    endloop
endfacet
facet normal -0 -0 -0.99999994
    outer loop
        vertex 122 47 0
        vertex 221 -0 0
        vertex 107 47 0
    endloop
endfacet
facet normal -0 -0 -0.99999994
    outer loop
        vertex 121.61732 47.076122 0
        vertex 122 47 0
        vertex 107.38268 47.076122 0
    endloop
endfacet
facet normal 0 0 -1
    outer loop
        vertex 121.61732 47.076122 0
        vertex 107.38268 47.076122 0
        vertex 110 48 0
    endloop
endfacet
facet normal 0 0 -1
    outer loop
        vertex 106.61732 48.92388 0
        vertex 107 54 0
        vertex 107 49 0
    endloop
endfacet
facet normal 0 0 -1
    outer loop
        vertex 0 3 0
        vertex 1.3332893 0.50559115 0
        vertex 0.8786797 0.8786797 0
    endloop
endfacet
facet normal 0 0 -1
    outer loop
        vertex 95 48 0
        vertex 106.29289 47.292892 0
        vertex 106.61732 47.076122 0
    endloop
endfacet
facet normal 0 0 -1
    outer loop
        vertex 110 48 0
        vertex 121.07612 47.617317 0
        vertex 121.2929 47.292892 0
    endloop
endfacet
facet normal 0 0 -0.99999994
    outer loop
        vertex 110 54 0
        vertex 121.2929 48.707104 0
        vertex 121.07612 48.382683 0
    endloop
endfacet
facet normal 0 0 -1
    outer loop
        vertex 122 54 0
        vertex 121.61732 48.92388 0
        vertex 121.2929 48.707104 0
    endloop
endfacet
facet normal 0 0 -1
    outer loop
        vertex 121.2929 48.707104 0
        vertex 110 54 0
        vertex 122 54 0
    endloop
endfacet
facet normal -0 0 -1
    outer loop
        vertex 121.07612 48.382683 0
        vertex 110 48 0
        vertex 110 54 0
    endloop
endfacet
facet normal 0 0 -1
    outer loop
        vertex 121 48 0
        vertex 110 48 0
        vertex 121.07612 48.382683 0
    endloop
endfacet
facet normal 0 -0 -1
    outer loop
        vertex 108 48 0
        vertex 110 48 0
        vertex 107.92388 47.617317 0
    endloop
endfacet
facet normal -0 -0 -1
    outer loop
        vertex 121 48 0
        vertex 121.07612 47.617317 0
        vertex 110 48 0
    endloop
endfacet
facet normal 0 -0 -1
    outer loop
        vertex 107.92388 47.617317 0
        vertex 110 48 0
        vertex 107.70711 47.292892 0
    endloop
endfacet
facet normal 0 0 -1
    outer loop
        vertex 122.38268 47.076122 0
        vertex 125 48 0
        vertex 221 -0 0
    endloop
endfacet
facet normal 0 -0 -1
    outer loop
        vertex 122.38268 47.076122 0
        vertex 221 -0 0
        vertex 122 47 0
    endloop
endfacet
facet normal 0 -0 -1
    outer loop
        vertex 122.70711 47.292892 0
        vertex 125 48 0
        vertex 122.38268 47.076122 0
    endloop
endfacet
facet normal 0 -0 -1
    outer loop
        vertex 122.92388 47.617317 0
        vertex 125 48 0
        vertex 122.70711 47.292892 0
    endloop
endfacet
facet normal 0 0 -1
    outer loop
        vertex 121.61732 48.92388 0
        vertex 122 54 0
        vertex 122 49 0
    endloop
endfacet
facet normal 0 0 -1
    outer loop
        vertex 110 48 0
        vertex 107.38268 47.076122 0
        vertex 107.70711 47.292892 0
    endloop
endfacet
facet normal -0 0 -1
    outer loop
        vertex 125 48 0
        vertex 122.92388 47.617317 0
        vertex 123 48 0
    endloop
endfacet
facet normal 0 0 -1
    outer loop
        vertex 110 48 0
        vertex 121.2929 47.292892 0
        vertex 121.61732 47.076122 0
    endloop
endfacet
facet normal 0 -0 -1
    outer loop
        vertex 173 54 0
        vertex 221 -0 0
        vertex 125 48 0
    endloop
endfacet
facet normal 0 0 -1
    outer loop
        vertex 173 54 0
        vertex 221 54 0
        vertex 221 -0 0
    endloop
endfacet
facet normal 0 0 -1
    outer loop
        vertex 221 -0 0
        vertex 221 54 0
        vertex 224 51 0
    endloop
endfacet
facet normal 0 0 -0.99999994
    outer loop
        vertex 221 54 0
        vertex 221.58527 53.942356 0
        vertex 224 51 0
    endloop
endfacet
facet normal 0 0 -1
    outer loop
        vertex 221.58527 53.942356 0
        vertex 222.14804 53.771637 0
        vertex 224 51 0
    endloop
endfacet
facet normal 0 0 -1
    outer loop
        vertex 222.14804 53.771637 0
        vertex 222.66672 53.494408 0
        vertex 224 51 0
    endloop
endfacet
facet normal 0 0 -1
    outer loop
        vertex 222.66672 53.494408 0
        vertex 223.12132 53.121323 0
        vertex 224 51 0
    endloop
endfacet
facet normal -0 -0 -1
    outer loop
        vertex 223.94235 51.585274 0
        vertex 224 51 0
        vertex 223.77164 52.148052 0
    endloop
endfacet
facet normal 0 0 -1
    outer loop
        vertex 223.12132 53.121323 0
        vertex 223.49442 52.666714 0
        vertex 224 51 0
    endloop
endfacet
facet normal 0 -0 -1
    outer loop
        vertex 224 51 0
        vertex 224 3 0
        vertex 221 -0 0
    endloop
endfacet
facet normal 0 0 -1
    outer loop
        vertex 224 51 0
        vertex 223.49442 52.666714 0
        vertex 223.77164 52.148052 0
    endloop
endfacet
facet normal 0 0 -0.99999994
    outer loop
        vertex 224 3 0
        vertex 223.94235 2.4147289 0
        vertex 221 -0 0
    endloop
endfacet
facet normal 0 0 -1
    outer loop
        vertex 223.94235 2.4147289 0
        vertex 223.77164 1.8519497 0
        vertex 221 -0 0
    endloop
endfacet
facet normal 0 0 -1
    outer loop
        vertex 221 -0 0
        vertex 223.77164 1.8519497 0
        vertex 223.49442 1.3332893 0
    endloop
endfacet
facet normal 0 0 -1
    outer loop
        vertex 221 -0 0
        vertex 223.49442 1.3332893 0
        vertex 223.12132 0.8786797 0
    endloop
endfacet
facet normal -0 0 -0.99999994
    outer loop
        vertex 222.14804 0.2283614 0
        vertex 221 -0 0
        vertex 222.66672 0.50559115 0
    endloop
endfacet
facet normal 0 0 -1
    outer loop
        vertex 221 -0 0
        vertex 223.12132 0.8786797 0
        vertex 222.66672 0.50559115 0
    endloop
endfacet
facet normal -0 0 -1
    outer loop
        vertex 221.58527 0.05764416 0
        vertex 221 -0 0
        vertex 222.14804 0.2283614 0
    endloop
endfacet
facet normal 0 0 -1
    outer loop
        vertex 125 48 0
        vertex 125 54 0
        vertex 173 54 0
    endloop
endfacet
facet normal -0 0 1
    outer loop
        vertex 30.25 54 8
        vertex 32.243732 52.5 8
        vertex 57.5 54 8
    endloop
endfacet
facet normal 0 0 1
    outer loop
        vertex 205.04898 52.5 8
        vertex 193.75 54 8
        vertex 191.75626 52.5 8
    endloop
endfacet
facet normal 0 0 1
    outer loop
        vertex 193.75 54 8
        vertex 166.5 54 8
        vertex 191.75626 52.5 8
    endloop
endfacet
facet normal 0 0 1
    outer loop
        vertex 221 54 8
        vertex 205.04898 52.5 8
        vertex 218.34169 52.5 8
    endloop
endfacet
facet normal 0 0 1
    outer loop
        vertex 191.75626 52.5 8
        vertex 166.5 54 8
        vertex 165.17085 52.5 8
    endloop
endfacet
facet normal 0 0 1
    outer loop
        vertex 32.243732 52.5 8
        vertex 30.25 54 8
        vertex 18.951021 52.5 8
    endloop
endfacet
facet normal 0 0 1
    outer loop
        vertex 58.829155 52.5 8
        vertex 57.5 54 8
        vertex 32.243732 52.5 8
    endloop
endfacet
facet normal -0 0 1
    outer loop
        vertex 112 54 8
        vertex 165.17085 52.5 8
        vertex 166.5 54 8
    endloop
endfacet
facet normal 0 0 1
    outer loop
        vertex 1.5 16.329155 8
        vertex 0 15 8
        vertex 1.5 5.65831 8
    endloop
endfacet
facet normal 0 0 1
    outer loop
        vertex 1.5 16.329155 8
        vertex 0 27 8
        vertex 0 15 8
    endloop
endfacet
facet normal -0 0 1
    outer loop
        vertex 193.75 54 8
        vertex 205.04898 52.5 8
        vertex 221 54 8
    endloop
endfacet
facet normal 0 0 1
    outer loop
        vertex 222.5 37.670845 8
        vertex 224 39 8
        vertex 222.5 48.34169 8
    endloop
endfacet
facet normal 0 0 1
    outer loop
        vertex 224 27 8
        vertex 222.5 16.329155 8
        vertex 224 15 8
    endloop
endfacet
facet normal 0 0 1
    outer loop
        vertex 0 39 8
        vertex 1.5 48.34169 8
        vertex 1.3138592 48.73783 8
    endloop
endfacet
facet normal 0 0 1
    outer loop
        vertex 0 27 8
        vertex 1.5 27 8
        vertex 1.5 37.670845 8
    endloop
endfacet
facet normal 0 0 1
    outer loop
        vertex 224 15 8
        vertex 222.5 5.65831 8
        vertex 222.68614 5.262167 8
    endloop
endfacet
facet normal 0 0 1
    outer loop
        vertex 224 27 8
        vertex 222.5 27 8
        vertex 222.5 16.329155 8
    endloop
endfacet
facet normal 0 0 1
    outer loop
        vertex 221.65831 52.5 8
        vertex 222.5 52.5 8
        vertex 222.14804 53.771637 8
    endloop
endfacet
facet normal 0 0 0.99999994
    outer loop
        vertex 220.86603 52.87228 8
        vertex 221.58527 53.942356 8
        vertex 221 54 8
    endloop
endfacet
facet normal 0 0 1
    outer loop
        vertex 221.58527 53.942356 8
        vertex 221.65831 52.5 8
        vertex 222.14804 53.771637 8
    endloop
endfacet
facet normal 0 -0 1
    outer loop
        vertex 219.56699 52.936142 8
        vertex 221 54 8
        vertex 219.13397 52.87228 8
    endloop
endfacet
facet normal 0 -0 1
    outer loop
        vertex 224 27 8
        vertex 224 39 8
        vertex 222.5 37.670845 8
    endloop
endfacet
facet normal 0 -0 1
    outer loop
        vertex 1.5 37.670845 8
        vertex 1.5 48.34169 8
        vertex 0 39 8
    endloop
endfacet
facet normal 0 0 1
    outer loop
        vertex 30.25 54 8
        vertex 3 54 8
        vertex 18.951021 52.5 8
    endloop
endfacet
facet normal 0 0 0.99999994
    outer loop
        vertex 3.5669878 52.936142 8
        vertex 3 54 8
        vertex 3.1339757 52.87228 8
    endloop
endfacet
facet normal -0 -0 0.99999994
    outer loop
        vertex 4 53 8
        vertex 4.433012 52.936142 8
        vertex 3 54 8
    endloop
endfacet
facet normal 0 0 0.99999994
    outer loop
        vertex 3 54 8
        vertex 4.8660245 52.87228 8
        vertex 5.262167 52.68614 8
    endloop
endfacet
facet normal 0 0 1
    outer loop
        vertex 2.34169 52.5 8
        vertex 2.7378328 52.68614 8
        vertex 2.4147289 53.942356 8
    endloop
endfacet
facet normal 0 -0 0.99999994
    outer loop
        vertex 1.5 52.5 8
        vertex 1.8519497 53.771637 8
        vertex 1.3332893 53.494408 8
    endloop
endfacet
facet normal -0 0 1
    outer loop
        vertex 1.8519497 53.771637 8
        vertex 2.34169 52.5 8
        vertex 2.4147289 53.942356 8
    endloop
endfacet
facet normal 0 0 1
    outer loop
        vertex 0.8786797 53.121323 8
        vertex 0.50559115 52.666714 8
        vertex 1.5 52.5 8
    endloop
endfacet
facet normal 0 0 1
    outer loop
        vertex 0.2283614 52.148052 8
        vertex 0.05764416 51.585274 8
        vertex 1.5 51.65831 8
    endloop
endfacet
facet normal 0 0 1
    outer loop
        vertex 1.8519497 53.771637 8
        vertex 1.5 52.5 8
        vertex 2.34169 52.5 8
    endloop
endfacet
facet normal 0 0 1
    outer loop
        vertex 0 39 8
        vertex 1.1277183 49.133976 8
        vertex 0 51 8
    endloop
endfacet
facet normal 0 0 1
    outer loop
        vertex 1.5 37.670845 8
        vertex 0 39 8
        vertex 0 27 8
    endloop
endfacet
facet normal 0 0 1
    outer loop
        vertex 1.5 27 8
        vertex 0 27 8
        vertex 1.5 16.329155 8
    endloop
endfacet
facet normal 0 0 1
    outer loop
        vertex 1.0638592 3.5669878 8
        vertex 0 3 8
        vertex 1.1277183 3.1339757 8
    endloop
endfacet
facet normal 0 0 1
    outer loop
        vertex 0 15 8
        vertex 0 3 8
        vertex 1.1277183 4.8660245 8
    endloop
endfacet
facet normal 0 0 1
    outer loop
        vertex 1.5 2.34169 8
        vertex 1.3138592 2.7378328 8
        vertex 0.05764416 2.4147289 8
    endloop
endfacet
facet normal 0 0 0.99999994
    outer loop
        vertex 1.5 1.5 8
        vertex 0.2283614 1.8519497 8
        vertex 0.50559115 1.3332893 8
    endloop
endfacet
facet normal 0 -0 1
    outer loop
        vertex 0.2283614 1.8519497 8
        vertex 1.5 2.34169 8
        vertex 0.05764416 2.4147289 8
    endloop
endfacet
facet normal -0 0 1
    outer loop
        vertex 0.8786797 0.8786797 8
        vertex 1.3332893 0.50559115 8
        vertex 1.5 1.5 8
    endloop
endfacet
facet normal -0 0 1
    outer loop
        vertex 1.8519497 0.2283614 8
        vertex 2.4147289 0.05764416 8
        vertex 2.34169 1.5 8
    endloop
endfacet
facet normal -0 0 1
    outer loop
        vertex 0.2283614 1.8519497 8
        vertex 1.5 1.5 8
        vertex 1.5 2.34169 8
    endloop
endfacet
facet normal -0 0 1
    outer loop
        vertex 2.4147289 53.942356 8
        vertex 3.1339757 52.87228 8
        vertex 3 54 8
    endloop
endfacet
facet normal 0 0 1
    outer loop
        vertex 58.829155 52.5 8
        vertex 112 52.5 8
        vertex 112 54 8
    endloop
endfacet
facet normal 0 0 1
    outer loop
        vertex 218.34169 1.5 8
        vertex 3 -0 8
        vertex 221 -0 8
    endloop
endfacet
facet normal 0 -0 1
    outer loop
        vertex 58.829155 52.5 8
        vertex 112 54 8
        vertex 57.5 54 8
    endloop
endfacet
facet normal -0 0 1
    outer loop
        vertex 220.43301 1.0638592 8
        vertex 221 -0 8
        vertex 220.86603 1.1277183 8
    endloop
endfacet
facet normal 0 0 1
    outer loop
        vertex 112 52.5 8
        vertex 165.17085 52.5 8
        vertex 112 54 8
    endloop
endfacet
facet normal 0 0 1
    outer loop
        vertex 222.5 16.329155 8
        vertex 222.5 5.65831 8
        vertex 224 15 8
    endloop
endfacet
facet normal 0 0 1
    outer loop
        vertex 221.65831 1.5 8
        vertex 221.26218 1.3138592 8
        vertex 221.58527 0.05764416 8
    endloop
endfacet
facet normal 0 0 1
    outer loop
        vertex 222.5 1.5 8
        vertex 222.14804 0.2283614 8
        vertex 222.66672 0.50559115 8
    endloop
endfacet
facet normal 0 0 1
    outer loop
        vertex 222.14804 0.2283614 8
        vertex 221.65831 1.5 8
        vertex 221.58527 0.05764416 8
    endloop
endfacet
facet normal 0 -0 1
    outer loop
        vertex 223.12132 0.8786797 8
        vertex 223.49442 1.3332893 8
        vertex 222.5 1.5 8
    endloop
endfacet
facet normal 0 -0 1
    outer loop
        vertex 223.77164 1.8519497 8
        vertex 223.94235 2.4147289 8
        vertex 222.5 2.34169 8
    endloop
endfacet
facet normal 0 -0 1
    outer loop
        vertex 222.14804 0.2283614 8
        vertex 222.5 1.5 8
        vertex 221.65831 1.5 8
    endloop
endfacet
facet normal 0 0 1
    outer loop
        vertex 224 15 8
        vertex 222.87228 4.8660245 8
        vertex 224 3 8
    endloop
endfacet
facet normal 0 0 1
    outer loop
        vertex 221.58527 0.05764416 8
        vertex 220.86603 1.1277183 8
        vertex 221 -0 8
    endloop
endfacet
facet normal 0 0 1
    outer loop
        vertex 222.5 37.670845 8
        vertex 222.5 27 8
        vertex 224 27 8
    endloop
endfacet
facet normal 0 -0 1
    outer loop
        vertex 222.93614 50.433014 8
        vertex 224 51 8
        vertex 222.87228 50.866024 8
    endloop
endfacet
facet normal 0 -0 1
    outer loop
        vertex 224 39 8
        vertex 224 51 8
        vertex 222.87228 49.133976 8
    endloop
endfacet
facet normal 0 0 1
    outer loop
        vertex 222.87228 50.866024 8
        vertex 224 51 8
        vertex 223.94235 51.585274 8
    endloop
endfacet
facet normal 0 -0 1
    outer loop
        vertex 218.73782 52.68614 8
        vertex 221 54 8
        vertex 218.34169 52.5 8
    endloop
endfacet
facet normal -0 0 0.99999994
    outer loop
        vertex 220 53 8
        vertex 220.43301 52.936142 8
        vertex 221 54 8
    endloop
endfacet
facet normal 0 0 0.99999994
    outer loop
        vertex 220 1 8
        vertex 219.56699 1.0638592 8
        vertex 221 -0 8
    endloop
endfacet
facet normal 0 0 1
    outer loop
        vertex 218.34169 1.5 8
        vertex 112 1.5 8
        vertex 3 -0 8
    endloop
endfacet
facet normal -0 0 1
    outer loop
        vertex 4.433012 1.0638592 8
        vertex 3 -0 8
        vertex 4.8660245 1.1277183 8
    endloop
endfacet
facet normal 0 0 0.99999994
    outer loop
        vertex 4 1 8
        vertex 3.5669878 1.0638592 8
        vertex 3 -0 8
    endloop
endfacet
facet normal 0 -0 0.99999994
    outer loop
        vertex 3 -0 8
        vertex 3.1339757 1.1277183 8
        vertex 2.4147289 0.05764416 8
    endloop
endfacet
facet normal 0 0 1
    outer loop
        vertex 2.34169 1.5 8
        vertex 1.5 1.5 8
        vertex 1.8519497 0.2283614 8
    endloop
endfacet
facet normal 0 0 1
    outer loop
        vertex 2.4147289 0.05764416 8
        vertex 3.1339757 1.1277183 8
        vertex 2.7378328 1.3138592 8
    endloop
endfacet
facet normal 0 0 1
    outer loop
        vertex 1.8519497 0.2283614 8
        vertex 1.5 1.5 8
        vertex 1.3332893 0.50559115 8
    endloop
endfacet
facet normal 0 0 1
    outer loop
        vertex 1.1277183 3.1339757 8
        vertex 0 3 8
        vertex 0.05764416 2.4147289 8
    endloop
endfacet
facet normal 0 -0 1
    outer loop
        vertex 1 4 8
        vertex 1.0638592 4.433012 8
        vertex 0 3 8
    endloop
endfacet
facet normal 0 0 1
    outer loop
        vertex 1.0638592 49.566986 8
        vertex 0 51 8
        vertex 1.1277183 49.133976 8
    endloop
endfacet
facet normal 0 0 1
    outer loop
        vertex 0 15 8
        vertex 1.1277183 4.8660245 8
        vertex 1.3138592 5.262167 8
    endloop
endfacet
facet normal 0 0 1
    outer loop
        vertex 0.05764416 51.585274 8
        vertex 0 51 8
        vertex 1.1277183 50.866024 8
    endloop
endfacet
facet normal 0 0 1
    outer loop
        vertex 1.3138592 51.262165 8
        vertex 0.05764416 51.585274 8
        vertex 1.1277183 50.866024 8
    endloop
endfacet
facet normal 0 0 1
    outer loop
        vertex 0.50559115 52.666714 8
        vertex 0.2283614 52.148052 8
        vertex 1.5 52.5 8
    endloop
endfacet
facet normal 0 0 1
    outer loop
        vertex 1.5 52.5 8
        vertex 0.2283614 52.148052 8
        vertex 1.5 51.65831 8
    endloop
endfacet
facet normal -0 0 1
    outer loop
        vertex 0.8786797 53.121323 8
        vertex 1.5 52.5 8
        vertex 1.3332893 53.494408 8
    endloop
endfacet
facet normal 0 0 1
    outer loop
        vertex 0 51 8
        vertex 1 50 8
        vertex 1.0638592 50.433014 8
    endloop
endfacet
facet normal 0 0 1
    outer loop
        vertex 3 -0 8
        vertex 5.65831 1.5 8
        vertex 5.262167 1.3138592 8
    endloop
endfacet
facet normal 0 -0 1
    outer loop
        vertex 5.65831 52.5 8
        vertex 18.951021 52.5 8
        vertex 3 54 8
    endloop
endfacet
facet normal 0 -0 1
    outer loop
        vertex 0.8786797 0.8786797 8
        vertex 1.5 1.5 8
        vertex 0.50559115 1.3332893 8
    endloop
endfacet
facet normal 0 0 1
    outer loop
        vertex 223.77164 52.148052 8
        vertex 222.5 51.65831 8
        vertex 223.94235 51.585274 8
    endloop
endfacet
facet normal 0 0 1
    outer loop
        vertex 221.58527 53.942356 8
        vertex 220.86603 52.87228 8
        vertex 221.26218 52.68614 8
    endloop
endfacet
facet normal 0 0 1
    outer loop
        vertex 222.14804 53.771637 8
        vertex 222.5 52.5 8
        vertex 222.66672 53.494408 8
    endloop
endfacet
facet normal 0 0 1
    outer loop
        vertex 222.66672 53.494408 8
        vertex 222.5 52.5 8
        vertex 223.12132 53.121323 8
    endloop
endfacet
facet normal 0 0 1
    outer loop
        vertex 222.5 51.65831 8
        vertex 223.77164 52.148052 8
        vertex 222.5 52.5 8
    endloop
endfacet
facet normal 0 0 1
    outer loop
        vertex 223.12132 53.121323 8
        vertex 222.5 52.5 8
        vertex 223.49442 52.666714 8
    endloop
endfacet
facet normal 0 -0 1
    outer loop
        vertex 222.68614 51.262165 8
        vertex 223.94235 51.585274 8
        vertex 222.5 51.65831 8
    endloop
endfacet
facet normal -0 0 1
    outer loop
        vertex 222.5 52.5 8
        vertex 223.77164 52.148052 8
        vertex 223.49442 52.666714 8
    endloop
endfacet
facet normal 0 0 1
    outer loop
        vertex 224 3 8
        vertex 222.87228 4.8660245 8
        vertex 222.93614 4.433012 8
    endloop
endfacet
facet normal -0 0 1
    outer loop
        vertex 223 50 8
        vertex 222.96808 49.783493 8
        vertex 224 51 8
    endloop
endfacet
facet normal -0 0 1
    outer loop
        vertex 222.96808 3.783494 8
        vertex 224 3 8
        vertex 223 4 8
    endloop
endfacet
facet normal 0 0 1
    outer loop
        vertex 224 39 8
        vertex 222.87228 49.133976 8
        vertex 222.68614 48.73783 8
    endloop
endfacet
facet normal 0 -0 1
    outer loop
        vertex 223.94235 2.4147289 8
        vertex 224 3 8
        vertex 222.87228 3.1339757 8
    endloop
endfacet
facet normal -0 0 1
    outer loop
        vertex 222.68614 2.7378328 8
        vertex 223.94235 2.4147289 8
        vertex 222.87228 3.1339757 8
    endloop
endfacet
facet normal 0 -0 1
    outer loop
        vertex 223.49442 1.3332893 8
        vertex 223.77164 1.8519497 8
        vertex 222.5 1.5 8
    endloop
endfacet
facet normal 0 0 1
    outer loop
        vertex 222.5 1.5 8
        vertex 223.77164 1.8519497 8
        vertex 222.5 2.34169 8
    endloop
endfacet
facet normal 0 0 1
    outer loop
        vertex 223.12132 0.8786797 8
        vertex 222.5 1.5 8
        vertex 222.66672 0.50559115 8
    endloop
endfacet
facet normal 0 0 1
    outer loop
        vertex 218.73782 1.3138592 8
        vertex 221 -0 8
        vertex 219.13397 1.1277183 8
    endloop
endfacet
facet normal 0 0 1
    outer loop
        vertex 112 1.5 8
        vertex 5.65831 1.5 8
        vertex 3 -0 8
    endloop
endfacet
facet normal 0 0 1
    outer loop
        vertex 0 15 8
        vertex 1.3138592 5.262167 8
        vertex 1.5 5.65831 8
    endloop
endfacet
facet normal 0 -0 1
    outer loop
        vertex 1.0638592 4.433012 8
        vertex 1.1277183 4.8660245 8
        vertex 0 3 8
    endloop
endfacet
facet normal 0 0 0.99999994
    outer loop
        vertex 1 4 8
        vertex 0 3 8
        vertex 1.0638592 3.5669878 8
    endloop
endfacet
facet normal 0 0 1
    outer loop
        vertex 1.3138592 2.7378328 8
        vertex 1.1277183 3.1339757 8
        vertex 0.05764416 2.4147289 8
    endloop
endfacet
facet normal 0 -0 1
    outer loop
        vertex 2.4147289 0.05764416 8
        vertex 2.7378328 1.3138592 8
        vertex 2.34169 1.5 8
    endloop
endfacet
facet normal 0 0 1
    outer loop
        vertex 3.5669878 1.0638592 8
        vertex 3.1339757 1.1277183 8
        vertex 3 -0 8
    endloop
endfacet
facet normal -0 0 1
    outer loop
        vertex 4 1 8
        vertex 3 -0 8
        vertex 4.433012 1.0638592 8
    endloop
endfacet
facet normal 0 0 1
    outer loop
        vertex 3 -0 8
        vertex 5.262167 1.3138592 8
        vertex 4.8660245 1.1277183 8
    endloop
endfacet
facet normal 0 0 1
    outer loop
        vertex 3 54 8
        vertex 5.262167 52.68614 8
        vertex 5.65831 52.5 8
    endloop
endfacet
facet normal -0 -0 1
    outer loop
        vertex 4.433012 52.936142 8
        vertex 4.8660245 52.87228 8
        vertex 3 54 8
    endloop
endfacet
facet normal 0 0 1
    outer loop
        vertex 4 53 8
        vertex 3 54 8
        vertex 3.5669878 52.936142 8
    endloop
endfacet
facet normal 0 -0 1
    outer loop
        vertex 2.7378328 52.68614 8
        vertex 3.1339757 52.87228 8
        vertex 2.4147289 53.942356 8
    endloop
endfacet
facet normal 0 0 1
    outer loop
        vertex 1.5 51.65831 8
        vertex 0.05764416 51.585274 8
        vertex 1.3138592 51.262165 8
    endloop
endfacet
facet normal 0 0 1
    outer loop
        vertex 0 51 8
        vertex 1.0638592 50.433014 8
        vertex 1.1277183 50.866024 8
    endloop
endfacet
facet normal 0 0 0.99999994
    outer loop
        vertex 1 50 8
        vertex 0 51 8
        vertex 1.0638592 49.566986 8
    endloop
endfacet
facet normal 0 0 1
    outer loop
        vertex 0 39 8
        vertex 1.3138592 48.73783 8
        vertex 1.1277183 49.133976 8
    endloop
endfacet
facet normal 0 0 1
    outer loop
        vertex 224 3 8
        vertex 222.93614 4.433012 8
        vertex 222.96808 4.216506 8
    endloop
endfacet
facet normal 0 0 1
    outer loop
        vertex 224 15 8
        vertex 222.68614 5.262167 8
        vertex 222.87228 4.8660245 8
    endloop
endfacet
facet normal 0 0 1
    outer loop
        vertex 224 3 8
        vertex 222.96808 4.216506 8
        vertex 223 4 8
    endloop
endfacet
facet normal 0 0 1
    outer loop
        vertex 218.34169 1.5 8
        vertex 221 -0 8
        vertex 218.73782 1.3138592 8
    endloop
endfacet
facet normal 0 0 1
    outer loop
        vertex 219.56699 1.0638592 8
        vertex 219.13397 1.1277183 8
        vertex 221 -0 8
    endloop
endfacet
facet normal -0 0 1
    outer loop
        vertex 220 1 8
        vertex 221 -0 8
        vertex 220.43301 1.0638592 8
    endloop
endfacet
facet normal 0 0 1
    outer loop
        vertex 221.26218 1.3138592 8
        vertex 220.86603 1.1277183 8
        vertex 221.58527 0.05764416 8
    endloop
endfacet
facet normal 0 0 1
    outer loop
        vertex 222.5 2.34169 8
        vertex 223.94235 2.4147289 8
        vertex 222.68614 2.7378328 8
    endloop
endfacet
facet normal -0 0 1
    outer loop
        vertex 222.87228 3.1339757 8
        vertex 224 3 8
        vertex 222.93614 3.5669878 8
    endloop
endfacet
facet normal -0 0 0.99999994
    outer loop
        vertex 222.93614 3.5669878 8
        vertex 224 3 8
        vertex 222.96808 3.783494 8
    endloop
endfacet
facet normal 0 -0 1
    outer loop
        vertex 222.96808 50.216507 8
        vertex 224 51 8
        vertex 222.93614 50.433014 8
    endloop
endfacet
facet normal 0 -0 1
    outer loop
        vertex 222.87228 50.866024 8
        vertex 223.94235 51.585274 8
        vertex 222.68614 51.262165 8
    endloop
endfacet
facet normal 0 0 1
    outer loop
        vertex 221.58527 53.942356 8
        vertex 221.26218 52.68614 8
        vertex 221.65831 52.5 8
    endloop
endfacet
facet normal -0 0 0.99999994
    outer loop
        vertex 220.43301 52.936142 8
        vertex 220.86603 52.87228 8
        vertex 221 54 8
    endloop
endfacet
facet normal 0 -0 1
    outer loop
        vertex 220 53 8
        vertex 221 54 8
        vertex 219.56699 52.936142 8
    endloop
endfacet
facet normal 0 -0 0.99999994
    outer loop
        vertex 219.13397 52.87228 8
        vertex 221 54 8
        vertex 218.73782 52.68614 8
    endloop
endfacet
facet normal 0 -0 1
    outer loop
        vertex 223 50 8
        vertex 224 51 8
        vertex 222.96808 50.216507 8
    endloop
endfacet
facet normal 0 0 1
    outer loop
        vertex 224 39 8
        vertex 222.68614 48.73783 8
        vertex 222.5 48.34169 8
    endloop
endfacet
facet normal -0 0 0.99999994
    outer loop
        vertex 222.93614 49.566986 8
        vertex 222.87228 49.133976 8
        vertex 224 51 8
    endloop
endfacet
facet normal -0 0 1
    outer loop
        vertex 222.96808 49.783493 8
        vertex 222.93614 49.566986 8
        vertex 224 51 8
    endloop
endfacet
facet normal -1 0 0
    outer loop
        vertex 222.5 1.5 4.75
        vertex 222.5 5.65831 5.7999997
        vertex 222.5 1.5 1.5
    endloop
endfacet
facet normal -1 0 0
    outer loop
        vertex 222.5 52.5 4.75
        vertex 222.5 48.34169 5.7999997
        vertex 222.5 51.65831 5.7999997
    endloop
endfacet
facet normal -0.99999994 0 0
    outer loop
        vertex 222.5 1.5 8
        vertex 222.5 2.34169 8
        vertex 222.5 2.34169 5.7999997
    endloop
endfacet
facet normal -1 0 -0
    outer loop
        vertex 222.5 2.34169 5.7999997
        vertex 222.5 5.65831 5.7999997
        vertex 222.5 1.5 4.75
    endloop
endfacet
facet normal -1 0 0
    outer loop
        vertex 222.5 5.65831 5.7999997
        vertex 222.5 5.65831 8
        vertex 222.5 16.329155 8
    endloop
endfacet
facet normal -1 0 -0
    outer loop
        vertex 222.5 5.65831 5.7999997
        vertex 222.5 16.329155 8
        vertex 222.5 1.5 1.5
    endloop
endfacet
facet normal -1 0 -0
    outer loop
        vertex 222.5 16.329155 8
        vertex 222.5 27 8
        vertex 222.5 1.5 1.5
    endloop
endfacet
facet normal -1 0 -0
    outer loop
        vertex 222.5 27 8
        vertex 222.5 52.5 1.5
        vertex 222.5 1.5 1.5
    endloop
endfacet
facet normal -1 -0 -0
    outer loop
        vertex 222.5 37.670845 8
        vertex 222.5 52.5 1.5
        vertex 222.5 27 8
    endloop
endfacet
facet normal -1 -0 -0
    outer loop
        vertex 222.5 52.5 4.75
        vertex 222.5 52.5 1.5
        vertex 222.5 48.34169 5.7999997
    endloop
endfacet
facet normal -1 0 0
    outer loop
        vertex 222.5 52.5 1.5
        vertex 222.5 37.670845 8
        vertex 222.5 48.34169 5.7999997
    endloop
endfacet
facet normal -1 0 0
    outer loop
        vertex 222.5 48.34169 5.7999997
        vertex 222.5 37.670845 8
        vertex 222.5 48.34169 8
    endloop
endfacet
facet normal -0.99999994 -0 0
    outer loop
        vertex 222.5 52.5 8
        vertex 222.5 51.65831 5.7999997
        vertex 222.5 51.65831 8
    endloop
endfacet
facet normal -1 0 0
    outer loop
        vertex 222.5 51.65831 5.7999997
        vertex 222.5 52.5 8
        vertex 222.5 52.5 4.75
    endloop
endfacet
facet normal -1 -0 0
    outer loop
        vertex 222.5 2.34169 5.7999997
        vertex 222.5 1.5 4.75
        vertex 222.5 1.5 8
    endloop
endfacet
facet normal 0 -0.99999994 0
    outer loop
        vertex 173.75 52.5 1.5
        vertex 222.5 52.5 1.5
        vertex 191.75626 52.5 8
    endloop
endfacet
facet normal 0 -1 0
    outer loop
        vertex 173.75 52.5 1.5
        vertex 191.75626 52.5 8
        vertex 165.17085 52.5 8
    endloop
endfacet
facet normal -0 -1 -0
    outer loop
        vertex 222.5 52.5 4.75
        vertex 218.34169 52.5 5.7999997
        vertex 222.5 52.5 1.5
    endloop
endfacet
facet normal 0 -1 -0
    outer loop
        vertex 222.5 52.5 8
        vertex 221.65831 52.5 5.7999997
        vertex 222.5 52.5 4.75
    endloop
endfacet
facet normal -0 -1 -0
    outer loop
        vertex 221.65831 52.5 5.7999997
        vertex 218.34169 52.5 5.7999997
        vertex 222.5 52.5 4.75
    endloop
endfacet
facet normal 0 -0.99999994 0
    outer loop
        vertex 218.34169 52.5 5.7999997
        vertex 218.34169 52.5 8
        vertex 205.04898 52.5 8
    endloop
endfacet
facet normal -0 -1 -0
    outer loop
        vertex 218.34169 52.5 5.7999997
        vertex 205.04898 52.5 8
        vertex 222.5 52.5 1.5
    endloop
endfacet
facet normal 0 -0.99999994 0
    outer loop
        vertex 221.65831 52.5 5.7999997
        vertex 222.5 52.5 8
        vertex 221.65831 52.5 8
    endloop
endfacet
facet normal 0 -1 0
    outer loop
        vertex 191.75626 52.5 8
        vertex 222.5 52.5 1.5
        vertex 205.04898 52.5 8
    endloop
endfacet
facet normal -0 -1 0
    outer loop
        vertex 165.17085 52.5 8
        vertex 112 52.5 8
        vertex 125 52.5 2
    endloop
endfacet
facet normal 0 -1 0
    outer loop
        vertex 112 52.5 8
        vertex 107 52.5 2
        vertex 110 52.5 2
    endloop
endfacet
facet normal 0 -1 0
    outer loop
        vertex 77 52.5 1.5
        vertex 77 52.5 2
        vertex 58.829155 52.5 8
    endloop
endfacet
facet normal 0 -1 0
    outer loop
        vertex 77 52.5 1.5
        vertex 58.829155 52.5 8
        vertex 39.25 52.5 1.5
    endloop
endfacet
facet normal -0 -1 0
    outer loop
        vertex 58.829155 52.5 8
        vertex 32.243732 52.5 8
        vertex 39.25 52.5 1.5
    endloop
endfacet
facet normal 0 -1 -0
    outer loop
        vertex 2.34169 52.5 5.7999997
        vertex 1.5 52.5 1.5
        vertex 5.65831 52.5 5.7999997
    endloop
endfacet
facet normal 0 -1 -0
    outer loop
        vertex 18.951021 52.5 8
        vertex 1.5 52.5 1.5
        vertex 39.25 52.5 1.5
    endloop
endfacet
facet normal 0 -1 0
    outer loop
        vertex 5.65831 52.5 5.7999997
        vertex 18.951021 52.5 8
        vertex 5.65831 52.5 8
    endloop
endfacet
facet normal 0 -0.99999994 0
    outer loop
        vertex 1.5 52.5 8
        vertex 2.34169 52.5 5.7999997
        vertex 2.34169 52.5 8
    endloop
endfacet
facet normal 0 -0.99999994 0
    outer loop
        vertex 18.951021 52.5 8
        vertex 5.65831 52.5 5.7999997
        vertex 1.5 52.5 1.5
    endloop
endfacet
facet normal 0 -1 0
    outer loop
        vertex 1.5 52.5 1.5
        vertex 2.34169 52.5 5.7999997
        vertex 1.5 52.5 4.75
    endloop
endfacet
facet normal 0 -1 0
    outer loop
        vertex 77 52.5 2
        vertex 80 52.5 2
        vertex 58.829155 52.5 8
    endloop
endfacet
facet normal 0 -1 0
    outer loop
        vertex 80 52.5 2
        vertex 80 52.5 1.5
        vertex 92 52.5 2
    endloop
endfacet
facet normal 0 -1 0
    outer loop
        vertex 80 52.5 2
        vertex 112 52.5 8
        vertex 58.829155 52.5 8
    endloop
endfacet
facet normal 0 -1 0
    outer loop
        vertex 18.951021 52.5 8
        vertex 39.25 52.5 1.5
        vertex 32.243732 52.5 8
    endloop
endfacet
facet normal 0 -1 0
    outer loop
        vertex 92 52.5 2
        vertex 112 52.5 8
        vertex 80 52.5 2
    endloop
endfacet
facet normal 0 -1 -0
    outer loop
        vertex 92 52.5 2
        vertex 80 52.5 1.5
        vertex 92 52.5 1.5
    endloop
endfacet
facet normal 0 -1 0
    outer loop
        vertex 95 52.5 2
        vertex 95 52.5 1.5
        vertex 107 52.5 2
    endloop
endfacet
facet normal 0 -1 0
    outer loop
        vertex 95 52.5 2
        vertex 112 52.5 8
        vertex 92 52.5 2
    endloop
endfacet
facet normal 0 -1 0
    outer loop
        vertex 107 52.5 2
        vertex 112 52.5 8
        vertex 95 52.5 2
    endloop
endfacet
facet normal 0 -1 -0
    outer loop
        vertex 107 52.5 2
        vertex 95 52.5 1.5
        vertex 107 52.5 1.5
    endloop
endfacet
facet normal 0 -1 0
    outer loop
        vertex 110 52.5 2
        vertex 110 52.5 1.5
        vertex 122 52.5 2
    endloop
endfacet
facet normal 0 -1 0
    outer loop
        vertex 122 52.5 2
        vertex 112 52.5 8
        vertex 110 52.5 2
    endloop
endfacet
facet normal 0 -1 -0
    outer loop
        vertex 122 52.5 2
        vertex 110 52.5 1.5
        vertex 122 52.5 1.5
    endloop
endfacet
facet normal 0 -1 0
    outer loop
        vertex 125 52.5 2
        vertex 112 52.5 8
        vertex 122 52.5 2
    endloop
endfacet
facet normal 0 -0.99999994 -0
    outer loop
        vertex 165.17085 52.5 8
        vertex 125 52.5 1.5
        vertex 173.75 52.5 1.5
    endloop
endfacet
facet normal 0 -1 0
    outer loop
        vertex 125 52.5 1.5
        vertex 165.17085 52.5 8
        vertex 125 52.5 2
    endloop
endfacet
facet normal 0 -1 0
    outer loop
        vertex 1.5 52.5 4.75
        vertex 2.34169 52.5 5.7999997
        vertex 1.5 52.5 8
    endloop
endfacet
facet normal 1 0 0
    outer loop
        vertex 1.5 52.5 4.75
        vertex 1.5 48.34169 5.7999997
        vertex 1.5 52.5 1.5
    endloop
endfacet
facet normal 1 0 0
    outer loop
        vertex 1.5 1.5 4.75
        vertex 1.5 5.65831 5.7999997
        vertex 1.5 2.34169 5.7999997
    endloop
endfacet
facet normal 0.99999994 0 -0
    outer loop
        vertex 1.5 17.440987 2.5
        vertex 1.5 27 8
        vertex 1.5 16.329155 8
    endloop
endfacet
facet normal 1 0 -0
    outer loop
        vertex 1.5 41.338524 2.5
        vertex 1.5 46.118027 2.5
        vertex 1.5 37.670845 8
    endloop
endfacet
facet normal 1 0 0
    outer loop
        vertex 1.5 36.559017 2.5
        vertex 1.5 27 8
        vertex 1.5 27 2.5
    endloop
endfacet
facet normal 1 0 -0
    outer loop
        vertex 1.5 36.559017 2.5
        vertex 1.5 37.670845 8
        vertex 1.5 27 8
    endloop
endfacet
facet normal 0.99999994 0 0
    outer loop
        vertex 1.5 52.5 8
        vertex 1.5 51.65831 8
        vertex 1.5 51.65831 5.7999997
    endloop
endfacet
facet normal 1 0 0
    outer loop
        vertex 1.5 51.65831 5.7999997
        vertex 1.5 48.34169 5.7999997
        vertex 1.5 52.5 4.75
    endloop
endfacet
facet normal 1 0 0
    outer loop
        vertex 1.5 48.34169 5.7999997
        vertex 1.5 46.118027 2.5
        vertex 1.5 52.5 1.5
    endloop
endfacet
facet normal 0.99999994 0 0
    outer loop
        vertex 1.5 48.34169 8
        vertex 1.5 37.670845 8
        vertex 1.5 46.118027 2.5
    endloop
endfacet
facet normal 0.99999994 -0 0
    outer loop
        vertex 1.5 5.65831 8
        vertex 1.5 7.88197 2.5
        vertex 1.5 16.329155 8
    endloop
endfacet
facet normal 1 -0 0
    outer loop
        vertex 1.5 5.65831 5.7999997
        vertex 1.5 7.88197 2.5
        vertex 1.5 5.65831 8
    endloop
endfacet
facet normal 1 -0 0
    outer loop
        vertex 1.5 1.5 4.75
        vertex 1.5 1.5 1.5
        vertex 1.5 5.65831 5.7999997
    endloop
endfacet
facet normal 1 0 0
    outer loop
        vertex 1.5 1.5 1.5
        vertex 1.5 7.88197 2.5
        vertex 1.5 5.65831 5.7999997
    endloop
endfacet
facet normal 0.99999994 -0 0
    outer loop
        vertex 1.5 1.5 8
        vertex 1.5 2.34169 5.7999997
        vertex 1.5 2.34169 8
    endloop
endfacet
facet normal 1 0 0
    outer loop
        vertex 1.5 1.5 1.5
        vertex 1.5 7.88197 1.5
        vertex 1.5 7.88197 2.5
    endloop
endfacet
facet normal 1 0 0
    outer loop
        vertex 1.5 17.440987 2.5
        vertex 1.5 16.329155 8
        vertex 1.5 12.661477 2.5
    endloop
endfacet
facet normal 1 0 0
    outer loop
        vertex 1.5 1.5 8
        vertex 1.5 1.5 4.75
        vertex 1.5 2.34169 5.7999997
    endloop
endfacet
facet normal 1 0 -0
    outer loop
        vertex 1.5 48.34169 5.7999997
        vertex 1.5 48.34169 8
        vertex 1.5 46.118027 2.5
    endloop
endfacet
facet normal 1 0 0
    outer loop
        vertex 1.5 17.440987 2.5
        vertex 1.5 27 2.5
        vertex 1.5 27 8
    endloop
endfacet
facet normal 0.99999994 0 0
    outer loop
        vertex 1.5 52.5 1.5
        vertex 1.5 46.118027 2.5
        vertex 1.5 46.118027 1.5
    endloop
endfacet
facet normal 1 -0 0
    outer loop
        vertex 1.5 51.65831 5.7999997
        vertex 1.5 52.5 4.75
        vertex 1.5 52.5 8
    endloop
endfacet
facet normal 1 0 0
    outer loop
        vertex 1.5 36.559017 2.5
        vertex 1.5 41.338524 2.5
        vertex 1.5 37.670845 8
    endloop
endfacet
facet normal 1 0 -0
    outer loop
        vertex 1.5 12.661477 2.5
        vertex 1.5 16.329155 8
        vertex 1.5 7.88197 2.5
    endloop
endfacet
facet normal 0 1 0
    outer loop
        vertex 112 1.5 8
        vertex 218.34169 1.5 5.7999997
        vertex 112 1.5 1.5
    endloop
endfacet
facet normal 0 1 0
    outer loop
        vertex 112 1.5 1.5
        vertex 1.5 1.5 1.5
        vertex 5.65831 1.5 5.7999997
    endloop
endfacet
facet normal -0 1 0
    outer loop
        vertex 1.5 1.5 4.75
        vertex 5.65831 1.5 5.7999997
        vertex 1.5 1.5 1.5
    endloop
endfacet
facet normal 0 1 0
    outer loop
        vertex 1.5 1.5 8
        vertex 2.34169 1.5 5.7999997
        vertex 1.5 1.5 4.75
    endloop
endfacet
facet normal -0 1 0
    outer loop
        vertex 2.34169 1.5 5.7999997
        vertex 5.65831 1.5 5.7999997
        vertex 1.5 1.5 4.75
    endloop
endfacet
facet normal -0 1 0
    outer loop
        vertex 5.65831 1.5 5.7999997
        vertex 112 1.5 8
        vertex 112 1.5 1.5
    endloop
endfacet
facet normal -0 1 0
    outer loop
        vertex 5.65831 1.5 8
        vertex 112 1.5 8
        vertex 5.65831 1.5 5.7999997
    endloop
endfacet
facet normal 0 0.99999994 -0
    outer loop
        vertex 2.34169 1.5 5.7999997
        vertex 1.5 1.5 8
        vertex 2.34169 1.5 8
    endloop
endfacet
facet normal 0 1 0
    outer loop
        vertex 222.5 1.5 4.75
        vertex 222.5 1.5 1.5
        vertex 218.34169 1.5 5.7999997
    endloop
endfacet
facet normal -0 1 0
    outer loop
        vertex 112 1.5 8
        vertex 218.34169 1.5 8
        vertex 218.34169 1.5 5.7999997
    endloop
endfacet
facet normal -0 1 0
    outer loop
        vertex 218.34169 1.5 5.7999997
        vertex 221.65831 1.5 5.7999997
        vertex 222.5 1.5 4.75
    endloop
endfacet
facet normal 0 1 -0
    outer loop
        vertex 222.5 1.5 4.75
        vertex 221.65831 1.5 5.7999997
        vertex 222.5 1.5 8
    endloop
endfacet
facet normal 0 1 0
    outer loop
        vertex 222.5 1.5 1.5
        vertex 112 1.5 1.5
        vertex 218.34169 1.5 5.7999997
    endloop
endfacet
facet normal 0 0.99999994 0
    outer loop
        vertex 221.65831 1.5 5.7999997
        vertex 221.65831 1.5 8
        vertex 222.5 1.5 8
    endloop
endfacet
facet normal 0 -0 1
    outer loop
        vertex 33 46.5 1.5
        vertex 39.25 52.5 1.5
        vertex 1.5 52.5 1.5
    endloop
endfacet
facet normal 0 0 1
    outer loop
        vertex 112 1.5 1.5
        vertex 63.500004 7.5 1.5
        vertex 1.5 1.5 1.5
    endloop
endfacet
facet normal 0 0 1
    outer loop
        vertex 1.5 1.5 1.5
        vertex 2.5 7.5 1.5
        vertex 1.9647655 7.598742 1.5
    endloop
endfacet
facet normal 0 0 1
    outer loop
        vertex 1.5 1.5 1.5
        vertex 63.500004 7.5 1.5
        vertex 2.5 7.5 1.5
    endloop
endfacet
facet normal 0 0 1
    outer loop
        vertex 173.75 52.5 1.5
        vertex 112 1.5 1.5
        vertex 222.5 1.5 1.5
    endloop
endfacet
facet normal 0 0 1
    outer loop
        vertex 64.07403 7.614181 1.5
        vertex 63.500004 7.5 1.5
        vertex 112 1.5 1.5
    endloop
endfacet
facet normal 0 0 1
    outer loop
        vertex 64.56066 7.9393396 1.5
        vertex 64.07403 7.614181 1.5
        vertex 112 1.5 1.5
    endloop
endfacet
facet normal 0 0 1
    outer loop
        vertex 122.38268 47.076122 1.5
        vertex 122 47 1.5
        vertex 112 1.5 1.5
    endloop
endfacet
facet normal -0 0 1
    outer loop
        vertex 92.38268 47.076122 1.5
        vertex 112 1.5 1.5
        vertex 106.61732 47.076122 1.5
    endloop
endfacet
facet normal 0 0 1
    outer loop
        vertex 122 47 1.5
        vertex 121.61732 47.076122 1.5
        vertex 112 1.5 1.5
    endloop
endfacet
facet normal -0 0 1
    outer loop
        vertex 65 45 1.5
        vertex 65 9 1.5
        vertex 77 47 1.5
    endloop
endfacet
facet normal 0 0 1
    outer loop
        vertex 76.61732 47.076122 1.5
        vertex 76.29289 47.292892 1.5
        vertex 65 45 1.5
    endloop
endfacet
facet normal 0 0 1
    outer loop
        vertex 65 45 1.5
        vertex 76.29289 47.292892 1.5
        vertex 76.07612 47.617317 1.5
    endloop
endfacet
facet normal 0 0 0.99999994
    outer loop
        vertex 33 46.5 1.5
        vertex 63.500004 46.5 1.5
        vertex 39.25 52.5 1.5
    endloop
endfacet
facet normal -0 0 1
    outer loop
        vertex 64.88582 45.574024 1.5
        vertex 65 45 1.5
        vertex 76.07612 47.617317 1.5
    endloop
endfacet
facet normal 0 0 0.99999994
    outer loop
        vertex 2.5 46.5 1.5
        vertex 1.5 52.5 1.5
        vertex 1.9647655 46.40126 1.5
    endloop
endfacet
facet normal 0 -0 1
    outer loop
        vertex 2.5 46.5 1.5
        vertex 33 46.5 1.5
        vertex 1.5 52.5 1.5
    endloop
endfacet
facet normal 0 0 1
    outer loop
        vertex 1.9647655 46.40126 1.5
        vertex 1.5 52.5 1.5
        vertex 1.5 46.118027 1.5
    endloop
endfacet
facet normal 0 0 1
    outer loop
        vertex 1.9647655 7.598742 1.5
        vertex 1.5 7.88197 1.5
        vertex 1.5 1.5 1.5
    endloop
endfacet
facet normal -0 0 1
    outer loop
        vertex 39.25 52.5 1.5
        vertex 63.500004 46.5 1.5
        vertex 77 52.5 1.5
    endloop
endfacet
facet normal 0 0 1
    outer loop
        vertex 77 52.5 1.5
        vertex 76.29289 48.707104 1.5
        vertex 76.61732 48.92388 1.5
    endloop
endfacet
facet normal 0 -0 1
    outer loop
        vertex 76.29289 48.707104 1.5
        vertex 77 52.5 1.5
        vertex 76.07612 48.382683 1.5
    endloop
endfacet
facet normal 0 -0 1
    outer loop
        vertex 64.07403 46.385822 1.5
        vertex 77 52.5 1.5
        vertex 63.500004 46.5 1.5
    endloop
endfacet
facet normal -0 0 1
    outer loop
        vertex 64.07403 46.385822 1.5
        vertex 64.56066 46.060658 1.5
        vertex 77 52.5 1.5
    endloop
endfacet
facet normal 0 -0 1
    outer loop
        vertex 64.88582 45.574024 1.5
        vertex 76 48 1.5
        vertex 64.56066 46.060658 1.5
    endloop
endfacet
facet normal 0 0 1
    outer loop
        vertex 64.56066 46.060658 1.5
        vertex 76.07612 48.382683 1.5
        vertex 77 52.5 1.5
    endloop
endfacet
facet normal 0 0 0.99999994
    outer loop
        vertex 76.07612 47.617317 1.5
        vertex 76 48 1.5
        vertex 64.88582 45.574024 1.5
    endloop
endfacet
facet normal -0 0 1
    outer loop
        vertex 77.38268 47.076122 1.5
        vertex 65 9 1.5
        vertex 91.61732 47.076122 1.5
    endloop
endfacet
facet normal 0 0 1
    outer loop
        vertex 77.38268 47.076122 1.5
        vertex 77 47 1.5
        vertex 65 9 1.5
    endloop
endfacet
facet normal 0 0 1
    outer loop
        vertex 80 48 1.5
        vertex 77.38268 47.076122 1.5
        vertex 91.61732 47.076122 1.5
    endloop
endfacet
facet normal 0 0 1
    outer loop
        vertex 80 48 1.5
        vertex 77.70711 47.292892 1.5
        vertex 77.38268 47.076122 1.5
    endloop
endfacet
facet normal 0 0 0.99999994
    outer loop
        vertex 76.61732 48.92388 1.5
        vertex 77 49 1.5
        vertex 77 52.5 1.5
    endloop
endfacet
facet normal 0 0 1
    outer loop
        vertex 65 45 1.5
        vertex 77 47 1.5
        vertex 76.61732 47.076122 1.5
    endloop
endfacet
facet normal 0 0 1
    outer loop
        vertex 80 48 1.5
        vertex 91.61732 47.076122 1.5
        vertex 91.29289 47.292892 1.5
    endloop
endfacet
facet normal 0 0 1
    outer loop
        vertex 80 48 1.5
        vertex 78 48 1.5
        vertex 77.92388 47.617317 1.5
    endloop
endfacet
facet normal -0 0 1
    outer loop
        vertex 80 52.5 1.5
        vertex 91.07612 48.382683 1.5
        vertex 92 52.5 1.5
    endloop
endfacet
facet normal 0 0 1
    outer loop
        vertex 92 52.5 1.5
        vertex 91.29289 48.707104 1.5
        vertex 91.61732 48.92388 1.5
    endloop
endfacet
facet normal 0 -0 1
    outer loop
        vertex 91.29289 48.707104 1.5
        vertex 92 52.5 1.5
        vertex 91.07612 48.382683 1.5
    endloop
endfacet
facet normal 0 0 1
    outer loop
        vertex 91.07612 48.382683 1.5
        vertex 80 52.5 1.5
        vertex 80 48 1.5
    endloop
endfacet
facet normal 0 -0 1
    outer loop
        vertex 91 48 1.5
        vertex 91.07612 48.382683 1.5
        vertex 80 48 1.5
    endloop
endfacet
facet normal 0 0 1
    outer loop
        vertex 76.07612 48.382683 1.5
        vertex 64.56066 46.060658 1.5
        vertex 76 48 1.5
    endloop
endfacet
facet normal 0 0 1
    outer loop
        vertex 91 48 1.5
        vertex 80 48 1.5
        vertex 91.07612 47.617317 1.5
    endloop
endfacet
facet normal -0 0 1
    outer loop
        vertex 77.92388 47.617317 1.5
        vertex 77.70711 47.292892 1.5
        vertex 80 48 1.5
    endloop
endfacet
facet normal 0 0 1
    outer loop
        vertex 92.38268 47.076122 1.5
        vertex 92 47 1.5
        vertex 112 1.5 1.5
    endloop
endfacet
facet normal 0 0 0.99999994
    outer loop
        vertex 112 1.5 1.5
        vertex 92 47 1.5
        vertex 65 9 1.5
    endloop
endfacet
facet normal 0 0 1
    outer loop
        vertex 95 48 1.5
        vertex 92.38268 47.076122 1.5
        vertex 106.61732 47.076122 1.5
    endloop
endfacet
facet normal 0 0 1
    outer loop
        vertex 95 48 1.5
        vertex 92.70711 47.292892 1.5
        vertex 92.38268 47.076122 1.5
    endloop
endfacet
facet normal 0 0 0.99999994
    outer loop
        vertex 91.61732 48.92388 1.5
        vertex 92 49 1.5
        vertex 92 52.5 1.5
    endloop
endfacet
facet normal 0 0 1
    outer loop
        vertex 65 9 1.5
        vertex 92 47 1.5
        vertex 91.61732 47.076122 1.5
    endloop
endfacet
facet normal 0 0 1
    outer loop
        vertex 95 48 1.5
        vertex 106.61732 47.076122 1.5
        vertex 106.29289 47.292892 1.5
    endloop
endfacet
facet normal 0 0 1
    outer loop
        vertex 95 48 1.5
        vertex 93 48 1.5
        vertex 92.92388 47.617317 1.5
    endloop
endfacet
facet normal -0 0 1
    outer loop
        vertex 95 52.5 1.5
        vertex 106.07612 48.382683 1.5
        vertex 107 52.5 1.5
    endloop
endfacet
facet normal 0 0 1
    outer loop
        vertex 107 52.5 1.5
        vertex 106.29289 48.707104 1.5
        vertex 106.61732 48.92388 1.5
    endloop
endfacet
facet normal 0 -0 1
    outer loop
        vertex 106.29289 48.707104 1.5
        vertex 107 52.5 1.5
        vertex 106.07612 48.382683 1.5
    endloop
endfacet
facet normal 0 0 1
    outer loop
        vertex 106.07612 48.382683 1.5
        vertex 95 52.5 1.5
        vertex 95 48 1.5
    endloop
endfacet
facet normal 0 -0 1
    outer loop
        vertex 106 48 1.5
        vertex 106.07612 48.382683 1.5
        vertex 95 48 1.5
    endloop
endfacet
facet normal 0 0 1
    outer loop
        vertex 91.29289 47.292892 1.5
        vertex 91.07612 47.617317 1.5
        vertex 80 48 1.5
    endloop
endfacet
facet normal 0 0 1
    outer loop
        vertex 106 48 1.5
        vertex 95 48 1.5
        vertex 106.07612 47.617317 1.5
    endloop
endfacet
facet normal -0 0 1
    outer loop
        vertex 92.92388 47.617317 1.5
        vertex 92.70711 47.292892 1.5
        vertex 95 48 1.5
    endloop
endfacet
facet normal 0 0 1
    outer loop
        vertex 107.38268 47.076122 1.5
        vertex 107 47 1.5
        vertex 112 1.5 1.5
    endloop
endfacet
facet normal -0 0 0.99999994
    outer loop
        vertex 64.88582 8.425975 1.5
        vertex 112 1.5 1.5
        vertex 65 9 1.5
    endloop
endfacet
facet normal 0 0 1
    outer loop
        vertex 121.61732 47.076122 1.5
        vertex 107.38268 47.076122 1.5
        vertex 112 1.5 1.5
    endloop
endfacet
facet normal 0 0 1
    outer loop
        vertex 110 48 1.5
        vertex 107.70711 47.292892 1.5
        vertex 107.38268 47.076122 1.5
    endloop
endfacet
facet normal 0 0 0.99999994
    outer loop
        vertex 106.61732 48.92388 1.5
        vertex 107 49 1.5
        vertex 107 52.5 1.5
    endloop
endfacet
facet normal 0 0 1
    outer loop
        vertex 110 48 1.5
        vertex 108 48 1.5
        vertex 107.92388 47.617317 1.5
    endloop
endfacet
facet normal 0 0 1
    outer loop
        vertex 106.07612 47.617317 1.5
        vertex 95 48 1.5
        vertex 106.29289 47.292892 1.5
    endloop
endfacet
facet normal -0 0 1
    outer loop
        vertex 110 52.5 1.5
        vertex 121.07612 48.382683 1.5
        vertex 122 52.5 1.5
    endloop
endfacet
facet normal 0 0 0.99999994
    outer loop
        vertex 122 52.5 1.5
        vertex 121.2929 48.707104 1.5
        vertex 121.61732 48.92388 1.5
    endloop
endfacet
facet normal 0 -0 1
    outer loop
        vertex 121.2929 48.707104 1.5
        vertex 122 52.5 1.5
        vertex 121.07612 48.382683 1.5
    endloop
endfacet
facet normal 0 0 1
    outer loop
        vertex 121.07612 48.382683 1.5
        vertex 110 52.5 1.5
        vertex 110 48 1.5
    endloop
endfacet
facet normal 0 -0 1
    outer loop
        vertex 121 48 1.5
        vertex 121.07612 48.382683 1.5
        vertex 110 48 1.5
    endloop
endfacet
facet normal 0 0 1
    outer loop
        vertex 110 48 1.5
        vertex 121.61732 47.076122 1.5
        vertex 121.2929 47.292892 1.5
    endloop
endfacet
facet normal 0 0 1
    outer loop
        vertex 121 48 1.5
        vertex 110 48 1.5
        vertex 121.07612 47.617317 1.5
    endloop
endfacet
facet normal -0 0 1
    outer loop
        vertex 107.92388 47.617317 1.5
        vertex 107.70711 47.292892 1.5
        vertex 110 48 1.5
    endloop
endfacet
facet normal -0 0 1
    outer loop
        vertex 122.38268 47.076122 1.5
        vertex 112 1.5 1.5
        vertex 125 48 1.5
    endloop
endfacet
facet normal 0 0 1
    outer loop
        vertex 106.61732 47.076122 1.5
        vertex 112 1.5 1.5
        vertex 107 47 1.5
    endloop
endfacet
facet normal -0 0 1
    outer loop
        vertex 122.70711 47.292892 1.5
        vertex 122.38268 47.076122 1.5
        vertex 125 48 1.5
    endloop
endfacet
facet normal -0 0 1
    outer loop
        vertex 122.92388 47.617317 1.5
        vertex 122.70711 47.292892 1.5
        vertex 125 48 1.5
    endloop
endfacet
facet normal 0 0 0.99999994
    outer loop
        vertex 121.61732 48.92388 1.5
        vertex 122 49 1.5
        vertex 122 52.5 1.5
    endloop
endfacet
facet normal 0 0 1
    outer loop
        vertex 110 48 1.5
        vertex 107.38268 47.076122 1.5
        vertex 121.61732 47.076122 1.5
    endloop
endfacet
facet normal 0 0 1
    outer loop
        vertex 125 48 1.5
        vertex 123 48 1.5
        vertex 122.92388 47.617317 1.5
    endloop
endfacet
facet normal 0 0 1
    outer loop
        vertex 121.07612 47.617317 1.5
        vertex 110 48 1.5
        vertex 121.2929 47.292892 1.5
    endloop
endfacet
facet normal 0 0 1
    outer loop
        vertex 173.75 52.5 1.5
        vertex 125 48 1.5
        vertex 112 1.5 1.5
    endloop
endfacet
facet normal -0 0 1
    outer loop
        vertex 173.75 52.5 1.5
        vertex 222.5 1.5 1.5
        vertex 222.5 52.5 1.5
    endloop
endfacet
facet normal -0 0 1
    outer loop
        vertex 64.56066 7.9393396 1.5
        vertex 112 1.5 1.5
        vertex 64.88582 8.425975 1.5
    endloop
endfacet
facet normal -0 0 1
    outer loop
        vertex 125 52.5 1.5
        vertex 125 48 1.5
        vertex 173.75 52.5 1.5
    endloop
endfacet
facet normal -0.97949898 0.14445294 -0.14040975
    outer loop
        vertex 1.0638592 4.433012 8
        vertex 1.0576441 4.585271 8.2
        vertex 1.1277183 4.8660245 8
    endloop
endfacet
facet normal -0.89579231 0.4209182 -0.14277281
    outer loop
        vertex 1.1277183 4.8660245 8
        vertex 1.2283614 5.1480503 8.2
        vertex 1.3138592 5.262167 8
    endloop
endfacet
facet normal -0.87681872 0.4686693 -0.10741585
    outer loop
        vertex 1.5055912 5.666711 8.2
        vertex 1.3138592 5.262167 8
        vertex 1.2283614 5.1480503 8.2
    endloop
endfacet
facet normal -0.77300048 0.63438535 -0.00503728
    outer loop
        vertex 1.5 5.65831 8
        vertex 1.5055912 5.666711 8.2
        vertex 1.8786796 6.1213202 8.2
    endloop
endfacet
facet normal -0.98929948 0.14589871 0
    outer loop
        vertex 1.0638592 4.433012 8
        vertex 1 4 8
        vertex 1 4 8.2
    endloop
endfacet
facet normal -0.95445526 0.28953075 0.07202068
    outer loop
        vertex 1.2283614 5.1480503 8.2
        vertex 1.1277183 4.8660245 8
        vertex 1.0576441 4.585271 8.2
    endloop
endfacet
facet normal -0.90503949 0.42526254 0.00743811
    outer loop
        vertex 1.3138592 5.262167 8
        vertex 1.5055912 5.666711 8.2
        vertex 1.5 5.65831 8
    endloop
endfacet
facet normal -0.7347163 0.67821068 -0.0149152
    outer loop
        vertex 1.5 5.65831 5.7999997
        vertex 1.8786796 6.1213202 8.2
        vertex 2.1473522 6.3595967 5.7999997
    endloop
endfacet
facet normal -0.63438338 0.77299744 0.00572737
    outer loop
        vertex 2.1473522 6.3595967 5.7999997
        vertex 1.8786796 6.1213202 8.2
        vertex 2.3332891 6.494409 8.2
    endloop
endfacet
facet normal -0.47138435 0.88189971 -0.00705118
    outer loop
        vertex 2.9822075 6.8220735 5.7999997
        vertex 2.3332891 6.494409 8.2
        vertex 2.8519497 6.7716384 8.2
    endloop
endfacet
facet normal -0.29028258 0.95693099 0.00435471
    outer loop
        vertex 3.414729 6.942356 8.2
        vertex 2.9822075 6.8220735 5.7999997
        vertex 2.8519497 6.7716384 8.2
    endloop
endfacet
facet normal 0.99518478 0.0980167 0
    outer loop
        vertex 7 4 8.2
        vertex 7 4 5.7999997
        vertex 6.942356 4.585271 8.2
    endloop
endfacet
facet normal 0.98715574 0.15904781 -0.01507606
    outer loop
        vertex 6.942356 4.585271 8.2
        vertex 7 4 5.7999997
        vertex 6.8481884 4.942243 5.7999997
    endloop
endfacet
facet normal 0.95692497 0.29028076 0.00562947
    outer loop
        vertex 6.7716384 5.1480503 8.2
        vertex 6.942356 4.585271 8.2
        vertex 6.8481884 4.942243 5.7999997
    endloop
endfacet
facet normal 0.8872931 0.46106908 -0.0112371
    outer loop
        vertex 6.408119 5.7891235 5.7999997
        vertex 6.7716384 5.1480503 8.2
        vertex 6.8481884 4.942243 5.7999997
    endloop
endfacet
facet normal 0.88189578 0.47138223 -0.0076648
    outer loop
        vertex 6.408119 5.7891235 5.7999997
        vertex 6.494409 5.666711 8.2
        vertex 6.7716384 5.1480503 8.2
    endloop
endfacet
facet normal 0.77300191 0.63438725 0.0045645
    outer loop
        vertex 6.408119 5.7891235 5.7999997
        vertex 6.1213202 6.1213202 8.2
        vertex 6.494409 5.666711 8.2
    endloop
endfacet
facet normal 0.69753653 0.71637493 -0.01580194
    outer loop
        vertex 6.408119 5.7891235 5.7999997
        vertex 5.7243295 6.4549317 5.7999997
        vertex 6.1213202 6.1213202 8.2
    endloop
endfacet
facet normal 0.63439184 0.77300757 0.0025152
    outer loop
        vertex 6.1213202 6.1213202 8.2
        vertex 5.7243295 6.4549317 5.7999997
        vertex 5.666711 6.494409 8.2
    endloop
endfacet
facet normal 0.47139367 0.88191712 -0.00318946
    outer loop
        vertex 5.666711 6.494409 8.2
        vertex 5.7243295 6.4549317 5.7999997
        vertex 5.1480503 6.7716384 8.2
    endloop
endfacet
facet normal 0.43725201 0.89923507 -0.01367271
    outer loop
        vertex 5.1480503 6.7716384 8.2
        vertex 5.7243295 6.4549317 5.7999997
        vertex 4.8660245 6.8722816 5.7999997
    endloop
endfacet
facet normal 0.2902801 0.95692277 0.00601719
    outer loop
        vertex 4.585271 6.942356 8.2
        vertex 5.1480503 6.7716384 8.2
        vertex 4.8660245 6.8722816 5.7999997
    endloop
endfacet
facet normal 0.13269389 0.99106634 -0.01341427
    outer loop
        vertex 3.9200714 6.998935 5.7999997
        vertex 4.585271 6.942356 8.2
        vertex 4.8660245 6.8722816 5.7999997
    endloop
endfacet
facet normal 0.09801602 0.99517798 -0.0037058
    outer loop
        vertex 3.9200714 6.998935 5.7999997
        vertex 4 7 8.2
        vertex 4.585271 6.942356 8.2
    endloop
endfacet
facet normal -0.0980163 0.99518079 0.00282278
    outer loop
        vertex 3.9200714 6.998935 5.7999997
        vertex 3.414729 6.942356 8.2
        vertex 4 7 8.2
    endloop
endfacet
facet normal -0.48454368 0.87469018 -0.01159353
    outer loop
        vertex 2.3332891 6.494409 8.2
        vertex 2.9822075 6.8220735 5.7999997
        vertex 2.1473522 6.3595967 5.7999997
    endloop
endfacet
facet normal -0.98968744 0.09747567 -0.1049628
    outer loop
        vertex 1.0576441 4.585271 8.2
        vertex 1.0638592 4.433012 8
        vertex 1 4 8.2
    endloop
endfacet
facet normal -0.77407771 0.63309056 0
    outer loop
        vertex 1.5 5.65831 8
        vertex 1.8786796 6.1213202 8.2
        vertex 1.5 5.65831 5.7999997
    endloop
endfacet
facet normal -0.1852898 0.9825561 -0.01585109
    outer loop
        vertex 2.9822075 6.8220735 5.7999997
        vertex 3.414729 6.942356 8.2
        vertex 3.9200714 6.998935 5.7999997
    endloop
endfacet
facet normal 0 0 -1
    outer loop
        vertex 5.65831 1.5 5.7999997
        vertex 7 4 5.7999997
        vertex 6.9094796 3.2686126 5.7999997
    endloop
endfacet
facet normal 0 0 -1
    outer loop
        vertex 5.65831 1.5 5.7999997
        vertex 6.9094796 3.2686126 5.7999997
        vertex 6.6433816 2.581362 5.7999997
    endloop
endfacet
facet normal 0 0 -1
    outer loop
        vertex 5.65831 1.5 5.7999997
        vertex 6.8481884 4.942243 5.7999997
        vertex 7 4 5.7999997
    endloop
endfacet
facet normal 0 0 -1
    outer loop
        vertex 5.65831 1.5 5.7999997
        vertex 6.6433816 2.581362 5.7999997
        vertex 6.217764 1.9797217 5.7999997
    endloop
endfacet
facet normal 0 0 -1
    outer loop
        vertex 1.5 2.34169 5.7999997
        vertex 1.5 5.65831 5.7999997
        vertex 2.34169 1.5 5.7999997
    endloop
endfacet
facet normal 0 0 -1
    outer loop
        vertex 5.65831 1.5 5.7999997
        vertex 6.408119 5.7891235 5.7999997
        vertex 6.8481884 4.942243 5.7999997
    endloop
endfacet
facet normal 0 0 -1
    outer loop
        vertex 2.9822075 6.8220735 5.7999997
        vertex 1.5 5.65831 5.7999997
        vertex 2.1473522 6.3595967 5.7999997
    endloop
endfacet
facet normal 0 0 -1
    outer loop
        vertex 2.34169 1.5 5.7999997
        vertex 1.5 5.65831 5.7999997
        vertex 5.65831 1.5 5.7999997
    endloop
endfacet
facet normal 0 0 -1
    outer loop
        vertex 3.9200714 6.998935 5.7999997
        vertex 1.5 5.65831 5.7999997
        vertex 2.9822075 6.8220735 5.7999997
    endloop
endfacet
facet normal 0 -0 -1
    outer loop
        vertex 3.9200714 6.998935 5.7999997
        vertex 4.8660245 6.8722816 5.7999997
        vertex 1.5 5.65831 5.7999997
    endloop
endfacet
facet normal 0 0 -1
    outer loop
        vertex 1.5 5.65831 5.7999997
        vertex 5.7243295 6.4549317 5.7999997
        vertex 6.408119 5.7891235 5.7999997
    endloop
endfacet
facet normal 0 -0 -1
    outer loop
        vertex 4.8660245 6.8722816 5.7999997
        vertex 5.7243295 6.4549317 5.7999997
        vertex 1.5 5.65831 5.7999997
    endloop
endfacet
facet normal 0 0 -1
    outer loop
        vertex 1.5 5.65831 5.7999997
        vertex 6.408119 5.7891235 5.7999997
        vertex 5.65831 1.5 5.7999997
    endloop
endfacet
facet normal 0 0 -1
    outer loop
        vertex 1.5 2.34169 5.7999997
        vertex 2.34169 1.5 5.7999997
        vertex 1.8786796 1.8786796 5.7999997
    endloop
endfacet
facet normal 0 0 1
    outer loop
        vertex 3.7129874 4.6929097 8.2
        vertex 2.8519497 6.7716384 8.2
        vertex 2.3332891 6.494409 8.2
    endloop
endfacet
facet normal 0 -0 1
    outer loop
        vertex 3.7129874 4.6929097 8.2
        vertex 4 4.75 8.2
        vertex 3.414729 6.942356 8.2
    endloop
endfacet
facet normal 0 0 1
    outer loop
        vertex 3.46967 4.53033 8.2
        vertex 2.3332891 6.494409 8.2
        vertex 1.8786796 6.1213202 8.2
    endloop
endfacet
facet normal 0 -0 1
    outer loop
        vertex 3.3070903 4.2870126 8.2
        vertex 3.46967 4.53033 8.2
        vertex 1.5055912 5.666711 8.2
    endloop
endfacet
facet normal 0 0 1
    outer loop
        vertex 1.2283614 5.1480503 8.2
        vertex 1.0576441 4.585271 8.2
        vertex 3.3070903 4.2870126 8.2
    endloop
endfacet
facet normal 0 0 1
    outer loop
        vertex 1.0576441 4.585271 8.2
        vertex 1 4 8.2
        vertex 3.25 4 8.2
    endloop
endfacet
facet normal 0 0 1
    outer loop
        vertex 1.5055912 2.3332891 8.2
        vertex 3.46967 3.46967 8.2
        vertex 3.3070903 3.7129874 8.2
    endloop
endfacet
facet normal -0 0 1
    outer loop
        vertex 1.2283614 2.8519497 8.2
        vertex 1.5055912 2.3332891 8.2
        vertex 3.3070903 3.7129874 8.2
    endloop
endfacet
facet normal 0 0 1
    outer loop
        vertex 2.3332891 1.5055912 8.2
        vertex 3.7129874 3.3070903 8.2
        vertex 3.46967 3.46967 8.2
    endloop
endfacet
facet normal -0 0 1
    outer loop
        vertex 1.8786796 1.8786796 8.2
        vertex 2.3332891 1.5055912 8.2
        vertex 3.46967 3.46967 8.2
    endloop
endfacet
facet normal 0 0 1
    outer loop
        vertex 3.414729 1.0576441 8.2
        vertex 4 3.25 8.2
        vertex 3.7129874 3.3070903 8.2
    endloop
endfacet
facet normal -0 0 1
    outer loop
        vertex 2.8519497 1.2283614 8.2
        vertex 3.414729 1.0576441 8.2
        vertex 3.7129874 3.3070903 8.2
    endloop
endfacet
facet normal 0 0 1
    outer loop
        vertex 4.585271 1.0576441 8.2
        vertex 4.2870126 3.3070903 8.2
        vertex 4 3.25 8.2
    endloop
endfacet
facet normal 0 0 1
    outer loop
        vertex 4 1 8.2
        vertex 4.585271 1.0576441 8.2
        vertex 4 3.25 8.2
    endloop
endfacet
facet normal 0 0 1
    outer loop
        vertex 5.666711 1.5055912 8.2
        vertex 4.53033 3.46967 8.2
        vertex 4.2870126 3.3070903 8.2
    endloop
endfacet
facet normal 0 -0 1
    outer loop
        vertex 5.1480503 1.2283614 8.2
        vertex 5.666711 1.5055912 8.2
        vertex 4.2870126 3.3070903 8.2
    endloop
endfacet
facet normal 0 0 1
    outer loop
        vertex 6.494409 2.3332891 8.2
        vertex 4.6929097 3.7129874 8.2
        vertex 4.53033 3.46967 8.2
    endloop
endfacet
facet normal 0 -0 1
    outer loop
        vertex 6.1213202 1.8786796 8.2
        vertex 6.494409 2.3332891 8.2
        vertex 4.53033 3.46967 8.2
    endloop
endfacet
facet normal 0 0 1
    outer loop
        vertex 6.942356 3.414729 8.2
        vertex 4.75 4 8.2
        vertex 4.6929097 3.7129874 8.2
    endloop
endfacet
facet normal 0 -0 1
    outer loop
        vertex 6.7716384 2.8519497 8.2
        vertex 6.942356 3.414729 8.2
        vertex 4.6929097 3.7129874 8.2
    endloop
endfacet
facet normal 0 0 1
    outer loop
        vertex 6.942356 4.585271 8.2
        vertex 4.6929097 4.2870126 8.2
        vertex 4.75 4 8.2
    endloop
endfacet
facet normal 0 0 1
    outer loop
        vertex 7 4 8.2
        vertex 6.942356 4.585271 8.2
        vertex 4.75 4 8.2
    endloop
endfacet
facet normal 0 0 1
    outer loop
        vertex 6.494409 5.666711 8.2
        vertex 4.53033 4.53033 8.2
        vertex 4.6929097 4.2870126 8.2
    endloop
endfacet
facet normal 0 0 1
    outer loop
        vertex 6.7716384 5.1480503 8.2
        vertex 6.494409 5.666711 8.2
        vertex 4.6929097 4.2870126 8.2
    endloop
endfacet
facet normal 0 0 1
    outer loop
        vertex 1.0576441 4.585271 8.2
        vertex 3.25 4 8.2
        vertex 3.3070903 4.2870126 8.2
    endloop
endfacet
facet normal 0 0 1
    outer loop
        vertex 1.0576441 3.414729 8.2
        vertex 3.3070903 3.7129874 8.2
        vertex 3.25 4 8.2
    endloop
endfacet
facet normal 0 0 1
    outer loop
        vertex 6.942356 4.585271 8.2
        vertex 6.7716384 5.1480503 8.2
        vertex 4.6929097 4.2870126 8.2
    endloop
endfacet
facet normal 0 -0 1
    outer loop
        vertex 6.942356 3.414729 8.2
        vertex 7 4 8.2
        vertex 4.75 4 8.2
    endloop
endfacet
facet normal 0 -0 1
    outer loop
        vertex 6.494409 2.3332891 8.2
        vertex 6.7716384 2.8519497 8.2
        vertex 4.6929097 3.7129874 8.2
    endloop
endfacet
facet normal 0 0 1
    outer loop
        vertex 6.1213202 1.8786796 8.2
        vertex 4.53033 3.46967 8.2
        vertex 5.666711 1.5055912 8.2
    endloop
endfacet
facet normal 0 0 1
    outer loop
        vertex 4.2870126 3.3070903 8.2
        vertex 4.585271 1.0576441 8.2
        vertex 5.1480503 1.2283614 8.2
    endloop
endfacet
facet normal 0 0 1
    outer loop
        vertex 4 3.25 8.2
        vertex 3.414729 1.0576441 8.2
        vertex 4 1 8.2
    endloop
endfacet
facet normal -0 0 1
    outer loop
        vertex 2.3332891 1.5055912 8.2
        vertex 2.8519497 1.2283614 8.2
        vertex 3.7129874 3.3070903 8.2
    endloop
endfacet
facet normal 0 -0 1
    outer loop
        vertex 1.8786796 1.8786796 8.2
        vertex 3.46967 3.46967 8.2
        vertex 1.5055912 2.3332891 8.2
    endloop
endfacet
facet normal 0 0 1
    outer loop
        vertex 3.3070903 3.7129874 8.2
        vertex 1.0576441 3.414729 8.2
        vertex 1.2283614 2.8519497 8.2
    endloop
endfacet
facet normal 0 0 1
    outer loop
        vertex 3.25 4 8.2
        vertex 1 4 8.2
        vertex 1.0576441 3.414729 8.2
    endloop
endfacet
facet normal -0 0 1
    outer loop
        vertex 1.2283614 5.1480503 8.2
        vertex 3.3070903 4.2870126 8.2
        vertex 1.5055912 5.666711 8.2
    endloop
endfacet
facet normal 0 0 1
    outer loop
        vertex 3.7129874 4.6929097 8.2
        vertex 2.3332891 6.494409 8.2
        vertex 3.46967 4.53033 8.2
    endloop
endfacet
facet normal -0 0 1
    outer loop
        vertex 1.5055912 5.666711 8.2
        vertex 3.46967 4.53033 8.2
        vertex 1.8786796 6.1213202 8.2
    endloop
endfacet
facet normal 0 0 1
    outer loop
        vertex 3.414729 6.942356 8.2
        vertex 2.8519497 6.7716384 8.2
        vertex 3.7129874 4.6929097 8.2
    endloop
endfacet
facet normal 0 0 1
    outer loop
        vertex 4 7 8.2
        vertex 3.414729 6.942356 8.2
        vertex 4 4.75 8.2
    endloop
endfacet
facet normal 0 0 1
    outer loop
        vertex 4 7 8.2
        vertex 4 4.75 8.2
        vertex 4.585271 6.942356 8.2
    endloop
endfacet
facet normal 0 0 1
    outer loop
        vertex 4.585271 6.942356 8.2
        vertex 4 4.75 8.2
        vertex 4.2870126 4.6929097 8.2
    endloop
endfacet
facet normal 0 0 1
    outer loop
        vertex 5.1480503 6.7716384 8.2
        vertex 4.585271 6.942356 8.2
        vertex 4.2870126 4.6929097 8.2
    endloop
endfacet
facet normal 0 0 1
    outer loop
        vertex 5.666711 6.494409 8.2
        vertex 4.2870126 4.6929097 8.2
        vertex 4.53033 4.53033 8.2
    endloop
endfacet
facet normal 0 0 1
    outer loop
        vertex 5.666711 6.494409 8.2
        vertex 5.1480503 6.7716384 8.2
        vertex 4.2870126 4.6929097 8.2
    endloop
endfacet
facet normal 0 0 1
    outer loop
        vertex 6.1213202 6.1213202 8.2
        vertex 5.666711 6.494409 8.2
        vertex 4.53033 4.53033 8.2
    endloop
endfacet
facet normal 0 0 1
    outer loop
        vertex 6.494409 5.666711 8.2
        vertex 6.1213202 6.1213202 8.2
        vertex 4.53033 4.53033 8.2
    endloop
endfacet
facet normal 0.4209182 -0.89579231 -0.14277282
    outer loop
        vertex 5.262167 1.3138592 8
        vertex 5.1480503 1.2283614 8.2
        vertex 4.8660245 1.1277183 8
    endloop
endfacet
facet normal -0.14445309 -0.97949898 -0.14040969
    outer loop
        vertex 3.5669878 1.0638592 8
        vertex 3.414729 1.0576441 8.2
        vertex 3.1339757 1.1277183 8
    endloop
endfacet
facet normal -0.89579248 -0.42091781 -0.14277266
    outer loop
        vertex 1.3138592 2.7378328 8
        vertex 1.2283614 2.8519497 8.2
        vertex 1.1277183 3.1339757 8
    endloop
endfacet
facet normal -0.98929954 -0.14589864 0
    outer loop
        vertex 1.0638592 3.5669878 8
        vertex 1 4 8.2
        vertex 1 4 8
    endloop
endfacet
facet normal -0.95445538 -0.28953078 0.07202034
    outer loop
        vertex 1.2283614 2.8519497 8.2
        vertex 1.0576441 3.414729 8.2
        vertex 1.1277183 3.1339757 8
    endloop
endfacet
facet normal -0.87681872 -0.46866933 -0.10741527
    outer loop
        vertex 1.3138592 2.7378328 8
        vertex 1.5055912 2.3332891 8.2
        vertex 1.2283614 2.8519497 8.2
    endloop
endfacet
facet normal -0.77407783 -0.6330905 0
    outer loop
        vertex 1.8786796 1.8786796 5.7999997
        vertex 1.8786796 1.8786796 8.2
        vertex 1.5 2.34169 8
    endloop
endfacet
facet normal -0.6330905 -0.77407783 0
    outer loop
        vertex 1.8786796 1.8786796 5.7999997
        vertex 2.34169 1.5 8
        vertex 1.8786796 1.8786796 8.2
    endloop
endfacet
facet normal -0.42526272 -0.90503937 0.0074381
    outer loop
        vertex 2.34169 1.5 8
        vertex 2.7378328 1.3138592 8
        vertex 2.3332891 1.5055912 8.2
    endloop
endfacet
facet normal -0.28953084 -0.95445538 0.07202034
    outer loop
        vertex 3.1339757 1.1277183 8
        vertex 3.414729 1.0576441 8.2
        vertex 2.8519497 1.2283614 8.2
    endloop
endfacet
facet normal -0.09747568 -0.98968756 -0.10496268
    outer loop
        vertex 3.414729 1.0576441 8.2
        vertex 3.5669878 1.0638592 8
        vertex 4 1 8.2
    endloop
endfacet
facet normal 0.14589871 -0.98929948 0
    outer loop
        vertex 4 1 8.2
        vertex 4 1 8
        vertex 4.433012 1.0638592 8
    endloop
endfacet
facet normal 0.63309056 -0.77407771 0
    outer loop
        vertex 5.65831 1.5 5.7999997
        vertex 6.1213202 1.8786796 8.2
        vertex 5.65831 1.5 8
    endloop
endfacet
facet normal 0.9569301 -0.29028231 0.00456439
    outer loop
        vertex 6.942356 3.414729 8.2
        vertex 6.7716384 2.8519497 8.2
        vertex 6.9094796 3.2686126 5.7999997
    endloop
endfacet
facet normal 0.93249929 -0.36105639 -0.00912582
    outer loop
        vertex 6.9094796 3.2686126 5.7999997
        vertex 6.7716384 2.8519497 8.2
        vertex 6.6433816 2.581362 5.7999997
    endloop
endfacet
facet normal 0.99518478 -0.0980167 0
    outer loop
        vertex 7 4 5.7999997
        vertex 7 4 8.2
        vertex 6.942356 3.414729 8.2
    endloop
endfacet
facet normal 0.99240935 -0.12282585 -0.00611669
    outer loop
        vertex 6.9094796 3.2686126 5.7999997
        vertex 7 4 5.7999997
        vertex 6.942356 3.414729 8.2
    endloop
endfacet
facet normal 0.81633943 -0.57750201 -0.00902102
    outer loop
        vertex 6.217764 1.9797217 5.7999997
        vertex 6.6433816 2.581362 5.7999997
        vertex 6.494409 2.3332891 8.2
    endloop
endfacet
facet normal 0.65092874 -0.75911659 -0.00580197
    outer loop
        vertex 6.217764 1.9797217 5.7999997
        vertex 6.1213202 1.8786796 8.2
        vertex 5.65831 1.5 5.7999997
    endloop
endfacet
facet normal 0.42526254 -0.90503949 0.00743811
    outer loop
        vertex 5.262167 1.3138592 8
        vertex 5.65831 1.5 8
        vertex 5.666711 1.5055912 8.2
    endloop
endfacet
facet normal 0.88190562 -0.47138751 0.00601719
    outer loop
        vertex 6.7716384 2.8519497 8.2
        vertex 6.494409 2.3332891 8.2
        vertex 6.6433816 2.581362 5.7999997
    endloop
endfacet
facet normal 0.14445294 -0.97949898 -0.14040975
    outer loop
        vertex 4.433012 1.0638592 8
        vertex 4.8660245 1.1277183 8
        vertex 4.585271 1.0576441 8.2
    endloop
endfacet
facet normal 0.77300274 -0.63438767 0.00435474
    outer loop
        vertex 6.494409 2.3332891 8.2
        vertex 6.1213202 1.8786796 8.2
        vertex 6.217764 1.9797217 5.7999997
    endloop
endfacet
facet normal 0.63438547 -0.77300048 -0.00503733
    outer loop
        vertex 6.1213202 1.8786796 8.2
        vertex 5.666711 1.5055912 8.2
        vertex 5.65831 1.5 8
    endloop
endfacet
facet normal -0.14589864 -0.98929954 0
    outer loop
        vertex 4 1 8
        vertex 4 1 8.2
        vertex 3.5669878 1.0638592 8
    endloop
endfacet
facet normal 0.4686693 -0.87681872 -0.1074158
    outer loop
        vertex 5.262167 1.3138592 8
        vertex 5.666711 1.5055912 8.2
        vertex 5.1480503 1.2283614 8.2
    endloop
endfacet
facet normal -0.42091781 -0.89579248 -0.14277263
    outer loop
        vertex 3.1339757 1.1277183 8
        vertex 2.8519497 1.2283614 8.2
        vertex 2.7378328 1.3138592 8
    endloop
endfacet
facet normal -0.63438529 -0.77300054 -0.00503727
    outer loop
        vertex 2.34169 1.5 8
        vertex 2.3332891 1.5055912 8.2
        vertex 1.8786796 1.8786796 8.2
    endloop
endfacet
facet normal 0.09747567 -0.98968744 -0.10496279
    outer loop
        vertex 4.433012 1.0638592 8
        vertex 4.585271 1.0576441 8.2
        vertex 4 1 8.2
    endloop
endfacet
facet normal 0.28953084 -0.95445532 0.07202069
    outer loop
        vertex 4.8660245 1.1277183 8
        vertex 5.1480503 1.2283614 8.2
        vertex 4.585271 1.0576441 8.2
    endloop
endfacet
facet normal -0.77407783 -0.6330905 0
    outer loop
        vertex 1.8786796 1.8786796 5.7999997
        vertex 1.5 2.34169 8
        vertex 1.5 2.34169 5.7999997
    endloop
endfacet
facet normal -0.6330905 -0.77407783 -0
    outer loop
        vertex 2.34169 1.5 8
        vertex 1.8786796 1.8786796 5.7999997
        vertex 2.34169 1.5 5.7999997
    endloop
endfacet
facet normal -0.90503937 -0.42526272 0.0074381
    outer loop
        vertex 1.5 2.34169 8
        vertex 1.5055912 2.3332891 8.2
        vertex 1.3138592 2.7378328 8
    endloop
endfacet
facet normal -0.46866933 -0.87681872 -0.10741527
    outer loop
        vertex 2.7378328 1.3138592 8
        vertex 2.8519497 1.2283614 8.2
        vertex 2.3332891 1.5055912 8.2
    endloop
endfacet
facet normal -0.97949898 -0.14445309 -0.14040968
    outer loop
        vertex 1.1277183 3.1339757 8
        vertex 1.0576441 3.414729 8.2
        vertex 1.0638592 3.5669878 8
    endloop
endfacet
facet normal -0.98968756 -0.09747568 -0.10496268
    outer loop
        vertex 1.0576441 3.414729 8.2
        vertex 1 4 8.2
        vertex 1.0638592 3.5669878 8
    endloop
endfacet
facet normal -0.77300054 -0.63438529 -0.00503733
    outer loop
        vertex 1.8786796 1.8786796 8.2
        vertex 1.5055912 2.3332891 8.2
        vertex 1.5 2.34169 8
    endloop
endfacet
facet normal -0.97949916 0.14445376 -0.14040831
    outer loop
        vertex 1.0638592 50.433014 8
        vertex 1.0576441 50.58527 8.2
        vertex 1.1277183 50.866024 8
    endloop
endfacet
facet normal -0.42091855 0.89578897 -0.14279206
    outer loop
        vertex 2.7378328 52.68614 8
        vertex 2.8519497 52.77164 8.2
        vertex 3.1339757 52.87228 8
    endloop
endfacet
facet normal 0.14445902 0.97949815 -0.14040969
    outer loop
        vertex 4.433012 52.936142 8
        vertex 4.585271 52.942356 8.2
        vertex 4.8660245 52.87228 8
    endloop
endfacet
facet normal -0.89579177 0.42091951 -0.14277187
    outer loop
        vertex 1.1277183 50.866024 8
        vertex 1.2283614 51.14805 8.2
        vertex 1.3138592 51.262165 8
    endloop
endfacet
facet normal -0.87681901 0.46866858 -0.10741632
    outer loop
        vertex 1.5055912 51.66671 8.2
        vertex 1.3138592 51.262165 8
        vertex 1.2283614 51.14805 8.2
    endloop
endfacet
facet normal -0.77300018 0.63438588 -0.00503428
    outer loop
        vertex 1.5 51.65831 8
        vertex 1.5055912 51.66671 8.2
        vertex 1.8786796 52.12132 8.2
    endloop
endfacet
facet normal -0.9892996 0.14589809 0
    outer loop
        vertex 1.0638592 50.433014 8
        vertex 1 50 8
        vertex 1 50 8.2
    endloop
endfacet
facet normal -0.95445514 0.28953123 0.07202206
    outer loop
        vertex 1.2283614 51.14805 8.2
        vertex 1.1277183 50.866024 8
        vertex 1.0576441 50.58527 8.2
    endloop
endfacet
facet normal -0.90504026 0.42526081 0.00744021
    outer loop
        vertex 1.3138592 51.262165 8
        vertex 1.5055912 51.66671 8.2
        vertex 1.5 51.65831 8
    endloop
endfacet
facet normal -0.46866757 0.87681699 -0.10743643
    outer loop
        vertex 2.7378328 52.68614 8
        vertex 2.3332891 52.49441 8.2
        vertex 2.8519497 52.77164 8.2
    endloop
endfacet
facet normal -0.63438952 0.77299708 -0.00504768
    outer loop
        vertex 2.34169 52.5 8
        vertex 1.8786796 52.12132 8.2
        vertex 2.3332891 52.49441 8.2
    endloop
endfacet
facet normal -0.09747532 0.98968798 -0.1049577
    outer loop
        vertex 3.5669878 52.936142 8
        vertex 3.414729 52.942356 8.2
        vertex 4 53 8.2
    endloop
endfacet
facet normal -0.28952813 0.95445716 0.07200742
    outer loop
        vertex 3.1339757 52.87228 8
        vertex 2.8519497 52.77164 8.2
        vertex 3.414729 52.942356 8.2
    endloop
endfacet
facet normal -0.14589597 0.98929989 0
    outer loop
        vertex 4 53 8
        vertex 3.5669878 52.936142 8
        vertex 4 53 8.2
    endloop
endfacet
facet normal 0.42091894 0.89578879 -0.14279222
    outer loop
        vertex 4.8660245 52.87228 8
        vertex 5.1480503 52.77164 8.2
        vertex 5.262167 52.68614 8
    endloop
endfacet
facet normal 0.46866757 0.87681705 -0.107437
    outer loop
        vertex 5.666711 52.49441 8.2
        vertex 5.262167 52.68614 8
        vertex 5.1480503 52.77164 8.2
    endloop
endfacet
facet normal 0.63438964 0.77299696 -0.00504769
    outer loop
        vertex 5.65831 52.5 8
        vertex 5.666711 52.49441 8.2
        vertex 6.1213202 52.12132 8.2
    endloop
endfacet
facet normal -0.63309193 0.77407646 0
    outer loop
        vertex 1.8786796 52.12132 8.2
        vertex 2.34169 52.5 8
        vertex 1.8786796 52.12132 5.7999997
    endloop
endfacet
facet normal -0.63309199 0.77407652 0
    outer loop
        vertex 1.8786796 52.12132 5.7999997
        vertex 2.34169 52.5 8
        vertex 2.34169 52.5 5.7999997
    endloop
endfacet
facet normal -0.42525783 0.90504175 0.00742648
    outer loop
        vertex 2.7378328 52.68614 8
        vertex 2.34169 52.5 8
        vertex 2.3332891 52.49441 8.2
    endloop
endfacet
facet normal 0.99518472 0.09801687 0
    outer loop
        vertex 7 50 8.2
        vertex 7 50 5.7999997
        vertex 6.942356 50.58527 8.2
    endloop
endfacet
facet normal 0.99240935 0.12282573 -0.00611661
    outer loop
        vertex 6.942356 50.58527 8.2
        vertex 7 50 5.7999997
        vertex 6.9094796 50.731388 5.7999997
    endloop
endfacet
facet normal 0.95693004 0.29028279 0.00456462
    outer loop
        vertex 6.7716384 51.14805 8.2
        vertex 6.942356 50.58527 8.2
        vertex 6.9094796 50.731388 5.7999997
    endloop
endfacet
facet normal 0.93249959 0.36105573 -0.0091253
    outer loop
        vertex 6.6433816 51.41864 5.7999997
        vertex 6.7716384 51.14805 8.2
        vertex 6.9094796 50.731388 5.7999997
    endloop
endfacet
facet normal 0.88190609 0.47138685 0.00601789
    outer loop
        vertex 6.6433816 51.41864 5.7999997
        vertex 6.494409 51.66671 8.2
        vertex 6.7716384 51.14805 8.2
    endloop
endfacet
facet normal 0.81633872 0.57750297 -0.00902042
    outer loop
        vertex 6.6433816 51.41864 5.7999997
        vertex 6.217764 52.02028 5.7999997
        vertex 6.494409 51.66671 8.2
    endloop
endfacet
facet normal 0.77300233 0.63438815 0.00435528
    outer loop
        vertex 6.494409 51.66671 8.2
        vertex 6.217764 52.02028 5.7999997
        vertex 6.1213202 52.12132 8.2
    endloop
endfacet
facet normal 0.65092826 0.75911695 -0.00580133
    outer loop
        vertex 6.1213202 52.12132 8.2
        vertex 6.217764 52.02028 5.7999997
        vertex 5.65831 52.5 5.7999997
    endloop
endfacet
facet normal 0.63309211 0.77407646 0
    outer loop
        vertex 5.65831 52.5 8
        vertex 6.1213202 52.12132 8.2
        vertex 5.65831 52.5 5.7999997
    endloop
endfacet
facet normal 0.42525765 0.90504193 0.00742647
    outer loop
        vertex 5.262167 52.68614 8
        vertex 5.666711 52.49441 8.2
        vertex 5.65831 52.5 8
    endloop
endfacet
facet normal 0.2895281 0.95445704 0.07200777
    outer loop
        vertex 4.585271 52.942356 8.2
        vertex 5.1480503 52.77164 8.2
        vertex 4.8660245 52.87228 8
    endloop
endfacet
facet normal 0.14589605 0.98929989 -0
    outer loop
        vertex 4 53 8
        vertex 4 53 8.2
        vertex 4.433012 52.936142 8
    endloop
endfacet
facet normal 0.09747532 0.98968798 -0.10495781
    outer loop
        vertex 4.433012 52.936142 8
        vertex 4 53 8.2
        vertex 4.585271 52.942356 8.2
    endloop
endfacet
facet normal -0.14445917 0.97949815 -0.14040962
    outer loop
        vertex 3.5669878 52.936142 8
        vertex 3.1339757 52.87228 8
        vertex 3.414729 52.942356 8.2
    endloop
endfacet
facet normal -0.7740767 0.63309175 0
    outer loop
        vertex 1.8786796 52.12132 5.7999997
        vertex 1.5 51.65831 8
        vertex 1.8786796 52.12132 8.2
    endloop
endfacet
facet normal -0.98968762 0.09747584 -0.10496153
    outer loop
        vertex 1.0576441 50.58527 8.2
        vertex 1.0638592 50.433014 8
        vertex 1 50 8.2
    endloop
endfacet
facet normal -0.77407676 0.63309175 0
    outer loop
        vertex 1.5 51.65831 8
        vertex 1.8786796 52.12132 5.7999997
        vertex 1.5 51.65831 5.7999997
    endloop
endfacet
facet normal 0 0 -1
    outer loop
        vertex 5.65831 52.5 5.7999997
        vertex 7 50 5.7999997
        vertex 6.8481884 49.057755 5.7999997
    endloop
endfacet
facet normal 0 0 -1
    outer loop
        vertex 5.65831 52.5 5.7999997
        vertex 6.8481884 49.057755 5.7999997
        vertex 6.408119 48.210876 5.7999997
    endloop
endfacet
facet normal 0 0 -1
    outer loop
        vertex 1.5 48.34169 5.7999997
        vertex 6.408119 48.210876 5.7999997
        vertex 5.7243295 47.545067 5.7999997
    endloop
endfacet
facet normal 0 -0 -1
    outer loop
        vertex 5.65831 52.5 5.7999997
        vertex 6.408119 48.210876 5.7999997
        vertex 1.5 48.34169 5.7999997
    endloop
endfacet
facet normal -0 0 -1
    outer loop
        vertex 4.8660245 47.12772 5.7999997
        vertex 3.9200714 47.001064 5.7999997
        vertex 1.5 48.34169 5.7999997
    endloop
endfacet
facet normal 0 0 -1
    outer loop
        vertex 1.5 48.34169 5.7999997
        vertex 5.7243295 47.545067 5.7999997
        vertex 4.8660245 47.12772 5.7999997
    endloop
endfacet
facet normal 0 0 -1
    outer loop
        vertex 3.9200714 47.001064 5.7999997
        vertex 2.9822075 47.177925 5.7999997
        vertex 1.5 48.34169 5.7999997
    endloop
endfacet
facet normal 0 0 -1
    outer loop
        vertex 2.34169 52.5 5.7999997
        vertex 1.5 51.65831 5.7999997
        vertex 1.8786796 52.12132 5.7999997
    endloop
endfacet
facet normal 0 0 -1
    outer loop
        vertex 1.5 48.34169 5.7999997
        vertex 1.5 51.65831 5.7999997
        vertex 5.65831 52.5 5.7999997
    endloop
endfacet
facet normal 0 0 -1
    outer loop
        vertex 6.6433816 51.41864 5.7999997
        vertex 5.65831 52.5 5.7999997
        vertex 6.217764 52.02028 5.7999997
    endloop
endfacet
facet normal 0 -0 -1
    outer loop
        vertex 2.34169 52.5 5.7999997
        vertex 5.65831 52.5 5.7999997
        vertex 1.5 51.65831 5.7999997
    endloop
endfacet
facet normal 0 0 -1
    outer loop
        vertex 6.9094796 50.731388 5.7999997
        vertex 5.65831 52.5 5.7999997
        vertex 6.6433816 51.41864 5.7999997
    endloop
endfacet
facet normal 0 0 -1
    outer loop
        vertex 7 50 5.7999997
        vertex 5.65831 52.5 5.7999997
        vertex 6.9094796 50.731388 5.7999997
    endloop
endfacet
facet normal 0 0 -1
    outer loop
        vertex 1.5 48.34169 5.7999997
        vertex 2.9822075 47.177925 5.7999997
        vertex 2.1473522 47.640404 5.7999997
    endloop
endfacet
facet normal 0 0 1
    outer loop
        vertex 3.7129874 50.69291 8.2
        vertex 2.8519497 52.77164 8.2
        vertex 2.3332891 52.49441 8.2
    endloop
endfacet
facet normal 0 -0 1
    outer loop
        vertex 3.7129874 50.69291 8.2
        vertex 4 50.75 8.2
        vertex 3.414729 52.942356 8.2
    endloop
endfacet
facet normal 0 0 1
    outer loop
        vertex 3.46967 50.53033 8.2
        vertex 2.3332891 52.49441 8.2
        vertex 1.8786796 52.12132 8.2
    endloop
endfacet
facet normal 0 -0 1
    outer loop
        vertex 3.3070903 50.28701 8.2
        vertex 3.46967 50.53033 8.2
        vertex 1.5055912 51.66671 8.2
    endloop
endfacet
facet normal 0 0 0.99999994
    outer loop
        vertex 1.2283614 51.14805 8.2
        vertex 1.0576441 50.58527 8.2
        vertex 3.3070903 50.28701 8.2
    endloop
endfacet
facet normal 0 0 0.99999994
    outer loop
        vertex 1.0576441 50.58527 8.2
        vertex 1 50 8.2
        vertex 3.25 50 8.2
    endloop
endfacet
facet normal 0 0 1
    outer loop
        vertex 1.5055912 48.33329 8.2
        vertex 3.46967 49.46967 8.2
        vertex 3.3070903 49.712986 8.2
    endloop
endfacet
facet normal -0 0 1
    outer loop
        vertex 1.2283614 48.851948 8.2
        vertex 1.5055912 48.33329 8.2
        vertex 3.3070903 49.712986 8.2
    endloop
endfacet
facet normal 0 0 1
    outer loop
        vertex 2.3332891 47.505592 8.2
        vertex 3.7129874 49.30709 8.2
        vertex 3.46967 49.46967 8.2
    endloop
endfacet
facet normal -0 0 1
    outer loop
        vertex 1.8786796 47.878677 8.2
        vertex 2.3332891 47.505592 8.2
        vertex 3.46967 49.46967 8.2
    endloop
endfacet
facet normal 0 0 1
    outer loop
        vertex 3.414729 47.057644 8.2
        vertex 4 49.25 8.2
        vertex 3.7129874 49.30709 8.2
    endloop
endfacet
facet normal -0 0 1
    outer loop
        vertex 2.8519497 47.228363 8.2
        vertex 3.414729 47.057644 8.2
        vertex 3.7129874 49.30709 8.2
    endloop
endfacet
facet normal 0 0 1
    outer loop
        vertex 4.585271 47.057644 8.2
        vertex 4.2870126 49.30709 8.2
        vertex 4 49.25 8.2
    endloop
endfacet
facet normal 0 0 1
    outer loop
        vertex 4 47 8.2
        vertex 4.585271 47.057644 8.2
        vertex 4 49.25 8.2
    endloop
endfacet
facet normal 0 0 1
    outer loop
        vertex 5.666711 47.505592 8.2
        vertex 4.53033 49.46967 8.2
        vertex 4.2870126 49.30709 8.2
    endloop
endfacet
facet normal 0 -0 1
    outer loop
        vertex 5.1480503 47.228363 8.2
        vertex 5.666711 47.505592 8.2
        vertex 4.2870126 49.30709 8.2
    endloop
endfacet
facet normal 0 0 1
    outer loop
        vertex 6.494409 48.33329 8.2
        vertex 4.6929097 49.712986 8.2
        vertex 4.53033 49.46967 8.2
    endloop
endfacet
facet normal 0 -0 1
    outer loop
        vertex 6.1213202 47.878677 8.2
        vertex 6.494409 48.33329 8.2
        vertex 4.53033 49.46967 8.2
    endloop
endfacet
facet normal 0 0 1
    outer loop
        vertex 6.942356 49.414726 8.2
        vertex 4.75 50 8.2
        vertex 4.6929097 49.712986 8.2
    endloop
endfacet
facet normal 0 -0 1
    outer loop
        vertex 6.7716384 48.851948 8.2
        vertex 6.942356 49.414726 8.2
        vertex 4.6929097 49.712986 8.2
    endloop
endfacet
facet normal 0 0 1
    outer loop
        vertex 6.942356 50.58527 8.2
        vertex 4.6929097 50.28701 8.2
        vertex 4.75 50 8.2
    endloop
endfacet
facet normal 0 0 0.99999994
    outer loop
        vertex 7 50 8.2
        vertex 6.942356 50.58527 8.2
        vertex 4.75 50 8.2
    endloop
endfacet
facet normal 0 0 0.99999994
    outer loop
        vertex 6.494409 51.66671 8.2
        vertex 4.53033 50.53033 8.2
        vertex 4.6929097 50.28701 8.2
    endloop
endfacet
facet normal 0 0 1
    outer loop
        vertex 6.7716384 51.14805 8.2
        vertex 6.494409 51.66671 8.2
        vertex 4.6929097 50.28701 8.2
    endloop
endfacet
facet normal 0 0 1
    outer loop
        vertex 1.0576441 50.58527 8.2
        vertex 3.25 50 8.2
        vertex 3.3070903 50.28701 8.2
    endloop
endfacet
facet normal 0 0 1
    outer loop
        vertex 1.0576441 49.414726 8.2
        vertex 3.3070903 49.712986 8.2
        vertex 3.25 50 8.2
    endloop
endfacet
facet normal 0 0 1
    outer loop
        vertex 6.942356 50.58527 8.2
        vertex 6.7716384 51.14805 8.2
        vertex 4.6929097 50.28701 8.2
    endloop
endfacet
facet normal 0 -0 1
    outer loop
        vertex 6.942356 49.414726 8.2
        vertex 7 50 8.2
        vertex 4.75 50 8.2
    endloop
endfacet
facet normal 0 -0 1
    outer loop
        vertex 6.494409 48.33329 8.2
        vertex 6.7716384 48.851948 8.2
        vertex 4.6929097 49.712986 8.2
    endloop
endfacet
facet normal 0 0 1
    outer loop
        vertex 6.1213202 47.878677 8.2
        vertex 4.53033 49.46967 8.2
        vertex 5.666711 47.505592 8.2
    endloop
endfacet
facet normal 0 0 1
    outer loop
        vertex 4.2870126 49.30709 8.2
        vertex 4.585271 47.057644 8.2
        vertex 5.1480503 47.228363 8.2
    endloop
endfacet
facet normal 0 0 1
    outer loop
        vertex 4 49.25 8.2
        vertex 3.414729 47.057644 8.2
        vertex 4 47 8.2
    endloop
endfacet
facet normal -0 0 1
    outer loop
        vertex 2.3332891 47.505592 8.2
        vertex 2.8519497 47.228363 8.2
        vertex 3.7129874 49.30709 8.2
    endloop
endfacet
facet normal 0 -0 1
    outer loop
        vertex 1.8786796 47.878677 8.2
        vertex 3.46967 49.46967 8.2
        vertex 1.5055912 48.33329 8.2
    endloop
endfacet
facet normal 0 0 0.99999994
    outer loop
        vertex 3.3070903 49.712986 8.2
        vertex 1.0576441 49.414726 8.2
        vertex 1.2283614 48.851948 8.2
    endloop
endfacet
facet normal 0 0 1
    outer loop
        vertex 3.25 50 8.2
        vertex 1 50 8.2
        vertex 1.0576441 49.414726 8.2
    endloop
endfacet
facet normal -0 0 1
    outer loop
        vertex 1.2283614 51.14805 8.2
        vertex 3.3070903 50.28701 8.2
        vertex 1.5055912 51.66671 8.2
    endloop
endfacet
facet normal 0 0 1
    outer loop
        vertex 3.7129874 50.69291 8.2
        vertex 2.3332891 52.49441 8.2
        vertex 3.46967 50.53033 8.2
    endloop
endfacet
facet normal -0 0 1
    outer loop
        vertex 1.5055912 51.66671 8.2
        vertex 3.46967 50.53033 8.2
        vertex 1.8786796 52.12132 8.2
    endloop
endfacet
facet normal 0 0 1
    outer loop
        vertex 3.414729 52.942356 8.2
        vertex 2.8519497 52.77164 8.2
        vertex 3.7129874 50.69291 8.2
    endloop
endfacet
facet normal 0 0 1
    outer loop
        vertex 4 53 8.2
        vertex 3.414729 52.942356 8.2
        vertex 4 50.75 8.2
    endloop
endfacet
facet normal 0 0 1
    outer loop
        vertex 4 53 8.2
        vertex 4 50.75 8.2
        vertex 4.585271 52.942356 8.2
    endloop
endfacet
facet normal 0 0 1
    outer loop
        vertex 4.585271 52.942356 8.2
        vertex 4 50.75 8.2
        vertex 4.2870126 50.69291 8.2
    endloop
endfacet
facet normal 0 0 1
    outer loop
        vertex 5.1480503 52.77164 8.2
        vertex 4.585271 52.942356 8.2
        vertex 4.2870126 50.69291 8.2
    endloop
endfacet
facet normal 0 0 1
    outer loop
        vertex 5.666711 52.49441 8.2
        vertex 4.2870126 50.69291 8.2
        vertex 4.53033 50.53033 8.2
    endloop
endfacet
facet normal 0 0 1
    outer loop
        vertex 5.666711 52.49441 8.2
        vertex 5.1480503 52.77164 8.2
        vertex 4.2870126 50.69291 8.2
    endloop
endfacet
facet normal 0 0 1
    outer loop
        vertex 6.1213202 52.12132 8.2
        vertex 5.666711 52.49441 8.2
        vertex 4.53033 50.53033 8.2
    endloop
endfacet
facet normal 0 0 1
    outer loop
        vertex 6.494409 51.66671 8.2
        vertex 6.1213202 52.12132 8.2
        vertex 4.53033 50.53033 8.2
    endloop
endfacet
facet normal -0.89579308 -0.42091602 -0.14277442
    outer loop
        vertex 1.3138592 48.73783 8
        vertex 1.2283614 48.851948 8.2
        vertex 1.1277183 49.133976 8
    endloop
endfacet
facet normal -0.9892996 -0.14589809 0
    outer loop
        vertex 1.0638592 49.566986 8
        vertex 1 50 8.2
        vertex 1 50 8
    endloop
endfacet
facet normal -0.95445544 -0.28953132 0.07201655
    outer loop
        vertex 1.2283614 48.851948 8.2
        vertex 1.0576441 49.414726 8.2
        vertex 1.1277183 49.133976 8
    endloop
endfacet
facet normal -0.8768177 -0.46867135 -0.10741423
    outer loop
        vertex 1.3138592 48.73783 8
        vertex 1.5055912 48.33329 8.2
        vertex 1.2283614 48.851948 8.2
    endloop
endfacet
facet normal -0.77407932 -0.63308865 0
    outer loop
        vertex 1.5 48.34169 5.7999997
        vertex 1.8786796 47.878677 8.2
        vertex 1.5 48.34169 8
    endloop
endfacet
facet normal -0.63437945 -0.77300054 0.0057272
    outer loop
        vertex 2.1473522 47.640404 5.7999997
        vertex 2.3332891 47.505592 8.2
        vertex 1.8786796 47.878677 8.2
    endloop
endfacet
facet normal -0.4845452 -0.87468934 -0.01159302
    outer loop
        vertex 2.1473522 47.640404 5.7999997
        vertex 2.9822075 47.177925 5.7999997
        vertex 2.3332891 47.505592 8.2
    endloop
endfacet
facet normal -0.47138435 -0.88189971 -0.00705013
    outer loop
        vertex 2.3332891 47.505592 8.2
        vertex 2.9822075 47.177925 5.7999997
        vertex 2.8519497 47.228363 8.2
    endloop
endfacet
facet normal -0.18528883 -0.98255628 -0.01585069
    outer loop
        vertex 2.9822075 47.177925 5.7999997
        vertex 3.9200714 47.001064 5.7999997
        vertex 3.414729 47.057644 8.2
    endloop
endfacet
facet normal -0.09801631 -0.99518079 0.00282297
    outer loop
        vertex 3.414729 47.057644 8.2
        vertex 3.9200714 47.001064 5.7999997
        vertex 4 47 8.2
    endloop
endfacet
facet normal 0.09801603 -0.99517798 -0.00370561
    outer loop
        vertex 4 47 8.2
        vertex 3.9200714 47.001064 5.7999997
        vertex 4.585271 47.057644 8.2
    endloop
endfacet
facet normal 0.13269584 -0.9910661 -0.01341462
    outer loop
        vertex 4.585271 47.057644 8.2
        vertex 3.9200714 47.001064 5.7999997
        vertex 4.8660245 47.12772 5.7999997
    endloop
endfacet
facet normal 0.47139367 -0.88191712 -0.00318841
    outer loop
        vertex 5.666711 47.505592 8.2
        vertex 5.1480503 47.228363 8.2
        vertex 5.7243295 47.545067 5.7999997
    endloop
endfacet
facet normal 0.77300423 -0.63438439 0.00456453
    outer loop
        vertex 6.1213202 47.878677 8.2
        vertex 6.408119 48.210876 5.7999997
        vertex 6.494409 48.33329 8.2
    endloop
endfacet
facet normal 0.63438797 -0.77301067 0.00251598
    outer loop
        vertex 6.1213202 47.878677 8.2
        vertex 5.666711 47.505592 8.2
        vertex 5.7243295 47.545067 5.7999997
    endloop
endfacet
facet normal 0.9951849 -0.09801624 0
    outer loop
        vertex 7 50 5.7999997
        vertex 7 50 8.2
        vertex 6.942356 49.414726 8.2
    endloop
endfacet
facet normal 0.98715574 -0.15904739 -0.01507615
    outer loop
        vertex 6.8481884 49.057755 5.7999997
        vertex 7 50 5.7999997
        vertex 6.942356 49.414726 8.2
    endloop
endfacet
facet normal 0.9569248 -0.29028121 0.00562949
    outer loop
        vertex 6.7716384 48.851948 8.2
        vertex 6.8481884 49.057755 5.7999997
        vertex 6.942356 49.414726 8.2
    endloop
endfacet
facet normal 0.88729256 -0.46107009 -0.01123711
    outer loop
        vertex 6.7716384 48.851948 8.2
        vertex 6.408119 48.210876 5.7999997
        vertex 6.8481884 49.057755 5.7999997
    endloop
endfacet
facet normal 0.88189465 -0.47138423 -0.00766447
    outer loop
        vertex 6.7716384 48.851948 8.2
        vertex 6.494409 48.33329 8.2
        vertex 6.408119 48.210876 5.7999997
    endloop
endfacet
facet normal 0.6975373 -0.71637422 -0.01580245
    outer loop
        vertex 6.408119 48.210876 5.7999997
        vertex 6.1213202 47.878677 8.2
        vertex 5.7243295 47.545067 5.7999997
    endloop
endfacet
facet normal 0.29028234 -0.95692211 0.0060169
    outer loop
        vertex 5.1480503 47.228363 8.2
        vertex 4.585271 47.057644 8.2
        vertex 4.8660245 47.12772 5.7999997
    endloop
endfacet
facet normal -0.73471594 -0.67821085 -0.01491595
    outer loop
        vertex 2.1473522 47.640404 5.7999997
        vertex 1.8786796 47.878677 8.2
        vertex 1.5 48.34169 5.7999997
    endloop
endfacet
facet normal -0.29028481 -0.95693034 0.00435571
    outer loop
        vertex 3.414729 47.057644 8.2
        vertex 2.8519497 47.228363 8.2
        vertex 2.9822075 47.177925 5.7999997
    endloop
endfacet
facet normal -0.90503871 -0.42526421 0.00744004
    outer loop
        vertex 1.5 48.34169 8
        vertex 1.5055912 48.33329 8.2
        vertex 1.3138592 48.73783 8
    endloop
endfacet
facet normal 0.4372496 -0.89923626 -0.01367238
    outer loop
        vertex 4.8660245 47.12772 5.7999997
        vertex 5.7243295 47.545067 5.7999997
        vertex 5.1480503 47.228363 8.2
    endloop
endfacet
facet normal -0.97949874 -0.1444537 -0.140411
    outer loop
        vertex 1.1277183 49.133976 8
        vertex 1.0576441 49.414726 8.2
        vertex 1.0638592 49.566986 8
    endloop
endfacet
facet normal -0.98968756 -0.09747521 -0.10496291
    outer loop
        vertex 1.0576441 49.414726 8.2
        vertex 1 50 8.2
        vertex 1.0638592 49.566986 8
    endloop
endfacet
facet normal -0.7730028 -0.63438267 -0.00503414
    outer loop
        vertex 1.8786796 47.878677 8.2
        vertex 1.5055912 48.33329 8.2
        vertex 1.5 48.34169 8
    endloop
endfacet
facet normal 0.9937976 0.09793822 -0.05267181
    outer loop
        vertex 222.9856 4.146318 8.2
        vertex 222.96808 4.216506 8
        vertex 222.97118 4.292636 8.2
    endloop
endfacet
facet normal 0.98968881 0.09748201 -0.10494407
    outer loop
        vertex 222.97118 4.292636 8.2
        vertex 222.93614 4.433012 8
        vertex 222.94235 4.585271 8.2
    endloop
endfacet
facet normal 0.8957932 0.42092103 -0.14275879
    outer loop
        vertex 222.68614 5.262167 8
        vertex 222.77164 5.1480503 8.2
        vertex 222.87228 4.8660245 8
    endloop
endfacet
facet normal 0.9868198 0.14556508 -0.07069289
    outer loop
        vertex 222.93614 4.433012 8
        vertex 222.97118 4.292636 8.2
        vertex 222.96808 4.216506 8
    endloop
endfacet
facet normal -0.88728905 0.46107697 -0.01123667
    outer loop
        vertex 217.15181 4.942243 5.7999997
        vertex 217.22836 5.1480503 8.2
        vertex 217.59189 5.7891235 5.7999997
    endloop
endfacet
facet normal -0.88190114 0.47137213 -0.00767059
    outer loop
        vertex 217.59189 5.7891235 5.7999997
        vertex 217.22836 5.1480503 8.2
        vertex 217.50558 5.666711 8.2
    endloop
endfacet
facet normal -0.69754326 0.71636844 -0.01580314
    outer loop
        vertex 218.27567 6.4549317 5.7999997
        vertex 217.59189 5.7891235 5.7999997
        vertex 217.87868 6.1213202 8.2
    endloop
endfacet
facet normal -0.4713822 0.88192332 -0.00319012
    outer loop
        vertex 218.85196 6.7716384 8.2
        vertex 218.27567 6.4549317 5.7999997
        vertex 218.33328 6.494409 8.2
    endloop
endfacet
facet normal -0.29028958 0.95691997 0.00601751
    outer loop
        vertex 219.41472 6.942356 8.2
        vertex 219.13397 6.8722816 5.7999997
        vertex 218.85196 6.7716384 8.2
    endloop
endfacet
facet normal -0.0980143 0.9951781 -0.00370562
    outer loop
        vertex 220 7 8.2
        vertex 220.07993 6.998935 5.7999997
        vertex 219.41472 6.942356 8.2
    endloop
endfacet
facet normal 0.18528934 0.98255616 -0.01585086
    outer loop
        vertex 220.58527 6.942356 8.2
        vertex 221.01779 6.8220735 5.7999997
        vertex 220.07993 6.998935 5.7999997
    endloop
endfacet
facet normal 0.47138366 0.88190013 -0.0070494
    outer loop
        vertex 221.14804 6.7716384 8.2
        vertex 221.6667 6.494409 8.2
        vertex 221.01779 6.8220735 5.7999997
    endloop
endfacet
facet normal -0.98715609 0.15904586 -0.01507401
    outer loop
        vertex 217.15181 4.942243 5.7999997
        vertex 217 4 5.7999997
        vertex 217.05765 4.585271 8.2
    endloop
endfacet
facet normal 0.77298415 0.63440508 -0.00506344
    outer loop
        vertex 222.5 5.65831 8
        vertex 222.1213 6.1213202 8.2
        vertex 222.49442 5.666711 8.2
    endloop
endfacet
facet normal 0.90503865 0.42526487 0.00740886
    outer loop
        vertex 222.5 5.65831 8
        vertex 222.49442 5.666711 8.2
        vertex 222.68614 5.262167 8
    endloop
endfacet
facet normal 0.9795028 0.14445108 -0.14038509
    outer loop
        vertex 222.87228 4.8660245 8
        vertex 222.94235 4.585271 8.2
        vertex 222.93614 4.433012 8
    endloop
endfacet
facet normal 0.99518925 0.09797157 0
    outer loop
        vertex 222.9856 4.146318 8.2
        vertex 223 4 8.2
        vertex 223 4 8
    endloop
endfacet
facet normal 0.9544546 0.28952736 0.07204398
    outer loop
        vertex 222.94235 4.585271 8.2
        vertex 222.87228 4.8660245 8
        vertex 222.77164 5.1480503 8.2
    endloop
endfacet
facet normal 0.98868352 0.14577031 -0.03543765
    outer loop
        vertex 223 4 8
        vertex 222.96808 4.216506 8
        vertex 222.9856 4.146318 8.2
    endloop
endfacet
facet normal 0.87682474 0.46865878 -0.10741181
    outer loop
        vertex 222.49442 5.666711 8.2
        vertex 222.77164 5.1480503 8.2
        vertex 222.68614 5.262167 8
    endloop
endfacet
facet normal 0.77406704 0.63310367 0
    outer loop
        vertex 222.1213 6.1213202 8.2
        vertex 222.5 5.65831 8
        vertex 222.5 5.65831 5.7999997
    endloop
endfacet
facet normal 0.73471528 0.67821181 -0.01491158
    outer loop
        vertex 221.85265 6.3595967 5.7999997
        vertex 222.1213 6.1213202 8.2
        vertex 222.5 5.65831 5.7999997
    endloop
endfacet
facet normal 0.63438702 0.77299434 0.00572959
    outer loop
        vertex 221.85265 6.3595967 5.7999997
        vertex 221.6667 6.494409 8.2
        vertex 222.1213 6.1213202 8.2
    endloop
endfacet
facet normal 0.48454425 0.87468994 -0.01159213
    outer loop
        vertex 221.85265 6.3595967 5.7999997
        vertex 221.01779 6.8220735 5.7999997
        vertex 221.6667 6.494409 8.2
    endloop
endfacet
facet normal 0.29028487 0.95693034 0.00435564
    outer loop
        vertex 221.14804 6.7716384 8.2
        vertex 221.01779 6.8220735 5.7999997
        vertex 220.58527 6.942356 8.2
    endloop
endfacet
facet normal 0.0980171 0.99518073 0.00282268
    outer loop
        vertex 220.58527 6.942356 8.2
        vertex 220.07993 6.998935 5.7999997
        vertex 220 7 8.2
    endloop
endfacet
facet normal -0.13269383 0.99106628 -0.01341467
    outer loop
        vertex 220.07993 6.998935 5.7999997
        vertex 219.13397 6.8722816 5.7999997
        vertex 219.41472 6.942356 8.2
    endloop
endfacet
facet normal -0.43725124 0.89923543 -0.01367026
    outer loop
        vertex 219.13397 6.8722816 5.7999997
        vertex 218.27567 6.4549317 5.7999997
        vertex 218.85196 6.7716384 8.2
    endloop
endfacet
facet normal -0.63439536 0.77300459 0.00251496
    outer loop
        vertex 218.27567 6.4549317 5.7999997
        vertex 217.87868 6.1213202 8.2
        vertex 218.33328 6.494409 8.2
    endloop
endfacet
facet normal -0.77299875 0.63439107 0.00456036
    outer loop
        vertex 217.59189 5.7891235 5.7999997
        vertex 217.50558 5.666711 8.2
        vertex 217.87868 6.1213202 8.2
    endloop
endfacet
facet normal -0.99518418 0.09802312 0
    outer loop
        vertex 217.05765 4.585271 8.2
        vertex 217 4 5.7999997
        vertex 217 4 8.2
    endloop
endfacet
facet normal -0.95692605 0.29027703 0.00563116
    outer loop
        vertex 217.15181 4.942243 5.7999997
        vertex 217.05765 4.585271 8.2
        vertex 217.22836 5.1480503 8.2
    endloop
endfacet
facet normal 0 0 -1
    outer loop
        vertex 221.65831 1.5 5.7999997
        vertex 222.5 5.65831 5.7999997
        vertex 222.5 2.34169 5.7999997
    endloop
endfacet
facet normal 0 0 -1
    outer loop
        vertex 221.65831 1.5 5.7999997
        vertex 218.34169 1.5 5.7999997
        vertex 222.5 5.65831 5.7999997
    endloop
endfacet
facet normal 0 0 -1
    outer loop
        vertex 221.65831 1.5 5.7999997
        vertex 222.5 2.34169 5.7999997
        vertex 222.1213 1.8786796 5.7999997
    endloop
endfacet
facet normal 0 0 -1
    outer loop
        vertex 217.35663 2.581362 5.7999997
        vertex 218.34169 1.5 5.7999997
        vertex 217.78223 1.9797217 5.7999997
    endloop
endfacet
facet normal -0 0 -1
    outer loop
        vertex 222.5 5.65831 5.7999997
        vertex 218.34169 1.5 5.7999997
        vertex 217.59189 5.7891235 5.7999997
    endloop
endfacet
facet normal 0 0 -1
    outer loop
        vertex 217.09052 3.2686126 5.7999997
        vertex 218.34169 1.5 5.7999997
        vertex 217.35663 2.581362 5.7999997
    endloop
endfacet
facet normal 0 0 -1
    outer loop
        vertex 217 4 5.7999997
        vertex 218.34169 1.5 5.7999997
        vertex 217.09052 3.2686126 5.7999997
    endloop
endfacet
facet normal 0 0 -1
    outer loop
        vertex 217 4 5.7999997
        vertex 217.15181 4.942243 5.7999997
        vertex 218.34169 1.5 5.7999997
    endloop
endfacet
facet normal 0 -0 -1
    outer loop
        vertex 219.13397 6.8722816 5.7999997
        vertex 222.5 5.65831 5.7999997
        vertex 218.27567 6.4549317 5.7999997
    endloop
endfacet
facet normal 0 0 -1
    outer loop
        vertex 217.15181 4.942243 5.7999997
        vertex 217.59189 5.7891235 5.7999997
        vertex 218.34169 1.5 5.7999997
    endloop
endfacet
facet normal 0 0 -1
    outer loop
        vertex 219.13397 6.8722816 5.7999997
        vertex 220.07993 6.998935 5.7999997
        vertex 222.5 5.65831 5.7999997
    endloop
endfacet
facet normal 0 0 -1
    outer loop
        vertex 222.5 5.65831 5.7999997
        vertex 221.01779 6.8220735 5.7999997
        vertex 221.85265 6.3595967 5.7999997
    endloop
endfacet
facet normal 0 0 -1
    outer loop
        vertex 220.07993 6.998935 5.7999997
        vertex 221.01779 6.8220735 5.7999997
        vertex 222.5 5.65831 5.7999997
    endloop
endfacet
facet normal 0 -0 -0.99999994
    outer loop
        vertex 218.27567 6.4549317 5.7999997
        vertex 222.5 5.65831 5.7999997
        vertex 217.59189 5.7891235 5.7999997
    endloop
endfacet
facet normal 0 0 1
    outer loop
        vertex 219.71298 4.6929097 8.2
        vertex 218.85196 6.7716384 8.2
        vertex 218.33328 6.494409 8.2
    endloop
endfacet
facet normal 0 -0 0.99999994
    outer loop
        vertex 219.71298 4.6929097 8.2
        vertex 220 4.75 8.2
        vertex 219.41472 6.942356 8.2
    endloop
endfacet
facet normal 0 0 1
    outer loop
        vertex 219.46967 4.53033 8.2
        vertex 218.33328 6.494409 8.2
        vertex 217.87868 6.1213202 8.2
    endloop
endfacet
facet normal 0 -0 1
    outer loop
        vertex 219.3071 4.2870126 8.2
        vertex 219.46967 4.53033 8.2
        vertex 217.50558 5.666711 8.2
    endloop
endfacet
facet normal 0 0 1
    outer loop
        vertex 217.22836 5.1480503 8.2
        vertex 217.05765 4.585271 8.2
        vertex 219.3071 4.2870126 8.2
    endloop
endfacet
facet normal 0 0 1
    outer loop
        vertex 217.05765 4.585271 8.2
        vertex 217 4 8.2
        vertex 219.25 4 8.2
    endloop
endfacet
facet normal 0 0 1
    outer loop
        vertex 217.50558 2.3332891 8.2
        vertex 219.46967 3.46967 8.2
        vertex 219.3071 3.7129874 8.2
    endloop
endfacet
facet normal -0 0 1
    outer loop
        vertex 217.22836 2.8519497 8.2
        vertex 217.50558 2.3332891 8.2
        vertex 219.3071 3.7129874 8.2
    endloop
endfacet
facet normal 0 0 1
    outer loop
        vertex 218.33328 1.5055912 8.2
        vertex 219.71298 3.3070903 8.2
        vertex 219.46967 3.46967 8.2
    endloop
endfacet
facet normal -0 0 1
    outer loop
        vertex 217.87868 1.8786796 8.2
        vertex 218.33328 1.5055912 8.2
        vertex 219.46967 3.46967 8.2
    endloop
endfacet
facet normal 0 0 1
    outer loop
        vertex 219.41472 1.0576441 8.2
        vertex 220 3.25 8.2
        vertex 219.71298 3.3070903 8.2
    endloop
endfacet
facet normal -0 0 1
    outer loop
        vertex 218.85196 1.2283614 8.2
        vertex 219.41472 1.0576441 8.2
        vertex 219.71298 3.3070903 8.2
    endloop
endfacet
facet normal 0 0 0.99999994
    outer loop
        vertex 220.58527 1.0576441 8.2
        vertex 220.287 3.3070903 8.2
        vertex 220 3.25 8.2
    endloop
endfacet
facet normal 0 0 0.99999994
    outer loop
        vertex 220 1 8.2
        vertex 220.58527 1.0576441 8.2
        vertex 220 3.25 8.2
    endloop
endfacet
facet normal 0 0 1
    outer loop
        vertex 221.6667 1.5055912 8.2
        vertex 220.53033 3.46967 8.2
        vertex 220.287 3.3070903 8.2
    endloop
endfacet
facet normal 0 -0 1
    outer loop
        vertex 221.14804 1.2283614 8.2
        vertex 221.6667 1.5055912 8.2
        vertex 220.287 3.3070903 8.2
    endloop
endfacet
facet normal 0 0 1
    outer loop
        vertex 222.49442 2.3332891 8.2
        vertex 220.6929 3.7129874 8.2
        vertex 220.53033 3.46967 8.2
    endloop
endfacet
facet normal 0 -0 1
    outer loop
        vertex 222.1213 1.8786796 8.2
        vertex 222.49442 2.3332891 8.2
        vertex 220.53033 3.46967 8.2
    endloop
endfacet
facet normal 0 0 1
    outer loop
        vertex 222.94235 3.414729 8.2
        vertex 220.75 4 8.2
        vertex 220.6929 3.7129874 8.2
    endloop
endfacet
facet normal 0 -0 1
    outer loop
        vertex 222.77164 2.8519497 8.2
        vertex 222.94235 3.414729 8.2
        vertex 220.6929 3.7129874 8.2
    endloop
endfacet
facet normal 0 0 1
    outer loop
        vertex 222.9856 4.146318 8.2
        vertex 222.97118 4.292636 8.2
        vertex 220.75 4 8.2
    endloop
endfacet
facet normal 0 0 1
    outer loop
        vertex 223 4 8.2
        vertex 222.9856 4.146318 8.2
        vertex 220.75 4 8.2
    endloop
endfacet
facet normal 0 0 1
    outer loop
        vertex 222.77164 5.1480503 8.2
        vertex 222.49442 5.666711 8.2
        vertex 220.6929 4.2870126 8.2
    endloop
endfacet
facet normal 0 0 1
    outer loop
        vertex 222.94235 4.585271 8.2
        vertex 222.77164 5.1480503 8.2
        vertex 220.6929 4.2870126 8.2
    endloop
endfacet
facet normal 0 0 1
    outer loop
        vertex 217.05765 4.585271 8.2
        vertex 219.25 4 8.2
        vertex 219.3071 4.2870126 8.2
    endloop
endfacet
facet normal 0 -0 1
    outer loop
        vertex 220.6929 4.2870126 8.2
        vertex 222.49442 5.666711 8.2
        vertex 220.53033 4.53033 8.2
    endloop
endfacet
facet normal -0 0 1
    outer loop
        vertex 220.6929 4.2870126 8.2
        vertex 220.75 4 8.2
        vertex 222.94235 4.585271 8.2
    endloop
endfacet
facet normal 0 0 1
    outer loop
        vertex 219.3071 3.7129874 8.2
        vertex 219.25 4 8.2
        vertex 217.05765 3.414729 8.2
    endloop
endfacet
facet normal 0 0 0.99999994
    outer loop
        vertex 222.97118 4.292636 8.2
        vertex 222.94235 4.585271 8.2
        vertex 220.75 4 8.2
    endloop
endfacet
facet normal 0 0 1
    outer loop
        vertex 222.97118 3.7073643 8.2
        vertex 220.75 4 8.2
        vertex 222.94235 3.414729 8.2
    endloop
endfacet
facet normal 0 0 1
    outer loop
        vertex 220.6929 3.7129874 8.2
        vertex 222.49442 2.3332891 8.2
        vertex 222.77164 2.8519497 8.2
    endloop
endfacet
facet normal 0 -0 1
    outer loop
        vertex 221.6667 1.5055912 8.2
        vertex 222.1213 1.8786796 8.2
        vertex 220.53033 3.46967 8.2
    endloop
endfacet
facet normal 0 -0 1
    outer loop
        vertex 220.58527 1.0576441 8.2
        vertex 221.14804 1.2283614 8.2
        vertex 220.287 3.3070903 8.2
    endloop
endfacet
facet normal 0 -0 1
    outer loop
        vertex 220 1 8.2
        vertex 220 3.25 8.2
        vertex 219.41472 1.0576441 8.2
    endloop
endfacet
facet normal 0 0 1
    outer loop
        vertex 219.71298 3.3070903 8.2
        vertex 218.33328 1.5055912 8.2
        vertex 218.85196 1.2283614 8.2
    endloop
endfacet
facet normal -0 0 1
    outer loop
        vertex 217.50558 2.3332891 8.2
        vertex 217.87868 1.8786796 8.2
        vertex 219.46967 3.46967 8.2
    endloop
endfacet
facet normal -0 0 1
    outer loop
        vertex 217.05765 3.414729 8.2
        vertex 217.22836 2.8519497 8.2
        vertex 219.3071 3.7129874 8.2
    endloop
endfacet
facet normal 0 0 1
    outer loop
        vertex 217.50558 5.666711 8.2
        vertex 217.22836 5.1480503 8.2
        vertex 219.3071 4.2870126 8.2
    endloop
endfacet
facet normal -0 0 1
    outer loop
        vertex 217 4 8.2
        vertex 217.05765 3.414729 8.2
        vertex 219.25 4 8.2
    endloop
endfacet
facet normal 0 0 1
    outer loop
        vertex 217.87868 6.1213202 8.2
        vertex 217.50558 5.666711 8.2
        vertex 219.46967 4.53033 8.2
    endloop
endfacet
facet normal 0 0 0.99999994
    outer loop
        vertex 218.33328 6.494409 8.2
        vertex 219.46967 4.53033 8.2
        vertex 219.71298 4.6929097 8.2
    endloop
endfacet
facet normal 0 0 1
    outer loop
        vertex 219.71298 4.6929097 8.2
        vertex 219.41472 6.942356 8.2
        vertex 218.85196 6.7716384 8.2
    endloop
endfacet
facet normal 0 -0 1
    outer loop
        vertex 220 4.75 8.2
        vertex 220 7 8.2
        vertex 219.41472 6.942356 8.2
    endloop
endfacet
facet normal 0 0 0.99999994
    outer loop
        vertex 220 4.75 8.2
        vertex 220.58527 6.942356 8.2
        vertex 220 7 8.2
    endloop
endfacet
facet normal 0 0 1
    outer loop
        vertex 220.287 4.6929097 8.2
        vertex 221.14804 6.7716384 8.2
        vertex 220.58527 6.942356 8.2
    endloop
endfacet
facet normal -0 0 1
    outer loop
        vertex 220 4.75 8.2
        vertex 220.287 4.6929097 8.2
        vertex 220.58527 6.942356 8.2
    endloop
endfacet
facet normal 0 0 1
    outer loop
        vertex 222.1213 6.1213202 8.2
        vertex 220.53033 4.53033 8.2
        vertex 222.49442 5.666711 8.2
    endloop
endfacet
facet normal 0 -0 1
    outer loop
        vertex 220.53033 4.53033 8.2
        vertex 221.6667 6.494409 8.2
        vertex 220.287 4.6929097 8.2
    endloop
endfacet
facet normal 0 0 1
    outer loop
        vertex 220.53033 4.53033 8.2
        vertex 222.1213 6.1213202 8.2
        vertex 221.6667 6.494409 8.2
    endloop
endfacet
facet normal 0 0 1
    outer loop
        vertex 220.287 4.6929097 8.2
        vertex 221.6667 6.494409 8.2
        vertex 221.14804 6.7716384 8.2
    endloop
endfacet
facet normal 0 0 1
    outer loop
        vertex 222.9856 3.8536823 8.2
        vertex 220.75 4 8.2
        vertex 222.97118 3.7073643 8.2
    endloop
endfacet
facet normal 0 0 1
    outer loop
        vertex 223 4 8.2
        vertex 220.75 4 8.2
        vertex 222.9856 3.8536823 8.2
    endloop
endfacet
facet normal 0.9937976 -0.09793822 -0.05267169
    outer loop
        vertex 222.9856 3.8536823 8.2
        vertex 222.97118 3.7073643 8.2
        vertex 222.96808 3.783494 8
    endloop
endfacet
facet normal 0.9868198 -0.14556493 -0.07069267
    outer loop
        vertex 222.96808 3.783494 8
        vertex 222.97118 3.7073643 8.2
        vertex 222.93614 3.5669878 8
    endloop
endfacet
facet normal 0.98968887 -0.09748194 -0.10494389
    outer loop
        vertex 222.97118 3.7073643 8.2
        vertex 222.94235 3.414729 8.2
        vertex 222.93614 3.5669878 8
    endloop
endfacet
facet normal 0.99518919 -0.09797173 0
    outer loop
        vertex 223 4 8.2
        vertex 222.9856 3.8536823 8.2
        vertex 223 4 8
    endloop
endfacet
facet normal 0.97950286 -0.14445125 -0.14038505
    outer loop
        vertex 222.93614 3.5669878 8
        vertex 222.94235 3.414729 8.2
        vertex 222.87228 3.1339757 8
    endloop
endfacet
facet normal 0.42091495 -0.8957994 -0.14273758
    outer loop
        vertex 221.26218 1.3138592 8
        vertex 221.14804 1.2283614 8.2
        vertex 220.86603 1.1277183 8
    endloop
endfacet
facet normal -0.14445238 -0.97949839 -0.14041549
    outer loop
        vertex 219.56699 1.0638592 8
        vertex 219.41472 1.0576441 8.2
        vertex 219.13397 1.1277183 8
    endloop
endfacet
facet normal -0.99518418 -0.09802312 0
    outer loop
        vertex 217.05765 3.414729 8.2
        vertex 217 4 8.2
        vertex 217 4 5.7999997
    endloop
endfacet
facet normal -0.95693123 -0.29027861 0.00456776
    outer loop
        vertex 217.22836 2.8519497 8.2
        vertex 217.05765 3.414729 8.2
        vertex 217.09052 3.2686126 5.7999997
    endloop
endfacet
facet normal -0.93249238 -0.36107439 -0.00912675
    outer loop
        vertex 217.35663 2.581362 5.7999997
        vertex 217.22836 2.8519497 8.2
        vertex 217.09052 3.2686126 5.7999997
    endloop
endfacet
facet normal -0.81635189 -0.57748431 -0.00902393
    outer loop
        vertex 217.78223 1.9797217 5.7999997
        vertex 217.50558 2.3332891 8.2
        vertex 217.35663 2.581362 5.7999997
    endloop
endfacet
facet normal -0.77299958 -0.63439155 0.00435676
    outer loop
        vertex 217.78223 1.9797217 5.7999997
        vertex 217.87868 1.8786796 8.2
        vertex 217.50558 2.3332891 8.2
    endloop
endfacet
facet normal -0.42527094 -0.90503561 0.00742345
    outer loop
        vertex 218.73782 1.3138592 8
        vertex 218.33328 1.5055912 8.2
        vertex 218.34169 1.5 8
    endloop
endfacet
facet normal -0.46865967 -0.87682807 -0.10738065
    outer loop
        vertex 218.73782 1.3138592 8
        vertex 218.85196 1.2283614 8.2
        vertex 218.33328 1.5055912 8.2
    endloop
endfacet
facet normal -0.28954017 -0.95445216 0.07202458
    outer loop
        vertex 219.13397 1.1277183 8
        vertex 219.41472 1.0576441 8.2
        vertex 218.85196 1.2283614 8.2
    endloop
endfacet
facet normal -0.09747391 -0.98968726 -0.10496562
    outer loop
        vertex 219.41472 1.0576441 8.2
        vertex 219.56699 1.0638592 8
        vertex 220 1 8.2
    endloop
endfacet
facet normal 0.14589809 -0.9892996 0
    outer loop
        vertex 220 1 8.2
        vertex 220 1 8
        vertex 220.43301 1.0638592 8
    endloop
endfacet
facet normal 0.63310111 -0.77406907 0
    outer loop
        vertex 222.1213 1.8786796 5.7999997
        vertex 222.1213 1.8786796 8.2
        vertex 221.65831 1.5 8
    endloop
endfacet
facet normal 0.9050386 -0.42526507 0.00740883
    outer loop
        vertex 222.68614 2.7378328 8
        vertex 222.49442 2.3332891 8.2
        vertex 222.5 2.34169 8
    endloop
endfacet
facet normal 0.9544546 -0.28952736 0.07204363
    outer loop
        vertex 222.94235 3.414729 8.2
        vertex 222.77164 2.8519497 8.2
        vertex 222.87228 3.1339757 8
    endloop
endfacet
facet normal 0.98868352 -0.14577031 -0.03543748
    outer loop
        vertex 222.9856 3.8536823 8.2
        vertex 222.96808 3.783494 8
        vertex 223 4 8
    endloop
endfacet
facet normal 0.89579338 -0.42092061 -0.14275858
    outer loop
        vertex 222.87228 3.1339757 8
        vertex 222.77164 2.8519497 8.2
        vertex 222.68614 2.7378328 8
    endloop
endfacet
facet normal 0.77298427 -0.63440496 -0.00506343
    outer loop
        vertex 222.5 2.34169 8
        vertex 222.49442 2.3332891 8.2
        vertex 222.1213 1.8786796 8.2
    endloop
endfacet
facet normal 0.87682486 -0.46865883 -0.10741132
    outer loop
        vertex 222.49442 2.3332891 8.2
        vertex 222.68614 2.7378328 8
        vertex 222.77164 2.8519497 8.2
    endloop
endfacet
facet normal 0.63310117 -0.77406913 0
    outer loop
        vertex 222.1213 1.8786796 5.7999997
        vertex 221.65831 1.5 8
        vertex 221.65831 1.5 5.7999997
    endloop
endfacet
facet normal 0.42527083 -0.90503538 0.00745588
    outer loop
        vertex 221.26218 1.3138592 8
        vertex 221.65831 1.5 8
        vertex 221.6667 1.5055912 8.2
    endloop
endfacet
facet normal 0.77406716 -0.63310349 0
    outer loop
        vertex 222.5 2.34169 8
        vertex 222.1213 1.8786796 5.7999997
        vertex 222.5 2.34169 5.7999997
    endloop
endfacet
facet normal 0.1444526 -0.97949988 -0.14040469
    outer loop
        vertex 220.43301 1.0638592 8
        vertex 220.86603 1.1277183 8
        vertex 220.58527 1.0576441 8.2
    endloop
endfacet
facet normal 0.77406716 -0.63310349 0
    outer loop
        vertex 222.5 2.34169 8
        vertex 222.1213 1.8786796 8.2
        vertex 222.1213 1.8786796 5.7999997
    endloop
endfacet
facet normal 0.63438904 -0.77299762 -0.00501037
    outer loop
        vertex 222.1213 1.8786796 8.2
        vertex 221.6667 1.5055912 8.2
        vertex 221.65831 1.5 8
    endloop
endfacet
facet normal -0.14589809 -0.9892996 0
    outer loop
        vertex 220 1 8
        vertex 220 1 8.2
        vertex 219.56699 1.0638592 8
    endloop
endfacet
facet normal 0.46867082 -0.87682313 -0.10737215
    outer loop
        vertex 221.26218 1.3138592 8
        vertex 221.6667 1.5055912 8.2
        vertex 221.14804 1.2283614 8.2
    endloop
endfacet
facet normal -0.42091495 -0.8957994 -0.1427376
    outer loop
        vertex 219.13397 1.1277183 8
        vertex 218.85196 1.2283614 8.2
        vertex 218.73782 1.3138592 8
    endloop
endfacet
facet normal -0.65092242 -0.75912213 -0.00580052
    outer loop
        vertex 217.78223 1.9797217 5.7999997
        vertex 218.34169 1.5 5.7999997
        vertex 217.87868 1.8786796 8.2
    endloop
endfacet
facet normal 0.09747648 -0.98968762 -0.10496016
    outer loop
        vertex 220.43301 1.0638592 8
        vertex 220.58527 1.0576441 8.2
        vertex 220 1 8.2
    endloop
endfacet
facet normal 0.28953275 -0.95445359 0.07203574
    outer loop
        vertex 220.86603 1.1277183 8
        vertex 221.14804 1.2283614 8.2
        vertex 220.58527 1.0576441 8.2
    endloop
endfacet
facet normal -0.63308865 -0.77407932 0
    outer loop
        vertex 217.87868 1.8786796 8.2
        vertex 218.34169 1.5 5.7999997
        vertex 218.34169 1.5 8
    endloop
endfacet
facet normal -0.63438892 -0.77299744 -0.00505868
    outer loop
        vertex 218.33328 1.5055912 8.2
        vertex 217.87868 1.8786796 8.2
        vertex 218.34169 1.5 8
    endloop
endfacet
facet normal -0.9924103 -0.12281885 -0.00611338
    outer loop
        vertex 217.09052 3.2686126 5.7999997
        vertex 217.05765 3.414729 8.2
        vertex 217 4 5.7999997
    endloop
endfacet
facet normal -0.88191104 -0.47137743 0.00601261
    outer loop
        vertex 217.50558 2.3332891 8.2
        vertex 217.22836 2.8519497 8.2
        vertex 217.35663 2.581362 5.7999997
    endloop
endfacet
facet normal 0.99379754 0.09793916 -0.05267216
    outer loop
        vertex 222.9856 50.14632 8.2
        vertex 222.96808 50.216507 8
        vertex 222.97118 50.292637 8.2
    endloop
endfacet
facet normal 0.98968887 0.09748265 -0.10494316
    outer loop
        vertex 222.97118 50.292637 8.2
        vertex 222.93614 50.433014 8
        vertex 222.94235 50.58527 8.2
    endloop
endfacet
facet normal -0.42091572 0.89579588 -0.14275698
    outer loop
        vertex 218.73782 52.68614 8
        vertex 218.85196 52.77164 8.2
        vertex 219.13397 52.87228 8
    endloop
endfacet
facet normal 0.14445867 0.97949898 -0.14040461
    outer loop
        vertex 220.43301 52.936142 8
        vertex 220.58527 52.942356 8.2
        vertex 220.86603 52.87228 8
    endloop
endfacet
facet normal 0.89579272 0.42092234 -0.14275783
    outer loop
        vertex 222.68614 51.262165 8
        vertex 222.77164 51.14805 8.2
        vertex 222.87228 50.866024 8
    endloop
endfacet
facet normal 0.98681992 0.14556445 -0.07069266
    outer loop
        vertex 222.93614 50.433014 8
        vertex 222.97118 50.292637 8.2
        vertex 222.96808 50.216507 8
    endloop
endfacet
facet normal -0.99241036 0.12281873 -0.0061133
    outer loop
        vertex 217.09052 50.731388 5.7999997
        vertex 217 50 5.7999997
        vertex 217.05765 50.58527 8.2
    endloop
endfacet
facet normal -0.95693117 0.29027906 0.00456799
    outer loop
        vertex 217.22836 51.14805 8.2
        vertex 217.09052 50.731388 5.7999997
        vertex 217.05765 50.58527 8.2
    endloop
endfacet
facet normal -0.8819114 0.47137675 0.00601331
    outer loop
        vertex 217.50558 51.66671 8.2
        vertex 217.35663 51.41864 5.7999997
        vertex 217.22836 51.14805 8.2
    endloop
endfacet
facet normal -0.77299911 0.63439208 0.00435728
    outer loop
        vertex 217.87868 52.12132 8.2
        vertex 217.78223 52.02028 5.7999997
        vertex 217.50558 51.66671 8.2
    endloop
endfacet
facet normal -0.63309014 0.77407807 0
    outer loop
        vertex 218.34169 52.5 8
        vertex 218.34169 52.5 5.7999997
        vertex 217.87868 52.12132 8.2
    endloop
endfacet
facet normal -0.14445844 0.97949749 -0.14041542
    outer loop
        vertex 219.56699 52.936142 8
        vertex 219.13397 52.87228 8
        vertex 219.41472 52.942356 8.2
    endloop
endfacet
facet normal -0.09747356 0.98968786 -0.10496066
    outer loop
        vertex 219.56699 52.936142 8
        vertex 219.41472 52.942356 8.2
        vertex 220 53 8.2
    endloop
endfacet
facet normal -0.28953746 0.954454 0.07201163
    outer loop
        vertex 219.13397 52.87228 8
        vertex 218.85196 52.77164 8.2
        vertex 219.41472 52.942356 8.2
    endloop
endfacet
facet normal -0.14589542 0.98929995 0
    outer loop
        vertex 220 53 8
        vertex 219.56699 52.936142 8
        vertex 220 53 8.2
    endloop
endfacet
facet normal 0.42091572 0.89579588 -0.14275701
    outer loop
        vertex 220.86603 52.87228 8
        vertex 221.14804 52.77164 8.2
        vertex 221.26218 52.68614 8
    endloop
endfacet
facet normal 0.46866915 0.87682158 -0.10739328
    outer loop
        vertex 221.6667 52.49441 8.2
        vertex 221.26218 52.68614 8
        vertex 221.14804 52.77164 8.2
    endloop
endfacet
facet normal 0.63439333 0.77299416 -0.0050207
    outer loop
        vertex 221.65831 52.5 8
        vertex 221.6667 52.49441 8.2
        vertex 222.1213 52.12132 8.2
    endloop
endfacet
facet normal -0.42526603 0.90503806 0.00741185
    outer loop
        vertex 218.33328 52.49441 8.2
        vertex 218.73782 52.68614 8
        vertex 218.34169 52.5 8
    endloop
endfacet
facet normal 0.14589542 0.98929995 0
    outer loop
        vertex 220 53 8.2
        vertex 220.43301 52.936142 8
        vertex 220 53 8
    endloop
endfacet
facet normal 0.42526597 0.90503782 0.00744432
    outer loop
        vertex 221.26218 52.68614 8
        vertex 221.6667 52.49441 8.2
        vertex 221.65831 52.5 8
    endloop
endfacet
facet normal -0.46865794 0.87682641 -0.10740179
    outer loop
        vertex 218.85196 52.77164 8.2
        vertex 218.73782 52.68614 8
        vertex 218.33328 52.49441 8.2
    endloop
endfacet
facet normal 0.77298385 0.63440555 -0.00506044
    outer loop
        vertex 222.5 51.65831 8
        vertex 222.1213 52.12132 8.2
        vertex 222.49442 51.66671 8.2
    endloop
endfacet
facet normal 0.90503949 0.42526317 0.00741098
    outer loop
        vertex 222.5 51.65831 8
        vertex 222.49442 51.66671 8.2
        vertex 222.68614 51.262165 8
    endloop
endfacet
facet normal 0.97950292 0.1444519 -0.14038366
    outer loop
        vertex 222.87228 50.866024 8
        vertex 222.94235 50.58527 8.2
        vertex 222.93614 50.433014 8
    endloop
endfacet
facet normal 0.99518937 0.09796999 0
    outer loop
        vertex 222.9856 50.14632 8.2
        vertex 223 50 8.2
        vertex 223 50 8
    endloop
endfacet
facet normal 0.95445436 0.28952777 0.07204531
    outer loop
        vertex 222.94235 50.58527 8.2
        vertex 222.87228 50.866024 8
        vertex 222.77164 51.14805 8.2
    endloop
endfacet
facet normal 0.98868358 0.14576969 -0.03543893
    outer loop
        vertex 223 50 8
        vertex 222.96808 50.216507 8
        vertex 222.9856 50.14632 8.2
    endloop
endfacet
facet normal 0.87682503 0.46865809 -0.10741234
    outer loop
        vertex 222.49442 51.66671 8.2
        vertex 222.77164 51.14805 8.2
        vertex 222.68614 51.262165 8
    endloop
endfacet
facet normal 0.77406615 0.6331048 0
    outer loop
        vertex 222.1213 52.12132 5.7999997
        vertex 222.5 51.65831 8
        vertex 222.5 51.65831 5.7999997
    endloop
endfacet
facet normal 0.77406603 0.63310474 -0
    outer loop
        vertex 222.1213 52.12132 5.7999997
        vertex 222.1213 52.12132 8.2
        vertex 222.5 51.65831 8
    endloop
endfacet
facet normal 0.63310266 0.77406782 -0
    outer loop
        vertex 222.1213 52.12132 5.7999997
        vertex 221.65831 52.5 8
        vertex 222.1213 52.12132 8.2
    endloop
endfacet
facet normal 0.63310272 0.77406788 0
    outer loop
        vertex 222.1213 52.12132 5.7999997
        vertex 221.65831 52.5 5.7999997
        vertex 221.65831 52.5 8
    endloop
endfacet
facet normal 0.28953004 0.95445544 0.07202282
    outer loop
        vertex 221.14804 52.77164 8.2
        vertex 220.86603 52.87228 8
        vertex 220.58527 52.942356 8.2
    endloop
endfacet
facet normal 0.09747613 0.98968822 -0.10495518
    outer loop
        vertex 220.58527 52.942356 8.2
        vertex 220.43301 52.936142 8
        vertex 220 53 8.2
    endloop
endfacet
facet normal -0.6343931 0.77299386 -0.005069
    outer loop
        vertex 217.87868 52.12132 8.2
        vertex 218.33328 52.49441 8.2
        vertex 218.34169 52.5 8
    endloop
endfacet
facet normal -0.65092194 0.75912255 -0.00579988
    outer loop
        vertex 217.78223 52.02028 5.7999997
        vertex 217.87868 52.12132 8.2
        vertex 218.34169 52.5 5.7999997
    endloop
endfacet
facet normal -0.81635118 0.57748532 -0.00902333
    outer loop
        vertex 217.35663 51.41864 5.7999997
        vertex 217.50558 51.66671 8.2
        vertex 217.78223 52.02028 5.7999997
    endloop
endfacet
facet normal -0.99518412 0.09802329 0
    outer loop
        vertex 217.05765 50.58527 8.2
        vertex 217 50 5.7999997
        vertex 217 50 8.2
    endloop
endfacet
facet normal -0.93249261 0.3610737 -0.00912622
    outer loop
        vertex 217.35663 51.41864 5.7999997
        vertex 217.09052 50.731388 5.7999997
        vertex 217.22836 51.14805 8.2
    endloop
endfacet
facet normal 0 0 -1
    outer loop
        vertex 222.5 48.34169 5.7999997
        vertex 218.34169 52.5 5.7999997
        vertex 222.5 51.65831 5.7999997
    endloop
endfacet
facet normal -0 0 -0.99999994
    outer loop
        vertex 221.01779 47.177925 5.7999997
        vertex 220.07993 47.001064 5.7999997
        vertex 222.5 48.34169 5.7999997
    endloop
endfacet
facet normal 0 0 -0.99999994
    outer loop
        vertex 221.01779 47.177925 5.7999997
        vertex 222.5 48.34169 5.7999997
        vertex 221.85265 47.640404 5.7999997
    endloop
endfacet
facet normal 0 0 -1
    outer loop
        vertex 220.07993 47.001064 5.7999997
        vertex 219.13397 47.12772 5.7999997
        vertex 222.5 48.34169 5.7999997
    endloop
endfacet
facet normal -0 0 -1
    outer loop
        vertex 222.5 48.34169 5.7999997
        vertex 217.59189 48.210876 5.7999997
        vertex 218.34169 52.5 5.7999997
    endloop
endfacet
facet normal 0 0 -1
    outer loop
        vertex 222.5 48.34169 5.7999997
        vertex 218.27567 47.545067 5.7999997
        vertex 217.59189 48.210876 5.7999997
    endloop
endfacet
facet normal 0 0 -1
    outer loop
        vertex 219.13397 47.12772 5.7999997
        vertex 218.27567 47.545067 5.7999997
        vertex 222.5 48.34169 5.7999997
    endloop
endfacet
facet normal 0 0 -1
    outer loop
        vertex 218.34169 52.5 5.7999997
        vertex 217.59189 48.210876 5.7999997
        vertex 217.15181 49.057755 5.7999997
    endloop
endfacet
facet normal 0 0 -1
    outer loop
        vertex 217 50 5.7999997
        vertex 218.34169 52.5 5.7999997
        vertex 217.15181 49.057755 5.7999997
    endloop
endfacet
facet normal 0 0 -1
    outer loop
        vertex 218.34169 52.5 5.7999997
        vertex 217.35663 51.41864 5.7999997
        vertex 217.78223 52.02028 5.7999997
    endloop
endfacet
facet normal 0 -0 -1
    outer loop
        vertex 217.09052 50.731388 5.7999997
        vertex 218.34169 52.5 5.7999997
        vertex 217 50 5.7999997
    endloop
endfacet
facet normal 0 0 -1
    outer loop
        vertex 222.5 51.65831 5.7999997
        vertex 221.65831 52.5 5.7999997
        vertex 222.1213 52.12132 5.7999997
    endloop
endfacet
facet normal 0 0 -1
    outer loop
        vertex 218.34169 52.5 5.7999997
        vertex 221.65831 52.5 5.7999997
        vertex 222.5 51.65831 5.7999997
    endloop
endfacet
facet normal 0 0 -0.99999994
    outer loop
        vertex 218.34169 52.5 5.7999997
        vertex 217.09052 50.731388 5.7999997
        vertex 217.35663 51.41864 5.7999997
    endloop
endfacet
facet normal 0 0 1
    outer loop
        vertex 219.71298 50.69291 8.2
        vertex 218.85196 52.77164 8.2
        vertex 218.33328 52.49441 8.2
    endloop
endfacet
facet normal 0 -0 1
    outer loop
        vertex 219.71298 50.69291 8.2
        vertex 220 50.75 8.2
        vertex 219.41472 52.942356 8.2
    endloop
endfacet
facet normal 0 0 0.99999994
    outer loop
        vertex 219.46967 50.53033 8.2
        vertex 218.33328 52.49441 8.2
        vertex 217.87868 52.12132 8.2
    endloop
endfacet
facet normal 0 -0 0.99999994
    outer loop
        vertex 219.3071 50.28701 8.2
        vertex 219.46967 50.53033 8.2
        vertex 217.50558 51.66671 8.2
    endloop
endfacet
facet normal 0 0 1
    outer loop
        vertex 217.22836 51.14805 8.2
        vertex 217.05765 50.58527 8.2
        vertex 219.3071 50.28701 8.2
    endloop
endfacet
facet normal 0 0 0.99999994
    outer loop
        vertex 217.05765 50.58527 8.2
        vertex 217 50 8.2
        vertex 219.25 50 8.2
    endloop
endfacet
facet normal 0 0 1
    outer loop
        vertex 217.50558 48.33329 8.2
        vertex 219.46967 49.46967 8.2
        vertex 219.3071 49.712986 8.2
    endloop
endfacet
facet normal -0 0 1
    outer loop
        vertex 217.22836 48.851948 8.2
        vertex 217.50558 48.33329 8.2
        vertex 219.3071 49.712986 8.2
    endloop
endfacet
facet normal 0 0 0.99999994
    outer loop
        vertex 218.33328 47.505592 8.2
        vertex 219.71298 49.30709 8.2
        vertex 219.46967 49.46967 8.2
    endloop
endfacet
facet normal -0 0 1
    outer loop
        vertex 217.87868 47.878677 8.2
        vertex 218.33328 47.505592 8.2
        vertex 219.46967 49.46967 8.2
    endloop
endfacet
facet normal 0 0 1
    outer loop
        vertex 219.41472 47.057644 8.2
        vertex 220 49.25 8.2
        vertex 219.71298 49.30709 8.2
    endloop
endfacet
facet normal -0 0 1
    outer loop
        vertex 218.85196 47.228363 8.2
        vertex 219.41472 47.057644 8.2
        vertex 219.71298 49.30709 8.2
    endloop
endfacet
facet normal 0 0 1
    outer loop
        vertex 220.58527 47.057644 8.2
        vertex 220.287 49.30709 8.2
        vertex 220 49.25 8.2
    endloop
endfacet
facet normal 0 0 0.99999994
    outer loop
        vertex 220 47 8.2
        vertex 220.58527 47.057644 8.2
        vertex 220 49.25 8.2
    endloop
endfacet
facet normal 0 0 1
    outer loop
        vertex 221.6667 47.505592 8.2
        vertex 220.53033 49.46967 8.2
        vertex 220.287 49.30709 8.2
    endloop
endfacet
facet normal 0 -0 1
    outer loop
        vertex 221.14804 47.228363 8.2
        vertex 221.6667 47.505592 8.2
        vertex 220.287 49.30709 8.2
    endloop
endfacet
facet normal 0 0 1
    outer loop
        vertex 222.49442 48.33329 8.2
        vertex 220.6929 49.712986 8.2
        vertex 220.53033 49.46967 8.2
    endloop
endfacet
facet normal 0 -0 1
    outer loop
        vertex 222.1213 47.878677 8.2
        vertex 222.49442 48.33329 8.2
        vertex 220.53033 49.46967 8.2
    endloop
endfacet
facet normal 0 0 0.99999994
    outer loop
        vertex 222.94235 49.414726 8.2
        vertex 220.75 50 8.2
        vertex 220.6929 49.712986 8.2
    endloop
endfacet
facet normal 0 -0 1
    outer loop
        vertex 222.77164 48.851948 8.2
        vertex 222.94235 49.414726 8.2
        vertex 220.6929 49.712986 8.2
    endloop
endfacet
facet normal 0 0 1
    outer loop
        vertex 222.9856 50.14632 8.2
        vertex 222.97118 50.292637 8.2
        vertex 220.75 50 8.2
    endloop
endfacet
facet normal 0 0 1
    outer loop
        vertex 223 50 8.2
        vertex 222.9856 50.14632 8.2
        vertex 220.75 50 8.2
    endloop
endfacet
facet normal 0 0 1
    outer loop
        vertex 222.77164 51.14805 8.2
        vertex 222.49442 51.66671 8.2
        vertex 220.6929 50.28701 8.2
    endloop
endfacet
facet normal 0 0 1
    outer loop
        vertex 222.94235 50.58527 8.2
        vertex 222.77164 51.14805 8.2
        vertex 220.6929 50.28701 8.2
    endloop
endfacet
facet normal 0 0 0.99999994
    outer loop
        vertex 217.05765 50.58527 8.2
        vertex 219.25 50 8.2
        vertex 219.3071 50.28701 8.2
    endloop
endfacet
facet normal 0 -0 0.99999994
    outer loop
        vertex 220.6929 50.28701 8.2
        vertex 222.49442 51.66671 8.2
        vertex 220.53033 50.53033 8.2
    endloop
endfacet
facet normal -0 0 1
    outer loop
        vertex 220.6929 50.28701 8.2
        vertex 220.75 50 8.2
        vertex 222.94235 50.58527 8.2
    endloop
endfacet
facet normal 0 0 1
    outer loop
        vertex 219.3071 49.712986 8.2
        vertex 219.25 50 8.2
        vertex 217.05765 49.414726 8.2
    endloop
endfacet
facet normal 0 0 1
    outer loop
        vertex 222.97118 50.292637 8.2
        vertex 222.94235 50.58527 8.2
        vertex 220.75 50 8.2
    endloop
endfacet
facet normal 0 0 1
    outer loop
        vertex 222.97118 49.707363 8.2
        vertex 220.75 50 8.2
        vertex 222.94235 49.414726 8.2
    endloop
endfacet
facet normal 0 0 1
    outer loop
        vertex 220.6929 49.712986 8.2
        vertex 222.49442 48.33329 8.2
        vertex 222.77164 48.851948 8.2
    endloop
endfacet
facet normal 0 -0 1
    outer loop
        vertex 221.6667 47.505592 8.2
        vertex 222.1213 47.878677 8.2
        vertex 220.53033 49.46967 8.2
    endloop
endfacet
facet normal 0 -0 1
    outer loop
        vertex 220.58527 47.057644 8.2
        vertex 221.14804 47.228363 8.2
        vertex 220.287 49.30709 8.2
    endloop
endfacet
facet normal 0 -0 1
    outer loop
        vertex 220 47 8.2
        vertex 220 49.25 8.2
        vertex 219.41472 47.057644 8.2
    endloop
endfacet
facet normal 0 0 1
    outer loop
        vertex 219.71298 49.30709 8.2
        vertex 218.33328 47.505592 8.2
        vertex 218.85196 47.228363 8.2
    endloop
endfacet
facet normal -0 0 1
    outer loop
        vertex 217.50558 48.33329 8.2
        vertex 217.87868 47.878677 8.2
        vertex 219.46967 49.46967 8.2
    endloop
endfacet
facet normal -0 0 1
    outer loop
        vertex 217.05765 49.414726 8.2
        vertex 217.22836 48.851948 8.2
        vertex 219.3071 49.712986 8.2
    endloop
endfacet
facet normal 0 0 1
    outer loop
        vertex 217.50558 51.66671 8.2
        vertex 217.22836 51.14805 8.2
        vertex 219.3071 50.28701 8.2
    endloop
endfacet
facet normal -0 0 1
    outer loop
        vertex 217 50 8.2
        vertex 217.05765 49.414726 8.2
        vertex 219.25 50 8.2
    endloop
endfacet
facet normal 0 0 1
    outer loop
        vertex 217.87868 52.12132 8.2
        vertex 217.50558 51.66671 8.2
        vertex 219.46967 50.53033 8.2
    endloop
endfacet
facet normal 0 0 1
    outer loop
        vertex 218.33328 52.49441 8.2
        vertex 219.46967 50.53033 8.2
        vertex 219.71298 50.69291 8.2
    endloop
endfacet
facet normal 0 0 1
    outer loop
        vertex 219.71298 50.69291 8.2
        vertex 219.41472 52.942356 8.2
        vertex 218.85196 52.77164 8.2
    endloop
endfacet
facet normal 0 -0 1
    outer loop
        vertex 220 50.75 8.2
        vertex 220 53 8.2
        vertex 219.41472 52.942356 8.2
    endloop
endfacet
facet normal 0 0 0.99999994
    outer loop
        vertex 220 50.75 8.2
        vertex 220.58527 52.942356 8.2
        vertex 220 53 8.2
    endloop
endfacet
facet normal 0 0 1
    outer loop
        vertex 220.287 50.69291 8.2
        vertex 221.14804 52.77164 8.2
        vertex 220.58527 52.942356 8.2
    endloop
endfacet
facet normal -0 0 1
    outer loop
        vertex 220 50.75 8.2
        vertex 220.287 50.69291 8.2
        vertex 220.58527 52.942356 8.2
    endloop
endfacet
facet normal 0 0 1
    outer loop
        vertex 222.1213 52.12132 8.2
        vertex 220.53033 50.53033 8.2
        vertex 222.49442 51.66671 8.2
    endloop
endfacet
facet normal 0 -0 1
    outer loop
        vertex 220.53033 50.53033 8.2
        vertex 221.6667 52.49441 8.2
        vertex 220.287 50.69291 8.2
    endloop
endfacet
facet normal 0 0 1
    outer loop
        vertex 220.53033 50.53033 8.2
        vertex 222.1213 52.12132 8.2
        vertex 221.6667 52.49441 8.2
    endloop
endfacet
facet normal 0 0 1
    outer loop
        vertex 220.287 50.69291 8.2
        vertex 221.6667 52.49441 8.2
        vertex 221.14804 52.77164 8.2
    endloop
endfacet
facet normal 0 0 1
    outer loop
        vertex 222.9856 49.853683 8.2
        vertex 220.75 50 8.2
        vertex 222.97118 49.707363 8.2
    endloop
endfacet
facet normal 0 0 0.99999994
    outer loop
        vertex 223 50 8.2
        vertex 220.75 50 8.2
        vertex 222.9856 49.853683 8.2
    endloop
endfacet
facet normal 0.99379784 -0.09793665 -0.05267121
    outer loop
        vertex 222.9856 49.853683 8.2
        vertex 222.97118 49.707363 8.2
        vertex 222.96808 49.783493 8
    endloop
endfacet
facet normal 0.98681992 -0.14556445 -0.07069265
    outer loop
        vertex 222.96808 49.783493 8
        vertex 222.97118 49.707363 8.2
        vertex 222.93614 49.566986 8
    endloop
endfacet
facet normal 0.98968887 -0.09748138 -0.10494406
    outer loop
        vertex 222.97118 49.707363 8.2
        vertex 222.94235 49.414726 8.2
        vertex 222.93614 49.566986 8
    endloop
endfacet
facet normal 0.99518913 -0.09797252 0
    outer loop
        vertex 223 50 8.2
        vertex 222.9856 49.853683 8.2
        vertex 223 50 8
    endloop
endfacet
facet normal 0.97950262 -0.14445186 -0.14038637
    outer loop
        vertex 222.93614 49.566986 8
        vertex 222.94235 49.414726 8.2
        vertex 222.87228 49.133976 8
    endloop
endfacet
facet normal -0.99518418 -0.09802265 0
    outer loop
        vertex 217.05765 49.414726 8.2
        vertex 217 50 8.2
        vertex 217 50 5.7999997
    endloop
endfacet
facet normal -0.95692593 -0.29027748 0.00563117
    outer loop
        vertex 217.22836 48.851948 8.2
        vertex 217.05765 49.414726 8.2
        vertex 217.15181 49.057755 5.7999997
    endloop
endfacet
facet normal -0.88728851 -0.46107796 -0.01123668
    outer loop
        vertex 217.59189 48.210876 5.7999997
        vertex 217.22836 48.851948 8.2
        vertex 217.15181 49.057755 5.7999997
    endloop
endfacet
facet normal -0.88190001 -0.47137412 -0.00767026
    outer loop
        vertex 217.59189 48.210876 5.7999997
        vertex 217.50558 48.33329 8.2
        vertex 217.22836 48.851948 8.2
    endloop
endfacet
facet normal -0.69754398 -0.7163676 -0.01580365
    outer loop
        vertex 218.27567 47.545067 5.7999997
        vertex 217.87868 47.878677 8.2
        vertex 217.59189 48.210876 5.7999997
    endloop
endfacet
facet normal -0.63439155 -0.77300781 0.00251574
    outer loop
        vertex 218.27567 47.545067 5.7999997
        vertex 218.33328 47.505592 8.2
        vertex 217.87868 47.878677 8.2
    endloop
endfacet
facet normal -0.4713822 -0.88192332 -0.00318906
    outer loop
        vertex 218.27567 47.545067 5.7999997
        vertex 218.85196 47.228363 8.2
        vertex 218.33328 47.505592 8.2
    endloop
endfacet
facet normal -0.43724883 -0.89923668 -0.01366992
    outer loop
        vertex 218.27567 47.545067 5.7999997
        vertex 219.13397 47.12772 5.7999997
        vertex 218.85196 47.228363 8.2
    endloop
endfacet
facet normal -0.13269579 -0.99106604 -0.01341502
    outer loop
        vertex 219.13397 47.12772 5.7999997
        vertex 220.07993 47.001064 5.7999997
        vertex 219.41472 47.057644 8.2
    endloop
endfacet
facet normal -0.0980143 -0.9951781 -0.00370542
    outer loop
        vertex 219.41472 47.057644 8.2
        vertex 220.07993 47.001064 5.7999997
        vertex 220 47 8.2
    endloop
endfacet
facet normal 0.0980171 -0.99518073 0.00282287
    outer loop
        vertex 220 47 8.2
        vertex 220.07993 47.001064 5.7999997
        vertex 220.58527 47.057644 8.2
    endloop
endfacet
facet normal 0.29028711 -0.95692974 0.00435664
    outer loop
        vertex 220.58527 47.057644 8.2
        vertex 221.01779 47.177925 5.7999997
        vertex 221.14804 47.228363 8.2
    endloop
endfacet
facet normal 0.47138366 -0.88190013 -0.00704835
    outer loop
        vertex 221.14804 47.228363 8.2
        vertex 221.01779 47.177925 5.7999997
        vertex 221.6667 47.505592 8.2
    endloop
endfacet
facet normal 0.90503788 -0.42526653 0.00741073
    outer loop
        vertex 222.68614 48.73783 8
        vertex 222.49442 48.33329 8.2
        vertex 222.5 48.34169 8
    endloop
endfacet
facet normal 0.95445478 -0.28952789 0.07203985
    outer loop
        vertex 222.94235 49.414726 8.2
        vertex 222.77164 48.851948 8.2
        vertex 222.87228 49.133976 8
    endloop
endfacet
facet normal 0.98868364 -0.14576969 -0.03543615
    outer loop
        vertex 222.9856 49.853683 8.2
        vertex 222.96808 49.783493 8
        vertex 223 50 8
    endloop
endfacet
facet normal 0.89579397 -0.42091885 -0.14276034
    outer loop
        vertex 222.87228 49.133976 8
        vertex 222.77164 48.851948 8.2
        vertex 222.68614 48.73783 8
    endloop
endfacet
facet normal 0.73471504 -0.67821205 -0.01491233
    outer loop
        vertex 221.85265 47.640404 5.7999997
        vertex 222.5 48.34169 5.7999997
        vertex 222.1213 47.878677 8.2
    endloop
endfacet
facet normal 0.48454577 -0.8746891 -0.01159162
    outer loop
        vertex 221.6667 47.505592 8.2
        vertex 221.01779 47.177925 5.7999997
        vertex 221.85265 47.640404 5.7999997
    endloop
endfacet
facet normal 0.77406865 -0.6331017 0
    outer loop
        vertex 222.1213 47.878677 8.2
        vertex 222.5 48.34169 5.7999997
        vertex 222.5 48.34169 8
    endloop
endfacet
facet normal 0.77298641 -0.63440228 -0.00506023
    outer loop
        vertex 222.49442 48.33329 8.2
        vertex 222.1213 47.878677 8.2
        vertex 222.5 48.34169 8
    endloop
endfacet
facet normal 0.87682384 -0.46866089 -0.10741027
    outer loop
        vertex 222.49442 48.33329 8.2
        vertex 222.68614 48.73783 8
        vertex 222.77164 48.851948 8.2
    endloop
endfacet
facet normal 0.63438314 -0.77299756 0.00572942
    outer loop
        vertex 221.85265 47.640404 5.7999997
        vertex 222.1213 47.878677 8.2
        vertex 221.6667 47.505592 8.2
    endloop
endfacet
facet normal 0.18528837 -0.98255634 -0.01585046
    outer loop
        vertex 221.01779 47.177925 5.7999997
        vertex 220.58527 47.057644 8.2
        vertex 220.07993 47.001064 5.7999997
    endloop
endfacet
facet normal -0.29029182 -0.95691931 0.00601722
    outer loop
        vertex 219.41472 47.057644 8.2
        vertex 218.85196 47.228363 8.2
        vertex 219.13397 47.12772 5.7999997
    endloop
endfacet
facet normal -0.98715609 -0.15904546 -0.0150741
    outer loop
        vertex 217.15181 49.057755 5.7999997
        vertex 217.05765 49.414726 8.2
        vertex 217 50 5.7999997
    endloop
endfacet
facet normal -0.77300107 -0.63438833 0.00456038
    outer loop
        vertex 217.87868 47.878677 8.2
        vertex 217.50558 48.33329 8.2
        vertex 217.59189 48.210876 5.7999997
    endloop
endfacet
facet normal 0 0 1
    outer loop
        vertex 4.53033 3.46967 9.8
        vertex 4.6929097 3.7129874 9.8
        vertex 4.75 4 9.8
    endloop
endfacet
facet normal 0 -0 1
    outer loop
        vertex 4.2870126 3.3070903 9.8
        vertex 4.75 4 9.8
        vertex 4 3.25 9.8
    endloop
endfacet
facet normal 0 0 1
    outer loop
        vertex 4.2870126 3.3070903 9.8
        vertex 4.53033 3.46967 9.8
        vertex 4.75 4 9.8
    endloop
endfacet
facet normal 0 0 1
    outer loop
        vertex 4.75 4 9.8
        vertex 3.7129874 3.3070903 9.8
        vertex 4 3.25 9.8
    endloop
endfacet
facet normal 0 -0 0.99999994
    outer loop
        vertex 3.3070903 3.7129874 9.8
        vertex 4.75 4 9.8
        vertex 3.25 4 9.8
    endloop
endfacet
facet normal 0 0 1
    outer loop
        vertex 4.75 4 9.8
        vertex 3.46967 3.46967 9.8
        vertex 3.7129874 3.3070903 9.8
    endloop
endfacet
facet normal 0 0 0.99999994
    outer loop
        vertex 4.75 4 9.8
        vertex 3.3070903 4.2870126 9.8
        vertex 3.25 4 9.8
    endloop
endfacet
facet normal 0 0 0.99999994
    outer loop
        vertex 3.7129874 4.6929097 9.8
        vertex 3.46967 4.53033 9.8
        vertex 4.75 4 9.8
    endloop
endfacet
facet normal 0 0 1
    outer loop
        vertex 4.75 4 9.8
        vertex 3.46967 4.53033 9.8
        vertex 3.3070903 4.2870126 9.8
    endloop
endfacet
facet normal -0 0 1
    outer loop
        vertex 3.7129874 4.6929097 9.8
        vertex 4.75 4 9.8
        vertex 4 4.75 9.8
    endloop
endfacet
facet normal 0 0 1
    outer loop
        vertex 4.75 4 9.8
        vertex 4.53033 4.53033 9.8
        vertex 4.2870126 4.6929097 9.8
    endloop
endfacet
facet normal 0 0 1
    outer loop
        vertex 4 4.75 9.8
        vertex 4.75 4 9.8
        vertex 4.2870126 4.6929097 9.8
    endloop
endfacet
facet normal 0 0 1
    outer loop
        vertex 4.75 4 9.8
        vertex 4.6929097 4.2870126 9.8
        vertex 4.53033 4.53033 9.8
    endloop
endfacet
facet normal -0 0 1
    outer loop
        vertex 3.3070903 3.7129874 9.8
        vertex 3.46967 3.46967 9.8
        vertex 4.75 4 9.8
    endloop
endfacet
facet normal -0.83146918 -0.55557096 -0
    outer loop
        vertex 3.3070903 3.7129874 9.8
        vertex 3.3070903 3.7129874 8.2
        vertex 3.46967 3.46967 9.8
    endloop
endfacet
facet normal -0.55557096 -0.83146918 -0
    outer loop
        vertex 3.46967 3.46967 9.8
        vertex 3.46967 3.46967 8.2
        vertex 3.7129874 3.3070903 9.8
    endloop
endfacet
facet normal -0.55557096 -0.83146918 -0
    outer loop
        vertex 3.7129874 3.3070903 9.8
        vertex 3.46967 3.46967 8.2
        vertex 3.7129874 3.3070903 8.2
    endloop
endfacet
facet normal -0.1950901 -0.98078531 -0
    outer loop
        vertex 4 3.25 9.8
        vertex 3.7129874 3.3070903 8.2
        vertex 4 3.25 8.2
    endloop
endfacet
facet normal 0.1950901 -0.98078531 0
    outer loop
        vertex 4.2870126 3.3070903 9.8
        vertex 4 3.25 9.8
        vertex 4 3.25 8.2
    endloop
endfacet
facet normal 0.5555706 -0.83146942 0
    outer loop
        vertex 4.53033 3.46967 9.8
        vertex 4.2870126 3.3070903 9.8
        vertex 4.2870126 3.3070903 8.2
    endloop
endfacet
facet normal 0.5555706 -0.83146942 0
    outer loop
        vertex 4.53033 3.46967 8.2
        vertex 4.53033 3.46967 9.8
        vertex 4.2870126 3.3070903 8.2
    endloop
endfacet
facet normal -0.98078531 -0.1950901 -0
    outer loop
        vertex 3.3070903 3.7129874 9.8
        vertex 3.25 4 9.8
        vertex 3.3070903 3.7129874 8.2
    endloop
endfacet
facet normal 0.98078531 -0.1950901 0
    outer loop
        vertex 4.75 4 8.2
        vertex 4.75 4 9.8
        vertex 4.6929097 3.7129874 8.2
    endloop
endfacet
facet normal 0.98078531 -0.1950901 0
    outer loop
        vertex 4.6929097 3.7129874 8.2
        vertex 4.75 4 9.8
        vertex 4.6929097 3.7129874 9.8
    endloop
endfacet
facet normal 0.83146954 -0.55557036 0
    outer loop
        vertex 4.53033 3.46967 8.2
        vertex 4.6929097 3.7129874 8.2
        vertex 4.6929097 3.7129874 9.8
    endloop
endfacet
facet normal 0.83146954 -0.55557036 0
    outer loop
        vertex 4.53033 3.46967 9.8
        vertex 4.53033 3.46967 8.2
        vertex 4.6929097 3.7129874 9.8
    endloop
endfacet
facet normal 0.1950901 -0.98078531 0
    outer loop
        vertex 4.2870126 3.3070903 9.8
        vertex 4 3.25 8.2
        vertex 4.2870126 3.3070903 8.2
    endloop
endfacet
facet normal -0.1950901 -0.98078531 -0
    outer loop
        vertex 3.7129874 3.3070903 9.8
        vertex 3.7129874 3.3070903 8.2
        vertex 4 3.25 9.8
    endloop
endfacet
facet normal -0.98078531 -0.1950901 0
    outer loop
        vertex 3.3070903 3.7129874 8.2
        vertex 3.25 4 9.8
        vertex 3.25 4 8.2
    endloop
endfacet
facet normal -0.83146918 -0.55557096 -0
    outer loop
        vertex 3.46967 3.46967 9.8
        vertex 3.3070903 3.7129874 8.2
        vertex 3.46967 3.46967 8.2
    endloop
endfacet
facet normal -0.83146942 0.5555706 0
    outer loop
        vertex 3.3070903 4.2870126 8.2
        vertex 3.3070903 4.2870126 9.8
        vertex 3.46967 4.53033 8.2
    endloop
endfacet
facet normal -0.55557036 0.83146954 0
    outer loop
        vertex 3.46967 4.53033 8.2
        vertex 3.46967 4.53033 9.8
        vertex 3.7129874 4.6929097 8.2
    endloop
endfacet
facet normal -0.55557036 0.83146954 0
    outer loop
        vertex 3.7129874 4.6929097 8.2
        vertex 3.46967 4.53033 9.8
        vertex 3.7129874 4.6929097 9.8
    endloop
endfacet
facet normal -0.1950901 0.98078531 0
    outer loop
        vertex 4 4.75 8.2
        vertex 3.7129874 4.6929097 9.8
        vertex 4 4.75 9.8
    endloop
endfacet
facet normal 0.1950901 0.98078531 0
    outer loop
        vertex 4.2870126 4.6929097 8.2
        vertex 4 4.75 8.2
        vertex 4 4.75 9.8
    endloop
endfacet
facet normal 0.55557001 0.83146983 0
    outer loop
        vertex 4.53033 4.53033 8.2
        vertex 4.2870126 4.6929097 8.2
        vertex 4.2870126 4.6929097 9.8
    endloop
endfacet
facet normal 0.55557001 0.83146983 0
    outer loop
        vertex 4.53033 4.53033 9.8
        vertex 4.53033 4.53033 8.2
        vertex 4.2870126 4.6929097 9.8
    endloop
endfacet
facet normal -0.98078531 0.1950901 0
    outer loop
        vertex 3.3070903 4.2870126 8.2
        vertex 3.25 4 8.2
        vertex 3.3070903 4.2870126 9.8
    endloop
endfacet
facet normal 0.98078531 0.1950901 0
    outer loop
        vertex 4.75 4 9.8
        vertex 4.75 4 8.2
        vertex 4.6929097 4.2870126 9.8
    endloop
endfacet
facet normal 0.98078531 0.1950901 0
    outer loop
        vertex 4.6929097 4.2870126 9.8
        vertex 4.75 4 8.2
        vertex 4.6929097 4.2870126 8.2
    endloop
endfacet
facet normal 0.83146983 0.55557001 0
    outer loop
        vertex 4.53033 4.53033 9.8
        vertex 4.6929097 4.2870126 9.8
        vertex 4.6929097 4.2870126 8.2
    endloop
endfacet
facet normal 0.83146983 0.55557001 -0
    outer loop
        vertex 4.53033 4.53033 8.2
        vertex 4.53033 4.53033 9.8
        vertex 4.6929097 4.2870126 8.2
    endloop
endfacet
facet normal 0.1950901 0.98078531 -0
    outer loop
        vertex 4.2870126 4.6929097 8.2
        vertex 4 4.75 9.8
        vertex 4.2870126 4.6929097 9.8
    endloop
endfacet
facet normal -0.1950901 0.98078531 0
    outer loop
        vertex 3.7129874 4.6929097 8.2
        vertex 3.7129874 4.6929097 9.8
        vertex 4 4.75 8.2
    endloop
endfacet
facet normal -0.98078531 0.1950901 0
    outer loop
        vertex 3.3070903 4.2870126 9.8
        vertex 3.25 4 8.2
        vertex 3.25 4 9.8
    endloop
endfacet
facet normal -0.83146942 0.5555706 0
    outer loop
        vertex 3.46967 4.53033 8.2
        vertex 3.3070903 4.2870126 9.8
        vertex 3.46967 4.53033 9.8
    endloop
endfacet
facet normal 0 0 1
    outer loop
        vertex 4.53033 49.46967 9.8
        vertex 4.6929097 49.712986 9.8
        vertex 4.75 50 9.8
    endloop
endfacet
facet normal 0 -0 1
    outer loop
        vertex 4.2870126 49.30709 9.8
        vertex 4.75 50 9.8
        vertex 4 49.25 9.8
    endloop
endfacet
facet normal 0 0 1
    outer loop
        vertex 4.2870126 49.30709 9.8
        vertex 4.53033 49.46967 9.8
        vertex 4.75 50 9.8
    endloop
endfacet
facet normal 0 0 1
    outer loop
        vertex 4.75 50 9.8
        vertex 3.7129874 49.30709 9.8
        vertex 4 49.25 9.8
    endloop
endfacet
facet normal 0 -0 1
    outer loop
        vertex 3.3070903 49.712986 9.8
        vertex 4.75 50 9.8
        vertex 3.25 50 9.8
    endloop
endfacet
facet normal 0 0 1
    outer loop
        vertex 4.75 50 9.8
        vertex 3.46967 49.46967 9.8
        vertex 3.7129874 49.30709 9.8
    endloop
endfacet
facet normal 0 0 0.99999994
    outer loop
        vertex 4.75 50 9.8
        vertex 3.3070903 50.28701 9.8
        vertex 3.25 50 9.8
    endloop
endfacet
facet normal 0 0 1
    outer loop
        vertex 3.7129874 50.69291 9.8
        vertex 3.46967 50.53033 9.8
        vertex 4.75 50 9.8
    endloop
endfacet
facet normal 0 0 1
    outer loop
        vertex 4.75 50 9.8
        vertex 3.46967 50.53033 9.8
        vertex 3.3070903 50.28701 9.8
    endloop
endfacet
facet normal -0 0 1
    outer loop
        vertex 3.7129874 50.69291 9.8
        vertex 4.75 50 9.8
        vertex 4 50.75 9.8
    endloop
endfacet
facet normal 0 0 1
    outer loop
        vertex 4.75 50 9.8
        vertex 4.53033 50.53033 9.8
        vertex 4.2870126 50.69291 9.8
    endloop
endfacet
facet normal 0 0 1
    outer loop
        vertex 4 50.75 9.8
        vertex 4.75 50 9.8
        vertex 4.2870126 50.69291 9.8
    endloop
endfacet
facet normal 0 0 1
    outer loop
        vertex 4.75 50 9.8
        vertex 4.6929097 50.28701 9.8
        vertex 4.53033 50.53033 9.8
    endloop
endfacet
facet normal -0 0 1
    outer loop
        vertex 3.3070903 49.712986 9.8
        vertex 3.46967 49.46967 9.8
        vertex 4.75 50 9.8
    endloop
endfacet
facet normal -0.83146834 -0.55557209 -0
    outer loop
        vertex 3.3070903 49.712986 9.8
        vertex 3.3070903 49.712986 8.2
        vertex 3.46967 49.46967 9.8
    endloop
endfacet
facet normal -0.5555681 -0.83147103 -0
    outer loop
        vertex 3.46967 49.46967 9.8
        vertex 3.46967 49.46967 8.2
        vertex 3.7129874 49.30709 9.8
    endloop
endfacet
facet normal -0.5555681 -0.83147103 -0
    outer loop
        vertex 3.7129874 49.30709 9.8
        vertex 3.46967 49.46967 8.2
        vertex 3.7129874 49.30709 8.2
    endloop
endfacet
facet normal -0.19509166 -0.98078501 -0
    outer loop
        vertex 4 49.25 9.8
        vertex 3.7129874 49.30709 8.2
        vertex 4 49.25 8.2
    endloop
endfacet
facet normal 0.19509166 -0.98078501 0
    outer loop
        vertex 4.2870126 49.30709 9.8
        vertex 4 49.25 9.8
        vertex 4 49.25 8.2
    endloop
endfacet
facet normal 0.55556774 -0.83147126 0
    outer loop
        vertex 4.53033 49.46967 9.8
        vertex 4.2870126 49.30709 9.8
        vertex 4.2870126 49.30709 8.2
    endloop
endfacet
facet normal 0.55556774 -0.83147126 0
    outer loop
        vertex 4.53033 49.46967 8.2
        vertex 4.53033 49.46967 9.8
        vertex 4.2870126 49.30709 8.2
    endloop
endfacet
facet normal -0.98078555 -0.19508916 -0
    outer loop
        vertex 3.3070903 49.712986 9.8
        vertex 3.25 50 9.8
        vertex 3.3070903 49.712986 8.2
    endloop
endfacet
facet normal 0.98078555 -0.19508916 0
    outer loop
        vertex 4.75 50 8.2
        vertex 4.75 50 9.8
        vertex 4.6929097 49.712986 8.2
    endloop
endfacet
facet normal 0.98078555 -0.19508916 0
    outer loop
        vertex 4.6929097 49.712986 8.2
        vertex 4.75 50 9.8
        vertex 4.6929097 49.712986 9.8
    endloop
endfacet
facet normal 0.8314687 -0.5555715 0
    outer loop
        vertex 4.53033 49.46967 8.2
        vertex 4.6929097 49.712986 8.2
        vertex 4.6929097 49.712986 9.8
    endloop
endfacet
facet normal 0.8314687 -0.5555715 0
    outer loop
        vertex 4.53033 49.46967 9.8
        vertex 4.53033 49.46967 8.2
        vertex 4.6929097 49.712986 9.8
    endloop
endfacet
facet normal 0.19509166 -0.98078501 0
    outer loop
        vertex 4.2870126 49.30709 9.8
        vertex 4 49.25 8.2
        vertex 4.2870126 49.30709 8.2
    endloop
endfacet
facet normal -0.19509166 -0.98078501 -0
    outer loop
        vertex 3.7129874 49.30709 9.8
        vertex 3.7129874 49.30709 8.2
        vertex 4 49.25 9.8
    endloop
endfacet
facet normal -0.98078555 -0.19508916 0
    outer loop
        vertex 3.3070903 49.712986 8.2
        vertex 3.25 50 9.8
        vertex 3.25 50 8.2
    endloop
endfacet
facet normal -0.83146834 -0.55557209 -0
    outer loop
        vertex 3.46967 49.46967 9.8
        vertex 3.3070903 49.712986 8.2
        vertex 3.46967 49.46967 8.2
    endloop
endfacet
facet normal -0.8314724 0.55556607 0
    outer loop
        vertex 3.3070903 50.28701 8.2
        vertex 3.3070903 50.28701 9.8
        vertex 3.46967 50.53033 8.2
    endloop
endfacet
facet normal -0.5555681 0.83147103 0
    outer loop
        vertex 3.46967 50.53033 8.2
        vertex 3.46967 50.53033 9.8
        vertex 3.7129874 50.69291 8.2
    endloop
endfacet
facet normal -0.5555681 0.83147103 0
    outer loop
        vertex 3.7129874 50.69291 8.2
        vertex 3.46967 50.53033 9.8
        vertex 3.7129874 50.69291 9.8
    endloop
endfacet
facet normal -0.19509166 0.98078501 0
    outer loop
        vertex 4 50.75 8.2
        vertex 3.7129874 50.69291 9.8
        vertex 4 50.75 9.8
    endloop
endfacet
facet normal 0.19509166 0.98078501 0
    outer loop
        vertex 4.2870126 50.69291 8.2
        vertex 4 50.75 8.2
        vertex 4 50.75 9.8
    endloop
endfacet
facet normal 0.55556774 0.83147126 0
    outer loop
        vertex 4.53033 50.53033 8.2
        vertex 4.2870126 50.69291 8.2
        vertex 4.2870126 50.69291 9.8
    endloop
endfacet
facet normal 0.55556774 0.83147126 0
    outer loop
        vertex 4.53033 50.53033 9.8
        vertex 4.53033 50.53033 8.2
        vertex 4.2870126 50.69291 9.8
    endloop
endfacet
facet normal -0.98078507 0.19509166 0
    outer loop
        vertex 3.3070903 50.28701 8.2
        vertex 3.25 50 8.2
        vertex 3.3070903 50.28701 9.8
    endloop
endfacet
facet normal 0.98078507 0.19509166 0
    outer loop
        vertex 4.75 50 9.8
        vertex 4.75 50 8.2
        vertex 4.6929097 50.28701 9.8
    endloop
endfacet
facet normal 0.98078507 0.19509166 0
    outer loop
        vertex 4.6929097 50.28701 9.8
        vertex 4.75 50 8.2
        vertex 4.6929097 50.28701 8.2
    endloop
endfacet
facet normal 0.83147275 0.55556548 0
    outer loop
        vertex 4.53033 50.53033 9.8
        vertex 4.6929097 50.28701 9.8
        vertex 4.6929097 50.28701 8.2
    endloop
endfacet
facet normal 0.83147275 0.55556548 -0
    outer loop
        vertex 4.53033 50.53033 8.2
        vertex 4.53033 50.53033 9.8
        vertex 4.6929097 50.28701 8.2
    endloop
endfacet
facet normal 0.19509166 0.98078501 -0
    outer loop
        vertex 4.2870126 50.69291 8.2
        vertex 4 50.75 9.8
        vertex 4.2870126 50.69291 9.8
    endloop
endfacet
facet normal -0.19509166 0.98078501 0
    outer loop
        vertex 3.7129874 50.69291 8.2
        vertex 3.7129874 50.69291 9.8
        vertex 4 50.75 8.2
    endloop
endfacet
facet normal -0.98078507 0.19509166 0
    outer loop
        vertex 3.3070903 50.28701 9.8
        vertex 3.25 50 8.2
        vertex 3.25 50 9.8
    endloop
endfacet
facet normal -0.8314724 0.55556607 0
    outer loop
        vertex 3.46967 50.53033 8.2
        vertex 3.3070903 50.28701 9.8
        vertex 3.46967 50.53033 9.8
    endloop
endfacet
facet normal 0 0 1
    outer loop
        vertex 220.53033 3.46967 9.8
        vertex 220.6929 3.7129874 9.8
        vertex 220.75 4 9.8
    endloop
endfacet
facet normal 0 -0 1
    outer loop
        vertex 220.287 3.3070903 9.8
        vertex 220.75 4 9.8
        vertex 220 3.25 9.8
    endloop
endfacet
facet normal 0 0 0.99999994
    outer loop
        vertex 220.287 3.3070903 9.8
        vertex 220.53033 3.46967 9.8
        vertex 220.75 4 9.8
    endloop
endfacet
facet normal 0 0 1
    outer loop
        vertex 220.75 4 9.8
        vertex 219.71298 3.3070903 9.8
        vertex 220 3.25 9.8
    endloop
endfacet
facet normal 0 -0 0.99999994
    outer loop
        vertex 219.3071 3.7129874 9.8
        vertex 220.75 4 9.8
        vertex 219.25 4 9.8
    endloop
endfacet
facet normal 0 0 1
    outer loop
        vertex 220.75 4 9.8
        vertex 219.46967 3.46967 9.8
        vertex 219.71298 3.3070903 9.8
    endloop
endfacet
facet normal 0 0 0.99999994
    outer loop
        vertex 220.75 4 9.8
        vertex 219.3071 4.2870126 9.8
        vertex 219.25 4 9.8
    endloop
endfacet
facet normal 0 0 1
    outer loop
        vertex 219.71298 4.6929097 9.8
        vertex 219.46967 4.53033 9.8
        vertex 220.75 4 9.8
    endloop
endfacet
facet normal 0 0 0.99999994
    outer loop
        vertex 220.75 4 9.8
        vertex 219.46967 4.53033 9.8
        vertex 219.3071 4.2870126 9.8
    endloop
endfacet
facet normal -0 0 1
    outer loop
        vertex 219.71298 4.6929097 9.8
        vertex 220.75 4 9.8
        vertex 220 4.75 9.8
    endloop
endfacet
facet normal 0 0 1
    outer loop
        vertex 220.75 4 9.8
        vertex 220.53033 4.53033 9.8
        vertex 220.287 4.6929097 9.8
    endloop
endfacet
facet normal 0 0 1
    outer loop
        vertex 220 4.75 9.8
        vertex 220.75 4 9.8
        vertex 220.287 4.6929097 9.8
    endloop
endfacet
facet normal 0 0 1
    outer loop
        vertex 220.75 4 9.8
        vertex 220.6929 4.2870126 9.8
        vertex 220.53033 4.53033 9.8
    endloop
endfacet
facet normal -0 0 1
    outer loop
        vertex 219.3071 3.7129874 9.8
        vertex 219.46967 3.46967 9.8
        vertex 220.75 4 9.8
    endloop
endfacet
facet normal -0.83148903 -0.5555411 -0
    outer loop
        vertex 219.3071 3.7129874 9.8
        vertex 219.3071 3.7129874 8.2
        vertex 219.46967 3.46967 9.8
    endloop
endfacet
facet normal -0.55557209 -0.83146834 -0
    outer loop
        vertex 219.46967 3.46967 9.8
        vertex 219.46967 3.46967 8.2
        vertex 219.71298 3.3070903 9.8
    endloop
endfacet
facet normal -0.55557209 -0.83146834 -0
    outer loop
        vertex 219.71298 3.3070903 9.8
        vertex 219.46967 3.46967 8.2
        vertex 219.71298 3.3070903 8.2
    endloop
endfacet
facet normal -0.19508669 -0.98078609 -0
    outer loop
        vertex 220 3.25 9.8
        vertex 219.71298 3.3070903 8.2
        vertex 220 3.25 8.2
    endloop
endfacet
facet normal 0.19509666 -0.98078406 0
    outer loop
        vertex 220.287 3.3070903 9.8
        vertex 220 3.25 9.8
        vertex 220 3.25 8.2
    endloop
endfacet
facet normal 0.55554795 -0.83148444 0
    outer loop
        vertex 220.53033 3.46967 9.8
        vertex 220.287 3.3070903 9.8
        vertex 220.287 3.3070903 8.2
    endloop
endfacet
facet normal 0.55554795 -0.83148444 0
    outer loop
        vertex 220.53033 3.46967 8.2
        vertex 220.53033 3.46967 9.8
        vertex 220.287 3.3070903 8.2
    endloop
endfacet
facet normal -0.98078007 -0.19511676 -0
    outer loop
        vertex 219.3071 3.7129874 9.8
        vertex 219.25 4 9.8
        vertex 219.3071 3.7129874 8.2
    endloop
endfacet
facet normal 0.98078007 -0.19511676 0
    outer loop
        vertex 220.75 4 8.2
        vertex 220.75 4 9.8
        vertex 220.6929 3.7129874 8.2
    endloop
endfacet
facet normal 0.98078007 -0.19511676 0
    outer loop
        vertex 220.6929 3.7129874 8.2
        vertex 220.75 4 9.8
        vertex 220.6929 3.7129874 9.8
    endloop
endfacet
facet normal 0.83148903 -0.5555411 0
    outer loop
        vertex 220.53033 3.46967 8.2
        vertex 220.6929 3.7129874 8.2
        vertex 220.6929 3.7129874 9.8
    endloop
endfacet
facet normal 0.83148903 -0.5555411 0
    outer loop
        vertex 220.53033 3.46967 9.8
        vertex 220.53033 3.46967 8.2
        vertex 220.6929 3.7129874 9.8
    endloop
endfacet
facet normal 0.19509666 -0.98078406 0
    outer loop
        vertex 220.287 3.3070903 9.8
        vertex 220 3.25 8.2
        vertex 220.287 3.3070903 8.2
    endloop
endfacet
facet normal -0.19508669 -0.98078609 -0
    outer loop
        vertex 219.71298 3.3070903 9.8
        vertex 219.71298 3.3070903 8.2
        vertex 220 3.25 9.8
    endloop
endfacet
facet normal -0.98078007 -0.19511676 0
    outer loop
        vertex 219.3071 3.7129874 8.2
        vertex 219.25 4 9.8
        vertex 219.25 4 8.2
    endloop
endfacet
facet normal -0.83148903 -0.5555411 -0
    outer loop
        vertex 219.46967 3.46967 9.8
        vertex 219.3071 3.7129874 8.2
        vertex 219.46967 3.46967 8.2
    endloop
endfacet
facet normal -0.83148932 0.55554068 0
    outer loop
        vertex 219.3071 4.2870126 8.2
        vertex 219.3071 4.2870126 9.8
        vertex 219.46967 4.53033 8.2
    endloop
endfacet
facet normal -0.5555715 0.8314687 0
    outer loop
        vertex 219.46967 4.53033 8.2
        vertex 219.46967 4.53033 9.8
        vertex 219.71298 4.6929097 8.2
    endloop
endfacet
facet normal -0.5555715 0.8314687 0
    outer loop
        vertex 219.71298 4.6929097 8.2
        vertex 219.46967 4.53033 9.8
        vertex 219.71298 4.6929097 9.8
    endloop
endfacet
facet normal -0.19508669 0.98078609 0
    outer loop
        vertex 220 4.75 8.2
        vertex 219.71298 4.6929097 9.8
        vertex 220 4.75 9.8
    endloop
endfacet
facet normal 0.19509666 0.98078406 0
    outer loop
        vertex 220.287 4.6929097 8.2
        vertex 220 4.75 8.2
        vertex 220 4.75 9.8
    endloop
endfacet
facet normal 0.55554736 0.83148479 0
    outer loop
        vertex 220.53033 4.53033 8.2
        vertex 220.287 4.6929097 8.2
        vertex 220.287 4.6929097 9.8
    endloop
endfacet
facet normal 0.55554736 0.83148479 0
    outer loop
        vertex 220.53033 4.53033 9.8
        vertex 220.53033 4.53033 8.2
        vertex 220.287 4.6929097 9.8
    endloop
endfacet
facet normal -0.98078007 0.19511676 0
    outer loop
        vertex 219.3071 4.2870126 8.2
        vertex 219.25 4 8.2
        vertex 219.3071 4.2870126 9.8
    endloop
endfacet
facet normal 0.98078007 0.19511676 0
    outer loop
        vertex 220.75 4 9.8
        vertex 220.75 4 8.2
        vertex 220.6929 4.2870126 9.8
    endloop
endfacet
facet normal 0.98078007 0.19511676 0
    outer loop
        vertex 220.6929 4.2870126 9.8
        vertex 220.75 4 8.2
        vertex 220.6929 4.2870126 8.2
    endloop
endfacet
facet normal 0.83148932 0.55554068 0
    outer loop
        vertex 220.53033 4.53033 9.8
        vertex 220.6929 4.2870126 9.8
        vertex 220.6929 4.2870126 8.2
    endloop
endfacet
facet normal 0.83148932 0.55554068 -0
    outer loop
        vertex 220.53033 4.53033 8.2
        vertex 220.53033 4.53033 9.8
        vertex 220.6929 4.2870126 8.2
    endloop
endfacet
facet normal 0.19509666 0.98078406 -0
    outer loop
        vertex 220.287 4.6929097 8.2
        vertex 220 4.75 9.8
        vertex 220.287 4.6929097 9.8
    endloop
endfacet
facet normal -0.19508669 0.98078609 0
    outer loop
        vertex 219.71298 4.6929097 8.2
        vertex 219.71298 4.6929097 9.8
        vertex 220 4.75 8.2
    endloop
endfacet
facet normal -0.98078007 0.19511676 0
    outer loop
        vertex 219.3071 4.2870126 9.8
        vertex 219.25 4 8.2
        vertex 219.25 4 9.8
    endloop
endfacet
facet normal -0.83148932 0.55554068 0
    outer loop
        vertex 219.46967 4.53033 8.2
        vertex 219.3071 4.2870126 9.8
        vertex 219.46967 4.53033 9.8
    endloop
endfacet
facet normal 0 0 1
    outer loop
        vertex 220.53033 49.46967 9.8
        vertex 220.6929 49.712986 9.8
        vertex 220.75 50 9.8
    endloop
endfacet
facet normal 0 -0 1
    outer loop
        vertex 220.287 49.30709 9.8
        vertex 220.75 50 9.8
        vertex 220 49.25 9.8
    endloop
endfacet
facet normal 0 0 0.99999994
    outer loop
        vertex 220.287 49.30709 9.8
        vertex 220.53033 49.46967 9.8
        vertex 220.75 50 9.8
    endloop
endfacet
facet normal 0 0 1
    outer loop
        vertex 220.75 50 9.8
        vertex 219.71298 49.30709 9.8
        vertex 220 49.25 9.8
    endloop
endfacet
facet normal 0 -0 1
    outer loop
        vertex 219.3071 49.712986 9.8
        vertex 220.75 50 9.8
        vertex 219.25 50 9.8
    endloop
endfacet
facet normal 0 0 1
    outer loop
        vertex 220.75 50 9.8
        vertex 219.46967 49.46967 9.8
        vertex 219.71298 49.30709 9.8
    endloop
endfacet
facet normal 0 0 0.99999994
    outer loop
        vertex 220.75 50 9.8
        vertex 219.3071 50.28701 9.8
        vertex 219.25 50 9.8
    endloop
endfacet
facet normal 0 0 1
    outer loop
        vertex 219.71298 50.69291 9.8
        vertex 219.46967 50.53033 9.8
        vertex 220.75 50 9.8
    endloop
endfacet
facet normal 0 0 1
    outer loop
        vertex 220.75 50 9.8
        vertex 219.46967 50.53033 9.8
        vertex 219.3071 50.28701 9.8
    endloop
endfacet
facet normal -0 0 1
    outer loop
        vertex 219.71298 50.69291 9.8
        vertex 220.75 50 9.8
        vertex 220 50.75 9.8
    endloop
endfacet
facet normal 0 0 1
    outer loop
        vertex 220.75 50 9.8
        vertex 220.53033 50.53033 9.8
        vertex 220.287 50.69291 9.8
    endloop
endfacet
facet normal 0 0 1
    outer loop
        vertex 220 50.75 9.8
        vertex 220.75 50 9.8
        vertex 220.287 50.69291 9.8
    endloop
endfacet
facet normal 0 0 1
    outer loop
        vertex 220.75 50 9.8
        vertex 220.6929 50.28701 9.8
        vertex 220.53033 50.53033 9.8
    endloop
endfacet
facet normal -0 0 0.99999994
    outer loop
        vertex 219.3071 49.712986 9.8
        vertex 219.46967 49.46967 9.8
        vertex 220.75 50 9.8
    endloop
endfacet
facet normal -0.83148831 -0.55554223 -0
    outer loop
        vertex 219.3071 49.712986 9.8
        vertex 219.3071 49.712986 8.2
        vertex 219.46967 49.46967 9.8
    endloop
endfacet
facet normal -0.55556923 -0.83147019 -0
    outer loop
        vertex 219.46967 49.46967 9.8
        vertex 219.46967 49.46967 8.2
        vertex 219.71298 49.30709 9.8
    endloop
endfacet
facet normal -0.55556923 -0.83147019 -0
    outer loop
        vertex 219.71298 49.30709 9.8
        vertex 219.46967 49.46967 8.2
        vertex 219.71298 49.30709 8.2
    endloop
endfacet
facet normal -0.19508824 -0.98078579 -0
    outer loop
        vertex 220 49.25 9.8
        vertex 219.71298 49.30709 8.2
        vertex 220 49.25 8.2
    endloop
endfacet
facet normal 0.19509822 -0.9807837 0
    outer loop
        vertex 220.287 49.30709 9.8
        vertex 220 49.25 9.8
        vertex 220 49.25 8.2
    endloop
endfacet
facet normal 0.55554515 -0.8314864 0
    outer loop
        vertex 220.53033 49.46967 9.8
        vertex 220.287 49.30709 9.8
        vertex 220.287 49.30709 8.2
    endloop
endfacet
facet normal 0.55554515 -0.8314864 0
    outer loop
        vertex 220.53033 49.46967 8.2
        vertex 220.53033 49.46967 9.8
        vertex 220.287 49.30709 8.2
    endloop
endfacet
facet normal -0.98078012 -0.1951158 -0
    outer loop
        vertex 219.3071 49.712986 9.8
        vertex 219.25 50 9.8
        vertex 219.3071 49.712986 8.2
    endloop
endfacet
facet normal 0.98078012 -0.1951158 0
    outer loop
        vertex 220.75 50 8.2
        vertex 220.75 50 9.8
        vertex 220.6929 49.712986 8.2
    endloop
endfacet
facet normal 0.98078012 -0.1951158 0
    outer loop
        vertex 220.6929 49.712986 8.2
        vertex 220.75 50 9.8
        vertex 220.6929 49.712986 9.8
    endloop
endfacet
facet normal 0.83148831 -0.55554223 0
    outer loop
        vertex 220.53033 49.46967 8.2
        vertex 220.6929 49.712986 8.2
        vertex 220.6929 49.712986 9.8
    endloop
endfacet
facet normal 0.83148831 -0.55554223 0
    outer loop
        vertex 220.53033 49.46967 9.8
        vertex 220.53033 49.46967 8.2
        vertex 220.6929 49.712986 9.8
    endloop
endfacet
facet normal 0.19509822 -0.9807837 0
    outer loop
        vertex 220.287 49.30709 9.8
        vertex 220 49.25 8.2
        vertex 220.287 49.30709 8.2
    endloop
endfacet
facet normal -0.19508824 -0.98078579 -0
    outer loop
        vertex 219.71298 49.30709 9.8
        vertex 219.71298 49.30709 8.2
        vertex 220 49.25 9.8
    endloop
endfacet
facet normal -0.98078012 -0.1951158 0
    outer loop
        vertex 219.3071 49.712986 8.2
        vertex 219.25 50 9.8
        vertex 219.25 50 8.2
    endloop
endfacet
facet normal -0.83148831 -0.55554223 -0
    outer loop
        vertex 219.46967 49.46967 9.8
        vertex 219.3071 49.712986 8.2
        vertex 219.46967 49.46967 8.2
    endloop
endfacet
facet normal -0.83149236 0.55553621 0
    outer loop
        vertex 219.3071 50.28701 8.2
        vertex 219.3071 50.28701 9.8
        vertex 219.46967 50.53033 8.2
    endloop
endfacet
facet normal -0.55556923 0.83147019 0
    outer loop
        vertex 219.46967 50.53033 8.2
        vertex 219.46967 50.53033 9.8
        vertex 219.71298 50.69291 8.2
    endloop
endfacet
facet normal -0.55556923 0.83147019 0
    outer loop
        vertex 219.71298 50.69291 8.2
        vertex 219.46967 50.53033 9.8
        vertex 219.71298 50.69291 9.8
    endloop
endfacet
facet normal -0.19508824 0.98078579 0
    outer loop
        vertex 220 50.75 8.2
        vertex 219.71298 50.69291 9.8
        vertex 220 50.75 9.8
    endloop
endfacet
facet normal 0.19509822 0.9807837 0
    outer loop
        vertex 220.287 50.69291 8.2
        vertex 220 50.75 8.2
        vertex 220 50.75 9.8
    endloop
endfacet
facet normal 0.55554515 0.8314864 0
    outer loop
        vertex 220.53033 50.53033 8.2
        vertex 220.287 50.69291 8.2
        vertex 220.287 50.69291 9.8
    endloop
endfacet
facet normal 0.55554515 0.8314864 0
    outer loop
        vertex 220.53033 50.53033 9.8
        vertex 220.53033 50.53033 8.2
        vertex 220.287 50.69291 9.8
    endloop
endfacet
facet normal -0.98077971 0.19511831 0
    outer loop
        vertex 219.3071 50.28701 8.2
        vertex 219.25 50 8.2
        vertex 219.3071 50.28701 9.8
    endloop
endfacet
facet normal 0.98077971 0.19511831 0
    outer loop
        vertex 220.75 50 9.8
        vertex 220.75 50 8.2
        vertex 220.6929 50.28701 9.8
    endloop
endfacet
facet normal 0.98077971 0.19511831 0
    outer loop
        vertex 220.6929 50.28701 9.8
        vertex 220.75 50 8.2
        vertex 220.6929 50.28701 8.2
    endloop
endfacet
facet normal 0.83149236 0.55553621 0
    outer loop
        vertex 220.53033 50.53033 9.8
        vertex 220.6929 50.28701 9.8
        vertex 220.6929 50.28701 8.2
    endloop
endfacet
facet normal 0.83149236 0.55553621 -0
    outer loop
        vertex 220.53033 50.53033 8.2
        vertex 220.53033 50.53033 9.8
        vertex 220.6929 50.28701 8.2
    endloop
endfacet
facet normal 0.19509822 0.9807837 -0
    outer loop
        vertex 220.287 50.69291 8.2
        vertex 220 50.75 9.8
        vertex 220.287 50.69291 9.8
    endloop
endfacet
facet normal -0.19508824 0.98078579 0
    outer loop
        vertex 219.71298 50.69291 8.2
        vertex 219.71298 50.69291 9.8
        vertex 220 50.75 8.2
    endloop
endfacet
facet normal -0.98077971 0.19511831 0
    outer loop
        vertex 219.3071 50.28701 9.8
        vertex 219.25 50 8.2
        vertex 219.25 50 9.8
    endloop
endfacet
facet normal -0.83149236 0.55553621 0
    outer loop
        vertex 219.46967 50.53033 8.2
        vertex 219.3071 50.28701 9.8
        vertex 219.46967 50.53033 9.8
    endloop
endfacet
facet normal 0 0 1
    outer loop
        vertex 2 42.75 2.5
        vertex 1.5 41.338524 2.5
        vertex 2 40.5 2.5
    endloop
endfacet
facet normal 0 0 1
    outer loop
        vertex 2 40.5 2.5
        vertex 1.5 41.338524 2.5
        vertex 1.5 36.559017 2.5
    endloop
endfacet
facet normal 0 -0 1
    outer loop
        vertex 2 11.25 2.5
        vertex 2 13.5 2.5
        vertex 1.5 12.661477 2.5
    endloop
endfacet
facet normal 0 0 1
    outer loop
        vertex 2 11.25 2.5
        vertex 1.5 12.661477 2.5
        vertex 1.5 7.88197 2.5
    endloop
endfacet
facet normal 0 -0 1
    outer loop
        vertex 2 13.5 2.5
        vertex 2 18 2.5
        vertex 1.5 17.440987 2.5
    endloop
endfacet
facet normal 0 0 1
    outer loop
        vertex 2 13.5 2.5
        vertex 1.5 17.440987 2.5
        vertex 1.5 12.661477 2.5
    endloop
endfacet
facet normal 0 0 1
    outer loop
        vertex 1.5 27 2.5
        vertex 2 36 2.5
        vertex 1.5 36.559017 2.5
    endloop
endfacet
facet normal 0 0 1
    outer loop
        vertex 1.5 41.338524 2.5
        vertex 2 42.75 2.5
        vertex 1.5 46.118027 2.5
    endloop
endfacet
facet normal 0 -0 1
    outer loop
        vertex 64 45 2.5
        vertex 65 45 2.5
        vertex 63.961937 45.19134 2.5
    endloop
endfacet
facet normal -0 0 1
    outer loop
        vertex 64 45 2.5
        vertex 64 9 2.5
        vertex 65 45 2.5
    endloop
endfacet
facet normal -0 0 1
    outer loop
        vertex 63.961937 45.19134 2.5
        vertex 65 45 2.5
        vertex 64.88582 45.574024 2.5
    endloop
endfacet
facet normal -0 0 1
    outer loop
        vertex 63.69134 45.46194 2.5
        vertex 63.853554 45.353554 2.5
        vertex 64.56066 46.060658 2.5
    endloop
endfacet
facet normal 0 0 1
    outer loop
        vertex 64.56066 46.060658 2.5
        vertex 63.853554 45.353554 2.5
        vertex 64.88582 45.574024 2.5
    endloop
endfacet
facet normal 0 0 1
    outer loop
        vertex 64.88582 45.574024 2.5
        vertex 63.853554 45.353554 2.5
        vertex 63.961937 45.19134 2.5
    endloop
endfacet
facet normal 0 -0 1
    outer loop
        vertex 63.500004 45.5 2.5
        vertex 63.500004 46.5 2.5
        vertex 2.5 45.5 2.5
    endloop
endfacet
facet normal 0 -0 1
    outer loop
        vertex 2.5 45.5 2.5
        vertex 2.5 46.5 2.5
        vertex 1.9647655 46.40126 2.5
    endloop
endfacet
facet normal 0 0 0.99999994
    outer loop
        vertex 2.5 45.5 2.5
        vertex 63.500004 46.5 2.5
        vertex 33 46.5 2.5
    endloop
endfacet
facet normal 0 -0 1
    outer loop
        vertex 2.3086584 45.46194 2.5
        vertex 2.5 45.5 2.5
        vertex 1.9647655 46.40126 2.5
    endloop
endfacet
facet normal 0 -0 1
    outer loop
        vertex 2 42.75 2.5
        vertex 2 45 2.5
        vertex 1.5 46.118027 2.5
    endloop
endfacet
facet normal 0 -0 1
    outer loop
        vertex 2.0380602 45.19134 2.5
        vertex 2.1464467 45.353554 2.5
        vertex 1.5 46.118027 2.5
    endloop
endfacet
facet normal 0 0 0.99999994
    outer loop
        vertex 1.5 46.118027 2.5
        vertex 2.1464467 45.353554 2.5
        vertex 2.3086584 45.46194 2.5
    endloop
endfacet
facet normal 0 0 1
    outer loop
        vertex 2 9 2.5
        vertex 1.5 7.88197 2.5
        vertex 2.0380602 8.808659 2.5
    endloop
endfacet
facet normal 0 0 1
    outer loop
        vertex 2.0380602 8.808659 2.5
        vertex 1.5 7.88197 2.5
        vertex 2.1464467 8.646446 2.5
    endloop
endfacet
facet normal 0 0 0.99999994
    outer loop
        vertex 2.1464467 8.646446 2.5
        vertex 1.5 7.88197 2.5
        vertex 2.3086584 8.53806 2.5
    endloop
endfacet
facet normal -0 0 1
    outer loop
        vertex 2.5 8.5 2.5
        vertex 2.5 7.5 2.5
        vertex 63.500004 8.5 2.5
    endloop
endfacet
facet normal -0 0 1
    outer loop
        vertex 63.500004 8.5 2.5
        vertex 63.500004 7.5 2.5
        vertex 63.69134 8.53806 2.5
    endloop
endfacet
facet normal 0 0 1
    outer loop
        vertex 63.500004 8.5 2.5
        vertex 2.5 7.5 2.5
        vertex 63.500004 7.5 2.5
    endloop
endfacet
facet normal 0 -0 1
    outer loop
        vertex 1.9647655 7.598742 2.5
        vertex 2.3086584 8.53806 2.5
        vertex 1.5 7.88197 2.5
    endloop
endfacet
facet normal 0 0 1
    outer loop
        vertex 64.07403 7.614181 2.5
        vertex 63.69134 8.53806 2.5
        vertex 63.500004 7.5 2.5
    endloop
endfacet
facet normal 0 0 0.99999994
    outer loop
        vertex 63.961937 8.808659 2.5
        vertex 63.853554 8.646446 2.5
        vertex 64.56066 7.9393396 2.5
    endloop
endfacet
facet normal 0 0 1
    outer loop
        vertex 64.56066 7.9393396 2.5
        vertex 63.853554 8.646446 2.5
        vertex 64.07403 7.614181 2.5
    endloop
endfacet
facet normal 0 0 1
    outer loop
        vertex 64 9 2.5
        vertex 65 9 2.5
        vertex 65 45 2.5
    endloop
endfacet
facet normal 0 0 1
    outer loop
        vertex 1.5 7.88197 2.5
        vertex 2 9 2.5
        vertex 2 11.25 2.5
    endloop
endfacet
facet normal 0 0 1
    outer loop
        vertex 2.5 8.5 2.5
        vertex 1.9647655 7.598742 2.5
        vertex 2.5 7.5 2.5
    endloop
endfacet
facet normal 0 0 1
    outer loop
        vertex 63.853554 8.646446 2.5
        vertex 63.69134 8.53806 2.5
        vertex 64.07403 7.614181 2.5
    endloop
endfacet
facet normal 0 0 1
    outer loop
        vertex 2.5 8.5 2.5
        vertex 2.3086584 8.53806 2.5
        vertex 1.9647655 7.598742 2.5
    endloop
endfacet
facet normal 0 0 1
    outer loop
        vertex 2 27 2.5
        vertex 1.5 27 2.5
        vertex 2 18 2.5
    endloop
endfacet
facet normal 0 0 1
    outer loop
        vertex 2 36 2.5
        vertex 1.5 27 2.5
        vertex 2 27 2.5
    endloop
endfacet
facet normal 0 0 1
    outer loop
        vertex 2.0380602 45.19134 2.5
        vertex 1.5 46.118027 2.5
        vertex 2 45 2.5
    endloop
endfacet
facet normal -0 0 1
    outer loop
        vertex 1.5 36.559017 2.5
        vertex 2 36 2.5
        vertex 2 40.5 2.5
    endloop
endfacet
facet normal 0 0 1
    outer loop
        vertex 1.5 27 2.5
        vertex 1.5 17.440987 2.5
        vertex 2 18 2.5
    endloop
endfacet
facet normal 0 0 0.99999994
    outer loop
        vertex 63.69134 45.46194 2.5
        vertex 64.56066 46.060658 2.5
        vertex 64.07403 46.385822 2.5
    endloop
endfacet
facet normal -0 0 0.99999994
    outer loop
        vertex 63.500004 45.5 2.5
        vertex 63.69134 45.46194 2.5
        vertex 64.07403 46.385822 2.5
    endloop
endfacet
facet normal 0 0 1
    outer loop
        vertex 63.500004 45.5 2.5
        vertex 64.07403 46.385822 2.5
        vertex 63.500004 46.5 2.5
    endloop
endfacet
facet normal -0 0 1
    outer loop
        vertex 64 9 2.5
        vertex 64.88582 8.425975 2.5
        vertex 65 9 2.5
    endloop
endfacet
facet normal 0 0 1
    outer loop
        vertex 63.961937 8.808659 2.5
        vertex 64.56066 7.9393396 2.5
        vertex 64.88582 8.425975 2.5
    endloop
endfacet
facet normal 0 0 1
    outer loop
        vertex 64 9 2.5
        vertex 63.961937 8.808659 2.5
        vertex 64.88582 8.425975 2.5
    endloop
endfacet
facet normal -0 0 1
    outer loop
        vertex 1.5 46.118027 2.5
        vertex 2.3086584 45.46194 2.5
        vertex 1.9647655 46.40126 2.5
    endloop
endfacet
facet normal 0 0 0.99999994
    outer loop
        vertex 2.5 45.5 2.5
        vertex 33 46.5 2.5
        vertex 2.5 46.5 2.5
    endloop
endfacet
facet normal -0.83147824 0.55555725 0
    outer loop
        vertex 63.961937 8.808659 1.5
        vertex 63.853554 8.646446 1.5
        vertex 63.961937 8.808659 2.5
    endloop
endfacet
facet normal -0.55556732 0.83147144 0
    outer loop
        vertex 63.853554 8.646446 1.5
        vertex 63.69134 8.53806 1.5
        vertex 63.853554 8.646446 2.5
    endloop
endfacet
facet normal -0.55556732 0.83147144 0
    outer loop
        vertex 63.69134 8.53806 1.5
        vertex 63.69134 8.53806 2.5
        vertex 63.853554 8.646446 2.5
    endloop
endfacet
facet normal -0.98078245 0.19510451 0
    outer loop
        vertex 63.961937 8.808659 1.5
        vertex 63.961937 8.808659 2.5
        vertex 64 9 1.5
    endloop
endfacet
facet normal -0.19509417 0.9807846 0
    outer loop
        vertex 63.500004 8.5 2.5
        vertex 63.69134 8.53806 2.5
        vertex 63.500004 8.5 1.5
    endloop
endfacet
facet normal -0.19509417 0.9807846 0
    outer loop
        vertex 63.69134 8.53806 2.5
        vertex 63.69134 8.53806 1.5
        vertex 63.500004 8.5 1.5
    endloop
endfacet
facet normal -0.98078245 0.19510451 0
    outer loop
        vertex 63.961937 8.808659 2.5
        vertex 64 9 2.5
        vertex 64 9 1.5
    endloop
endfacet
facet normal -0.83147824 0.55555725 0
    outer loop
        vertex 63.853554 8.646446 1.5
        vertex 63.853554 8.646446 2.5
        vertex 63.961937 8.808659 2.5
    endloop
endfacet
facet normal -1 0 0
    outer loop
        vertex 64 9 1.5
        vertex 64 9 2.5
        vertex 64 45 1.5
    endloop
endfacet
facet normal -1 0 0
    outer loop
        vertex 64 9 2.5
        vertex 64 45 2.5
        vertex 64 45 1.5
    endloop
endfacet
facet normal -0.55557078 -0.8314693 0
    outer loop
        vertex 63.69134 45.46194 1.5
        vertex 63.853554 45.353554 1.5
        vertex 63.69134 45.46194 2.5
    endloop
endfacet
facet normal -0.83147824 -0.55555725 0
    outer loop
        vertex 63.853554 45.353554 1.5
        vertex 63.961937 45.19134 1.5
        vertex 63.853554 45.353554 2.5
    endloop
endfacet
facet normal -0.83147824 -0.55555725 0
    outer loop
        vertex 63.961937 45.19134 1.5
        vertex 63.961937 45.19134 2.5
        vertex 63.853554 45.353554 2.5
    endloop
endfacet
facet normal -0.19508944 -0.98078543 0
    outer loop
        vertex 63.69134 45.46194 1.5
        vertex 63.69134 45.46194 2.5
        vertex 63.500004 45.5 1.5
    endloop
endfacet
facet normal -0.98078245 -0.19510451 -0
    outer loop
        vertex 64 45 2.5
        vertex 63.961937 45.19134 2.5
        vertex 64 45 1.5
    endloop
endfacet
facet normal -0.98078245 -0.19510451 -0
    outer loop
        vertex 63.961937 45.19134 2.5
        vertex 63.961937 45.19134 1.5
        vertex 64 45 1.5
    endloop
endfacet
facet normal -0.19508944 -0.98078543 0
    outer loop
        vertex 63.69134 45.46194 2.5
        vertex 63.500004 45.5 2.5
        vertex 63.500004 45.5 1.5
    endloop
endfacet
facet normal -0.55557078 -0.8314693 0
    outer loop
        vertex 63.853554 45.353554 1.5
        vertex 63.853554 45.353554 2.5
        vertex 63.69134 45.46194 2.5
    endloop
endfacet
facet normal 0 -1 0
    outer loop
        vertex 63.500004 45.5 1.5
        vertex 63.500004 45.5 2.5
        vertex 2.5 45.5 1.5
    endloop
endfacet
facet normal -0 -1 0
    outer loop
        vertex 63.500004 45.5 2.5
        vertex 2.5 45.5 2.5
        vertex 2.5 45.5 1.5
    endloop
endfacet
facet normal 0.83147037 -0.55556905 0
    outer loop
        vertex 2.0380602 45.19134 1.5
        vertex 2.1464467 45.353554 1.5
        vertex 2.0380602 45.19134 2.5
    endloop
endfacet
facet normal 0.55557245 -0.83146811 0
    outer loop
        vertex 2.1464467 45.353554 1.5
        vertex 2.3086584 45.46194 1.5
        vertex 2.1464467 45.353554 2.5
    endloop
endfacet
facet normal 0.55557245 -0.83146811 0
    outer loop
        vertex 2.3086584 45.46194 1.5
        vertex 2.3086584 45.46194 2.5
        vertex 2.1464467 45.353554 2.5
    endloop
endfacet
facet normal 0.98078525 -0.19509041 0
    outer loop
        vertex 2.0380602 45.19134 1.5
        vertex 2.0380602 45.19134 2.5
        vertex 2 45 1.5
    endloop
endfacet
facet normal 0.19508547 -0.9807862 0
    outer loop
        vertex 2.5 45.5 2.5
        vertex 2.3086584 45.46194 2.5
        vertex 2.5 45.5 1.5
    endloop
endfacet
facet normal 0.19508547 -0.9807862 0
    outer loop
        vertex 2.3086584 45.46194 2.5
        vertex 2.3086584 45.46194 1.5
        vertex 2.5 45.5 1.5
    endloop
endfacet
facet normal 0.98078525 -0.19509041 0
    outer loop
        vertex 2.0380602 45.19134 2.5
        vertex 2 45 2.5
        vertex 2 45 1.5
    endloop
endfacet
facet normal 0.83147037 -0.55556905 0
    outer loop
        vertex 2.1464467 45.353554 1.5
        vertex 2.1464467 45.353554 2.5
        vertex 2.0380602 45.19134 2.5
    endloop
endfacet
facet normal -0.52039313 0.85392678 0
    outer loop
        vertex 1.5 46.118027 1.5
        vertex 1.5 46.118027 2.5
        vertex 1.9647655 46.40126 1.5
    endloop
endfacet
facet normal -0.52039313 0.85392678 0
    outer loop
        vertex 1.9647655 46.40126 1.5
        vertex 1.5 46.118027 2.5
        vertex 1.9647655 46.40126 2.5
    endloop
endfacet
facet normal -0.18141797 0.98340613 0
    outer loop
        vertex 2.5 46.5 2.5
        vertex 2.5 46.5 1.5
        vertex 1.9647655 46.40126 2.5
    endloop
endfacet
facet normal -0.18141797 0.98340613 0
    outer loop
        vertex 1.9647655 46.40126 2.5
        vertex 2.5 46.5 1.5
        vertex 1.9647655 46.40126 1.5
    endloop
endfacet
facet normal -0.52038544 -0.85393143 0
    outer loop
        vertex 1.9647655 7.598742 1.5
        vertex 1.9647655 7.598742 2.5
        vertex 1.5 7.88197 1.5
    endloop
endfacet
facet normal -0.1814222 -0.98340529 0
    outer loop
        vertex 1.9647655 7.598742 1.5
        vertex 2.5 7.5 1.5
        vertex 1.9647655 7.598742 2.5
    endloop
endfacet
facet normal -0.1814222 -0.98340529 0
    outer loop
        vertex 1.9647655 7.598742 2.5
        vertex 2.5 7.5 1.5
        vertex 2.5 7.5 2.5
    endloop
endfacet
facet normal -0.52038544 -0.85393143 0
    outer loop
        vertex 1.5 7.88197 1.5
        vertex 1.9647655 7.598742 2.5
        vertex 1.5 7.88197 2.5
    endloop
endfacet
facet normal 0 1 0
    outer loop
        vertex 2.5 8.5 1.5
        vertex 2.5 8.5 2.5
        vertex 63.500004 8.5 1.5
    endloop
endfacet
facet normal -0 1 0
    outer loop
        vertex 2.5 8.5 2.5
        vertex 63.500004 8.5 2.5
        vertex 63.500004 8.5 1.5
    endloop
endfacet
facet normal 0 0 1
    outer loop
        vertex 2.1464467 8.646446 1.5
        vertex 2.3086584 8.53806 1.5
        vertex 2.5 8.5 1.5
    endloop
endfacet
facet normal 0 0 1
    outer loop
        vertex 2.0380602 8.808659 1.5
        vertex 2.1464467 8.646446 1.5
        vertex 2.5 8.5 1.5
    endloop
endfacet
facet normal 0 0 1
    outer loop
        vertex 2 9 1.5
        vertex 2.0380602 8.808659 1.5
        vertex 2.5 8.5 1.5
    endloop
endfacet
facet normal 0 0 1
    outer loop
        vertex 2.5 8.5 1.5
        vertex 2 45 1.5
        vertex 2 36 1.5
    endloop
endfacet
facet normal 0 -0 1
    outer loop
        vertex 2.5 8.5 1.5
        vertex 2.5 45.5 1.5
        vertex 2 45 1.5
    endloop
endfacet
facet normal -0 0 1
    outer loop
        vertex 2.3086584 45.46194 1.5
        vertex 2.1464467 45.353554 1.5
        vertex 2.5 45.5 1.5
    endloop
endfacet
facet normal 0 0 1
    outer loop
        vertex 2 45 1.5
        vertex 2.5 45.5 1.5
        vertex 2.0380602 45.19134 1.5
    endloop
endfacet
facet normal -0 0 1
    outer loop
        vertex 2.5 45.5 1.5
        vertex 2.5 8.5 1.5
        vertex 63.500004 45.5 1.5
    endloop
endfacet
facet normal 0 0 1
    outer loop
        vertex 2.5 8.5 1.5
        vertex 63.500004 8.5 1.5
        vertex 63.500004 45.5 1.5
    endloop
endfacet
facet normal 0 0 1
    outer loop
        vertex 63.961937 45.19134 1.5
        vertex 63.853554 45.353554 1.5
        vertex 64 45 1.5
    endloop
endfacet
facet normal 0 0 1
    outer loop
        vertex 63.500004 45.5 1.5
        vertex 63.500004 8.5 1.5
        vertex 64 45 1.5
    endloop
endfacet
facet normal 0 0 1
    outer loop
        vertex 64 45 1.5
        vertex 63.500004 8.5 1.5
        vertex 64 9 1.5
    endloop
endfacet
facet normal 0 0 1
    outer loop
        vertex 64 45 1.5
        vertex 63.69134 45.46194 1.5
        vertex 63.500004 45.5 1.5
    endloop
endfacet
facet normal 0 0 1
    outer loop
        vertex 63.500004 8.5 1.5
        vertex 63.961937 8.808659 1.5
        vertex 64 9 1.5
    endloop
endfacet
facet normal 0 -0 1
    outer loop
        vertex 63.69134 8.53806 1.5
        vertex 63.853554 8.646446 1.5
        vertex 63.500004 8.5 1.5
    endloop
endfacet
facet normal 0 0 1
    outer loop
        vertex 63.500004 8.5 1.5
        vertex 63.853554 8.646446 1.5
        vertex 63.961937 8.808659 1.5
    endloop
endfacet
facet normal 0 0 1
    outer loop
        vertex 2.0380602 45.19134 1.5
        vertex 2.5 45.5 1.5
        vertex 2.1464467 45.353554 1.5
    endloop
endfacet
facet normal 0 0 1
    outer loop
        vertex 64 45 1.5
        vertex 63.853554 45.353554 1.5
        vertex 63.69134 45.46194 1.5
    endloop
endfacet
facet normal 0 0 1
    outer loop
        vertex 2.5 8.5 1.5
        vertex 2 27 1.5
        vertex 2 18 1.5
    endloop
endfacet
facet normal 0 0 1
    outer loop
        vertex 2.5 8.5 1.5
        vertex 2 36 1.5
        vertex 2 27 1.5
    endloop
endfacet
facet normal 0 0 1
    outer loop
        vertex 2.5 8.5 1.5
        vertex 2 18 1.5
        vertex 2 9 1.5
    endloop
endfacet
facet normal 0.83147126 -0.5555678 0
    outer loop
        vertex 64.88582 8.425975 1.5
        vertex 64.88582 8.425975 2.5
        vertex 64.56066 7.9393396 1.5
    endloop
endfacet
facet normal 0.55557102 -0.83146918 0
    outer loop
        vertex 64.56066 7.9393396 1.5
        vertex 64.56066 7.9393396 2.5
        vertex 64.07403 7.614181 1.5
    endloop
endfacet
facet normal 0.55557102 -0.83146918 0
    outer loop
        vertex 64.07403 7.614181 1.5
        vertex 64.56066 7.9393396 2.5
        vertex 64.07403 7.614181 2.5
    endloop
endfacet
facet normal 0.98078501 -0.19509166 0
    outer loop
        vertex 64.88582 8.425975 1.5
        vertex 65 9 1.5
        vertex 64.88582 8.425975 2.5
    endloop
endfacet
facet normal 0.19509119 -0.98078507 0
    outer loop
        vertex 63.500004 7.5 2.5
        vertex 63.500004 7.5 1.5
        vertex 64.07403 7.614181 2.5
    endloop
endfacet
facet normal 0.19509119 -0.98078507 0
    outer loop
        vertex 64.07403 7.614181 2.5
        vertex 63.500004 7.5 1.5
        vertex 64.07403 7.614181 1.5
    endloop
endfacet
facet normal 0.98078501 -0.19509166 0
    outer loop
        vertex 64.88582 8.425975 2.5
        vertex 65 9 1.5
        vertex 65 9 2.5
    endloop
endfacet
facet normal 0.83147126 -0.5555678 0
    outer loop
        vertex 64.56066 7.9393396 1.5
        vertex 64.88582 8.425975 2.5
        vertex 64.56066 7.9393396 2.5
    endloop
endfacet
facet normal 1 0 0
    outer loop
        vertex 65 9 1.5
        vertex 65 45 1.5
        vertex 65 9 2.5
    endloop
endfacet
facet normal 1 -0 0
    outer loop
        vertex 65 9 2.5
        vertex 65 45 1.5
        vertex 65 45 2.5
    endloop
endfacet
facet normal 0.55557829 0.83146423 -0
    outer loop
        vertex 64.07403 46.385822 1.5
        vertex 64.07403 46.385822 2.5
        vertex 64.56066 46.060658 1.5
    endloop
endfacet
facet normal 0.83147025 0.55556929 -0
    outer loop
        vertex 64.56066 46.060658 1.5
        vertex 64.56066 46.060658 2.5
        vertex 64.88582 45.574024 1.5
    endloop
endfacet
facet normal 0.83147025 0.55556929 -0
    outer loop
        vertex 64.88582 45.574024 1.5
        vertex 64.56066 46.060658 2.5
        vertex 64.88582 45.574024 2.5
    endloop
endfacet
facet normal 0.1950857 0.9807862 -0
    outer loop
        vertex 64.07403 46.385822 1.5
        vertex 63.500004 46.5 1.5
        vertex 64.07403 46.385822 2.5
    endloop
endfacet
facet normal 0.98078501 0.19509199 0
    outer loop
        vertex 65 45 2.5
        vertex 65 45 1.5
        vertex 64.88582 45.574024 2.5
    endloop
endfacet
facet normal 0.98078501 0.19509199 0
    outer loop
        vertex 64.88582 45.574024 2.5
        vertex 65 45 1.5
        vertex 64.88582 45.574024 1.5
    endloop
endfacet
facet normal 0.1950857 0.9807862 0
    outer loop
        vertex 64.07403 46.385822 2.5
        vertex 63.500004 46.5 1.5
        vertex 63.500004 46.5 2.5
    endloop
endfacet
facet normal 0.55557829 0.83146423 -0
    outer loop
        vertex 64.56066 46.060658 1.5
        vertex 64.07403 46.385822 2.5
        vertex 64.56066 46.060658 2.5
    endloop
endfacet
facet normal 0 0.99999994 0
    outer loop
        vertex 33 46.5 1.5
        vertex 2.5 46.5 1.5
        vertex 2.5 46.5 2.5
    endloop
endfacet
facet normal 0 0.99999994 -0
    outer loop
        vertex 63.500004 46.5 1.5
        vertex 33 46.5 1.5
        vertex 63.500004 46.5 2.5
    endloop
endfacet
facet normal 0 0.99999994 0
    outer loop
        vertex 33 46.5 1.5
        vertex 33 46.5 2.5
        vertex 63.500004 46.5 2.5
    endloop
endfacet
facet normal 0 0.99999994 -0
    outer loop
        vertex 33 46.5 1.5
        vertex 2.5 46.5 2.5
        vertex 33 46.5 2.5
    endloop
endfacet
facet normal 0 -1 0
    outer loop
        vertex 2.5 7.5 1.5
        vertex 63.500004 7.5 1.5
        vertex 2.5 7.5 2.5
    endloop
endfacet
facet normal 0 -1 0
    outer loop
        vertex 2.5 7.5 2.5
        vertex 63.500004 7.5 1.5
        vertex 63.500004 7.5 2.5
    endloop
endfacet
facet normal 0.55556911 0.83147043 -0
    outer loop
        vertex 2.3086584 8.53806 1.5
        vertex 2.1464467 8.646446 1.5
        vertex 2.3086584 8.53806 2.5
    endloop
endfacet
facet normal 0.83147037 0.55556905 -0
    outer loop
        vertex 2.1464467 8.646446 1.5
        vertex 2.0380602 8.808659 1.5
        vertex 2.1464467 8.646446 2.5
    endloop
endfacet
facet normal 0.83147037 0.55556905 -0
    outer loop
        vertex 2.0380602 8.808659 1.5
        vertex 2.0380602 8.808659 2.5
        vertex 2.1464467 8.646446 2.5
    endloop
endfacet
facet normal 0.19509017 0.98078531 -0
    outer loop
        vertex 2.3086584 8.53806 1.5
        vertex 2.3086584 8.53806 2.5
        vertex 2.5 8.5 1.5
    endloop
endfacet
facet normal 0.98078525 0.19509041 0
    outer loop
        vertex 2 9 2.5
        vertex 2.0380602 8.808659 2.5
        vertex 2 9 1.5
    endloop
endfacet
facet normal 0.98078525 0.19509041 0
    outer loop
        vertex 2.0380602 8.808659 2.5
        vertex 2.0380602 8.808659 1.5
        vertex 2 9 1.5
    endloop
endfacet
facet normal 0.19509017 0.98078531 0
    outer loop
        vertex 2.3086584 8.53806 2.5
        vertex 2.5 8.5 2.5
        vertex 2.5 8.5 1.5
    endloop
endfacet
facet normal 0.55556911 0.83147043 -0
    outer loop
        vertex 2.1464467 8.646446 1.5
        vertex 2.1464467 8.646446 2.5
        vertex 2.3086584 8.53806 2.5
    endloop
endfacet
facet normal 1 0 0
    outer loop
        vertex 2 18 1.5
        vertex 2 27 1.5
        vertex 2 18 2.5
    endloop
endfacet
facet normal 1 0 -0
    outer loop
        vertex 2 36 1.5
        vertex 2 36 2.5
        vertex 2 27 1.5
    endloop
endfacet
facet normal 1 0 0
    outer loop
        vertex 2 27 1.5
        vertex 2 36 2.5
        vertex 2 27 2.5
    endloop
endfacet
facet normal 1 0 -0
    outer loop
        vertex 2 45 1.5
        vertex 2 45 2.5
        vertex 2 42.75 2.5
    endloop
endfacet
facet normal 1 0 0
    outer loop
        vertex 2 42.75 2.5
        vertex 2 40.5 2.5
        vertex 2 45 1.5
    endloop
endfacet
facet normal 1 0 0
    outer loop
        vertex 2 40.5 2.5
        vertex 2 36 1.5
        vertex 2 45 1.5
    endloop
endfacet
facet normal 1 -0 0
    outer loop
        vertex 2 36 2.5
        vertex 2 36 1.5
        vertex 2 40.5 2.5
    endloop
endfacet
facet normal 1 -0 0
    outer loop
        vertex 2 18 2.5
        vertex 2 27 1.5
        vertex 2 27 2.5
    endloop
endfacet
facet normal 1 -0 0
    outer loop
        vertex 2 13.5 2.5
        vertex 2 18 1.5
        vertex 2 18 2.5
    endloop
endfacet
facet normal 1 0 0
    outer loop
        vertex 2 9 1.5
        vertex 2 18 1.5
        vertex 2 13.5 2.5
    endloop
endfacet
facet normal 1 0 0
    outer loop
        vertex 2 9 1.5
        vertex 2 13.5 2.5
        vertex 2 11.25 2.5
    endloop
endfacet
facet normal 1 -0 0
    outer loop
        vertex 2 9 2.5
        vertex 2 9 1.5
        vertex 2 11.25 2.5
    endloop
endfacet
facet normal -1 0 0
    outer loop
        vertex 80 48 0
        vertex 80 52.5 1.5
        vertex 80 54 0
    endloop
endfacet
facet normal -1 0 0
    outer loop
        vertex 80 48 0
        vertex 80 48 1.5
        vertex 80 52.5 1.5
    endloop
endfacet
facet normal -1 0 0
    outer loop
        vertex 80 52.5 2
        vertex 80 54 2
        vertex 80 52.5 1.5
    endloop
endfacet
facet normal -1 0 -0
    outer loop
        vertex 80 54 2
        vertex 80 54 0
        vertex 80 52.5 1.5
    endloop
endfacet
facet normal 1 0 0
    outer loop
        vertex 77 54 0
        vertex 77 52.5 1.5
        vertex 77 49 0
    endloop
endfacet
facet normal 1 -0 0
    outer loop
        vertex 77 52.5 1.5
        vertex 77 54 0
        vertex 77 54 2
    endloop
endfacet
facet normal 1 0 0
    outer loop
        vertex 77 52.5 1.5
        vertex 77 54 2
        vertex 77 52.5 2
    endloop
endfacet
facet normal 1 -0 0
    outer loop
        vertex 77 49 1.5
        vertex 77 49 0
        vertex 77 52.5 1.5
    endloop
endfacet
facet normal -1 0 0
    outer loop
        vertex 95 48 0
        vertex 95 52.5 1.5
        vertex 95 54 0
    endloop
endfacet
facet normal -1 0 0
    outer loop
        vertex 95 48 0
        vertex 95 48 1.5
        vertex 95 52.5 1.5
    endloop
endfacet
facet normal -1 0 0
    outer loop
        vertex 95 52.5 2
        vertex 95 54 2
        vertex 95 52.5 1.5
    endloop
endfacet
facet normal -1 0 -0
    outer loop
        vertex 95 54 2
        vertex 95 54 0
        vertex 95 52.5 1.5
    endloop
endfacet
facet normal 1 0 0
    outer loop
        vertex 92 54 0
        vertex 92 52.5 1.5
        vertex 92 49 0
    endloop
endfacet
facet normal 1 -0 0
    outer loop
        vertex 92 52.5 1.5
        vertex 92 54 0
        vertex 92 54 2
    endloop
endfacet
facet normal 1 0 0
    outer loop
        vertex 92 52.5 1.5
        vertex 92 54 2
        vertex 92 52.5 2
    endloop
endfacet
facet normal 1 -0 0
    outer loop
        vertex 92 49 1.5
        vertex 92 49 0
        vertex 92 52.5 1.5
    endloop
endfacet
facet normal -1 0 0
    outer loop
        vertex 110 48 0
        vertex 110 52.5 1.5
        vertex 110 54 0
    endloop
endfacet
facet normal -1 0 0
    outer loop
        vertex 110 48 0
        vertex 110 48 1.5
        vertex 110 52.5 1.5
    endloop
endfacet
facet normal -1 0 0
    outer loop
        vertex 110 52.5 2
        vertex 110 54 2
        vertex 110 52.5 1.5
    endloop
endfacet
facet normal -1 0 -0
    outer loop
        vertex 110 54 2
        vertex 110 54 0
        vertex 110 52.5 1.5
    endloop
endfacet
facet normal 1 0 0
    outer loop
        vertex 107 54 0
        vertex 107 52.5 1.5
        vertex 107 49 0
    endloop
endfacet
facet normal 1 -0 0
    outer loop
        vertex 107 52.5 1.5
        vertex 107 54 0
        vertex 107 54 2
    endloop
endfacet
facet normal 1 0 0
    outer loop
        vertex 107 52.5 1.5
        vertex 107 54 2
        vertex 107 52.5 2
    endloop
endfacet
facet normal 1 -0 0
    outer loop
        vertex 107 49 1.5
        vertex 107 49 0
        vertex 107 52.5 1.5
    endloop
endfacet
facet normal -1 0 0
    outer loop
        vertex 125 48 0
        vertex 125 52.5 1.5
        vertex 125 54 0
    endloop
endfacet
facet normal -1 0 0
    outer loop
        vertex 125 48 0
        vertex 125 48 1.5
        vertex 125 52.5 1.5
    endloop
endfacet
facet normal -1 0 0
    outer loop
        vertex 125 52.5 2
        vertex 125 54 2
        vertex 125 52.5 1.5
    endloop
endfacet
facet normal -1 0 -0
    outer loop
        vertex 125 54 2
        vertex 125 54 0
        vertex 125 52.5 1.5
    endloop
endfacet
facet normal 1 0 0
    outer loop
        vertex 122 54 0
        vertex 122 52.5 1.5
        vertex 122 49 0
    endloop
endfacet
facet normal 1 -0 0
    outer loop
        vertex 122 52.5 1.5
        vertex 122 54 0
        vertex 122 54 2
    endloop
endfacet
facet normal 1 0 0
    outer loop
        vertex 122 52.5 1.5
        vertex 122 54 2
        vertex 122 52.5 2
    endloop
endfacet
facet normal 1 -0 0
    outer loop
        vertex 122 49 1.5
        vertex 122 49 0
        vertex 122 52.5 1.5
    endloop
endfacet
facet normal 0 1 0
    outer loop
        vertex 123 48 0
        vertex 123 48 1.5
        vertex 125 48 0
    endloop
endfacet
facet normal -0 1 0
    outer loop
        vertex 123 48 1.5
        vertex 125 48 1.5
        vertex 125 48 0
    endloop
endfacet
facet normal 0.83146024 0.55558431 0
    outer loop
        vertex 121.07612 47.617317 1.5
        vertex 121.2929 47.292892 1.5
        vertex 121.07612 47.617317 0
    endloop
endfacet
facet normal 0.55557305 0.83146775 0
    outer loop
        vertex 121.2929 47.292892 1.5
        vertex 121.61732 47.076122 1.5
        vertex 121.2929 47.292892 0
    endloop
endfacet
facet normal 0.55557305 0.83146775 0
    outer loop
        vertex 121.61732 47.076122 1.5
        vertex 121.61732 47.076122 0
        vertex 121.2929 47.292892 0
    endloop
endfacet
facet normal 0.19509511 0.9807843 0
    outer loop
        vertex 122 47 1.5
        vertex 122 47 0
        vertex 121.61732 47.076122 0
    endloop
endfacet
facet normal -0.19509511 0.9807843 0
    outer loop
        vertex 122.38268 47.076122 1.5
        vertex 122 47 0
        vertex 122 47 1.5
    endloop
endfacet
facet normal -0.55556399 0.83147371 0
    outer loop
        vertex 122.70711 47.292892 1.5
        vertex 122.38268 47.076122 0
        vertex 122.38268 47.076122 1.5
    endloop
endfacet
facet normal -0.55556399 0.83147371 0
    outer loop
        vertex 122.70711 47.292892 0
        vertex 122.38268 47.076122 0
        vertex 122.70711 47.292892 1.5
    endloop
endfacet
facet normal 0.9807862 0.1950857 0
    outer loop
        vertex 121.07612 47.617317 1.5
        vertex 121.07612 47.617317 0
        vertex 121 48 1.5
    endloop
endfacet
facet normal -0.9807862 0.1950857 0
    outer loop
        vertex 123 48 0
        vertex 122.92388 47.617317 0
        vertex 123 48 1.5
    endloop
endfacet
facet normal -0.9807862 0.1950857 0
    outer loop
        vertex 122.92388 47.617317 0
        vertex 122.92388 47.617317 1.5
        vertex 123 48 1.5
    endloop
endfacet
facet normal -0.83146924 0.55557078 0
    outer loop
        vertex 122.70711 47.292892 0
        vertex 122.92388 47.617317 1.5
        vertex 122.92388 47.617317 0
    endloop
endfacet
facet normal -0.83146924 0.55557078 0
    outer loop
        vertex 122.70711 47.292892 1.5
        vertex 122.92388 47.617317 1.5
        vertex 122.70711 47.292892 0
    endloop
endfacet
facet normal -0.19509511 0.9807843 0
    outer loop
        vertex 122.38268 47.076122 1.5
        vertex 122.38268 47.076122 0
        vertex 122 47 0
    endloop
endfacet
facet normal 0.19509511 0.9807843 0
    outer loop
        vertex 121.61732 47.076122 1.5
        vertex 122 47 1.5
        vertex 121.61732 47.076122 0
    endloop
endfacet
facet normal 0.9807862 0.1950857 0
    outer loop
        vertex 121.07612 47.617317 0
        vertex 121 48 0
        vertex 121 48 1.5
    endloop
endfacet
facet normal 0.83146024 0.55558431 0
    outer loop
        vertex 121.2929 47.292892 1.5
        vertex 121.2929 47.292892 0
        vertex 121.07612 47.617317 0
    endloop
endfacet
facet normal 0 0 -1
    outer loop
        vertex 92 52.5 2
        vertex 92 54 2
        vertex 95 52.5 2
    endloop
endfacet
facet normal 0 0 -1
    outer loop
        vertex 92 54 2
        vertex 95 54 2
        vertex 95 52.5 2
    endloop
endfacet
facet normal 0.8314572 -0.55558878 0
    outer loop
        vertex 121.07612 48.382683 0
        vertex 121.2929 48.707104 0
        vertex 121.07612 48.382683 1.5
    endloop
endfacet
facet normal 0.55558658 -0.83145869 0
    outer loop
        vertex 121.2929 48.707104 0
        vertex 121.61732 48.92388 0
        vertex 121.2929 48.707104 1.5
    endloop
endfacet
facet normal 0.55558658 -0.83145869 0
    outer loop
        vertex 121.61732 48.92388 0
        vertex 121.61732 48.92388 1.5
        vertex 121.2929 48.707104 1.5
    endloop
endfacet
facet normal 0.9807862 -0.1950857 0
    outer loop
        vertex 121.07612 48.382683 0
        vertex 121.07612 48.382683 1.5
        vertex 121 48 0
    endloop
endfacet
facet normal 0.1950857 -0.9807862 0
    outer loop
        vertex 121.61732 48.92388 1.5
        vertex 122 49 0
        vertex 122 49 1.5
    endloop
endfacet
facet normal 0.1950857 -0.9807862 0
    outer loop
        vertex 121.61732 48.92388 0
        vertex 122 49 0
        vertex 121.61732 48.92388 1.5
    endloop
endfacet
facet normal 0.9807862 -0.1950857 0
    outer loop
        vertex 121.07612 48.382683 1.5
        vertex 121 48 1.5
        vertex 121 48 0
    endloop
endfacet
facet normal 0.8314572 -0.55558878 0
    outer loop
        vertex 121.2929 48.707104 0
        vertex 121.2929 48.707104 1.5
        vertex 121.07612 48.382683 1.5
    endloop
endfacet
facet normal 0.83146924 0.55557078 0
    outer loop
        vertex 106.07612 47.617317 1.5
        vertex 106.29289 47.292892 1.5
        vertex 106.07612 47.617317 0
    endloop
endfacet
facet normal 0.55556399 0.83147371 0
    outer loop
        vertex 106.29289 47.292892 1.5
        vertex 106.61732 47.076122 1.5
        vertex 106.29289 47.292892 0
    endloop
endfacet
facet normal 0.55556399 0.83147371 0
    outer loop
        vertex 106.61732 47.076122 1.5
        vertex 106.61732 47.076122 0
        vertex 106.29289 47.292892 0
    endloop
endfacet
facet normal 0.19509511 0.9807843 0
    outer loop
        vertex 107 47 1.5
        vertex 107 47 0
        vertex 106.61732 47.076122 0
    endloop
endfacet
facet normal -0.19509511 0.9807843 0
    outer loop
        vertex 107.38268 47.076122 1.5
        vertex 107 47 0
        vertex 107 47 1.5
    endloop
endfacet
facet normal -0.55556399 0.83147371 0
    outer loop
        vertex 107.70711 47.292892 1.5
        vertex 107.38268 47.076122 0
        vertex 107.38268 47.076122 1.5
    endloop
endfacet
facet normal -0.55556399 0.83147371 0
    outer loop
        vertex 107.70711 47.292892 0
        vertex 107.38268 47.076122 0
        vertex 107.70711 47.292892 1.5
    endloop
endfacet
facet normal 0.9807862 0.1950857 0
    outer loop
        vertex 106.07612 47.617317 1.5
        vertex 106.07612 47.617317 0
        vertex 106 48 1.5
    endloop
endfacet
facet normal -0.9807862 0.1950857 0
    outer loop
        vertex 108 48 0
        vertex 107.92388 47.617317 0
        vertex 108 48 1.5
    endloop
endfacet
facet normal -0.9807862 0.1950857 0
    outer loop
        vertex 107.92388 47.617317 0
        vertex 107.92388 47.617317 1.5
        vertex 108 48 1.5
    endloop
endfacet
facet normal -0.83146924 0.55557078 0
    outer loop
        vertex 107.70711 47.292892 0
        vertex 107.92388 47.617317 1.5
        vertex 107.92388 47.617317 0
    endloop
endfacet
facet normal -0.83146924 0.55557078 0
    outer loop
        vertex 107.70711 47.292892 1.5
        vertex 107.92388 47.617317 1.5
        vertex 107.70711 47.292892 0
    endloop
endfacet
facet normal -0.19509511 0.9807843 0
    outer loop
        vertex 107.38268 47.076122 1.5
        vertex 107.38268 47.076122 0
        vertex 107 47 0
    endloop
endfacet
facet normal 0.19509511 0.9807843 0
    outer loop
        vertex 106.61732 47.076122 1.5
        vertex 107 47 1.5
        vertex 106.61732 47.076122 0
    endloop
endfacet
facet normal 0.9807862 0.1950857 0
    outer loop
        vertex 106.07612 47.617317 0
        vertex 106 48 0
        vertex 106 48 1.5
    endloop
endfacet
facet normal 0.83146924 0.55557078 0
    outer loop
        vertex 106.29289 47.292892 1.5
        vertex 106.29289 47.292892 0
        vertex 106.07612 47.617317 0
    endloop
endfacet
facet normal 0 0 -1
    outer loop
        vertex 77 52.5 2
        vertex 77 54 2
        vertex 80 52.5 2
    endloop
endfacet
facet normal 0 0 -1
    outer loop
        vertex 77 54 2
        vertex 80 54 2
        vertex 80 52.5 2
    endloop
endfacet
facet normal 0 1 0
    outer loop
        vertex 93 48 0
        vertex 93 48 1.5
        vertex 95 48 0
    endloop
endfacet
facet normal -0 1 0
    outer loop
        vertex 93 48 1.5
        vertex 95 48 1.5
        vertex 95 48 0
    endloop
endfacet
facet normal 0 0 -1
    outer loop
        vertex 107 52.5 2
        vertex 107 54 2
        vertex 110 52.5 2
    endloop
endfacet
facet normal 0 0 -1
    outer loop
        vertex 107 54 2
        vertex 110 54 2
        vertex 110 52.5 2
    endloop
endfacet
facet normal 0.83146924 0.55557078 0
    outer loop
        vertex 91.07612 47.617317 1.5
        vertex 91.29289 47.292892 1.5
        vertex 91.07612 47.617317 0
    endloop
endfacet
facet normal 0.55556399 0.83147371 0
    outer loop
        vertex 91.29289 47.292892 1.5
        vertex 91.61732 47.076122 1.5
        vertex 91.29289 47.292892 0
    endloop
endfacet
facet normal 0.55556399 0.83147371 0
    outer loop
        vertex 91.61732 47.076122 1.5
        vertex 91.61732 47.076122 0
        vertex 91.29289 47.292892 0
    endloop
endfacet
facet normal 0.19509511 0.9807843 0
    outer loop
        vertex 92 47 1.5
        vertex 92 47 0
        vertex 91.61732 47.076122 0
    endloop
endfacet
facet normal -0.19509511 0.9807843 0
    outer loop
        vertex 92.38268 47.076122 1.5
        vertex 92 47 0
        vertex 92 47 1.5
    endloop
endfacet
facet normal -0.55556399 0.83147371 0
    outer loop
        vertex 92.70711 47.292892 1.5
        vertex 92.38268 47.076122 0
        vertex 92.38268 47.076122 1.5
    endloop
endfacet
facet normal -0.55556399 0.83147371 0
    outer loop
        vertex 92.70711 47.292892 0
        vertex 92.38268 47.076122 0
        vertex 92.70711 47.292892 1.5
    endloop
endfacet
facet normal 0.9807862 0.1950857 0
    outer loop
        vertex 91.07612 47.617317 1.5
        vertex 91.07612 47.617317 0
        vertex 91 48 1.5
    endloop
endfacet
facet normal -0.9807862 0.1950857 0
    outer loop
        vertex 93 48 0
        vertex 92.92388 47.617317 0
        vertex 93 48 1.5
    endloop
endfacet
facet normal -0.9807862 0.1950857 0
    outer loop
        vertex 92.92388 47.617317 0
        vertex 92.92388 47.617317 1.5
        vertex 93 48 1.5
    endloop
endfacet
facet normal -0.83146924 0.55557078 0
    outer loop
        vertex 92.70711 47.292892 0
        vertex 92.92388 47.617317 1.5
        vertex 92.92388 47.617317 0
    endloop
endfacet
facet normal -0.83146924 0.55557078 0
    outer loop
        vertex 92.70711 47.292892 1.5
        vertex 92.92388 47.617317 1.5
        vertex 92.70711 47.292892 0
    endloop
endfacet
facet normal -0.19509511 0.9807843 0
    outer loop
        vertex 92.38268 47.076122 1.5
        vertex 92.38268 47.076122 0
        vertex 92 47 0
    endloop
endfacet
facet normal 0.19509511 0.9807843 0
    outer loop
        vertex 91.61732 47.076122 1.5
        vertex 92 47 1.5
        vertex 91.61732 47.076122 0
    endloop
endfacet
facet normal 0.9807862 0.1950857 0
    outer loop
        vertex 91.07612 47.617317 0
        vertex 91 48 0
        vertex 91 48 1.5
    endloop
endfacet
facet normal 0.83146924 0.55557078 0
    outer loop
        vertex 91.29289 47.292892 1.5
        vertex 91.29289 47.292892 0
        vertex 91.07612 47.617317 0
    endloop
endfacet
facet normal 0 0 -1
    outer loop
        vertex 122 52.5 2
        vertex 122 54 2
        vertex 125 52.5 2
    endloop
endfacet
facet normal 0 0 -1
    outer loop
        vertex 122 54 2
        vertex 125 54 2
        vertex 125 52.5 2
    endloop
endfacet
facet normal 0.83146626 -0.55557531 0
    outer loop
        vertex 76.07612 48.382683 0
        vertex 76.29289 48.707104 0
        vertex 76.07612 48.382683 1.5
    endloop
endfacet
facet normal 0.55557758 -0.83146477 0
    outer loop
        vertex 76.29289 48.707104 0
        vertex 76.61732 48.92388 0
        vertex 76.29289 48.707104 1.5
    endloop
endfacet
facet normal 0.55557758 -0.83146477 0
    outer loop
        vertex 76.61732 48.92388 0
        vertex 76.61732 48.92388 1.5
        vertex 76.29289 48.707104 1.5
    endloop
endfacet
facet normal 0.9807862 -0.1950857 0
    outer loop
        vertex 76.07612 48.382683 0
        vertex 76.07612 48.382683 1.5
        vertex 76 48 0
    endloop
endfacet
facet normal 0.1950857 -0.9807862 0
    outer loop
        vertex 76.61732 48.92388 1.5
        vertex 77 49 0
        vertex 77 49 1.5
    endloop
endfacet
facet normal 0.1950857 -0.9807862 0
    outer loop
        vertex 76.61732 48.92388 0
        vertex 77 49 0
        vertex 76.61732 48.92388 1.5
    endloop
endfacet
facet normal 0.9807862 -0.1950857 0
    outer loop
        vertex 76.07612 48.382683 1.5
        vertex 76 48 1.5
        vertex 76 48 0
    endloop
endfacet
facet normal 0.83146626 -0.55557531 0
    outer loop
        vertex 76.29289 48.707104 0
        vertex 76.29289 48.707104 1.5
        vertex 76.07612 48.382683 1.5
    endloop
endfacet
facet normal 0.83146924 0.55557078 0
    outer loop
        vertex 76.07612 47.617317 1.5
        vertex 76.29289 47.292892 1.5
        vertex 76.07612 47.617317 0
    endloop
endfacet
facet normal 0.55556399 0.83147371 0
    outer loop
        vertex 76.29289 47.292892 1.5
        vertex 76.61732 47.076122 1.5
        vertex 76.29289 47.292892 0
    endloop
endfacet
facet normal 0.55556399 0.83147371 0
    outer loop
        vertex 76.61732 47.076122 1.5
        vertex 76.61732 47.076122 0
        vertex 76.29289 47.292892 0
    endloop
endfacet
facet normal 0.19509511 0.9807843 0
    outer loop
        vertex 77 47 1.5
        vertex 77 47 0
        vertex 76.61732 47.076122 0
    endloop
endfacet
facet normal -0.19509511 0.9807843 0
    outer loop
        vertex 77.38268 47.076122 1.5
        vertex 77 47 0
        vertex 77 47 1.5
    endloop
endfacet
facet normal -0.55556399 0.83147371 0
    outer loop
        vertex 77.70711 47.292892 1.5
        vertex 77.38268 47.076122 0
        vertex 77.38268 47.076122 1.5
    endloop
endfacet
facet normal -0.55556399 0.83147371 0
    outer loop
        vertex 77.70711 47.292892 0
        vertex 77.38268 47.076122 0
        vertex 77.70711 47.292892 1.5
    endloop
endfacet
facet normal 0.9807862 0.1950857 0
    outer loop
        vertex 76.07612 47.617317 1.5
        vertex 76.07612 47.617317 0
        vertex 76 48 1.5
    endloop
endfacet
facet normal -0.9807862 0.1950857 0
    outer loop
        vertex 78 48 0
        vertex 77.92388 47.617317 0
        vertex 78 48 1.5
    endloop
endfacet
facet normal -0.9807862 0.1950857 0
    outer loop
        vertex 77.92388 47.617317 0
        vertex 77.92388 47.617317 1.5
        vertex 78 48 1.5
    endloop
endfacet
facet normal -0.83146924 0.55557078 0
    outer loop
        vertex 77.70711 47.292892 0
        vertex 77.92388 47.617317 1.5
        vertex 77.92388 47.617317 0
    endloop
endfacet
facet normal -0.83146924 0.55557078 0
    outer loop
        vertex 77.70711 47.292892 1.5
        vertex 77.92388 47.617317 1.5
        vertex 77.70711 47.292892 0
    endloop
endfacet
facet normal -0.19509511 0.9807843 0
    outer loop
        vertex 77.38268 47.076122 1.5
        vertex 77.38268 47.076122 0
        vertex 77 47 0
    endloop
endfacet
facet normal 0.19509511 0.9807843 0
    outer loop
        vertex 76.61732 47.076122 1.5
        vertex 77 47 1.5
        vertex 76.61732 47.076122 0
    endloop
endfacet
facet normal 0.9807862 0.1950857 0
    outer loop
        vertex 76.07612 47.617317 0
        vertex 76 48 0
        vertex 76 48 1.5
    endloop
endfacet
facet normal 0.83146924 0.55557078 0
    outer loop
        vertex 76.29289 47.292892 1.5
        vertex 76.29289 47.292892 0
        vertex 76.07612 47.617317 0
    endloop
endfacet
facet normal 0 1 0
    outer loop
        vertex 78 48 0
        vertex 78 48 1.5
        vertex 80 48 0
    endloop
endfacet
facet normal -0 1 0
    outer loop
        vertex 78 48 1.5
        vertex 80 48 1.5
        vertex 80 48 0
    endloop
endfacet
facet normal 0.83146626 -0.55557531 0
    outer loop
        vertex 91.07612 48.382683 0
        vertex 91.29289 48.707104 0
        vertex 91.07612 48.382683 1.5
    endloop
endfacet
facet normal 0.55557758 -0.83146477 0
    outer loop
        vertex 91.29289 48.707104 0
        vertex 91.61732 48.92388 0
        vertex 91.29289 48.707104 1.5
    endloop
endfacet
facet normal 0.55557758 -0.83146477 0
    outer loop
        vertex 91.61732 48.92388 0
        vertex 91.61732 48.92388 1.5
        vertex 91.29289 48.707104 1.5
    endloop
endfacet
facet normal 0.9807862 -0.1950857 0
    outer loop
        vertex 91.07612 48.382683 0
        vertex 91.07612 48.382683 1.5
        vertex 91 48 0
    endloop
endfacet
facet normal 0.1950857 -0.9807862 0
    outer loop
        vertex 91.61732 48.92388 1.5
        vertex 92 49 0
        vertex 92 49 1.5
    endloop
endfacet
facet normal 0.1950857 -0.9807862 0
    outer loop
        vertex 91.61732 48.92388 0
        vertex 92 49 0
        vertex 91.61732 48.92388 1.5
    endloop
endfacet
facet normal 0.9807862 -0.1950857 0
    outer loop
        vertex 91.07612 48.382683 1.5
        vertex 91 48 1.5
        vertex 91 48 0
    endloop
endfacet
facet normal 0.83146626 -0.55557531 0
    outer loop
        vertex 91.29289 48.707104 0
        vertex 91.29289 48.707104 1.5
        vertex 91.07612 48.382683 1.5
    endloop
endfacet
facet normal 0.83146626 -0.55557531 0
    outer loop
        vertex 106.07612 48.382683 0
        vertex 106.29289 48.707104 0
        vertex 106.07612 48.382683 1.5
    endloop
endfacet
facet normal 0.55557758 -0.83146477 0
    outer loop
        vertex 106.29289 48.707104 0
        vertex 106.61732 48.92388 0
        vertex 106.29289 48.707104 1.5
    endloop
endfacet
facet normal 0.55557758 -0.83146477 0
    outer loop
        vertex 106.61732 48.92388 0
        vertex 106.61732 48.92388 1.5
        vertex 106.29289 48.707104 1.5
    endloop
endfacet
facet normal 0.9807862 -0.1950857 0
    outer loop
        vertex 106.07612 48.382683 0
        vertex 106.07612 48.382683 1.5
        vertex 106 48 0
    endloop
endfacet
facet normal 0.1950857 -0.9807862 0
    outer loop
        vertex 106.61732 48.92388 1.5
        vertex 107 49 0
        vertex 107 49 1.5
    endloop
endfacet
facet normal 0.1950857 -0.9807862 0
    outer loop
        vertex 106.61732 48.92388 0
        vertex 107 49 0
        vertex 106.61732 48.92388 1.5
    endloop
endfacet
facet normal 0.9807862 -0.1950857 0
    outer loop
        vertex 106.07612 48.382683 1.5
        vertex 106 48 1.5
        vertex 106 48 0
    endloop
endfacet
facet normal 0.83146626 -0.55557531 0
    outer loop
        vertex 106.29289 48.707104 0
        vertex 106.29289 48.707104 1.5
        vertex 106.07612 48.382683 1.5
    endloop
endfacet
facet normal 0 1 0
    outer loop
        vertex 108 48 0
        vertex 108 48 1.5
        vertex 110 48 0
    endloop
endfacet
facet normal -0 1 0
    outer loop
        vertex 108 48 1.5
        vertex 110 48 1.5
        vertex 110 48 0
    endloop
endfacet
facet normal 0.04906258 -0.99879569 0
    outer loop
        vertex 60.5 -20 2
        vertex 60.5 -20 0
        vertex 60.794052 -19.985556 2
    endloop
endfacet
facet normal 0.14673345 -0.98917615 0
    outer loop
        vertex 60.794052 -19.985556 2
        vertex 60.794052 -19.985556 0
        vertex 61.085274 -19.942356 2
    endloop
endfacet
facet normal 0.14673345 -0.98917615 0
    outer loop
        vertex 61.085274 -19.942356 2
        vertex 60.794052 -19.985556 0
        vertex 61.085274 -19.942356 0
    endloop
endfacet
facet normal 0.24298376 -0.97003031 0
    outer loop
        vertex 61.370853 -19.870821 2
        vertex 61.085274 -19.942356 0
        vertex 61.370853 -19.870821 0
    endloop
endfacet
facet normal 0.3368904 -0.94154388 0
    outer loop
        vertex 61.64805 -19.771639 2
        vertex 61.370853 -19.870821 0
        vertex 61.64805 -19.771639 0
    endloop
endfacet
facet normal 0.42755184 -0.90399081 0
    outer loop
        vertex 61.914192 -19.645763 2
        vertex 61.64805 -19.771639 2
        vertex 61.64805 -19.771639 0
    endloop
endfacet
facet normal 0.51410413 -0.85772783 0
    outer loop
        vertex 62.16671 -19.49441 2
        vertex 61.914192 -19.645763 2
        vertex 61.914192 -19.645763 0
    endloop
endfacet
facet normal 0.51410413 -0.85772783 0
    outer loop
        vertex 62.16671 -19.49441 0
        vertex 62.16671 -19.49441 2
        vertex 61.914192 -19.645763 0
    endloop
endfacet
facet normal 0.59570205 -0.80320555 0
    outer loop
        vertex 62.40318 -19.31903 0
        vertex 62.40318 -19.31903 2
        vertex 62.16671 -19.49441 0
    endloop
endfacet
facet normal 0.6715585 -0.74095142 0
    outer loop
        vertex 62.40318 -19.31903 0
        vertex 62.62132 -19.12132 2
        vertex 62.40318 -19.31903 2
    endloop
endfacet
facet normal 0.74094474 -0.67156601 0
    outer loop
        vertex 62.62132 -19.12132 0
        vertex 62.819035 -18.90318 2
        vertex 62.62132 -19.12132 2
    endloop
endfacet
facet normal 0.74094474 -0.67156601 0
    outer loop
        vertex 62.62132 -19.12132 0
        vertex 62.819035 -18.90318 0
        vertex 62.819035 -18.90318 2
    endloop
endfacet
facet normal 0.80322105 -0.59568113 0
    outer loop
        vertex 62.819035 -18.90318 0
        vertex 62.994404 -18.66671 0
        vertex 62.994404 -18.66671 2
    endloop
endfacet
facet normal 0.85772091 -0.51411557 0
    outer loop
        vertex 62.994404 -18.66671 2
        vertex 62.994404 -18.66671 0
        vertex 63.145763 -18.41419 2
    endloop
endfacet
facet normal 0.90398592 -0.42756215 0
    outer loop
        vertex 63.145763 -18.41419 2
        vertex 63.145763 -18.41419 0
        vertex 63.27164 -18.14805 2
    endloop
endfacet
facet normal 0.90398592 -0.42756215 0
    outer loop
        vertex 63.27164 -18.14805 2
        vertex 63.145763 -18.41419 0
        vertex 63.27164 -18.14805 0
    endloop
endfacet
facet normal 0.99879473 -0.04908229 0
    outer loop
        vertex 63.485554 -17.29405 0
        vertex 63.500004 -17 0
        vertex 63.500004 -17 2
    endloop
endfacet
facet normal 0.99879473 -0.04908229 0
    outer loop
        vertex 63.485554 -17.29405 2
        vertex 63.485554 -17.29405 0
        vertex 63.500004 -17 2
    endloop
endfacet
facet normal 0.98917687 -0.14672804 0
    outer loop
        vertex 63.485554 -17.29405 2
        vertex 63.442356 -17.58527 0
        vertex 63.485554 -17.29405 0
    endloop
endfacet
facet normal 0.98917687 -0.14672804 0
    outer loop
        vertex 63.485554 -17.29405 2
        vertex 63.442356 -17.58527 2
        vertex 63.442356 -17.58527 0
    endloop
endfacet
facet normal 0.97003299 -0.24297309 0
    outer loop
        vertex 63.442356 -17.58527 0
        vertex 63.442356 -17.58527 2
        vertex 63.370823 -17.870855 0
    endloop
endfacet
facet normal 0.97003299 -0.24297309 0
    outer loop
        vertex 63.370823 -17.870855 0
        vertex 63.442356 -17.58527 2
        vertex 63.370823 -17.870855 2
    endloop
endfacet
facet normal 0.94154388 -0.3368904 0
    outer loop
        vertex 63.27164 -18.14805 0
        vertex 63.370823 -17.870855 0
        vertex 63.370823 -17.870855 2
    endloop
endfacet
facet normal 0.94154388 -0.3368904 0
    outer loop
        vertex 63.27164 -18.14805 2
        vertex 63.27164 -18.14805 0
        vertex 63.370823 -17.870855 2
    endloop
endfacet
facet normal 0.85772091 -0.51411557 0
    outer loop
        vertex 62.994404 -18.66671 0
        vertex 63.145763 -18.41419 0
        vertex 63.145763 -18.41419 2
    endloop
endfacet
facet normal 0.80322105 -0.59568113 0
    outer loop
        vertex 62.819035 -18.90318 0
        vertex 62.994404 -18.66671 2
        vertex 62.819035 -18.90318 2
    endloop
endfacet
facet normal 0.6715585 -0.74095142 0
    outer loop
        vertex 62.62132 -19.12132 0
        vertex 62.62132 -19.12132 2
        vertex 62.40318 -19.31903 0
    endloop
endfacet
facet normal 0.59570205 -0.80320555 0
    outer loop
        vertex 62.40318 -19.31903 2
        vertex 62.16671 -19.49441 2
        vertex 62.16671 -19.49441 0
    endloop
endfacet
facet normal 0.42755184 -0.90399081 0
    outer loop
        vertex 61.914192 -19.645763 2
        vertex 61.64805 -19.771639 0
        vertex 61.914192 -19.645763 0
    endloop
endfacet
facet normal 0.3368904 -0.94154388 0
    outer loop
        vertex 61.370853 -19.870821 2
        vertex 61.370853 -19.870821 0
        vertex 61.64805 -19.771639 2
    endloop
endfacet
facet normal 0.04906258 -0.99879569 0
    outer loop
        vertex 60.794052 -19.985556 0
        vertex 60.794052 -19.985556 2
        vertex 60.5 -20 0
    endloop
endfacet
facet normal 0.24298376 -0.97003031 0
    outer loop
        vertex 61.085274 -19.942356 0
        vertex 61.370853 -19.870821 2
        vertex 61.085274 -19.942356 2
    endloop
endfacet
facet normal 1 -0 0
    outer loop
        vertex 63.500004 -17 2
        vertex 63.500004 -17 0
        vertex 63.500004 -2.6 2
    endloop
endfacet
facet normal 1 0 0
    outer loop
        vertex 63.500004 -2.6 2
        vertex 63.500004 -17 0
        vertex 63.500004 -2.6 0
    endloop
endfacet
facet normal 0.99879473 0.04908213 0
    outer loop
        vertex 63.500004 -2.6 2
        vertex 63.500004 -2.6 0
        vertex 63.485554 -2.3059487 2
    endloop
endfacet
facet normal 0.98917687 0.14672804 0
    outer loop
        vertex 63.485554 -2.3059487 2
        vertex 63.485554 -2.3059487 0
        vertex 63.442356 -2.014729 2
    endloop
endfacet
facet normal 0.98917687 0.14672804 0
    outer loop
        vertex 63.442356 -2.014729 2
        vertex 63.485554 -2.3059487 0
        vertex 63.442356 -2.014729 0
    endloop
endfacet
facet normal 0.97003251 0.242975 0
    outer loop
        vertex 63.370823 -1.729146 2
        vertex 63.442356 -2.014729 0
        vertex 63.370823 -1.729146 0
    endloop
endfacet
facet normal 0.94154429 0.33688894 0
    outer loop
        vertex 63.27164 -1.4519497 2
        vertex 63.370823 -1.729146 0
        vertex 63.27164 -1.4519497 0
    endloop
endfacet
facet normal 0.90398592 0.42756233 0
    outer loop
        vertex 63.145763 -1.1858099 2
        vertex 63.27164 -1.4519497 2
        vertex 63.27164 -1.4519497 0
    endloop
endfacet
facet normal 0.85772181 0.51411414 0
    outer loop
        vertex 62.994404 -0.9332893 2
        vertex 63.145763 -1.1858099 2
        vertex 63.145763 -1.1858099 0
    endloop
endfacet
facet normal 0.85772181 0.51411414 -0
    outer loop
        vertex 62.994404 -0.9332893 0
        vertex 62.994404 -0.9332893 2
        vertex 63.145763 -1.1858099 0
    endloop
endfacet
facet normal 0.80322087 0.59568131 -0
    outer loop
        vertex 62.819035 -0.69682014 0
        vertex 62.819035 -0.69682014 2
        vertex 62.994404 -0.9332893 0
    endloop
endfacet
facet normal 0.74094313 0.67156786 -0
    outer loop
        vertex 62.819035 -0.69682014 0
        vertex 62.62132 -0.47867966 2
        vertex 62.819035 -0.69682014 2
    endloop
endfacet
facet normal 0.67156041 0.74094981 -0
    outer loop
        vertex 62.62132 -0.47867966 0
        vertex 62.40318 -0.28096864 2
        vertex 62.62132 -0.47867966 2
    endloop
endfacet
facet normal 0.67156041 0.74094981 0
    outer loop
        vertex 62.62132 -0.47867966 0
        vertex 62.40318 -0.28096864 0
        vertex 62.40318 -0.28096864 2
    endloop
endfacet
facet normal 0.59569907 0.80320764 0
    outer loop
        vertex 62.40318 -0.28096864 0
        vertex 62.16671 -0.10559116 0
        vertex 62.16671 -0.10559116 2
    endloop
endfacet
facet normal 0.51410693 0.8577261 0
    outer loop
        vertex 62.16671 -0.10559116 2
        vertex 62.16671 -0.10559116 0
        vertex 61.914192 0.045763794 2
    endloop
endfacet
facet normal 0.42755002 0.90399164 0
    outer loop
        vertex 61.914192 0.045763794 2
        vertex 61.914192 0.045763794 0
        vertex 61.64805 0.17163861 2
    endloop
endfacet
facet normal 0.42755002 0.90399164 0
    outer loop
        vertex 61.64805 0.17163861 2
        vertex 61.914192 0.045763794 0
        vertex 61.64805 0.17163861 0
    endloop
endfacet
facet normal 0.04906742 0.99879539 0
    outer loop
        vertex 60.794052 0.3855542 0
        vertex 60.5 0.39999998 0
        vertex 60.5 0.39999998 2
    endloop
endfacet
facet normal 0.04906742 0.99879539 0
    outer loop
        vertex 60.794052 0.3855542 2
        vertex 60.794052 0.3855542 0
        vertex 60.5 0.39999998 2
    endloop
endfacet
facet normal 0.14672947 0.98917663 0
    outer loop
        vertex 60.794052 0.3855542 2
        vertex 61.085274 0.34235585 0
        vertex 60.794052 0.3855542 0
    endloop
endfacet
facet normal 0.14672947 0.98917663 0
    outer loop
        vertex 60.794052 0.3855542 2
        vertex 61.085274 0.34235585 2
        vertex 61.085274 0.34235585 0
    endloop
endfacet
facet normal 0.24298291 0.97003055 -0
    outer loop
        vertex 61.085274 0.34235585 0
        vertex 61.085274 0.34235585 2
        vertex 61.370853 0.270821 0
    endloop
endfacet
facet normal 0.24298291 0.97003055 -0
    outer loop
        vertex 61.370853 0.270821 0
        vertex 61.085274 0.34235585 2
        vertex 61.370853 0.270821 2
    endloop
endfacet
facet normal 0.3368912 0.94154358 0
    outer loop
        vertex 61.64805 0.17163861 0
        vertex 61.370853 0.270821 0
        vertex 61.370853 0.270821 2
    endloop
endfacet
facet normal 0.3368912 0.94154358 0
    outer loop
        vertex 61.64805 0.17163861 2
        vertex 61.64805 0.17163861 0
        vertex 61.370853 0.270821 2
    endloop
endfacet
facet normal 0.51410693 0.8577261 0
    outer loop
        vertex 62.16671 -0.10559116 0
        vertex 61.914192 0.045763794 0
        vertex 61.914192 0.045763794 2
    endloop
endfacet
facet normal 0.59569907 0.80320764 -0
    outer loop
        vertex 62.40318 -0.28096864 0
        vertex 62.16671 -0.10559116 2
        vertex 62.40318 -0.28096864 2
    endloop
endfacet
facet normal 0.74094313 0.67156786 -0
    outer loop
        vertex 62.62132 -0.47867966 0
        vertex 62.62132 -0.47867966 2
        vertex 62.819035 -0.69682014 0
    endloop
endfacet
facet normal 0.80322087 0.59568131 0
    outer loop
        vertex 62.819035 -0.69682014 2
        vertex 62.994404 -0.9332893 2
        vertex 62.994404 -0.9332893 0
    endloop
endfacet
facet normal 0.90398592 0.42756233 0
    outer loop
        vertex 63.145763 -1.1858099 2
        vertex 63.27164 -1.4519497 0
        vertex 63.145763 -1.1858099 0
    endloop
endfacet
facet normal 0.94154429 0.33688894 0
    outer loop
        vertex 63.370823 -1.729146 2
        vertex 63.370823 -1.729146 0
        vertex 63.27164 -1.4519497 2
    endloop
endfacet
facet normal 0.99879473 0.04908213 -0
    outer loop
        vertex 63.485554 -2.3059487 0
        vertex 63.485554 -2.3059487 2
        vertex 63.500004 -2.6 0
    endloop
endfacet
facet normal 0.97003251 0.242975 -0
    outer loop
        vertex 63.442356 -2.014729 0
        vertex 63.370823 -1.729146 2
        vertex 63.442356 -2.014729 2
    endloop
endfacet
facet normal 0 1 0
    outer loop
        vertex 60.5 0.39999998 2
        vertex 60.5 0.39999998 0
        vertex 51.5 0.39999998 2
    endloop
endfacet
facet normal 0 1 0
    outer loop
        vertex 51.5 0.39999998 2
        vertex 60.5 0.39999998 0
        vertex 51.5 0.39999998 0
    endloop
endfacet
facet normal -0.04906742 0.99879539 0
    outer loop
        vertex 51.5 0.39999998 2
        vertex 51.5 0.39999998 0
        vertex 51.205948 0.3855542 2
    endloop
endfacet
facet normal -0.14673136 0.98917633 0
    outer loop
        vertex 51.205948 0.3855542 2
        vertex 51.205948 0.3855542 0
        vertex 50.91473 0.34235585 2
    endloop
endfacet
facet normal -0.14673136 0.98917633 0
    outer loop
        vertex 50.91473 0.34235585 2
        vertex 51.205948 0.3855542 0
        vertex 50.91473 0.34235585 0
    endloop
endfacet
facet normal -0.24297985 0.97003126 0
    outer loop
        vertex 50.629147 0.270821 2
        vertex 50.91473 0.34235585 0
        vertex 50.629147 0.270821 0
    endloop
endfacet
facet normal -0.3368912 0.94154358 0
    outer loop
        vertex 50.35195 0.17163861 2
        vertex 50.629147 0.270821 0
        vertex 50.35195 0.17163861 0
    endloop
endfacet
facet normal -0.42755002 0.90399164 0
    outer loop
        vertex 50.085808 0.045763794 2
        vertex 50.35195 0.17163861 2
        vertex 50.35195 0.17163861 0
    endloop
endfacet
facet normal -0.51410693 0.8577261 0
    outer loop
        vertex 49.83329 -0.10559116 2
        vertex 50.085808 0.045763794 2
        vertex 50.085808 0.045763794 0
    endloop
endfacet
facet normal -0.51410693 0.8577261 0
    outer loop
        vertex 49.83329 -0.10559116 0
        vertex 49.83329 -0.10559116 2
        vertex 50.085808 0.045763794 0
    endloop
endfacet
facet normal -0.59569907 0.80320764 0
    outer loop
        vertex 49.59682 -0.28096864 0
        vertex 49.59682 -0.28096864 2
        vertex 49.83329 -0.10559116 0
    endloop
endfacet
facet normal -0.67155391 0.74095565 0
    outer loop
        vertex 49.59682 -0.28096864 0
        vertex 49.378677 -0.47867966 2
        vertex 49.59682 -0.28096864 2
    endloop
endfacet
facet normal -0.74095595 0.67155355 0
    outer loop
        vertex 49.378677 -0.47867966 0
        vertex 49.18097 -0.69682014 2
        vertex 49.378677 -0.47867966 2
    endloop
endfacet
facet normal -0.74095595 0.67155355 0
    outer loop
        vertex 49.378677 -0.47867966 0
        vertex 49.18097 -0.69682014 0
        vertex 49.18097 -0.69682014 2
    endloop
endfacet
facet normal -0.80320227 0.5957064 0
    outer loop
        vertex 49.18097 -0.69682014 0
        vertex 49.00559 -0.9332893 0
        vertex 49.00559 -0.9332893 2
    endloop
endfacet
facet normal -0.85773319 0.51409507 0
    outer loop
        vertex 49.00559 -0.9332893 2
        vertex 49.00559 -0.9332893 0
        vertex 48.854237 -1.1858099 2
    endloop
endfacet
facet normal -0.90399086 0.42755169 0
    outer loop
        vertex 48.854237 -1.1858099 2
        vertex 48.854237 -1.1858099 0
        vertex 48.728363 -1.4519497 2
    endloop
endfacet
facet normal -0.90399086 0.42755169 0
    outer loop
        vertex 48.728363 -1.4519497 2
        vertex 48.854237 -1.1858099 0
        vertex 48.728363 -1.4519497 0
    endloop
endfacet
facet normal -0.99879539 0.0490692 0
    outer loop
        vertex 48.514446 -2.3059487 0
        vertex 48.5 -2.6 0
        vertex 48.5 -2.6 2
    endloop
endfacet
facet normal -0.99879539 0.0490692 0
    outer loop
        vertex 48.514446 -2.3059487 2
        vertex 48.514446 -2.3059487 0
        vertex 48.5 -2.6 2
    endloop
endfacet
facet normal -0.98917687 0.14672804 0
    outer loop
        vertex 48.514446 -2.3059487 2
        vertex 48.557644 -2.014729 0
        vertex 48.514446 -2.3059487 0
    endloop
endfacet
facet normal -0.98917687 0.14672804 0
    outer loop
        vertex 48.514446 -2.3059487 2
        vertex 48.557644 -2.014729 2
        vertex 48.557644 -2.014729 0
    endloop
endfacet
facet normal -0.97002947 0.24298719 0
    outer loop
        vertex 48.557644 -2.014729 0
        vertex 48.557644 -2.014729 2
        vertex 48.62918 -1.729146 0
    endloop
endfacet
facet normal -0.97002947 0.24298719 0
    outer loop
        vertex 48.62918 -1.729146 0
        vertex 48.557644 -2.014729 2
        vertex 48.62918 -1.729146 2
    endloop
endfacet
facet normal -0.94154429 0.33688894 0
    outer loop
        vertex 48.728363 -1.4519497 0
        vertex 48.62918 -1.729146 0
        vertex 48.62918 -1.729146 2
    endloop
endfacet
facet normal -0.94154429 0.33688894 0
    outer loop
        vertex 48.728363 -1.4519497 2
        vertex 48.728363 -1.4519497 0
        vertex 48.62918 -1.729146 2
    endloop
endfacet
facet normal -0.85773319 0.51409507 0
    outer loop
        vertex 49.00559 -0.9332893 0
        vertex 48.854237 -1.1858099 0
        vertex 48.854237 -1.1858099 2
    endloop
endfacet
facet normal -0.80320227 0.5957064 0
    outer loop
        vertex 49.18097 -0.69682014 0
        vertex 49.00559 -0.9332893 2
        vertex 49.18097 -0.69682014 2
    endloop
endfacet
facet normal -0.67155391 0.74095565 0
    outer loop
        vertex 49.378677 -0.47867966 0
        vertex 49.378677 -0.47867966 2
        vertex 49.59682 -0.28096864 0
    endloop
endfacet
facet normal -0.59569907 0.80320764 0
    outer loop
        vertex 49.59682 -0.28096864 2
        vertex 49.83329 -0.10559116 2
        vertex 49.83329 -0.10559116 0
    endloop
endfacet
facet normal -0.42755002 0.90399164 0
    outer loop
        vertex 50.085808 0.045763794 2
        vertex 50.35195 0.17163861 0
        vertex 50.085808 0.045763794 0
    endloop
endfacet
facet normal -0.3368912 0.94154358 0
    outer loop
        vertex 50.629147 0.270821 2
        vertex 50.629147 0.270821 0
        vertex 50.35195 0.17163861 2
    endloop
endfacet
facet normal -0.04906742 0.99879539 0
    outer loop
        vertex 51.205948 0.3855542 0
        vertex 51.205948 0.3855542 2
        vertex 51.5 0.39999998 0
    endloop
endfacet
facet normal -0.24297985 0.97003126 0
    outer loop
        vertex 50.91473 0.34235585 0
        vertex 50.629147 0.270821 2
        vertex 50.91473 0.34235585 2
    endloop
endfacet
facet normal -1 -0 -0
    outer loop
        vertex 48.5 -2.6 2
        vertex 48.5 -2.6 0
        vertex 48.5 -17 2
    endloop
endfacet
facet normal -1 0 0
    outer loop
        vertex 48.5 -17 2
        vertex 48.5 -2.6 0
        vertex 48.5 -17 0
    endloop
endfacet
facet normal -0.99879539 -0.04906936 -0
    outer loop
        vertex 48.5 -17 2
        vertex 48.5 -17 0
        vertex 48.514446 -17.29405 2
    endloop
endfacet
facet normal -0.98917687 -0.14672804 -0
    outer loop
        vertex 48.514446 -17.29405 2
        vertex 48.514446 -17.29405 0
        vertex 48.557644 -17.58527 2
    endloop
endfacet
facet normal -0.98917687 -0.14672804 -0
    outer loop
        vertex 48.557644 -17.58527 2
        vertex 48.514446 -17.29405 0
        vertex 48.557644 -17.58527 0
    endloop
endfacet
facet normal -0.97002995 -0.24298528 -0
    outer loop
        vertex 48.62918 -17.870855 2
        vertex 48.557644 -17.58527 0
        vertex 48.62918 -17.870855 0
    endloop
endfacet
facet normal -0.94154388 -0.3368904 -0
    outer loop
        vertex 48.728363 -18.14805 2
        vertex 48.62918 -17.870855 0
        vertex 48.728363 -18.14805 0
    endloop
endfacet
facet normal -0.90399098 -0.42755157 0
    outer loop
        vertex 48.854237 -18.41419 2
        vertex 48.728363 -18.14805 2
        vertex 48.728363 -18.14805 0
    endloop
endfacet
facet normal -0.85773236 -0.5140965 0
    outer loop
        vertex 49.00559 -18.66671 2
        vertex 48.854237 -18.41419 2
        vertex 48.854237 -18.41419 0
    endloop
endfacet
facet normal -0.85773236 -0.5140965 0
    outer loop
        vertex 49.00559 -18.66671 0
        vertex 49.00559 -18.66671 2
        vertex 48.854237 -18.41419 0
    endloop
endfacet
facet normal -0.80320245 -0.59570622 0
    outer loop
        vertex 49.18097 -18.90318 0
        vertex 49.18097 -18.90318 2
        vertex 49.00559 -18.66671 0
    endloop
endfacet
facet normal -0.74095768 -0.67155176 0
    outer loop
        vertex 49.18097 -18.90318 0
        vertex 49.378677 -19.12132 2
        vertex 49.18097 -18.90318 2
    endloop
endfacet
facet normal -0.67155206 -0.74095726 0
    outer loop
        vertex 49.378677 -19.12132 0
        vertex 49.59682 -19.31903 2
        vertex 49.378677 -19.12132 2
    endloop
endfacet
facet normal -0.67155206 -0.74095726 0
    outer loop
        vertex 49.378677 -19.12132 0
        vertex 49.59682 -19.31903 0
        vertex 49.59682 -19.31903 2
    endloop
endfacet
facet normal -0.59570205 -0.80320555 0
    outer loop
        vertex 49.59682 -19.31903 0
        vertex 49.83329 -19.49441 0
        vertex 49.83329 -19.49441 2
    endloop
endfacet
facet normal -0.51410413 -0.85772783 -0
    outer loop
        vertex 49.83329 -19.49441 2
        vertex 49.83329 -19.49441 0
        vertex 50.085808 -19.645763 2
    endloop
endfacet
facet normal -0.42755184 -0.90399081 -0
    outer loop
        vertex 50.085808 -19.645763 2
        vertex 50.085808 -19.645763 0
        vertex 50.35195 -19.771639 2
    endloop
endfacet
facet normal -0.42755184 -0.90399081 -0
    outer loop
        vertex 50.35195 -19.771639 2
        vertex 50.085808 -19.645763 0
        vertex 50.35195 -19.771639 0
    endloop
endfacet
facet normal -0.04906258 -0.99879569 0
    outer loop
        vertex 51.205948 -19.985556 0
        vertex 51.5 -20 0
        vertex 51.5 -20 2
    endloop
endfacet
facet normal -0.04906258 -0.99879569 -0
    outer loop
        vertex 51.205948 -19.985556 2
        vertex 51.205948 -19.985556 0
        vertex 51.5 -20 2
    endloop
endfacet
facet normal -0.14673531 -0.98917574 -0
    outer loop
        vertex 51.205948 -19.985556 2
        vertex 50.91473 -19.942356 0
        vertex 51.205948 -19.985556 0
    endloop
endfacet
facet normal -0.14673531 -0.98917574 0
    outer loop
        vertex 51.205948 -19.985556 2
        vertex 50.91473 -19.942356 2
        vertex 50.91473 -19.942356 0
    endloop
endfacet
facet normal -0.2429807 -0.97003108 0
    outer loop
        vertex 50.91473 -19.942356 0
        vertex 50.91473 -19.942356 2
        vertex 50.629147 -19.870821 0
    endloop
endfacet
facet normal -0.2429807 -0.97003108 0
    outer loop
        vertex 50.629147 -19.870821 0
        vertex 50.91473 -19.942356 2
        vertex 50.629147 -19.870821 2
    endloop
endfacet
facet normal -0.3368904 -0.94154388 0
    outer loop
        vertex 50.35195 -19.771639 0
        vertex 50.629147 -19.870821 0
        vertex 50.629147 -19.870821 2
    endloop
endfacet
facet normal -0.3368904 -0.94154388 -0
    outer loop
        vertex 50.35195 -19.771639 2
        vertex 50.35195 -19.771639 0
        vertex 50.629147 -19.870821 2
    endloop
endfacet
facet normal -0.51410413 -0.85772783 0
    outer loop
        vertex 49.83329 -19.49441 0
        vertex 50.085808 -19.645763 0
        vertex 50.085808 -19.645763 2
    endloop
endfacet
facet normal -0.59570205 -0.80320555 0
    outer loop
        vertex 49.59682 -19.31903 0
        vertex 49.83329 -19.49441 2
        vertex 49.59682 -19.31903 2
    endloop
endfacet
facet normal -0.74095768 -0.67155176 0
    outer loop
        vertex 49.378677 -19.12132 0
        vertex 49.378677 -19.12132 2
        vertex 49.18097 -18.90318 0
    endloop
endfacet
facet normal -0.80320245 -0.59570622 0
    outer loop
        vertex 49.18097 -18.90318 2
        vertex 49.00559 -18.66671 2
        vertex 49.00559 -18.66671 0
    endloop
endfacet
facet normal -0.90399098 -0.42755157 -0
    outer loop
        vertex 48.854237 -18.41419 2
        vertex 48.728363 -18.14805 0
        vertex 48.854237 -18.41419 0
    endloop
endfacet
facet normal -0.94154388 -0.3368904 -0
    outer loop
        vertex 48.62918 -17.870855 2
        vertex 48.62918 -17.870855 0
        vertex 48.728363 -18.14805 2
    endloop
endfacet
facet normal -0.99879539 -0.04906936 0
    outer loop
        vertex 48.514446 -17.29405 0
        vertex 48.514446 -17.29405 2
        vertex 48.5 -17 0
    endloop
endfacet
facet normal -0.97002995 -0.24298528 0
    outer loop
        vertex 48.557644 -17.58527 0
        vertex 48.62918 -17.870855 2
        vertex 48.557644 -17.58527 2
    endloop
endfacet
facet normal 0 -1 0
    outer loop
        vertex 51.5 -20 2
        vertex 51.5 -20 0
        vertex 60.5 -20 2
    endloop
endfacet
facet normal 0 -1 -0
    outer loop
        vertex 60.5 -20 2
        vertex 51.5 -20 0
        vertex 60.5 -20 0
    endloop
endfacet
facet normal 0 0 -1
    outer loop
        vertex 57.5 -6 0
        vertex 54.5 -6 0
        vertex 60.5 0.39999998 0
    endloop
endfacet
facet normal -0 -0 -1
    outer loop
        vertex 57.5 -6 0
        vertex 57.5 -14 0
        vertex 54.5 -6 0
    endloop
endfacet
facet normal -0 -0 -1
    outer loop
        vertex 57.5 -14 0
        vertex 60.5 -20 0
        vertex 54.5 -14 0
    endloop
endfacet
facet normal 0 0 -0.99999994
    outer loop
        vertex 60.5 -14 0
        vertex 60.5 -6 0
        vertex 63.500004 -17 0
    endloop
endfacet
facet normal 0 0 -1
    outer loop
        vertex 60.5 -6 0
        vertex 63.500004 -2.6 0
        vertex 63.500004 -17 0
    endloop
endfacet
facet normal 0 0 -1
    outer loop
        vertex 57.5 -14 0
        vertex 54.5 -14 0
        vertex 54.5 -6 0
    endloop
endfacet
facet normal -0 0 -1
    outer loop
        vertex 51.5 -6 0
        vertex 48.5 -17 0
        vertex 48.5 -2.6 0
    endloop
endfacet
facet normal 0 -0 -1
    outer loop
        vertex 51.5 -14 0
        vertex 51.5 -20 0
        vertex 48.5 -17 0
    endloop
endfacet
facet normal 0 0 -1
    outer loop
        vertex 60.5 -14 0
        vertex 63.500004 -17 0
        vertex 60.5 -20 0
    endloop
endfacet
facet normal 0 -0 -1
    outer loop
        vertex 54.5 -14 0
        vertex 60.5 -20 0
        vertex 51.5 -20 0
    endloop
endfacet
facet normal 0 0 -1
    outer loop
        vertex 57.5 -6 0
        vertex 60.5 0.39999998 0
        vertex 60.5 -6 0
    endloop
endfacet
facet normal 0 0 -1
    outer loop
        vertex 60.5 0.39999998 0
        vertex 63.500004 -2.6 0
        vertex 60.5 -6 0
    endloop
endfacet
facet normal 0 0 -1
    outer loop
        vertex 54.5 -6 0
        vertex 51.5 -6 0
        vertex 51.5 0.39999998 0
    endloop
endfacet
facet normal 0 0 -1
    outer loop
        vertex 48.5 -17 0
        vertex 51.5 -20 0
        vertex 51.205948 -19.985556 0
    endloop
endfacet
facet normal 0 0 -1
    outer loop
        vertex 48.5 -17 0
        vertex 51.205948 -19.985556 0
        vertex 50.91473 -19.942356 0
    endloop
endfacet
facet normal 0 0 -1
    outer loop
        vertex 48.5 -17 0
        vertex 50.91473 -19.942356 0
        vertex 50.629147 -19.870821 0
    endloop
endfacet
facet normal 0 0 -1
    outer loop
        vertex 48.5 -17 0
        vertex 50.629147 -19.870821 0
        vertex 50.35195 -19.771639 0
    endloop
endfacet
facet normal 0 0 -1
    outer loop
        vertex 48.5 -17 0
        vertex 50.35195 -19.771639 0
        vertex 50.085808 -19.645763 0
    endloop
endfacet
facet normal 0 0 -1
    outer loop
        vertex 48.5 -17 0
        vertex 50.085808 -19.645763 0
        vertex 49.83329 -19.49441 0
    endloop
endfacet
facet normal 0 0 -1
    outer loop
        vertex 48.5 -17 0
        vertex 49.83329 -19.49441 0
        vertex 49.59682 -19.31903 0
    endloop
endfacet
facet normal 0 0 -1
    outer loop
        vertex 48.5 -17 0
        vertex 49.59682 -19.31903 0
        vertex 49.378677 -19.12132 0
    endloop
endfacet
facet normal 0 0 -1
    outer loop
        vertex 48.5 -17 0
        vertex 49.378677 -19.12132 0
        vertex 49.18097 -18.90318 0
    endloop
endfacet
facet normal 0 0 -1
    outer loop
        vertex 48.854237 -18.41419 0
        vertex 48.5 -17 0
        vertex 49.00559 -18.66671 0
    endloop
endfacet
facet normal 0 0 -1
    outer loop
        vertex 48.5 -17 0
        vertex 49.18097 -18.90318 0
        vertex 49.00559 -18.66671 0
    endloop
endfacet
facet normal 0 0 -1
    outer loop
        vertex 48.728363 -18.14805 0
        vertex 48.5 -17 0
        vertex 48.854237 -18.41419 0
    endloop
endfacet
facet normal 0 0 -1
    outer loop
        vertex 48.62918 -17.870855 0
        vertex 48.5 -17 0
        vertex 48.728363 -18.14805 0
    endloop
endfacet
facet normal 0 0 -1
    outer loop
        vertex 48.557644 -17.58527 0
        vertex 48.5 -17 0
        vertex 48.62918 -17.870855 0
    endloop
endfacet
facet normal 0 0 -1
    outer loop
        vertex 48.514446 -17.29405 0
        vertex 48.5 -17 0
        vertex 48.557644 -17.58527 0
    endloop
endfacet
facet normal -0 -0 -1
    outer loop
        vertex 60.5 -14 0
        vertex 60.5 -20 0
        vertex 57.5 -14 0
    endloop
endfacet
facet normal -0 0 -1
    outer loop
        vertex 54.5 -14 0
        vertex 51.5 -20 0
        vertex 51.5 -14 0
    endloop
endfacet
facet normal 0 -0 -1
    outer loop
        vertex 51.5 -6 0
        vertex 51.5 -14 0
        vertex 48.5 -17 0
    endloop
endfacet
facet normal 0 -0 -1
    outer loop
        vertex 51.5 0.39999998 0
        vertex 51.5 -6 0
        vertex 48.5 -2.6 0
    endloop
endfacet
facet normal 0 0 -1
    outer loop
        vertex 51.5 0.39999998 0
        vertex 48.5 -2.6 0
        vertex 48.514446 -2.3059487 0
    endloop
endfacet
facet normal 0 0 -1
    outer loop
        vertex 51.5 0.39999998 0
        vertex 48.514446 -2.3059487 0
        vertex 48.557644 -2.014729 0
    endloop
endfacet
facet normal 0 0 -1
    outer loop
        vertex 51.5 0.39999998 0
        vertex 48.557644 -2.014729 0
        vertex 48.62918 -1.729146 0
    endloop
endfacet
facet normal 0 0 -0.99999994
    outer loop
        vertex 51.5 0.39999998 0
        vertex 48.62918 -1.729146 0
        vertex 48.728363 -1.4519497 0
    endloop
endfacet
facet normal 0 0 -1
    outer loop
        vertex 51.5 0.39999998 0
        vertex 48.728363 -1.4519497 0
        vertex 48.854237 -1.1858099 0
    endloop
endfacet
facet normal 0 -0 -1
    outer loop
        vertex 49.18097 -0.69682014 0
        vertex 51.5 0.39999998 0
        vertex 49.00559 -0.9332893 0
    endloop
endfacet
facet normal 0 -0 -1
    outer loop
        vertex 49.378677 -0.47867966 0
        vertex 51.5 0.39999998 0
        vertex 49.18097 -0.69682014 0
    endloop
endfacet
facet normal 0 0 -1
    outer loop
        vertex 51.5 0.39999998 0
        vertex 49.83329 -0.10559116 0
        vertex 50.085808 0.045763794 0
    endloop
endfacet
facet normal 0 0 -1
    outer loop
        vertex 49.59682 -0.28096864 0
        vertex 49.83329 -0.10559116 0
        vertex 51.5 0.39999998 0
    endloop
endfacet
facet normal 0 0 -1
    outer loop
        vertex 51.5 0.39999998 0
        vertex 50.085808 0.045763794 0
        vertex 50.35195 0.17163861 0
    endloop
endfacet
facet normal 0 0 -1
    outer loop
        vertex 51.5 0.39999998 0
        vertex 50.35195 0.17163861 0
        vertex 50.629147 0.270821 0
    endloop
endfacet
facet normal 0 -0 -1
    outer loop
        vertex 51.205948 0.3855542 0
        vertex 51.5 0.39999998 0
        vertex 50.91473 0.34235585 0
    endloop
endfacet
facet normal 0 0 -1
    outer loop
        vertex 51.5 0.39999998 0
        vertex 49.378677 -0.47867966 0
        vertex 49.59682 -0.28096864 0
    endloop
endfacet
facet normal -0 0 -1
    outer loop
        vertex 60.5 0.39999998 0
        vertex 54.5 -6 0
        vertex 51.5 0.39999998 0
    endloop
endfacet
facet normal 0 0 -1
    outer loop
        vertex 60.794052 0.3855542 0
        vertex 61.085274 0.34235585 0
        vertex 63.500004 -2.6 0
    endloop
endfacet
facet normal 0 0 -1
    outer loop
        vertex 63.500004 -2.6 0
        vertex 61.085274 0.34235585 0
        vertex 61.370853 0.270821 0
    endloop
endfacet
facet normal 0 0 -1
    outer loop
        vertex 63.500004 -2.6 0
        vertex 61.370853 0.270821 0
        vertex 61.64805 0.17163861 0
    endloop
endfacet
facet normal 0 0 -1
    outer loop
        vertex 63.500004 -2.6 0
        vertex 61.64805 0.17163861 0
        vertex 61.914192 0.045763794 0
    endloop
endfacet
facet normal 0 0 -1
    outer loop
        vertex 63.500004 -2.6 0
        vertex 61.914192 0.045763794 0
        vertex 62.16671 -0.10559116 0
    endloop
endfacet
facet normal 0 0 -0.99999994
    outer loop
        vertex 63.500004 -2.6 0
        vertex 62.16671 -0.10559116 0
        vertex 62.40318 -0.28096864 0
    endloop
endfacet
facet normal 0 0 -1
    outer loop
        vertex 63.500004 -2.6 0
        vertex 62.40318 -0.28096864 0
        vertex 62.62132 -0.47867966 0
    endloop
endfacet
facet normal 0 0 -0.99999994
    outer loop
        vertex 63.500004 -2.6 0
        vertex 62.62132 -0.47867966 0
        vertex 62.819035 -0.69682014 0
    endloop
endfacet
facet normal -0 -0 -0.99999994
    outer loop
        vertex 63.145763 -1.1858099 0
        vertex 63.500004 -2.6 0
        vertex 62.994404 -0.9332893 0
    endloop
endfacet
facet normal 0 0 -1
    outer loop
        vertex 63.500004 -2.6 0
        vertex 62.819035 -0.69682014 0
        vertex 62.994404 -0.9332893 0
    endloop
endfacet
facet normal -0 -0 -1
    outer loop
        vertex 63.27164 -1.4519497 0
        vertex 63.500004 -2.6 0
        vertex 63.145763 -1.1858099 0
    endloop
endfacet
facet normal -0 -0 -1
    outer loop
        vertex 63.370823 -1.729146 0
        vertex 63.500004 -2.6 0
        vertex 63.27164 -1.4519497 0
    endloop
endfacet
facet normal -0 -0 -1
    outer loop
        vertex 63.442356 -2.014729 0
        vertex 63.500004 -2.6 0
        vertex 63.370823 -1.729146 0
    endloop
endfacet
facet normal -0 -0 -1
    outer loop
        vertex 63.485554 -2.3059487 0
        vertex 63.500004 -2.6 0
        vertex 63.442356 -2.014729 0
    endloop
endfacet
facet normal 0 0 -1
    outer loop
        vertex 63.500004 -2.6 0
        vertex 60.5 0.39999998 0
        vertex 60.794052 0.3855542 0
    endloop
endfacet
facet normal 0 -0 -1
    outer loop
        vertex 49.00559 -0.9332893 0
        vertex 51.5 0.39999998 0
        vertex 48.854237 -1.1858099 0
    endloop
endfacet
facet normal 0 0 -1
    outer loop
        vertex 63.500004 -17 0
        vertex 63.485554 -17.29405 0
        vertex 60.5 -20 0
    endloop
endfacet
facet normal 0 0 -1
    outer loop
        vertex 63.485554 -17.29405 0
        vertex 63.442356 -17.58527 0
        vertex 60.5 -20 0
    endloop
endfacet
facet normal 0 0 -1
    outer loop
        vertex 63.442356 -17.58527 0
        vertex 63.370823 -17.870855 0
        vertex 60.5 -20 0
    endloop
endfacet
facet normal 0 0 -1
    outer loop
        vertex 63.370823 -17.870855 0
        vertex 63.27164 -18.14805 0
        vertex 60.5 -20 0
    endloop
endfacet
facet normal 0 0 -1
    outer loop
        vertex 63.27164 -18.14805 0
        vertex 63.145763 -18.41419 0
        vertex 60.5 -20 0
    endloop
endfacet
facet normal 0 0 -0.99999994
    outer loop
        vertex 63.145763 -18.41419 0
        vertex 62.994404 -18.66671 0
        vertex 60.5 -20 0
    endloop
endfacet
facet normal 0 0 -1
    outer loop
        vertex 60.5 -20 0
        vertex 62.819035 -18.90318 0
        vertex 62.62132 -19.12132 0
    endloop
endfacet
facet normal 0 0 -1
    outer loop
        vertex 60.5 -20 0
        vertex 62.62132 -19.12132 0
        vertex 62.40318 -19.31903 0
    endloop
endfacet
facet normal 0 0 -0.99999994
    outer loop
        vertex 60.5 -20 0
        vertex 62.40318 -19.31903 0
        vertex 62.16671 -19.49441 0
    endloop
endfacet
facet normal -0 0 -0.99999994
    outer loop
        vertex 61.64805 -19.771639 0
        vertex 60.5 -20 0
        vertex 61.914192 -19.645763 0
    endloop
endfacet
facet normal 0 0 -0.99999994
    outer loop
        vertex 60.5 -20 0
        vertex 62.16671 -19.49441 0
        vertex 61.914192 -19.645763 0
    endloop
endfacet
facet normal -0 0 -1
    outer loop
        vertex 61.370853 -19.870821 0
        vertex 60.5 -20 0
        vertex 61.64805 -19.771639 0
    endloop
endfacet
facet normal -0 0 -0.99999994
    outer loop
        vertex 61.085274 -19.942356 0
        vertex 60.5 -20 0
        vertex 61.370853 -19.870821 0
    endloop
endfacet
facet normal -0 0 -1
    outer loop
        vertex 60.794052 -19.985556 0
        vertex 60.5 -20 0
        vertex 61.085274 -19.942356 0
    endloop
endfacet
facet normal 0 0 -0.99999994
    outer loop
        vertex 50.629147 0.270821 0
        vertex 50.91473 0.34235585 0
        vertex 51.5 0.39999998 0
    endloop
endfacet
facet normal -0 0 -1
    outer loop
        vertex 62.819035 -18.90318 0
        vertex 60.5 -20 0
        vertex 62.994404 -18.66671 0
    endloop
endfacet
facet normal 0 -0 1
    outer loop
        vertex 57.5 -6 2
        vertex 60.5 0.39999998 2
        vertex 54.5 -6 2
    endloop
endfacet
facet normal 0 0 1
    outer loop
        vertex 57.5 -6 2
        vertex 54.5 -6 2
        vertex 57.5 -14 2
    endloop
endfacet
facet normal 0 0 1
    outer loop
        vertex 57.5 -14 2
        vertex 54.5 -14 2
        vertex 60.5 -20 2
    endloop
endfacet
facet normal -0 0 0.99999994
    outer loop
        vertex 60.5 -14 2
        vertex 63.500004 -17 2
        vertex 60.5 -6 2
    endloop
endfacet
facet normal -0 0 1
    outer loop
        vertex 60.5 -6 2
        vertex 63.500004 -17 2
        vertex 63.500004 -2.6 2
    endloop
endfacet
facet normal 0 0 1
    outer loop
        vertex 57.5 -14 2
        vertex 54.5 -6 2
        vertex 54.5 -14 2
    endloop
endfacet
facet normal 0 0 1
    outer loop
        vertex 51.5 -6 2
        vertex 48.5 -2.6 2
        vertex 48.5 -17 2
    endloop
endfacet
facet normal 0 0 1
    outer loop
        vertex 51.5 -14 2
        vertex 48.5 -17 2
        vertex 51.5 -20 2
    endloop
endfacet
facet normal 0 0 1
    outer loop
        vertex 60.5 -14 2
        vertex 60.5 -20 2
        vertex 63.500004 -17 2
    endloop
endfacet
facet normal 0 0 1
    outer loop
        vertex 54.5 -14 2
        vertex 51.5 -20 2
        vertex 60.5 -20 2
    endloop
endfacet
facet normal 0 0 1
    outer loop
        vertex 57.5 -6 2
        vertex 60.5 -6 2
        vertex 60.5 0.39999998 2
    endloop
endfacet
facet normal 0 0 1
    outer loop
        vertex 60.5 0.39999998 2
        vertex 60.5 -6 2
        vertex 63.500004 -2.6 2
    endloop
endfacet
facet normal 0 0 1
    outer loop
        vertex 54.5 -6 2
        vertex 51.5 0.39999998 2
        vertex 51.5 -6 2
    endloop
endfacet
facet normal 0 0 1
    outer loop
        vertex 48.5 -17 2
        vertex 51.205948 -19.985556 2
        vertex 51.5 -20 2
    endloop
endfacet
facet normal 0 0 1
    outer loop
        vertex 48.5 -17 2
        vertex 50.91473 -19.942356 2
        vertex 51.205948 -19.985556 2
    endloop
endfacet
facet normal 0 0 1
    outer loop
        vertex 48.5 -17 2
        vertex 50.629147 -19.870821 2
        vertex 50.91473 -19.942356 2
    endloop
endfacet
facet normal 0 0 1
    outer loop
        vertex 48.5 -17 2
        vertex 50.35195 -19.771639 2
        vertex 50.629147 -19.870821 2
    endloop
endfacet
facet normal 0 0 1
    outer loop
        vertex 48.5 -17 2
        vertex 50.085808 -19.645763 2
        vertex 50.35195 -19.771639 2
    endloop
endfacet
facet normal 0 0 1
    outer loop
        vertex 48.5 -17 2
        vertex 49.83329 -19.49441 2
        vertex 50.085808 -19.645763 2
    endloop
endfacet
facet normal 0 0 1
    outer loop
        vertex 48.5 -17 2
        vertex 49.59682 -19.31903 2
        vertex 49.83329 -19.49441 2
    endloop
endfacet
facet normal 0 0 1
    outer loop
        vertex 48.5 -17 2
        vertex 49.378677 -19.12132 2
        vertex 49.59682 -19.31903 2
    endloop
endfacet
facet normal 0 0 1
    outer loop
        vertex 48.5 -17 2
        vertex 49.18097 -18.90318 2
        vertex 49.378677 -19.12132 2
    endloop
endfacet
facet normal -0 -0 1
    outer loop
        vertex 48.854237 -18.41419 2
        vertex 49.00559 -18.66671 2
        vertex 48.5 -17 2
    endloop
endfacet
facet normal 0 0 1
    outer loop
        vertex 48.5 -17 2
        vertex 49.00559 -18.66671 2
        vertex 49.18097 -18.90318 2
    endloop
endfacet
facet normal -0 -0 1
    outer loop
        vertex 48.728363 -18.14805 2
        vertex 48.854237 -18.41419 2
        vertex 48.5 -17 2
    endloop
endfacet
facet normal -0 -0 1
    outer loop
        vertex 48.62918 -17.870855 2
        vertex 48.728363 -18.14805 2
        vertex 48.5 -17 2
    endloop
endfacet
facet normal -0 -0 1
    outer loop
        vertex 48.557644 -17.58527 2
        vertex 48.62918 -17.870855 2
        vertex 48.5 -17 2
    endloop
endfacet
facet normal -0 -0 1
    outer loop
        vertex 48.514446 -17.29405 2
        vertex 48.557644 -17.58527 2
        vertex 48.5 -17 2
    endloop
endfacet
facet normal 0 0 1
    outer loop
        vertex 60.5 -14 2
        vertex 57.5 -14 2
        vertex 60.5 -20 2
    endloop
endfacet
facet normal 0 0 1
    outer loop
        vertex 54.5 -14 2
        vertex 51.5 -14 2
        vertex 51.5 -20 2
    endloop
endfacet
facet normal 0 0 1
    outer loop
        vertex 51.5 -6 2
        vertex 48.5 -17 2
        vertex 51.5 -14 2
    endloop
endfacet
facet normal 0 0 1
    outer loop
        vertex 51.5 0.39999998 2
        vertex 48.5 -2.6 2
        vertex 51.5 -6 2
    endloop
endfacet
facet normal 0 0 1
    outer loop
        vertex 51.5 0.39999998 2
        vertex 48.514446 -2.3059487 2
        vertex 48.5 -2.6 2
    endloop
endfacet
facet normal 0 0 1
    outer loop
        vertex 51.5 0.39999998 2
        vertex 48.557644 -2.014729 2
        vertex 48.514446 -2.3059487 2
    endloop
endfacet
facet normal 0 0 1
    outer loop
        vertex 51.5 0.39999998 2
        vertex 48.62918 -1.729146 2
        vertex 48.557644 -2.014729 2
    endloop
endfacet
facet normal 0 0 0.99999994
    outer loop
        vertex 51.5 0.39999998 2
        vertex 48.728363 -1.4519497 2
        vertex 48.62918 -1.729146 2
    endloop
endfacet
facet normal 0 0 1
    outer loop
        vertex 51.5 0.39999998 2
        vertex 48.854237 -1.1858099 2
        vertex 48.728363 -1.4519497 2
    endloop
endfacet
facet normal -0 0 1
    outer loop
        vertex 49.18097 -0.69682014 2
        vertex 49.00559 -0.9332893 2
        vertex 51.5 0.39999998 2
    endloop
endfacet
facet normal -0 0 1
    outer loop
        vertex 49.378677 -0.47867966 2
        vertex 49.18097 -0.69682014 2
        vertex 51.5 0.39999998 2
    endloop
endfacet
facet normal 0 0 1
    outer loop
        vertex 51.5 0.39999998 2
        vertex 50.085808 0.045763794 2
        vertex 49.83329 -0.10559116 2
    endloop
endfacet
facet normal 0 0 1
    outer loop
        vertex 49.59682 -0.28096864 2
        vertex 51.5 0.39999998 2
        vertex 49.83329 -0.10559116 2
    endloop
endfacet
facet normal 0 0 1
    outer loop
        vertex 51.5 0.39999998 2
        vertex 50.35195 0.17163861 2
        vertex 50.085808 0.045763794 2
    endloop
endfacet
facet normal 0 0 1
    outer loop
        vertex 51.5 0.39999998 2
        vertex 50.629147 0.270821 2
        vertex 50.35195 0.17163861 2
    endloop
endfacet
facet normal -0 0 1
    outer loop
        vertex 51.205948 0.3855542 2
        vertex 50.91473 0.34235585 2
        vertex 51.5 0.39999998 2
    endloop
endfacet
facet normal 0 0 1
    outer loop
        vertex 51.5 0.39999998 2
        vertex 49.59682 -0.28096864 2
        vertex 49.378677 -0.47867966 2
    endloop
endfacet
facet normal 0 0 1
    outer loop
        vertex 60.5 0.39999998 2
        vertex 51.5 0.39999998 2
        vertex 54.5 -6 2
    endloop
endfacet
facet normal 0 0 1
    outer loop
        vertex 60.794052 0.3855542 2
        vertex 63.500004 -2.6 2
        vertex 61.085274 0.34235585 2
    endloop
endfacet
facet normal 0 0 1
    outer loop
        vertex 63.500004 -2.6 2
        vertex 61.370853 0.270821 2
        vertex 61.085274 0.34235585 2
    endloop
endfacet
facet normal 0 0 1
    outer loop
        vertex 63.500004 -2.6 2
        vertex 61.64805 0.17163861 2
        vertex 61.370853 0.270821 2
    endloop
endfacet
facet normal 0 0 1
    outer loop
        vertex 63.500004 -2.6 2
        vertex 61.914192 0.045763794 2
        vertex 61.64805 0.17163861 2
    endloop
endfacet
facet normal 0 0 1
    outer loop
        vertex 63.500004 -2.6 2
        vertex 62.16671 -0.10559116 2
        vertex 61.914192 0.045763794 2
    endloop
endfacet
facet normal 0 0 0.99999994
    outer loop
        vertex 63.500004 -2.6 2
        vertex 62.40318 -0.28096864 2
        vertex 62.16671 -0.10559116 2
    endloop
endfacet
facet normal 0 0 1
    outer loop
        vertex 63.500004 -2.6 2
        vertex 62.62132 -0.47867966 2
        vertex 62.40318 -0.28096864 2
    endloop
endfacet
facet normal 0 0 0.99999994
    outer loop
        vertex 63.500004 -2.6 2
        vertex 62.819035 -0.69682014 2
        vertex 62.62132 -0.47867966 2
    endloop
endfacet
facet normal 0 0 0.99999994
    outer loop
        vertex 63.145763 -1.1858099 2
        vertex 62.994404 -0.9332893 2
        vertex 63.500004 -2.6 2
    endloop
endfacet
facet normal 0 0 1
    outer loop
        vertex 63.500004 -2.6 2
        vertex 62.994404 -0.9332893 2
        vertex 62.819035 -0.69682014 2
    endloop
endfacet
facet normal 0 0 1
    outer loop
        vertex 63.27164 -1.4519497 2
        vertex 63.145763 -1.1858099 2
        vertex 63.500004 -2.6 2
    endloop
endfacet
facet normal 0 0 1
    outer loop
        vertex 63.370823 -1.729146 2
        vertex 63.27164 -1.4519497 2
        vertex 63.500004 -2.6 2
    endloop
endfacet
facet normal 0 0 1
    outer loop
        vertex 63.442356 -2.014729 2
        vertex 63.370823 -1.729146 2
        vertex 63.500004 -2.6 2
    endloop
endfacet
facet normal 0 0 1
    outer loop
        vertex 63.485554 -2.3059487 2
        vertex 63.442356 -2.014729 2
        vertex 63.500004 -2.6 2
    endloop
endfacet
facet normal 0 0 1
    outer loop
        vertex 63.500004 -2.6 2
        vertex 60.794052 0.3855542 2
        vertex 60.5 0.39999998 2
    endloop
endfacet
facet normal -0 0 1
    outer loop
        vertex 49.00559 -0.9332893 2
        vertex 48.854237 -1.1858099 2
        vertex 51.5 0.39999998 2
    endloop
endfacet
facet normal 0 0 1
    outer loop
        vertex 63.500004 -17 2
        vertex 60.5 -20 2
        vertex 63.485554 -17.29405 2
    endloop
endfacet
facet normal 0 0 1
    outer loop
        vertex 63.485554 -17.29405 2
        vertex 60.5 -20 2
        vertex 63.442356 -17.58527 2
    endloop
endfacet
facet normal 0 0 1
    outer loop
        vertex 63.442356 -17.58527 2
        vertex 60.5 -20 2
        vertex 63.370823 -17.870855 2
    endloop
endfacet
facet normal 0 0 1
    outer loop
        vertex 63.370823 -17.870855 2
        vertex 60.5 -20 2
        vertex 63.27164 -18.14805 2
    endloop
endfacet
facet normal 0 0 1
    outer loop
        vertex 63.27164 -18.14805 2
        vertex 60.5 -20 2
        vertex 63.145763 -18.41419 2
    endloop
endfacet
facet normal 0 0 0.99999994
    outer loop
        vertex 63.145763 -18.41419 2
        vertex 60.5 -20 2
        vertex 62.994404 -18.66671 2
    endloop
endfacet
facet normal 0 0 1
    outer loop
        vertex 60.5 -20 2
        vertex 62.62132 -19.12132 2
        vertex 62.819035 -18.90318 2
    endloop
endfacet
facet normal 0 0 1
    outer loop
        vertex 60.5 -20 2
        vertex 62.40318 -19.31903 2
        vertex 62.62132 -19.12132 2
    endloop
endfacet
facet normal 0 0 0.99999994
    outer loop
        vertex 60.5 -20 2
        vertex 62.16671 -19.49441 2
        vertex 62.40318 -19.31903 2
    endloop
endfacet
facet normal 0 -0 0.99999994
    outer loop
        vertex 61.64805 -19.771639 2
        vertex 61.914192 -19.645763 2
        vertex 60.5 -20 2
    endloop
endfacet
facet normal 0 0 0.99999994
    outer loop
        vertex 60.5 -20 2
        vertex 61.914192 -19.645763 2
        vertex 62.16671 -19.49441 2
    endloop
endfacet
facet normal 0 -0 1
    outer loop
        vertex 61.370853 -19.870821 2
        vertex 61.64805 -19.771639 2
        vertex 60.5 -20 2
    endloop
endfacet
facet normal 0 -0 0.99999994
    outer loop
        vertex 61.085274 -19.942356 2
        vertex 61.370853 -19.870821 2
        vertex 60.5 -20 2
    endloop
endfacet
facet normal 0 -0 1
    outer loop
        vertex 60.794052 -19.985556 2
        vertex 61.085274 -19.942356 2
        vertex 60.5 -20 2
    endloop
endfacet
facet normal 0 0 0.99999994
    outer loop
        vertex 50.629147 0.270821 2
        vertex 51.5 0.39999998 2
        vertex 50.91473 0.34235585 2
    endloop
endfacet
facet normal 0 -0 1
    outer loop
        vertex 62.819035 -18.90318 2
        vertex 62.994404 -18.66671 2
        vertex 60.5 -20 2
    endloop
endfacet
facet normal 0 1 0
    outer loop
        vertex 57.5 -14 0
        vertex 57.5 -14 2
        vertex 60.5 -14 0
    endloop
endfacet
facet normal -0 1 0
    outer loop
        vertex 57.5 -14 2
        vertex 60.5 -14 2
        vertex 60.5 -14 0
    endloop
endfacet
facet normal 1 0 -0
    outer loop
        vertex 57.5 -6 0
        vertex 57.5 -6 2
        vertex 57.5 -14 0
    endloop
endfacet
facet normal 1 0 0
    outer loop
        vertex 57.5 -6 2
        vertex 57.5 -14 2
        vertex 57.5 -14 0
    endloop
endfacet
facet normal 0 -1 0
    outer loop
        vertex 60.5 -6 0
        vertex 60.5 -6 2
        vertex 57.5 -6 0
    endloop
endfacet
facet normal -0 -1 0
    outer loop
        vertex 60.5 -6 2
        vertex 57.5 -6 2
        vertex 57.5 -6 0
    endloop
endfacet
facet normal -1 0 0
    outer loop
        vertex 60.5 -14 0
        vertex 60.5 -14 2
        vertex 60.5 -6 0
    endloop
endfacet
facet normal -1 0 0
    outer loop
        vertex 60.5 -14 2
        vertex 60.5 -6 2
        vertex 60.5 -6 0
    endloop
endfacet
facet normal 0 1 0
    outer loop
        vertex 51.5 -14 0
        vertex 51.5 -14 2
        vertex 54.5 -14 0
    endloop
endfacet
facet normal -0 1 0
    outer loop
        vertex 51.5 -14 2
        vertex 54.5 -14 2
        vertex 54.5 -14 0
    endloop
endfacet
facet normal 1 0 -0
    outer loop
        vertex 51.5 -6 0
        vertex 51.5 -6 2
        vertex 51.5 -14 0
    endloop
endfacet
facet normal 1 0 0
    outer loop
        vertex 51.5 -6 2
        vertex 51.5 -14 2
        vertex 51.5 -14 0
    endloop
endfacet
facet normal 0 -1 0
    outer loop
        vertex 54.5 -6 0
        vertex 54.5 -6 2
        vertex 51.5 -6 0
    endloop
endfacet
facet normal -0 -1 0
    outer loop
        vertex 54.5 -6 2
        vertex 51.5 -6 2
        vertex 51.5 -6 0
    endloop
endfacet
facet normal -1 0 0
    outer loop
        vertex 54.5 -14 0
        vertex 54.5 -14 2
        vertex 54.5 -6 0
    endloop
endfacet
facet normal -1 0 0
    outer loop
        vertex 54.5 -14 2
        vertex 54.5 -6 2
        vertex 54.5 -6 0
    endloop
endfacet
facet normal 0.04906512 -0.99879563 0
    outer loop
        vertex 172.5 -20 2
        vertex 172.5 -20 0
        vertex 172.79404 -19.985556 2
    endloop
endfacet
facet normal 0.14672969 -0.98917669 0
    outer loop
        vertex 172.79404 -19.985556 2
        vertex 172.79404 -19.985556 0
        vertex 173.08527 -19.942356 2
    endloop
endfacet
facet normal 0.14672969 -0.98917669 0
    outer loop
        vertex 173.08527 -19.942356 2
        vertex 172.79404 -19.985556 0
        vertex 173.08527 -19.942356 0
    endloop
endfacet
facet normal 0.2429807 -0.97003108 0
    outer loop
        vertex 173.37085 -19.870821 2
        vertex 173.08527 -19.942356 0
        vertex 173.37085 -19.870821 0
    endloop
endfacet
facet normal 0.33689451 -0.94154239 0
    outer loop
        vertex 173.64804 -19.771639 2
        vertex 173.37085 -19.870821 0
        vertex 173.64804 -19.771639 0
    endloop
endfacet
facet normal 0.42753184 -0.90400034 0
    outer loop
        vertex 173.9142 -19.645763 2
        vertex 173.64804 -19.771639 2
        vertex 173.64804 -19.771639 0
    endloop
endfacet
facet normal 0.51412696 -0.85771412 0
    outer loop
        vertex 174.1667 -19.49441 2
        vertex 173.9142 -19.645763 2
        vertex 173.9142 -19.645763 0
    endloop
endfacet
facet normal 0.51412696 -0.85771412 0
    outer loop
        vertex 174.1667 -19.49441 0
        vertex 174.1667 -19.49441 2
        vertex 173.9142 -19.645763 0
    endloop
endfacet
facet normal 0.5956834 -0.80321926 0
    outer loop
        vertex 174.40318 -19.31903 0
        vertex 174.40318 -19.31903 2
        vertex 174.1667 -19.49441 0
    endloop
endfacet
facet normal 0.67158437 -0.74092817 0
    outer loop
        vertex 174.40318 -19.31903 0
        vertex 174.6213 -19.12132 2
        vertex 174.40318 -19.31903 2
    endloop
endfacet
facet normal 0.74093187 -0.67158026 0
    outer loop
        vertex 174.6213 -19.12132 0
        vertex 174.81903 -18.90318 2
        vertex 174.6213 -19.12132 2
    endloop
endfacet
facet normal 0.74093187 -0.67158026 0
    outer loop
        vertex 174.6213 -19.12132 0
        vertex 174.81903 -18.90318 0
        vertex 174.81903 -18.90318 2
    endloop
endfacet
facet normal 0.80319619 -0.59571451 0
    outer loop
        vertex 174.81903 -18.90318 0
        vertex 174.99442 -18.66671 0
        vertex 174.99442 -18.66671 2
    endloop
endfacet
facet normal 0.85773236 -0.5140965 0
    outer loop
        vertex 174.99442 -18.66671 2
        vertex 174.99442 -18.66671 0
        vertex 175.14577 -18.41419 2
    endloop
endfacet
facet normal 0.90397596 -0.42758334 0
    outer loop
        vertex 175.14577 -18.41419 2
        vertex 175.14577 -18.41419 0
        vertex 175.27165 -18.14805 2
    endloop
endfacet
facet normal 0.90397596 -0.42758334 0
    outer loop
        vertex 175.27165 -18.14805 2
        vertex 175.14577 -18.41419 0
        vertex 175.27165 -18.14805 0
    endloop
endfacet
facet normal 0.99879473 -0.04908229 0
    outer loop
        vertex 175.48555 -17.29405 0
        vertex 175.5 -17 0
        vertex 175.5 -17 2
    endloop
endfacet
facet normal 0.99879473 -0.04908229 0
    outer loop
        vertex 175.48555 -17.29405 2
        vertex 175.48555 -17.29405 0
        vertex 175.5 -17 2
    endloop
endfacet
facet normal 0.98917687 -0.14672804 0
    outer loop
        vertex 175.48555 -17.29405 2
        vertex 175.44235 -17.58527 0
        vertex 175.48555 -17.29405 0
    endloop
endfacet
facet normal 0.98917687 -0.14672804 0
    outer loop
        vertex 175.48555 -17.29405 2
        vertex 175.44235 -17.58527 2
        vertex 175.44235 -17.58527 0
    endloop
endfacet
facet normal 0.97004527 -0.24292433 0
    outer loop
        vertex 175.44235 -17.58527 0
        vertex 175.44235 -17.58527 2
        vertex 175.37083 -17.870855 0
    endloop
endfacet
facet normal 0.97004527 -0.24292433 0
    outer loop
        vertex 175.37083 -17.870855 0
        vertex 175.44235 -17.58527 2
        vertex 175.37083 -17.870855 2
    endloop
endfacet
facet normal 0.94154388 -0.3368904 0
    outer loop
        vertex 175.27165 -18.14805 0
        vertex 175.37083 -17.870855 0
        vertex 175.37083 -17.870855 2
    endloop
endfacet
facet normal 0.94154388 -0.3368904 0
    outer loop
        vertex 175.27165 -18.14805 2
        vertex 175.27165 -18.14805 0
        vertex 175.37083 -17.870855 2
    endloop
endfacet
facet normal 0.85773236 -0.5140965 0
    outer loop
        vertex 174.99442 -18.66671 0
        vertex 175.14577 -18.41419 0
        vertex 175.14577 -18.41419 2
    endloop
endfacet
facet normal 0.80319619 -0.59571451 0
    outer loop
        vertex 174.81903 -18.90318 0
        vertex 174.99442 -18.66671 2
        vertex 174.81903 -18.90318 2
    endloop
endfacet
facet normal 0.67158437 -0.74092817 0
    outer loop
        vertex 174.6213 -19.12132 0
        vertex 174.6213 -19.12132 2
        vertex 174.40318 -19.31903 0
    endloop
endfacet
facet normal 0.5956834 -0.80321926 0
    outer loop
        vertex 174.40318 -19.31903 2
        vertex 174.1667 -19.49441 2
        vertex 174.1667 -19.49441 0
    endloop
endfacet
facet normal 0.42753184 -0.90400034 0
    outer loop
        vertex 173.9142 -19.645763 2
        vertex 173.64804 -19.771639 0
        vertex 173.9142 -19.645763 0
    endloop
endfacet
facet normal 0.33689451 -0.94154239 0
    outer loop
        vertex 173.37085 -19.870821 2
        vertex 173.37085 -19.870821 0
        vertex 173.64804 -19.771639 2
    endloop
endfacet
facet normal 0.04906512 -0.99879563 0
    outer loop
        vertex 172.79404 -19.985556 0
        vertex 172.79404 -19.985556 2
        vertex 172.5 -20 0
    endloop
endfacet
facet normal 0.2429807 -0.97003108 0
    outer loop
        vertex 173.08527 -19.942356 0
        vertex 173.37085 -19.870821 2
        vertex 173.08527 -19.942356 2
    endloop
endfacet
facet normal 1 -0 0
    outer loop
        vertex 175.5 -17 2
        vertex 175.5 -17 0
        vertex 175.5 -2.6 2
    endloop
endfacet
facet normal 1 0 0
    outer loop
        vertex 175.5 -2.6 2
        vertex 175.5 -17 0
        vertex 175.5 -2.6 0
    endloop
endfacet
facet normal 0.99879473 0.04908213 0
    outer loop
        vertex 175.5 -2.6 2
        vertex 175.5 -2.6 0
        vertex 175.48555 -2.3059487 2
    endloop
endfacet
facet normal 0.98917687 0.14672804 0
    outer loop
        vertex 175.48555 -2.3059487 2
        vertex 175.48555 -2.3059487 0
        vertex 175.44235 -2.014729 2
    endloop
endfacet
facet normal 0.98917687 0.14672804 0
    outer loop
        vertex 175.44235 -2.014729 2
        vertex 175.48555 -2.3059487 0
        vertex 175.44235 -2.014729 0
    endloop
endfacet
facet normal 0.97004479 0.24292624 0
    outer loop
        vertex 175.37083 -1.729146 2
        vertex 175.44235 -2.014729 0
        vertex 175.37083 -1.729146 0
    endloop
endfacet
facet normal 0.94154429 0.33688894 0
    outer loop
        vertex 175.27165 -1.4519497 2
        vertex 175.37083 -1.729146 0
        vertex 175.27165 -1.4519497 0
    endloop
endfacet
facet normal 0.90397578 0.42758346 0
    outer loop
        vertex 175.14577 -1.1858099 2
        vertex 175.27165 -1.4519497 2
        vertex 175.27165 -1.4519497 0
    endloop
endfacet
facet normal 0.85773319 0.51409507 0
    outer loop
        vertex 174.99442 -0.9332893 2
        vertex 175.14577 -1.1858099 2
        vertex 175.14577 -1.1858099 0
    endloop
endfacet
facet normal 0.85773319 0.51409507 -0
    outer loop
        vertex 174.99442 -0.9332893 0
        vertex 174.99442 -0.9332893 2
        vertex 175.14577 -1.1858099 0
    endloop
endfacet
facet normal 0.80319613 0.59571481 -0
    outer loop
        vertex 174.81903 -0.69682014 0
        vertex 174.81903 -0.69682014 2
        vertex 174.99442 -0.9332893 0
    endloop
endfacet
facet normal 0.74093026 0.6715821 -0
    outer loop
        vertex 174.81903 -0.69682014 0
        vertex 174.6213 -0.47867966 2
        vertex 174.81903 -0.69682014 2
    endloop
endfacet
facet normal 0.67158622 0.7409265 -0
    outer loop
        vertex 174.6213 -0.47867966 0
        vertex 174.40318 -0.28096864 2
        vertex 174.6213 -0.47867966 2
    endloop
endfacet
facet normal 0.67158622 0.7409265 0
    outer loop
        vertex 174.6213 -0.47867966 0
        vertex 174.40318 -0.28096864 0
        vertex 174.40318 -0.28096864 2
    endloop
endfacet
facet normal 0.59568053 0.80322146 0
    outer loop
        vertex 174.40318 -0.28096864 0
        vertex 174.1667 -0.10559116 0
        vertex 174.1667 -0.10559116 2
    endloop
endfacet
facet normal 0.51412976 0.85771239 0
    outer loop
        vertex 174.1667 -0.10559116 2
        vertex 174.1667 -0.10559116 0
        vertex 173.9142 0.045763794 2
    endloop
endfacet
facet normal 0.42752999 0.90400112 0
    outer loop
        vertex 173.9142 0.045763794 2
        vertex 173.9142 0.045763794 0
        vertex 173.64804 0.17163861 2
    endloop
endfacet
facet normal 0.42752999 0.90400112 0
    outer loop
        vertex 173.64804 0.17163861 2
        vertex 173.9142 0.045763794 0
        vertex 173.64804 0.17163861 0
    endloop
endfacet
facet normal 0.04906997 0.99879533 0
    outer loop
        vertex 172.79404 0.3855542 0
        vertex 172.5 0.39999998 0
        vertex 172.5 0.39999998 2
    endloop
endfacet
facet normal 0.04906997 0.99879533 0
    outer loop
        vertex 172.79404 0.3855542 2
        vertex 172.79404 0.3855542 0
        vertex 172.5 0.39999998 2
    endloop
endfacet
facet normal 0.14672571 0.98917717 0
    outer loop
        vertex 172.79404 0.3855542 2
        vertex 173.08527 0.34235585 0
        vertex 172.79404 0.3855542 0
    endloop
endfacet
facet normal 0.14672571 0.98917717 0
    outer loop
        vertex 172.79404 0.3855542 2
        vertex 173.08527 0.34235585 2
        vertex 173.08527 0.34235585 0
    endloop
endfacet
facet normal 0.24297985 0.97003126 -0
    outer loop
        vertex 173.08527 0.34235585 0
        vertex 173.08527 0.34235585 2
        vertex 173.37085 0.270821 0
    endloop
endfacet
facet normal 0.24297985 0.97003126 -0
    outer loop
        vertex 173.37085 0.270821 0
        vertex 173.08527 0.34235585 2
        vertex 173.37085 0.270821 2
    endloop
endfacet
facet normal 0.33689532 0.94154215 0
    outer loop
        vertex 173.64804 0.17163861 0
        vertex 173.37085 0.270821 0
        vertex 173.37085 0.270821 2
    endloop
endfacet
facet normal 0.33689532 0.94154215 0
    outer loop
        vertex 173.64804 0.17163861 2
        vertex 173.64804 0.17163861 0
        vertex 173.37085 0.270821 2
    endloop
endfacet
facet normal 0.51412976 0.85771239 0
    outer loop
        vertex 174.1667 -0.10559116 0
        vertex 173.9142 0.045763794 0
        vertex 173.9142 0.045763794 2
    endloop
endfacet
facet normal 0.59568053 0.80322146 -0
    outer loop
        vertex 174.40318 -0.28096864 0
        vertex 174.1667 -0.10559116 2
        vertex 174.40318 -0.28096864 2
    endloop
endfacet
facet normal 0.74093026 0.6715821 -0
    outer loop
        vertex 174.6213 -0.47867966 0
        vertex 174.6213 -0.47867966 2
        vertex 174.81903 -0.69682014 0
    endloop
endfacet
facet normal 0.80319613 0.59571481 0
    outer loop
        vertex 174.81903 -0.69682014 2
        vertex 174.99442 -0.9332893 2
        vertex 174.99442 -0.9332893 0
    endloop
endfacet
facet normal 0.90397578 0.42758346 0
    outer loop
        vertex 175.14577 -1.1858099 2
        vertex 175.27165 -1.4519497 0
        vertex 175.14577 -1.1858099 0
    endloop
endfacet
facet normal 0.94154429 0.33688894 0
    outer loop
        vertex 175.37083 -1.729146 2
        vertex 175.37083 -1.729146 0
        vertex 175.27165 -1.4519497 2
    endloop
endfacet
facet normal 0.99879473 0.04908213 -0
    outer loop
        vertex 175.48555 -2.3059487 0
        vertex 175.48555 -2.3059487 2
        vertex 175.5 -2.6 0
    endloop
endfacet
facet normal 0.97004479 0.24292624 -0
    outer loop
        vertex 175.44235 -2.014729 0
        vertex 175.37083 -1.729146 2
        vertex 175.44235 -2.014729 2
    endloop
endfacet
facet normal 0 1 0
    outer loop
        vertex 172.5 0.39999998 2
        vertex 172.5 0.39999998 0
        vertex 163.5 0.39999998 2
    endloop
endfacet
facet normal 0 1 0
    outer loop
        vertex 163.5 0.39999998 2
        vertex 172.5 0.39999998 0
        vertex 163.5 0.39999998 0
    endloop
endfacet
facet normal -0.04906742 0.99879539 0
    outer loop
        vertex 163.5 0.39999998 2
        vertex 163.5 0.39999998 0
        vertex 163.20595 0.3855542 2
    endloop
endfacet
facet normal -0.14672571 0.98917717 0
    outer loop
        vertex 163.20595 0.3855542 2
        vertex 163.20595 0.3855542 0
        vertex 162.91472 0.34235585 2
    endloop
endfacet
facet normal -0.14672571 0.98917717 0
    outer loop
        vertex 162.91472 0.34235585 2
        vertex 163.20595 0.3855542 0
        vertex 162.91472 0.34235585 0
    endloop
endfacet
facet normal -0.24297985 0.97003126 0
    outer loop
        vertex 162.62914 0.270821 2
        vertex 162.91472 0.34235585 0
        vertex 162.62914 0.270821 0
    endloop
endfacet
facet normal -0.33689532 0.94154215 0
    outer loop
        vertex 162.35194 0.17163861 2
        vertex 162.62914 0.270821 0
        vertex 162.35194 0.17163861 0
    endloop
endfacet
facet normal -0.42757004 0.90398222 0
    outer loop
        vertex 162.08582 0.045763794 2
        vertex 162.35194 0.17163861 2
        vertex 162.35194 0.17163861 0
    endloop
endfacet
facet normal -0.5140841 0.85773987 0
    outer loop
        vertex 161.83328 -0.10559116 2
        vertex 162.08582 0.045763794 2
        vertex 162.08582 0.045763794 0
    endloop
endfacet
facet normal -0.5140841 0.85773987 0
    outer loop
        vertex 161.83328 -0.10559116 0
        vertex 161.83328 -0.10559116 2
        vertex 162.08582 0.045763794 0
    endloop
endfacet
facet normal -0.59570533 0.80320311 0
    outer loop
        vertex 161.59682 -0.28096864 0
        vertex 161.59682 -0.28096864 2
        vertex 161.83328 -0.10559116 0
    endloop
endfacet
facet normal -0.67156041 0.74094981 0
    outer loop
        vertex 161.59682 -0.28096864 0
        vertex 161.37868 -0.47867966 2
        vertex 161.59682 -0.28096864 2
    endloop
endfacet
facet normal -0.74095595 0.67155355 0
    outer loop
        vertex 161.37868 -0.47867966 0
        vertex 161.18097 -0.69682014 2
        vertex 161.37868 -0.47867966 2
    endloop
endfacet
facet normal -0.74095595 0.67155355 0
    outer loop
        vertex 161.37868 -0.47867966 0
        vertex 161.18097 -0.69682014 0
        vertex 161.18097 -0.69682014 2
    endloop
endfacet
facet normal -0.80319613 0.59571481 0
    outer loop
        vertex 161.18097 -0.69682014 0
        vertex 161.00558 -0.9332893 0
        vertex 161.00558 -0.9332893 2
    endloop
endfacet
facet normal -0.85773319 0.51409507 0
    outer loop
        vertex 161.00558 -0.9332893 2
        vertex 161.00558 -0.9332893 0
        vertex 160.85423 -1.1858099 2
    endloop
endfacet
facet normal -0.90399599 0.42754117 0
    outer loop
        vertex 160.85423 -1.1858099 2
        vertex 160.85423 -1.1858099 0
        vertex 160.72836 -1.4519497 2
    endloop
endfacet
facet normal -0.90399599 0.42754117 0
    outer loop
        vertex 160.72836 -1.4519497 2
        vertex 160.85423 -1.1858099 0
        vertex 160.72836 -1.4519497 0
    endloop
endfacet
facet normal -0.99879473 0.04908213 0
    outer loop
        vertex 160.51445 -2.3059487 0
        vertex 160.5 -2.6 0
        vertex 160.5 -2.6 2
    endloop
endfacet
facet normal -0.99879473 0.04908213 0
    outer loop
        vertex 160.51445 -2.3059487 2
        vertex 160.51445 -2.3059487 0
        vertex 160.5 -2.6 2
    endloop
endfacet
facet normal -0.98917687 0.14672804 0
    outer loop
        vertex 160.51445 -2.3059487 2
        vertex 160.55765 -2.014729 0
        vertex 160.51445 -2.3059487 0
    endloop
endfacet
facet normal -0.98917687 0.14672804 0
    outer loop
        vertex 160.51445 -2.3059487 2
        vertex 160.55765 -2.014729 2
        vertex 160.55765 -2.014729 0
    endloop
endfacet
facet normal -0.97003251 0.242975 0
    outer loop
        vertex 160.55765 -2.014729 0
        vertex 160.55765 -2.014729 2
        vertex 160.62918 -1.729146 0
    endloop
endfacet
facet normal -0.97003251 0.242975 0
    outer loop
        vertex 160.62918 -1.729146 0
        vertex 160.55765 -2.014729 2
        vertex 160.62918 -1.729146 2
    endloop
endfacet
facet normal -0.94154429 0.33688894 0
    outer loop
        vertex 160.72836 -1.4519497 0
        vertex 160.62918 -1.729146 0
        vertex 160.62918 -1.729146 2
    endloop
endfacet
facet normal -0.94154429 0.33688894 0
    outer loop
        vertex 160.72836 -1.4519497 2
        vertex 160.72836 -1.4519497 0
        vertex 160.62918 -1.729146 2
    endloop
endfacet
facet normal -0.85773319 0.51409507 0
    outer loop
        vertex 161.00558 -0.9332893 0
        vertex 160.85423 -1.1858099 0
        vertex 160.85423 -1.1858099 2
    endloop
endfacet
facet normal -0.80319613 0.59571481 0
    outer loop
        vertex 161.18097 -0.69682014 0
        vertex 161.00558 -0.9332893 2
        vertex 161.18097 -0.69682014 2
    endloop
endfacet
facet normal -0.67156041 0.74094981 0
    outer loop
        vertex 161.37868 -0.47867966 0
        vertex 161.37868 -0.47867966 2
        vertex 161.59682 -0.28096864 0
    endloop
endfacet
facet normal -0.59570533 0.80320311 0
    outer loop
        vertex 161.59682 -0.28096864 2
        vertex 161.83328 -0.10559116 2
        vertex 161.83328 -0.10559116 0
    endloop
endfacet
facet normal -0.42757004 0.90398222 0
    outer loop
        vertex 162.08582 0.045763794 2
        vertex 162.35194 0.17163861 0
        vertex 162.08582 0.045763794 0
    endloop
endfacet
facet normal -0.33689532 0.94154215 0
    outer loop
        vertex 162.62914 0.270821 2
        vertex 162.62914 0.270821 0
        vertex 162.35194 0.17163861 2
    endloop
endfacet
facet normal -0.04906742 0.99879539 0
    outer loop
        vertex 163.20595 0.3855542 0
        vertex 163.20595 0.3855542 2
        vertex 163.5 0.39999998 0
    endloop
endfacet
facet normal -0.24297985 0.97003126 0
    outer loop
        vertex 162.91472 0.34235585 0
        vertex 162.62914 0.270821 2
        vertex 162.91472 0.34235585 2
    endloop
endfacet
facet normal -1 -0 -0
    outer loop
        vertex 160.5 -2.6 2
        vertex 160.5 -2.6 0
        vertex 160.5 -17 2
    endloop
endfacet
facet normal -1 0 0
    outer loop
        vertex 160.5 -17 2
        vertex 160.5 -2.6 0
        vertex 160.5 -17 0
    endloop
endfacet
facet normal -0.99879473 -0.04908229 -0
    outer loop
        vertex 160.5 -17 2
        vertex 160.5 -17 0
        vertex 160.51445 -17.29405 2
    endloop
endfacet
facet normal -0.98917687 -0.14672804 -0
    outer loop
        vertex 160.51445 -17.29405 2
        vertex 160.51445 -17.29405 0
        vertex 160.55765 -17.58527 2
    endloop
endfacet
facet normal -0.98917687 -0.14672804 -0
    outer loop
        vertex 160.55765 -17.58527 2
        vertex 160.51445 -17.29405 0
        vertex 160.55765 -17.58527 0
    endloop
endfacet
facet normal -0.97003299 -0.24297309 -0
    outer loop
        vertex 160.62918 -17.870855 2
        vertex 160.55765 -17.58527 0
        vertex 160.62918 -17.870855 0
    endloop
endfacet
facet normal -0.94154388 -0.3368904 -0
    outer loop
        vertex 160.72836 -18.14805 2
        vertex 160.62918 -17.870855 0
        vertex 160.72836 -18.14805 0
    endloop
endfacet
facet normal -0.90399587 -0.42754093 0
    outer loop
        vertex 160.85423 -18.41419 2
        vertex 160.72836 -18.14805 2
        vertex 160.72836 -18.14805 0
    endloop
endfacet
facet normal -0.85773236 -0.5140965 0
    outer loop
        vertex 161.00558 -18.66671 2
        vertex 160.85423 -18.41419 2
        vertex 160.85423 -18.41419 0
    endloop
endfacet
facet normal -0.85773236 -0.5140965 0
    outer loop
        vertex 161.00558 -18.66671 0
        vertex 161.00558 -18.66671 2
        vertex 160.85423 -18.41419 0
    endloop
endfacet
facet normal -0.80319619 -0.59571451 0
    outer loop
        vertex 161.18097 -18.90318 0
        vertex 161.18097 -18.90318 2
        vertex 161.00558 -18.66671 0
    endloop
endfacet
facet normal -0.74095768 -0.67155176 0
    outer loop
        vertex 161.18097 -18.90318 0
        vertex 161.37868 -19.12132 2
        vertex 161.18097 -18.90318 2
    endloop
endfacet
facet normal -0.6715585 -0.74095142 0
    outer loop
        vertex 161.37868 -19.12132 0
        vertex 161.59682 -19.31903 2
        vertex 161.37868 -19.12132 2
    endloop
endfacet
facet normal -0.6715585 -0.74095142 0
    outer loop
        vertex 161.37868 -19.12132 0
        vertex 161.59682 -19.31903 0
        vertex 161.59682 -19.31903 2
    endloop
endfacet
facet normal -0.59570825 -0.80320096 0
    outer loop
        vertex 161.59682 -19.31903 0
        vertex 161.83328 -19.49441 0
        vertex 161.83328 -19.49441 2
    endloop
endfacet
facet normal -0.5140813 -0.85774153 -0
    outer loop
        vertex 161.83328 -19.49441 2
        vertex 161.83328 -19.49441 0
        vertex 162.08582 -19.645763 2
    endloop
endfacet
facet normal -0.42757189 -0.90398139 -0
    outer loop
        vertex 162.08582 -19.645763 2
        vertex 162.08582 -19.645763 0
        vertex 162.35194 -19.771639 2
    endloop
endfacet
facet normal -0.42757189 -0.90398139 -0
    outer loop
        vertex 162.35194 -19.771639 2
        vertex 162.08582 -19.645763 0
        vertex 162.35194 -19.771639 0
    endloop
endfacet
facet normal -0.04906258 -0.99879569 0
    outer loop
        vertex 163.20595 -19.985556 0
        vertex 163.5 -20 0
        vertex 163.5 -20 2
    endloop
endfacet
facet normal -0.04906258 -0.99879569 -0
    outer loop
        vertex 163.20595 -19.985556 2
        vertex 163.20595 -19.985556 0
        vertex 163.5 -20 2
    endloop
endfacet
facet normal -0.14672969 -0.98917669 -0
    outer loop
        vertex 163.20595 -19.985556 2
        vertex 162.91472 -19.942356 0
        vertex 163.20595 -19.985556 0
    endloop
endfacet
facet normal -0.14672969 -0.98917669 0
    outer loop
        vertex 163.20595 -19.985556 2
        vertex 162.91472 -19.942356 2
        vertex 162.91472 -19.942356 0
    endloop
endfacet
facet normal -0.2429807 -0.97003108 0
    outer loop
        vertex 162.91472 -19.942356 0
        vertex 162.91472 -19.942356 2
        vertex 162.62914 -19.870821 0
    endloop
endfacet
facet normal -0.2429807 -0.97003108 0
    outer loop
        vertex 162.62914 -19.870821 0
        vertex 162.91472 -19.942356 2
        vertex 162.62914 -19.870821 2
    endloop
endfacet
facet normal -0.33689451 -0.94154239 0
    outer loop
        vertex 162.35194 -19.771639 0
        vertex 162.62914 -19.870821 0
        vertex 162.62914 -19.870821 2
    endloop
endfacet
facet normal -0.33689451 -0.94154239 -0
    outer loop
        vertex 162.35194 -19.771639 2
        vertex 162.35194 -19.771639 0
        vertex 162.62914 -19.870821 2
    endloop
endfacet
facet normal -0.5140813 -0.85774153 0
    outer loop
        vertex 161.83328 -19.49441 0
        vertex 162.08582 -19.645763 0
        vertex 162.08582 -19.645763 2
    endloop
endfacet
facet normal -0.59570825 -0.80320096 0
    outer loop
        vertex 161.59682 -19.31903 0
        vertex 161.83328 -19.49441 2
        vertex 161.59682 -19.31903 2
    endloop
endfacet
facet normal -0.74095768 -0.67155176 0
    outer loop
        vertex 161.37868 -19.12132 0
        vertex 161.37868 -19.12132 2
        vertex 161.18097 -18.90318 0
    endloop
endfacet
facet normal -0.80319619 -0.59571451 0
    outer loop
        vertex 161.18097 -18.90318 2
        vertex 161.00558 -18.66671 2
        vertex 161.00558 -18.66671 0
    endloop
endfacet
facet normal -0.90399587 -0.42754093 -0
    outer loop
        vertex 160.85423 -18.41419 2
        vertex 160.72836 -18.14805 0
        vertex 160.85423 -18.41419 0
    endloop
endfacet
facet normal -0.94154388 -0.3368904 -0
    outer loop
        vertex 160.62918 -17.870855 2
        vertex 160.62918 -17.870855 0
        vertex 160.72836 -18.14805 2
    endloop
endfacet
facet normal -0.99879473 -0.04908229 0
    outer loop
        vertex 160.51445 -17.29405 0
        vertex 160.51445 -17.29405 2
        vertex 160.5 -17 0
    endloop
endfacet
facet normal -0.97003299 -0.24297309 0
    outer loop
        vertex 160.55765 -17.58527 0
        vertex 160.62918 -17.870855 2
        vertex 160.55765 -17.58527 2
    endloop
endfacet
facet normal 0 -1 0
    outer loop
        vertex 163.5 -20 2
        vertex 163.5 -20 0
        vertex 172.5 -20 2
    endloop
endfacet
facet normal 0 -1 -0
    outer loop
        vertex 172.5 -20 2
        vertex 163.5 -20 0
        vertex 172.5 -20 0
    endloop
endfacet
facet normal 0 0 -1
    outer loop
        vertex 169.5 -6 0
        vertex 166.5 -6 0
        vertex 172.5 0.39999998 0
    endloop
endfacet
facet normal -0 -0 -1
    outer loop
        vertex 169.5 -6 0
        vertex 169.5 -14 0
        vertex 166.5 -6 0
    endloop
endfacet
facet normal -0 -0 -1
    outer loop
        vertex 169.5 -14 0
        vertex 172.5 -20 0
        vertex 166.5 -14 0
    endloop
endfacet
facet normal 0 0 -1
    outer loop
        vertex 172.5 -14 0
        vertex 172.5 -6 0
        vertex 175.5 -17 0
    endloop
endfacet
facet normal 0 0 -1
    outer loop
        vertex 172.5 -6 0
        vertex 175.5 -2.6 0
        vertex 175.5 -17 0
    endloop
endfacet
facet normal 0 0 -1
    outer loop
        vertex 169.5 -14 0
        vertex 166.5 -14 0
        vertex 166.5 -6 0
    endloop
endfacet
facet normal -0 0 -1
    outer loop
        vertex 163.5 -6 0
        vertex 160.5 -17 0
        vertex 160.5 -2.6 0
    endloop
endfacet
facet normal 0 -0 -1
    outer loop
        vertex 163.5 -14 0
        vertex 163.5 -20 0
        vertex 160.5 -17 0
    endloop
endfacet
facet normal 0 0 -1
    outer loop
        vertex 172.5 -14 0
        vertex 175.5 -17 0
        vertex 172.5 -20 0
    endloop
endfacet
facet normal 0 -0 -1
    outer loop
        vertex 166.5 -14 0
        vertex 172.5 -20 0
        vertex 163.5 -20 0
    endloop
endfacet
facet normal 0 0 -1
    outer loop
        vertex 169.5 -6 0
        vertex 172.5 0.39999998 0
        vertex 172.5 -6 0
    endloop
endfacet
facet normal 0 0 -1
    outer loop
        vertex 172.5 0.39999998 0
        vertex 175.5 -2.6 0
        vertex 172.5 -6 0
    endloop
endfacet
facet normal 0 0 -1
    outer loop
        vertex 166.5 -6 0
        vertex 163.5 -6 0
        vertex 163.5 0.39999998 0
    endloop
endfacet
facet normal 0 0 -1
    outer loop
        vertex 160.5 -17 0
        vertex 163.5 -20 0
        vertex 163.20595 -19.985556 0
    endloop
endfacet
facet normal 0 0 -1
    outer loop
        vertex 160.5 -17 0
        vertex 163.20595 -19.985556 0
        vertex 162.91472 -19.942356 0
    endloop
endfacet
facet normal 0 0 -1
    outer loop
        vertex 160.5 -17 0
        vertex 162.91472 -19.942356 0
        vertex 162.62914 -19.870821 0
    endloop
endfacet
facet normal 0 0 -1
    outer loop
        vertex 160.5 -17 0
        vertex 162.62914 -19.870821 0
        vertex 162.35194 -19.771639 0
    endloop
endfacet
facet normal 0 0 -1
    outer loop
        vertex 160.5 -17 0
        vertex 162.35194 -19.771639 0
        vertex 162.08582 -19.645763 0
    endloop
endfacet
facet normal 0 0 -1
    outer loop
        vertex 160.5 -17 0
        vertex 162.08582 -19.645763 0
        vertex 161.83328 -19.49441 0
    endloop
endfacet
facet normal 0 0 -1
    outer loop
        vertex 160.5 -17 0
        vertex 161.83328 -19.49441 0
        vertex 161.59682 -19.31903 0
    endloop
endfacet
facet normal 0 0 -1
    outer loop
        vertex 160.5 -17 0
        vertex 161.59682 -19.31903 0
        vertex 161.37868 -19.12132 0
    endloop
endfacet
facet normal 0 0 -1
    outer loop
        vertex 160.5 -17 0
        vertex 161.37868 -19.12132 0
        vertex 161.18097 -18.90318 0
    endloop
endfacet
facet normal 0 0 -1
    outer loop
        vertex 160.85423 -18.41419 0
        vertex 160.5 -17 0
        vertex 161.00558 -18.66671 0
    endloop
endfacet
facet normal 0 0 -1
    outer loop
        vertex 160.5 -17 0
        vertex 161.18097 -18.90318 0
        vertex 161.00558 -18.66671 0
    endloop
endfacet
facet normal 0 0 -1
    outer loop
        vertex 160.72836 -18.14805 0
        vertex 160.5 -17 0
        vertex 160.85423 -18.41419 0
    endloop
endfacet
facet normal 0 0 -1
    outer loop
        vertex 160.62918 -17.870855 0
        vertex 160.5 -17 0
        vertex 160.72836 -18.14805 0
    endloop
endfacet
facet normal 0 0 -0.99999994
    outer loop
        vertex 160.55765 -17.58527 0
        vertex 160.5 -17 0
        vertex 160.62918 -17.870855 0
    endloop
endfacet
facet normal 0 0 -1
    outer loop
        vertex 160.51445 -17.29405 0
        vertex 160.5 -17 0
        vertex 160.55765 -17.58527 0
    endloop
endfacet
facet normal -0 -0 -1
    outer loop
        vertex 172.5 -14 0
        vertex 172.5 -20 0
        vertex 169.5 -14 0
    endloop
endfacet
facet normal -0 0 -1
    outer loop
        vertex 166.5 -14 0
        vertex 163.5 -20 0
        vertex 163.5 -14 0
    endloop
endfacet
facet normal 0 -0 -1
    outer loop
        vertex 163.5 -6 0
        vertex 163.5 -14 0
        vertex 160.5 -17 0
    endloop
endfacet
facet normal 0 -0 -1
    outer loop
        vertex 163.5 0.39999998 0
        vertex 163.5 -6 0
        vertex 160.5 -2.6 0
    endloop
endfacet
facet normal 0 0 -1
    outer loop
        vertex 163.5 0.39999998 0
        vertex 160.5 -2.6 0
        vertex 160.51445 -2.3059487 0
    endloop
endfacet
facet normal 0 0 -1
    outer loop
        vertex 163.5 0.39999998 0
        vertex 160.51445 -2.3059487 0
        vertex 160.55765 -2.014729 0
    endloop
endfacet
facet normal 0 0 -1
    outer loop
        vertex 163.5 0.39999998 0
        vertex 160.55765 -2.014729 0
        vertex 160.62918 -1.729146 0
    endloop
endfacet
facet normal 0 0 -0.99999994
    outer loop
        vertex 163.5 0.39999998 0
        vertex 160.62918 -1.729146 0
        vertex 160.72836 -1.4519497 0
    endloop
endfacet
facet normal 0 0 -1
    outer loop
        vertex 163.5 0.39999998 0
        vertex 160.72836 -1.4519497 0
        vertex 160.85423 -1.1858099 0
    endloop
endfacet
facet normal 0 -0 -1
    outer loop
        vertex 161.18097 -0.69682014 0
        vertex 163.5 0.39999998 0
        vertex 161.00558 -0.9332893 0
    endloop
endfacet
facet normal 0 -0 -1
    outer loop
        vertex 161.37868 -0.47867966 0
        vertex 163.5 0.39999998 0
        vertex 161.18097 -0.69682014 0
    endloop
endfacet
facet normal 0 0 -1
    outer loop
        vertex 163.5 0.39999998 0
        vertex 161.83328 -0.10559116 0
        vertex 162.08582 0.045763794 0
    endloop
endfacet
facet normal 0 0 -1
    outer loop
        vertex 161.59682 -0.28096864 0
        vertex 161.83328 -0.10559116 0
        vertex 163.5 0.39999998 0
    endloop
endfacet
facet normal 0 0 -1
    outer loop
        vertex 163.5 0.39999998 0
        vertex 162.08582 0.045763794 0
        vertex 162.35194 0.17163861 0
    endloop
endfacet
facet normal 0 0 -1
    outer loop
        vertex 163.5 0.39999998 0
        vertex 162.35194 0.17163861 0
        vertex 162.62914 0.270821 0
    endloop
endfacet
facet normal 0 -0 -1
    outer loop
        vertex 163.20595 0.3855542 0
        vertex 163.5 0.39999998 0
        vertex 162.91472 0.34235585 0
    endloop
endfacet
facet normal 0 0 -1
    outer loop
        vertex 163.5 0.39999998 0
        vertex 161.37868 -0.47867966 0
        vertex 161.59682 -0.28096864 0
    endloop
endfacet
facet normal -0 0 -1
    outer loop
        vertex 172.5 0.39999998 0
        vertex 166.5 -6 0
        vertex 163.5 0.39999998 0
    endloop
endfacet
facet normal 0 0 -1
    outer loop
        vertex 172.79404 0.3855542 0
        vertex 173.08527 0.34235585 0
        vertex 175.5 -2.6 0
    endloop
endfacet
facet normal 0 0 -1
    outer loop
        vertex 175.5 -2.6 0
        vertex 173.08527 0.34235585 0
        vertex 173.37085 0.270821 0
    endloop
endfacet
facet normal 0 0 -1
    outer loop
        vertex 175.5 -2.6 0
        vertex 173.37085 0.270821 0
        vertex 173.64804 0.17163861 0
    endloop
endfacet
facet normal 0 0 -1
    outer loop
        vertex 175.5 -2.6 0
        vertex 173.64804 0.17163861 0
        vertex 173.9142 0.045763794 0
    endloop
endfacet
facet normal 0 0 -0.99999994
    outer loop
        vertex 175.5 -2.6 0
        vertex 173.9142 0.045763794 0
        vertex 174.1667 -0.10559116 0
    endloop
endfacet
facet normal 0 0 -1
    outer loop
        vertex 175.5 -2.6 0
        vertex 174.1667 -0.10559116 0
        vertex 174.40318 -0.28096864 0
    endloop
endfacet
facet normal 0 0 -1
    outer loop
        vertex 175.5 -2.6 0
        vertex 174.40318 -0.28096864 0
        vertex 174.6213 -0.47867966 0
    endloop
endfacet
facet normal 0 0 -0.99999994
    outer loop
        vertex 175.5 -2.6 0
        vertex 174.6213 -0.47867966 0
        vertex 174.81903 -0.69682014 0
    endloop
endfacet
facet normal -0 -0 -1
    outer loop
        vertex 175.14577 -1.1858099 0
        vertex 175.5 -2.6 0
        vertex 174.99442 -0.9332893 0
    endloop
endfacet
facet normal 0 0 -0.99999994
    outer loop
        vertex 175.5 -2.6 0
        vertex 174.81903 -0.69682014 0
        vertex 174.99442 -0.9332893 0
    endloop
endfacet
facet normal -0 -0 -1
    outer loop
        vertex 175.27165 -1.4519497 0
        vertex 175.5 -2.6 0
        vertex 175.14577 -1.1858099 0
    endloop
endfacet
facet normal -0 -0 -1
    outer loop
        vertex 175.37083 -1.729146 0
        vertex 175.5 -2.6 0
        vertex 175.27165 -1.4519497 0
    endloop
endfacet
facet normal -0 -0 -1
    outer loop
        vertex 175.44235 -2.014729 0
        vertex 175.5 -2.6 0
        vertex 175.37083 -1.729146 0
    endloop
endfacet
facet normal -0 -0 -1
    outer loop
        vertex 175.48555 -2.3059487 0
        vertex 175.5 -2.6 0
        vertex 175.44235 -2.014729 0
    endloop
endfacet
facet normal 0 0 -1
    outer loop
        vertex 175.5 -2.6 0
        vertex 172.5 0.39999998 0
        vertex 172.79404 0.3855542 0
    endloop
endfacet
facet normal 0 -0 -1
    outer loop
        vertex 161.00558 -0.9332893 0
        vertex 163.5 0.39999998 0
        vertex 160.85423 -1.1858099 0
    endloop
endfacet
facet normal 0 0 -1
    outer loop
        vertex 175.5 -17 0
        vertex 175.48555 -17.29405 0
        vertex 172.5 -20 0
    endloop
endfacet
facet normal 0 0 -0.99999994
    outer loop
        vertex 175.48555 -17.29405 0
        vertex 175.44235 -17.58527 0
        vertex 172.5 -20 0
    endloop
endfacet
facet normal 0 0 -0.99999994
    outer loop
        vertex 175.44235 -17.58527 0
        vertex 175.37083 -17.870855 0
        vertex 172.5 -20 0
    endloop
endfacet
facet normal 0 0 -1
    outer loop
        vertex 175.37083 -17.870855 0
        vertex 175.27165 -18.14805 0
        vertex 172.5 -20 0
    endloop
endfacet
facet normal 0 0 -1
    outer loop
        vertex 175.27165 -18.14805 0
        vertex 175.14577 -18.41419 0
        vertex 172.5 -20 0
    endloop
endfacet
facet normal 0 0 -1
    outer loop
        vertex 175.14577 -18.41419 0
        vertex 174.99442 -18.66671 0
        vertex 172.5 -20 0
    endloop
endfacet
facet normal 0 0 -1
    outer loop
        vertex 172.5 -20 0
        vertex 174.81903 -18.90318 0
        vertex 174.6213 -19.12132 0
    endloop
endfacet
facet normal 0 0 -1
    outer loop
        vertex 172.5 -20 0
        vertex 174.6213 -19.12132 0
        vertex 174.40318 -19.31903 0
    endloop
endfacet
facet normal 0 0 -1
    outer loop
        vertex 172.5 -20 0
        vertex 174.40318 -19.31903 0
        vertex 174.1667 -19.49441 0
    endloop
endfacet
facet normal -0 0 -1
    outer loop
        vertex 173.64804 -19.771639 0
        vertex 172.5 -20 0
        vertex 173.9142 -19.645763 0
    endloop
endfacet
facet normal 0 0 -1
    outer loop
        vertex 172.5 -20 0
        vertex 174.1667 -19.49441 0
        vertex 173.9142 -19.645763 0
    endloop
endfacet
facet normal -0 0 -1
    outer loop
        vertex 173.37085 -19.870821 0
        vertex 172.5 -20 0
        vertex 173.64804 -19.771639 0
    endloop
endfacet
facet normal -0 0 -1
    outer loop
        vertex 173.08527 -19.942356 0
        vertex 172.5 -20 0
        vertex 173.37085 -19.870821 0
    endloop
endfacet
facet normal -0 0 -1
    outer loop
        vertex 172.79404 -19.985556 0
        vertex 172.5 -20 0
        vertex 173.08527 -19.942356 0
    endloop
endfacet
facet normal 0 0 -1
    outer loop
        vertex 162.62914 0.270821 0
        vertex 162.91472 0.34235585 0
        vertex 163.5 0.39999998 0
    endloop
endfacet
facet normal -0 0 -1
    outer loop
        vertex 174.81903 -18.90318 0
        vertex 172.5 -20 0
        vertex 174.99442 -18.66671 0
    endloop
endfacet
facet normal 0 -0 1
    outer loop
        vertex 169.5 -6 2
        vertex 172.5 0.39999998 2
        vertex 166.5 -6 2
    endloop
endfacet
facet normal 0 0 1
    outer loop
        vertex 169.5 -6 2
        vertex 166.5 -6 2
        vertex 169.5 -14 2
    endloop
endfacet
facet normal 0 0 1
    outer loop
        vertex 169.5 -14 2
        vertex 166.5 -14 2
        vertex 172.5 -20 2
    endloop
endfacet
facet normal -0 0 1
    outer loop
        vertex 172.5 -14 2
        vertex 175.5 -17 2
        vertex 172.5 -6 2
    endloop
endfacet
facet normal -0 0 1
    outer loop
        vertex 172.5 -6 2
        vertex 175.5 -17 2
        vertex 175.5 -2.6 2
    endloop
endfacet
facet normal 0 0 1
    outer loop
        vertex 169.5 -14 2
        vertex 166.5 -6 2
        vertex 166.5 -14 2
    endloop
endfacet
facet normal 0 0 1
    outer loop
        vertex 163.5 -6 2
        vertex 160.5 -2.6 2
        vertex 160.5 -17 2
    endloop
endfacet
facet normal 0 0 1
    outer loop
        vertex 163.5 -14 2
        vertex 160.5 -17 2
        vertex 163.5 -20 2
    endloop
endfacet
facet normal 0 0 1
    outer loop
        vertex 172.5 -14 2
        vertex 172.5 -20 2
        vertex 175.5 -17 2
    endloop
endfacet
facet normal 0 0 1
    outer loop
        vertex 166.5 -14 2
        vertex 163.5 -20 2
        vertex 172.5 -20 2
    endloop
endfacet
facet normal 0 0 1
    outer loop
        vertex 169.5 -6 2
        vertex 172.5 -6 2
        vertex 172.5 0.39999998 2
    endloop
endfacet
facet normal 0 0 1
    outer loop
        vertex 172.5 0.39999998 2
        vertex 172.5 -6 2
        vertex 175.5 -2.6 2
    endloop
endfacet
facet normal 0 0 1
    outer loop
        vertex 166.5 -6 2
        vertex 163.5 0.39999998 2
        vertex 163.5 -6 2
    endloop
endfacet
facet normal 0 0 1
    outer loop
        vertex 160.5 -17 2
        vertex 163.20595 -19.985556 2
        vertex 163.5 -20 2
    endloop
endfacet
facet normal 0 0 1
    outer loop
        vertex 160.5 -17 2
        vertex 162.91472 -19.942356 2
        vertex 163.20595 -19.985556 2
    endloop
endfacet
facet normal 0 0 1
    outer loop
        vertex 160.5 -17 2
        vertex 162.62914 -19.870821 2
        vertex 162.91472 -19.942356 2
    endloop
endfacet
facet normal 0 0 1
    outer loop
        vertex 160.5 -17 2
        vertex 162.35194 -19.771639 2
        vertex 162.62914 -19.870821 2
    endloop
endfacet
facet normal 0 0 1
    outer loop
        vertex 160.5 -17 2
        vertex 162.08582 -19.645763 2
        vertex 162.35194 -19.771639 2
    endloop
endfacet
facet normal 0 0 1
    outer loop
        vertex 160.5 -17 2
        vertex 161.83328 -19.49441 2
        vertex 162.08582 -19.645763 2
    endloop
endfacet
facet normal 0 0 1
    outer loop
        vertex 160.5 -17 2
        vertex 161.59682 -19.31903 2
        vertex 161.83328 -19.49441 2
    endloop
endfacet
facet normal 0 0 1
    outer loop
        vertex 160.5 -17 2
        vertex 161.37868 -19.12132 2
        vertex 161.59682 -19.31903 2
    endloop
endfacet
facet normal 0 0 1
    outer loop
        vertex 160.5 -17 2
        vertex 161.18097 -18.90318 2
        vertex 161.37868 -19.12132 2
    endloop
endfacet
facet normal -0 -0 1
    outer loop
        vertex 160.85423 -18.41419 2
        vertex 161.00558 -18.66671 2
        vertex 160.5 -17 2
    endloop
endfacet
facet normal 0 0 1
    outer loop
        vertex 160.5 -17 2
        vertex 161.00558 -18.66671 2
        vertex 161.18097 -18.90318 2
    endloop
endfacet
facet normal -0 -0 1
    outer loop
        vertex 160.72836 -18.14805 2
        vertex 160.85423 -18.41419 2
        vertex 160.5 -17 2
    endloop
endfacet
facet normal -0 -0 1
    outer loop
        vertex 160.62918 -17.870855 2
        vertex 160.72836 -18.14805 2
        vertex 160.5 -17 2
    endloop
endfacet
facet normal -0 -0 0.99999994
    outer loop
        vertex 160.55765 -17.58527 2
        vertex 160.62918 -17.870855 2
        vertex 160.5 -17 2
    endloop
endfacet
facet normal -0 -0 1
    outer loop
        vertex 160.51445 -17.29405 2
        vertex 160.55765 -17.58527 2
        vertex 160.5 -17 2
    endloop
endfacet
facet normal 0 0 1
    outer loop
        vertex 172.5 -14 2
        vertex 169.5 -14 2
        vertex 172.5 -20 2
    endloop
endfacet
facet normal 0 0 1
    outer loop
        vertex 166.5 -14 2
        vertex 163.5 -14 2
        vertex 163.5 -20 2
    endloop
endfacet
facet normal 0 0 1
    outer loop
        vertex 163.5 -6 2
        vertex 160.5 -17 2
        vertex 163.5 -14 2
    endloop
endfacet
facet normal 0 0 1
    outer loop
        vertex 163.5 0.39999998 2
        vertex 160.5 -2.6 2
        vertex 163.5 -6 2
    endloop
endfacet
facet normal 0 0 1
    outer loop
        vertex 163.5 0.39999998 2
        vertex 160.51445 -2.3059487 2
        vertex 160.5 -2.6 2
    endloop
endfacet
facet normal 0 0 1
    outer loop
        vertex 163.5 0.39999998 2
        vertex 160.55765 -2.014729 2
        vertex 160.51445 -2.3059487 2
    endloop
endfacet
facet normal 0 0 1
    outer loop
        vertex 163.5 0.39999998 2
        vertex 160.62918 -1.729146 2
        vertex 160.55765 -2.014729 2
    endloop
endfacet
facet normal 0 0 0.99999994
    outer loop
        vertex 163.5 0.39999998 2
        vertex 160.72836 -1.4519497 2
        vertex 160.62918 -1.729146 2
    endloop
endfacet
facet normal 0 0 1
    outer loop
        vertex 163.5 0.39999998 2
        vertex 160.85423 -1.1858099 2
        vertex 160.72836 -1.4519497 2
    endloop
endfacet
facet normal -0 0 1
    outer loop
        vertex 161.18097 -0.69682014 2
        vertex 161.00558 -0.9332893 2
        vertex 163.5 0.39999998 2
    endloop
endfacet
facet normal -0 0 1
    outer loop
        vertex 161.37868 -0.47867966 2
        vertex 161.18097 -0.69682014 2
        vertex 163.5 0.39999998 2
    endloop
endfacet
facet normal 0 0 1
    outer loop
        vertex 163.5 0.39999998 2
        vertex 162.08582 0.045763794 2
        vertex 161.83328 -0.10559116 2
    endloop
endfacet
facet normal 0 0 1
    outer loop
        vertex 161.59682 -0.28096864 2
        vertex 163.5 0.39999998 2
        vertex 161.83328 -0.10559116 2
    endloop
endfacet
facet normal 0 0 1
    outer loop
        vertex 163.5 0.39999998 2
        vertex 162.35194 0.17163861 2
        vertex 162.08582 0.045763794 2
    endloop
endfacet
facet normal 0 0 1
    outer loop
        vertex 163.5 0.39999998 2
        vertex 162.62914 0.270821 2
        vertex 162.35194 0.17163861 2
    endloop
endfacet
facet normal -0 0 1
    outer loop
        vertex 163.20595 0.3855542 2
        vertex 162.91472 0.34235585 2
        vertex 163.5 0.39999998 2
    endloop
endfacet
facet normal 0 0 1
    outer loop
        vertex 163.5 0.39999998 2
        vertex 161.59682 -0.28096864 2
        vertex 161.37868 -0.47867966 2
    endloop
endfacet
facet normal 0 0 1
    outer loop
        vertex 172.5 0.39999998 2
        vertex 163.5 0.39999998 2
        vertex 166.5 -6 2
    endloop
endfacet
facet normal 0 0 1
    outer loop
        vertex 172.79404 0.3855542 2
        vertex 175.5 -2.6 2
        vertex 173.08527 0.34235585 2
    endloop
endfacet
facet normal 0 0 1
    outer loop
        vertex 175.5 -2.6 2
        vertex 173.37085 0.270821 2
        vertex 173.08527 0.34235585 2
    endloop
endfacet
facet normal 0 0 1
    outer loop
        vertex 175.5 -2.6 2
        vertex 173.64804 0.17163861 2
        vertex 173.37085 0.270821 2
    endloop
endfacet
facet normal 0 0 1
    outer loop
        vertex 175.5 -2.6 2
        vertex 173.9142 0.045763794 2
        vertex 173.64804 0.17163861 2
    endloop
endfacet
facet normal 0 0 0.99999994
    outer loop
        vertex 175.5 -2.6 2
        vertex 174.1667 -0.10559116 2
        vertex 173.9142 0.045763794 2
    endloop
endfacet
facet normal 0 0 1
    outer loop
        vertex 175.5 -2.6 2
        vertex 174.40318 -0.28096864 2
        vertex 174.1667 -0.10559116 2
    endloop
endfacet
facet normal 0 0 1
    outer loop
        vertex 175.5 -2.6 2
        vertex 174.6213 -0.47867966 2
        vertex 174.40318 -0.28096864 2
    endloop
endfacet
facet normal 0 0 0.99999994
    outer loop
        vertex 175.5 -2.6 2
        vertex 174.81903 -0.69682014 2
        vertex 174.6213 -0.47867966 2
    endloop
endfacet
facet normal 0 0 1
    outer loop
        vertex 175.14577 -1.1858099 2
        vertex 174.99442 -0.9332893 2
        vertex 175.5 -2.6 2
    endloop
endfacet
facet normal 0 0 0.99999994
    outer loop
        vertex 175.5 -2.6 2
        vertex 174.99442 -0.9332893 2
        vertex 174.81903 -0.69682014 2
    endloop
endfacet
facet normal 0 0 1
    outer loop
        vertex 175.27165 -1.4519497 2
        vertex 175.14577 -1.1858099 2
        vertex 175.5 -2.6 2
    endloop
endfacet
facet normal 0 0 1
    outer loop
        vertex 175.37083 -1.729146 2
        vertex 175.27165 -1.4519497 2
        vertex 175.5 -2.6 2
    endloop
endfacet
facet normal 0 0 1
    outer loop
        vertex 175.44235 -2.014729 2
        vertex 175.37083 -1.729146 2
        vertex 175.5 -2.6 2
    endloop
endfacet
facet normal 0 0 1
    outer loop
        vertex 175.48555 -2.3059487 2
        vertex 175.44235 -2.014729 2
        vertex 175.5 -2.6 2
    endloop
endfacet
facet normal 0 0 1
    outer loop
        vertex 175.5 -2.6 2
        vertex 172.79404 0.3855542 2
        vertex 172.5 0.39999998 2
    endloop
endfacet
facet normal -0 0 1
    outer loop
        vertex 161.00558 -0.9332893 2
        vertex 160.85423 -1.1858099 2
        vertex 163.5 0.39999998 2
    endloop
endfacet
facet normal 0 0 1
    outer loop
        vertex 175.5 -17 2
        vertex 172.5 -20 2
        vertex 175.48555 -17.29405 2
    endloop
endfacet
facet normal 0 0 0.99999994
    outer loop
        vertex 175.48555 -17.29405 2
        vertex 172.5 -20 2
        vertex 175.44235 -17.58527 2
    endloop
endfacet
facet normal 0 0 0.99999994
    outer loop
        vertex 175.44235 -17.58527 2
        vertex 172.5 -20 2
        vertex 175.37083 -17.870855 2
    endloop
endfacet
facet normal 0 0 1
    outer loop
        vertex 175.37083 -17.870855 2
        vertex 172.5 -20 2
        vertex 175.27165 -18.14805 2
    endloop
endfacet
facet normal 0 0 1
    outer loop
        vertex 175.27165 -18.14805 2
        vertex 172.5 -20 2
        vertex 175.14577 -18.41419 2
    endloop
endfacet
facet normal 0 0 1
    outer loop
        vertex 175.14577 -18.41419 2
        vertex 172.5 -20 2
        vertex 174.99442 -18.66671 2
    endloop
endfacet
facet normal 0 0 1
    outer loop
        vertex 172.5 -20 2
        vertex 174.6213 -19.12132 2
        vertex 174.81903 -18.90318 2
    endloop
endfacet
facet normal 0 0 1
    outer loop
        vertex 172.5 -20 2
        vertex 174.40318 -19.31903 2
        vertex 174.6213 -19.12132 2
    endloop
endfacet
facet normal 0 0 1
    outer loop
        vertex 172.5 -20 2
        vertex 174.1667 -19.49441 2
        vertex 174.40318 -19.31903 2
    endloop
endfacet
facet normal 0 -0 1
    outer loop
        vertex 173.64804 -19.771639 2
        vertex 173.9142 -19.645763 2
        vertex 172.5 -20 2
    endloop
endfacet
facet normal 0 0 1
    outer loop
        vertex 172.5 -20 2
        vertex 173.9142 -19.645763 2
        vertex 174.1667 -19.49441 2
    endloop
endfacet
facet normal 0 -0 1
    outer loop
        vertex 173.37085 -19.870821 2
        vertex 173.64804 -19.771639 2
        vertex 172.5 -20 2
    endloop
endfacet
facet normal 0 -0 1
    outer loop
        vertex 173.08527 -19.942356 2
        vertex 173.37085 -19.870821 2
        vertex 172.5 -20 2
    endloop
endfacet
facet normal 0 -0 1
    outer loop
        vertex 172.79404 -19.985556 2
        vertex 173.08527 -19.942356 2
        vertex 172.5 -20 2
    endloop
endfacet
facet normal 0 0 1
    outer loop
        vertex 162.62914 0.270821 2
        vertex 163.5 0.39999998 2
        vertex 162.91472 0.34235585 2
    endloop
endfacet
facet normal 0 -0 1
    outer loop
        vertex 174.81903 -18.90318 2
        vertex 174.99442 -18.66671 2
        vertex 172.5 -20 2
    endloop
endfacet
facet normal 0 1 0
    outer loop
        vertex 169.5 -14 0
        vertex 169.5 -14 2
        vertex 172.5 -14 0
    endloop
endfacet
facet normal -0 1 0
    outer loop
        vertex 169.5 -14 2
        vertex 172.5 -14 2
        vertex 172.5 -14 0
    endloop
endfacet
facet normal 1 0 -0
    outer loop
        vertex 169.5 -6 0
        vertex 169.5 -6 2
        vertex 169.5 -14 0
    endloop
endfacet
facet normal 1 0 0
    outer loop
        vertex 169.5 -6 2
        vertex 169.5 -14 2
        vertex 169.5 -14 0
    endloop
endfacet
facet normal 0 -1 0
    outer loop
        vertex 172.5 -6 0
        vertex 172.5 -6 2
        vertex 169.5 -6 0
    endloop
endfacet
facet normal -0 -1 0
    outer loop
        vertex 172.5 -6 2
        vertex 169.5 -6 2
        vertex 169.5 -6 0
    endloop
endfacet
facet normal -1 0 0
    outer loop
        vertex 172.5 -14 0
        vertex 172.5 -14 2
        vertex 172.5 -6 0
    endloop
endfacet
facet normal -1 0 0
    outer loop
        vertex 172.5 -14 2
        vertex 172.5 -6 2
        vertex 172.5 -6 0
    endloop
endfacet
facet normal 0 1 0
    outer loop
        vertex 163.5 -14 0
        vertex 163.5 -14 2
        vertex 166.5 -14 0
    endloop
endfacet
facet normal -0 1 0
    outer loop
        vertex 163.5 -14 2
        vertex 166.5 -14 2
        vertex 166.5 -14 0
    endloop
endfacet
facet normal 1 0 -0
    outer loop
        vertex 163.5 -6 0
        vertex 163.5 -6 2
        vertex 163.5 -14 0
    endloop
endfacet
facet normal 1 0 0
    outer loop
        vertex 163.5 -6 2
        vertex 163.5 -14 2
        vertex 163.5 -14 0
    endloop
endfacet
facet normal 0 -1 0
    outer loop
        vertex 166.5 -6 0
        vertex 166.5 -6 2
        vertex 163.5 -6 0
    endloop
endfacet
facet normal -0 -1 0
    outer loop
        vertex 166.5 -6 2
        vertex 163.5 -6 2
        vertex 163.5 -6 0
    endloop
endfacet
facet normal -1 0 0
    outer loop
        vertex 166.5 -14 0
        vertex 166.5 -14 2
        vertex 166.5 -6 0
    endloop
endfacet
facet normal -1 0 0
    outer loop
        vertex 166.5 -14 2
        vertex 166.5 -6 2
        vertex 166.5 -6 0
    endloop
endfacet
facet normal 0.04905611 -0.99879593 0
    outer loop
        vertex 60.5 54 2
        vertex 60.5 54 0
        vertex 60.794052 54.014442 2
    endloop
endfacet
facet normal 0.14673978 -0.98917508 0
    outer loop
        vertex 60.794052 54.014442 2
        vertex 60.794052 54.014442 0
        vertex 61.085274 54.057644 2
    endloop
endfacet
facet normal 0.14673978 -0.98917508 0
    outer loop
        vertex 61.085274 54.057644 2
        vertex 60.794052 54.014442 0
        vertex 61.085274 54.057644 0
    endloop
endfacet
facet normal 0.24298988 -0.97002888 0
    outer loop
        vertex 61.370853 54.12918 2
        vertex 61.085274 54.057644 0
        vertex 61.370853 54.12918 0
    endloop
endfacet
facet normal 0.3368904 -0.94154388 0
    outer loop
        vertex 61.64805 54.228363 2
        vertex 61.370853 54.12918 0
        vertex 61.64805 54.228363 0
    endloop
endfacet
facet normal 0.42754653 -0.90399331 0
    outer loop
        vertex 61.914192 54.354237 2
        vertex 61.64805 54.228363 2
        vertex 61.64805 54.228363 0
    endloop
endfacet
facet normal 0.51409936 -0.85773063 0
    outer loop
        vertex 62.16671 54.50559 2
        vertex 61.914192 54.354237 2
        vertex 61.914192 54.354237 0
    endloop
endfacet
facet normal 0.51409936 -0.85773063 0
    outer loop
        vertex 62.16671 54.50559 0
        vertex 62.16671 54.50559 2
        vertex 61.914192 54.354237 0
    endloop
endfacet
facet normal 0.59570622 -0.80320245 0
    outer loop
        vertex 62.40318 54.68097 0
        vertex 62.40318 54.68097 2
        vertex 62.16671 54.50559 0
    endloop
endfacet
facet normal 0.67155492 -0.74095464 0
    outer loop
        vertex 62.40318 54.68097 0
        vertex 62.62132 54.878677 2
        vertex 62.40318 54.68097 2
    endloop
endfacet
facet normal 0.74094772 -0.67156279 0
    outer loop
        vertex 62.62132 54.878677 0
        vertex 62.819035 55.09682 2
        vertex 62.62132 54.878677 2
    endloop
endfacet
facet normal 0.74094772 -0.67156279 0
    outer loop
        vertex 62.62132 54.878677 0
        vertex 62.819035 55.09682 0
        vertex 62.819035 55.09682 2
    endloop
endfacet
facet normal 0.80322105 -0.59568113 0
    outer loop
        vertex 62.819035 55.09682 0
        vertex 62.994404 55.33329 0
        vertex 62.994404 55.33329 2
    endloop
endfacet
facet normal 0.85771918 -0.51411843 0
    outer loop
        vertex 62.994404 55.33329 2
        vertex 62.994404 55.33329 0
        vertex 63.145763 55.585808 2
    endloop
endfacet
facet normal 0.90398836 -0.42755714 0
    outer loop
        vertex 63.145763 55.585808 2
        vertex 63.145763 55.585808 0
        vertex 63.27164 55.85195 2
    endloop
endfacet
facet normal 0.90398836 -0.42755714 0
    outer loop
        vertex 63.27164 55.85195 2
        vertex 63.145763 55.585808 0
        vertex 63.27164 55.85195 0
    endloop
endfacet
facet normal 0.99879473 -0.04908197 0
    outer loop
        vertex 63.485554 56.705948 0
        vertex 63.500004 57 0
        vertex 63.500004 57 2
    endloop
endfacet
facet normal 0.99879473 -0.04908197 0
    outer loop
        vertex 63.485554 56.705948 2
        vertex 63.485554 56.705948 0
        vertex 63.500004 57 2
    endloop
endfacet
facet normal 0.98917675 -0.14672899 0
    outer loop
        vertex 63.485554 56.705948 2
        vertex 63.442356 56.41473 0
        vertex 63.485554 56.705948 0
    endloop
endfacet
facet normal 0.98917675 -0.14672899 0
    outer loop
        vertex 63.485554 56.705948 2
        vertex 63.442356 56.41473 2
        vertex 63.442356 56.41473 0
    endloop
endfacet
facet normal 0.97003263 -0.24297462 0
    outer loop
        vertex 63.442356 56.41473 0
        vertex 63.442356 56.41473 2
        vertex 63.370823 56.129147 0
    endloop
endfacet
facet normal 0.97003263 -0.24297462 0
    outer loop
        vertex 63.370823 56.129147 0
        vertex 63.442356 56.41473 2
        vertex 63.370823 56.129147 2
    endloop
endfacet
facet normal 0.94154388 -0.3368904 0
    outer loop
        vertex 63.27164 55.85195 0
        vertex 63.370823 56.129147 0
        vertex 63.370823 56.129147 2
    endloop
endfacet
facet normal 0.94154388 -0.3368904 0
    outer loop
        vertex 63.27164 55.85195 2
        vertex 63.27164 55.85195 0
        vertex 63.370823 56.129147 2
    endloop
endfacet
facet normal 0.85771918 -0.51411843 0
    outer loop
        vertex 62.994404 55.33329 0
        vertex 63.145763 55.585808 0
        vertex 63.145763 55.585808 2
    endloop
endfacet
facet normal 0.80322105 -0.59568113 0
    outer loop
        vertex 62.819035 55.09682 0
        vertex 62.994404 55.33329 2
        vertex 62.819035 55.09682 2
    endloop
endfacet
facet normal 0.67155492 -0.74095464 0
    outer loop
        vertex 62.62132 54.878677 0
        vertex 62.62132 54.878677 2
        vertex 62.40318 54.68097 0
    endloop
endfacet
facet normal 0.59570622 -0.80320245 0
    outer loop
        vertex 62.40318 54.68097 2
        vertex 62.16671 54.50559 2
        vertex 62.16671 54.50559 0
    endloop
endfacet
facet normal 0.42754653 -0.90399331 0
    outer loop
        vertex 61.914192 54.354237 2
        vertex 61.64805 54.228363 0
        vertex 61.914192 54.354237 0
    endloop
endfacet
facet normal 0.3368904 -0.94154388 0
    outer loop
        vertex 61.370853 54.12918 2
        vertex 61.370853 54.12918 0
        vertex 61.64805 54.228363 2
    endloop
endfacet
facet normal 0.04905611 -0.99879593 0
    outer loop
        vertex 60.794052 54.014442 0
        vertex 60.794052 54.014442 2
        vertex 60.5 54 0
    endloop
endfacet
facet normal 0.24298988 -0.97002888 0
    outer loop
        vertex 61.085274 54.057644 0
        vertex 61.370853 54.12918 2
        vertex 61.085274 54.057644 2
    endloop
endfacet
facet normal 1 -0 0
    outer loop
        vertex 63.500004 57 2
        vertex 63.500004 57 0
        vertex 63.500004 71.4 2
    endloop
endfacet
facet normal 1 0 0
    outer loop
        vertex 63.500004 71.4 2
        vertex 63.500004 57 0
        vertex 63.500004 71.4 0
    endloop
endfacet
facet normal 0.99879473 0.04908197 0
    outer loop
        vertex 63.500004 71.4 2
        vertex 63.500004 71.4 0
        vertex 63.485554 71.69405 2
    endloop
endfacet
facet normal 0.98917705 0.1467271 0
    outer loop
        vertex 63.485554 71.69405 2
        vertex 63.485554 71.69405 0
        vertex 63.442356 71.985275 2
    endloop
endfacet
facet normal 0.98917705 0.1467271 0
    outer loop
        vertex 63.442356 71.985275 2
        vertex 63.485554 71.69405 0
        vertex 63.442356 71.985275 0
    endloop
endfacet
facet normal 0.97003263 0.24297462 0
    outer loop
        vertex 63.370823 72.27086 2
        vertex 63.442356 71.985275 0
        vertex 63.370823 72.27086 0
    endloop
endfacet
facet normal 0.94154239 0.33689451 0
    outer loop
        vertex 63.27164 72.54805 2
        vertex 63.370823 72.27086 0
        vertex 63.27164 72.54805 0
    endloop
endfacet
facet normal 0.90398353 0.42756715 0
    outer loop
        vertex 63.145763 72.814186 2
        vertex 63.27164 72.54805 2
        vertex 63.27164 72.54805 0
    endloop
endfacet
facet normal 0.8577261 0.51410699 0
    outer loop
        vertex 62.994404 73.06671 2
        vertex 63.145763 72.814186 2
        vertex 63.145763 72.814186 0
    endloop
endfacet
facet normal 0.8577261 0.51410699 -0
    outer loop
        vertex 62.994404 73.06671 0
        vertex 62.994404 73.06671 2
        vertex 63.145763 72.814186 0
    endloop
endfacet
facet normal 0.8032164 0.59568727 -0
    outer loop
        vertex 62.819035 73.30318 0
        vertex 62.819035 73.30318 2
        vertex 62.994404 73.06671 0
    endloop
endfacet
facet normal 0.74095351 0.67155635 -0
    outer loop
        vertex 62.819035 73.30318 0
        vertex 62.62132 73.521324 2
        vertex 62.819035 73.30318 2
    endloop
endfacet
facet normal 0.67155492 0.74095464 -0
    outer loop
        vertex 62.62132 73.521324 0
        vertex 62.40318 73.71903 2
        vertex 62.62132 73.521324 2
    endloop
endfacet
facet normal 0.67155492 0.74095464 0
    outer loop
        vertex 62.62132 73.521324 0
        vertex 62.40318 73.71903 0
        vertex 62.40318 73.71903 2
    endloop
endfacet
facet normal 0.59569782 0.80320859 0
    outer loop
        vertex 62.40318 73.71903 0
        vertex 62.16671 73.89441 0
        vertex 62.16671 73.89441 2
    endloop
endfacet
facet normal 0.51409936 0.85773063 0
    outer loop
        vertex 62.16671 73.89441 2
        vertex 62.16671 73.89441 0
        vertex 61.914192 74.04576 2
    endloop
endfacet
facet normal 0.42755714 0.90398836 0
    outer loop
        vertex 61.914192 74.04576 2
        vertex 61.914192 74.04576 0
        vertex 61.64805 74.17164 2
    endloop
endfacet
facet normal 0.42755714 0.90398836 0
    outer loop
        vertex 61.64805 74.17164 2
        vertex 61.914192 74.04576 0
        vertex 61.64805 74.17164 0
    endloop
endfacet
facet normal 0.04908197 0.99879473 0
    outer loop
        vertex 60.794052 74.38555 0
        vertex 60.5 74.4 0
        vertex 60.5 74.4 2
    endloop
endfacet
facet normal 0.04908197 0.99879473 0
    outer loop
        vertex 60.794052 74.38555 2
        vertex 60.794052 74.38555 0
        vertex 60.5 74.4 2
    endloop
endfacet
facet normal 0.1467271 0.98917705 0
    outer loop
        vertex 60.794052 74.38555 2
        vertex 61.085274 74.342354 0
        vertex 60.794052 74.38555 0
    endloop
endfacet
facet normal 0.1467271 0.98917705 0
    outer loop
        vertex 60.794052 74.38555 2
        vertex 61.085274 74.342354 2
        vertex 61.085274 74.342354 0
    endloop
endfacet
facet normal 0.24297768 0.97003186 -0
    outer loop
        vertex 61.085274 74.342354 0
        vertex 61.085274 74.342354 2
        vertex 61.370853 74.27082 0
    endloop
endfacet
facet normal 0.24297768 0.97003186 -0
    outer loop
        vertex 61.370853 74.27082 0
        vertex 61.085274 74.342354 2
        vertex 61.370853 74.27082 2
    endloop
endfacet
facet normal 0.3368904 0.94154388 0
    outer loop
        vertex 61.64805 74.17164 0
        vertex 61.370853 74.27082 0
        vertex 61.370853 74.27082 2
    endloop
endfacet
facet normal 0.3368904 0.94154388 0
    outer loop
        vertex 61.64805 74.17164 2
        vertex 61.64805 74.17164 0
        vertex 61.370853 74.27082 2
    endloop
endfacet
facet normal 0.51409936 0.85773063 0
    outer loop
        vertex 62.16671 73.89441 0
        vertex 61.914192 74.04576 0
        vertex 61.914192 74.04576 2
    endloop
endfacet
facet normal 0.59569782 0.80320859 -0
    outer loop
        vertex 62.40318 73.71903 0
        vertex 62.16671 73.89441 2
        vertex 62.40318 73.71903 2
    endloop
endfacet
facet normal 0.74095351 0.67155635 -0
    outer loop
        vertex 62.62132 73.521324 0
        vertex 62.62132 73.521324 2
        vertex 62.819035 73.30318 0
    endloop
endfacet
facet normal 0.8032164 0.59568727 0
    outer loop
        vertex 62.819035 73.30318 2
        vertex 62.994404 73.06671 2
        vertex 62.994404 73.06671 0
    endloop
endfacet
facet normal 0.90398353 0.42756715 0
    outer loop
        vertex 63.145763 72.814186 2
        vertex 63.27164 72.54805 0
        vertex 63.145763 72.814186 0
    endloop
endfacet
facet normal 0.94154239 0.33689451 0
    outer loop
        vertex 63.370823 72.27086 2
        vertex 63.370823 72.27086 0
        vertex 63.27164 72.54805 2
    endloop
endfacet
facet normal 0.99879473 0.04908197 -0
    outer loop
        vertex 63.485554 71.69405 0
        vertex 63.485554 71.69405 2
        vertex 63.500004 71.4 0
    endloop
endfacet
facet normal 0.97003263 0.24297462 -0
    outer loop
        vertex 63.442356 71.985275 0
        vertex 63.370823 72.27086 2
        vertex 63.442356 71.985275 2
    endloop
endfacet
facet normal 0 1 0
    outer loop
        vertex 60.5 74.4 2
        vertex 60.5 74.4 0
        vertex 51.5 74.4 2
    endloop
endfacet
facet normal 0 1 0
    outer loop
        vertex 51.5 74.4 2
        vertex 60.5 74.4 0
        vertex 51.5 74.4 0
    endloop
endfacet
facet normal -0.04908197 0.99879473 0
    outer loop
        vertex 51.5 74.4 2
        vertex 51.5 74.4 0
        vertex 51.205948 74.38555 2
    endloop
endfacet
facet normal -0.14672899 0.98917675 0
    outer loop
        vertex 51.205948 74.38555 2
        vertex 51.205948 74.38555 0
        vertex 50.91473 74.342354 2
    endloop
endfacet
facet normal -0.14672899 0.98917675 0
    outer loop
        vertex 50.91473 74.342354 2
        vertex 51.205948 74.38555 0
        vertex 50.91473 74.342354 0
    endloop
endfacet
facet normal -0.24297462 0.97003263 0
    outer loop
        vertex 50.629147 74.27082 2
        vertex 50.91473 74.342354 0
        vertex 50.629147 74.27082 0
    endloop
endfacet
facet normal -0.3368904 0.94154388 0
    outer loop
        vertex 50.35195 74.17164 2
        vertex 50.629147 74.27082 0
        vertex 50.35195 74.17164 0
    endloop
endfacet
facet normal -0.42755714 0.90398836 0
    outer loop
        vertex 50.085808 74.04576 2
        vertex 50.35195 74.17164 2
        vertex 50.35195 74.17164 0
    endloop
endfacet
facet normal -0.51409936 0.85773063 0
    outer loop
        vertex 49.83329 73.89441 2
        vertex 50.085808 74.04576 2
        vertex 50.085808 74.04576 0
    endloop
endfacet
facet normal -0.51409936 0.85773063 0
    outer loop
        vertex 49.83329 73.89441 0
        vertex 49.83329 73.89441 2
        vertex 50.085808 74.04576 0
    endloop
endfacet
facet normal -0.59569782 0.80320859 0
    outer loop
        vertex 49.59682 73.71903 0
        vertex 49.59682 73.71903 2
        vertex 49.83329 73.89441 0
    endloop
endfacet
facet normal -0.67154849 0.74096048 0
    outer loop
        vertex 49.59682 73.71903 0
        vertex 49.378677 73.521324 2
        vertex 49.59682 73.71903 2
    endloop
endfacet
facet normal -0.74096632 0.67154205 0
    outer loop
        vertex 49.378677 73.521324 0
        vertex 49.18097 73.30318 2
        vertex 49.378677 73.521324 2
    endloop
endfacet
facet normal -0.74096632 0.67154205 0
    outer loop
        vertex 49.378677 73.521324 0
        vertex 49.18097 73.30318 0
        vertex 49.18097 73.30318 2
    endloop
endfacet
facet normal -0.80319786 0.59571242 0
    outer loop
        vertex 49.18097 73.30318 0
        vertex 49.00559 73.06671 0
        vertex 49.00559 73.06671 2
    endloop
endfacet
facet normal -0.85773748 0.51408792 0
    outer loop
        vertex 49.00559 73.06671 2
        vertex 49.00559 73.06671 0
        vertex 48.854237 72.814186 2
    endloop
endfacet
facet normal -0.90398848 0.42755651 0
    outer loop
        vertex 48.854237 72.814186 2
        vertex 48.854237 72.814186 0
        vertex 48.728363 72.54805 2
    endloop
endfacet
facet normal -0.90398848 0.42755651 0
    outer loop
        vertex 48.728363 72.54805 2
        vertex 48.854237 72.814186 0
        vertex 48.728363 72.54805 0
    endloop
endfacet
facet normal -0.99879539 0.04906904 0
    outer loop
        vertex 48.514446 71.69405 0
        vertex 48.5 71.4 0
        vertex 48.5 71.4 2
    endloop
endfacet
facet normal -0.99879539 0.04906904 0
    outer loop
        vertex 48.514446 71.69405 2
        vertex 48.514446 71.69405 0
        vertex 48.5 71.4 2
    endloop
endfacet
facet normal -0.98917705 0.1467271 0
    outer loop
        vertex 48.514446 71.69405 2
        vertex 48.557644 71.985275 0
        vertex 48.514446 71.69405 0
    endloop
endfacet
facet normal -0.98917705 0.1467271 0
    outer loop
        vertex 48.514446 71.69405 2
        vertex 48.557644 71.985275 2
        vertex 48.557644 71.985275 0
    endloop
endfacet
facet normal -0.97002965 0.24298683 0
    outer loop
        vertex 48.557644 71.985275 0
        vertex 48.557644 71.985275 2
        vertex 48.62918 72.27086 0
    endloop
endfacet
facet normal -0.97002965 0.24298683 0
    outer loop
        vertex 48.62918 72.27086 0
        vertex 48.557644 71.985275 2
        vertex 48.62918 72.27086 2
    endloop
endfacet
facet normal -0.94154239 0.33689451 0
    outer loop
        vertex 48.728363 72.54805 0
        vertex 48.62918 72.27086 0
        vertex 48.62918 72.27086 2
    endloop
endfacet
facet normal -0.94154239 0.33689451 0
    outer loop
        vertex 48.728363 72.54805 2
        vertex 48.728363 72.54805 0
        vertex 48.62918 72.27086 2
    endloop
endfacet
facet normal -0.85773748 0.51408792 0
    outer loop
        vertex 49.00559 73.06671 0
        vertex 48.854237 72.814186 0
        vertex 48.854237 72.814186 2
    endloop
endfacet
facet normal -0.80319786 0.59571242 0
    outer loop
        vertex 49.18097 73.30318 0
        vertex 49.00559 73.06671 2
        vertex 49.18097 73.30318 2
    endloop
endfacet
facet normal -0.67154849 0.74096048 0
    outer loop
        vertex 49.378677 73.521324 0
        vertex 49.378677 73.521324 2
        vertex 49.59682 73.71903 0
    endloop
endfacet
facet normal -0.59569782 0.80320859 0
    outer loop
        vertex 49.59682 73.71903 2
        vertex 49.83329 73.89441 2
        vertex 49.83329 73.89441 0
    endloop
endfacet
facet normal -0.42755714 0.90398836 0
    outer loop
        vertex 50.085808 74.04576 2
        vertex 50.35195 74.17164 0
        vertex 50.085808 74.04576 0
    endloop
endfacet
facet normal -0.3368904 0.94154388 0
    outer loop
        vertex 50.629147 74.27082 2
        vertex 50.629147 74.27082 0
        vertex 50.35195 74.17164 2
    endloop
endfacet
facet normal -0.04908197 0.99879473 0
    outer loop
        vertex 51.205948 74.38555 0
        vertex 51.205948 74.38555 2
        vertex 51.5 74.4 0
    endloop
endfacet
facet normal -0.24297462 0.97003263 0
    outer loop
        vertex 50.91473 74.342354 0
        vertex 50.629147 74.27082 2
        vertex 50.91473 74.342354 2
    endloop
endfacet
facet normal -1 -0 -0
    outer loop
        vertex 48.5 71.4 2
        vertex 48.5 71.4 0
        vertex 48.5 57 2
    endloop
endfacet
facet normal -1 0 0
    outer loop
        vertex 48.5 57 2
        vertex 48.5 71.4 0
        vertex 48.5 57 0
    endloop
endfacet
facet normal -0.99879539 -0.04906904 -0
    outer loop
        vertex 48.5 57 2
        vertex 48.5 57 0
        vertex 48.514446 56.705948 2
    endloop
endfacet
facet normal -0.98917675 -0.14672899 -0
    outer loop
        vertex 48.514446 56.705948 2
        vertex 48.514446 56.705948 0
        vertex 48.557644 56.41473 2
    endloop
endfacet
facet normal -0.98917675 -0.14672899 -0
    outer loop
        vertex 48.557644 56.41473 2
        vertex 48.514446 56.705948 0
        vertex 48.557644 56.41473 0
    endloop
endfacet
facet normal -0.97002965 -0.24298683 -0
    outer loop
        vertex 48.62918 56.129147 2
        vertex 48.557644 56.41473 0
        vertex 48.62918 56.129147 0
    endloop
endfacet
facet normal -0.94154388 -0.3368904 -0
    outer loop
        vertex 48.728363 55.85195 2
        vertex 48.62918 56.129147 0
        vertex 48.728363 55.85195 0
    endloop
endfacet
facet normal -0.90399331 -0.42754653 0
    outer loop
        vertex 48.854237 55.585808 2
        vertex 48.728363 55.85195 2
        vertex 48.728363 55.85195 0
    endloop
endfacet
facet normal -0.85773063 -0.51409936 0
    outer loop
        vertex 49.00559 55.33329 2
        vertex 48.854237 55.585808 2
        vertex 48.854237 55.585808 0
    endloop
endfacet
facet normal -0.85773063 -0.51409936 0
    outer loop
        vertex 49.00559 55.33329 0
        vertex 49.00559 55.33329 2
        vertex 48.854237 55.585808 0
    endloop
endfacet
facet normal -0.80320245 -0.59570622 0
    outer loop
        vertex 49.18097 55.09682 0
        vertex 49.18097 55.09682 2
        vertex 49.00559 55.33329 0
    endloop
endfacet
facet normal -0.74096048 -0.67154849 0
    outer loop
        vertex 49.18097 55.09682 0
        vertex 49.378677 54.878677 2
        vertex 49.18097 55.09682 2
    endloop
endfacet
facet normal -0.67154849 -0.74096048 0
    outer loop
        vertex 49.378677 54.878677 0
        vertex 49.59682 54.68097 2
        vertex 49.378677 54.878677 2
    endloop
endfacet
facet normal -0.67154849 -0.74096048 0
    outer loop
        vertex 49.378677 54.878677 0
        vertex 49.59682 54.68097 0
        vertex 49.59682 54.68097 2
    endloop
endfacet
facet normal -0.59570622 -0.80320245 0
    outer loop
        vertex 49.59682 54.68097 0
        vertex 49.83329 54.50559 0
        vertex 49.83329 54.50559 2
    endloop
endfacet
facet normal -0.51409936 -0.85773063 -0
    outer loop
        vertex 49.83329 54.50559 2
        vertex 49.83329 54.50559 0
        vertex 50.085808 54.354237 2
    endloop
endfacet
facet normal -0.42754653 -0.90399331 -0
    outer loop
        vertex 50.085808 54.354237 2
        vertex 50.085808 54.354237 0
        vertex 50.35195 54.228363 2
    endloop
endfacet
facet normal -0.42754653 -0.90399331 -0
    outer loop
        vertex 50.35195 54.228363 2
        vertex 50.085808 54.354237 0
        vertex 50.35195 54.228363 0
    endloop
endfacet
facet normal -0.04905611 -0.99879593 0
    outer loop
        vertex 51.205948 54.014442 0
        vertex 51.5 54 0
        vertex 51.5 54 2
    endloop
endfacet
facet normal -0.04905611 -0.99879593 -0
    outer loop
        vertex 51.205948 54.014442 2
        vertex 51.205948 54.014442 0
        vertex 51.5 54 2
    endloop
endfacet
facet normal -0.14674166 -0.98917484 -0
    outer loop
        vertex 51.205948 54.014442 2
        vertex 50.91473 54.057644 0
        vertex 51.205948 54.014442 0
    endloop
endfacet
facet normal -0.14674166 -0.98917484 0
    outer loop
        vertex 51.205948 54.014442 2
        vertex 50.91473 54.057644 2
        vertex 50.91473 54.057644 0
    endloop
endfacet
facet normal -0.24298683 -0.97002965 0
    outer loop
        vertex 50.91473 54.057644 0
        vertex 50.91473 54.057644 2
        vertex 50.629147 54.12918 0
    endloop
endfacet
facet normal -0.24298683 -0.97002965 0
    outer loop
        vertex 50.629147 54.12918 0
        vertex 50.91473 54.057644 2
        vertex 50.629147 54.12918 2
    endloop
endfacet
facet normal -0.3368904 -0.94154388 0
    outer loop
        vertex 50.35195 54.228363 0
        vertex 50.629147 54.12918 0
        vertex 50.629147 54.12918 2
    endloop
endfacet
facet normal -0.3368904 -0.94154388 -0
    outer loop
        vertex 50.35195 54.228363 2
        vertex 50.35195 54.228363 0
        vertex 50.629147 54.12918 2
    endloop
endfacet
facet normal -0.51409936 -0.85773063 0
    outer loop
        vertex 49.83329 54.50559 0
        vertex 50.085808 54.354237 0
        vertex 50.085808 54.354237 2
    endloop
endfacet
facet normal -0.59570622 -0.80320245 0
    outer loop
        vertex 49.59682 54.68097 0
        vertex 49.83329 54.50559 2
        vertex 49.59682 54.68097 2
    endloop
endfacet
facet normal -0.74096048 -0.67154849 0
    outer loop
        vertex 49.378677 54.878677 0
        vertex 49.378677 54.878677 2
        vertex 49.18097 55.09682 0
    endloop
endfacet
facet normal -0.80320245 -0.59570622 0
    outer loop
        vertex 49.18097 55.09682 2
        vertex 49.00559 55.33329 2
        vertex 49.00559 55.33329 0
    endloop
endfacet
facet normal -0.90399331 -0.42754653 -0
    outer loop
        vertex 48.854237 55.585808 2
        vertex 48.728363 55.85195 0
        vertex 48.854237 55.585808 0
    endloop
endfacet
facet normal -0.94154388 -0.3368904 -0
    outer loop
        vertex 48.62918 56.129147 2
        vertex 48.62918 56.129147 0
        vertex 48.728363 55.85195 2
    endloop
endfacet
facet normal -0.99879539 -0.04906904 0
    outer loop
        vertex 48.514446 56.705948 0
        vertex 48.514446 56.705948 2
        vertex 48.5 57 0
    endloop
endfacet
facet normal -0.97002965 -0.24298683 0
    outer loop
        vertex 48.557644 56.41473 0
        vertex 48.62918 56.129147 2
        vertex 48.557644 56.41473 2
    endloop
endfacet
facet normal 0 -1 0
    outer loop
        vertex 51.5 54 2
        vertex 51.5 54 0
        vertex 60.5 54 2
    endloop
endfacet
facet normal 0 -1 -0
    outer loop
        vertex 60.5 54 2
        vertex 51.5 54 0
        vertex 60.5 54 0
    endloop
endfacet
facet normal 0 0 -1
    outer loop
        vertex 57.5 68 0
        vertex 54.5 68 0
        vertex 60.5 74.4 0
    endloop
endfacet
facet normal -0 -0 -1
    outer loop
        vertex 57.5 68 0
        vertex 57.5 60 0
        vertex 54.5 68 0
    endloop
endfacet
facet normal -0 -0 -1
    outer loop
        vertex 57.5 60 0
        vertex 60.5 54 0
        vertex 54.5 60 0
    endloop
endfacet
facet normal 0 0 -0.99999994
    outer loop
        vertex 60.5 60 0
        vertex 60.5 68 0
        vertex 63.500004 57 0
    endloop
endfacet
facet normal 0 0 -1
    outer loop
        vertex 60.5 68 0
        vertex 63.500004 71.4 0
        vertex 63.500004 57 0
    endloop
endfacet
facet normal 0 0 -1
    outer loop
        vertex 57.5 60 0
        vertex 54.5 60 0
        vertex 54.5 68 0
    endloop
endfacet
facet normal -0 0 -1
    outer loop
        vertex 51.5 68 0
        vertex 48.5 57 0
        vertex 48.5 71.4 0
    endloop
endfacet
facet normal 0 -0 -1
    outer loop
        vertex 51.5 60 0
        vertex 51.5 54 0
        vertex 48.5 57 0
    endloop
endfacet
facet normal 0 0 -1
    outer loop
        vertex 60.5 60 0
        vertex 63.500004 57 0
        vertex 60.5 54 0
    endloop
endfacet
facet normal 0 -0 -1
    outer loop
        vertex 54.5 60 0
        vertex 60.5 54 0
        vertex 51.5 54 0
    endloop
endfacet
facet normal 0 0 -1
    outer loop
        vertex 57.5 68 0
        vertex 60.5 74.4 0
        vertex 60.5 68 0
    endloop
endfacet
facet normal 0 0 -1
    outer loop
        vertex 60.5 74.4 0
        vertex 63.500004 71.4 0
        vertex 60.5 68 0
    endloop
endfacet
facet normal 0 0 -1
    outer loop
        vertex 54.5 68 0
        vertex 51.5 68 0
        vertex 51.5 74.4 0
    endloop
endfacet
facet normal 0 0 -1
    outer loop
        vertex 48.5 57 0
        vertex 51.5 54 0
        vertex 51.205948 54.014442 0
    endloop
endfacet
facet normal 0 0 -1
    outer loop
        vertex 48.5 57 0
        vertex 51.205948 54.014442 0
        vertex 50.91473 54.057644 0
    endloop
endfacet
facet normal 0 0 -1
    outer loop
        vertex 48.5 57 0
        vertex 50.91473 54.057644 0
        vertex 50.629147 54.12918 0
    endloop
endfacet
facet normal 0 0 -1
    outer loop
        vertex 48.5 57 0
        vertex 50.629147 54.12918 0
        vertex 50.35195 54.228363 0
    endloop
endfacet
facet normal 0 0 -1
    outer loop
        vertex 48.5 57 0
        vertex 50.35195 54.228363 0
        vertex 50.085808 54.354237 0
    endloop
endfacet
facet normal 0 0 -1
    outer loop
        vertex 48.5 57 0
        vertex 50.085808 54.354237 0
        vertex 49.83329 54.50559 0
    endloop
endfacet
facet normal 0 0 -1
    outer loop
        vertex 48.5 57 0
        vertex 49.83329 54.50559 0
        vertex 49.59682 54.68097 0
    endloop
endfacet
facet normal 0 0 -1
    outer loop
        vertex 48.5 57 0
        vertex 49.59682 54.68097 0
        vertex 49.378677 54.878677 0
    endloop
endfacet
facet normal 0 0 -0.99999994
    outer loop
        vertex 48.5 57 0
        vertex 49.378677 54.878677 0
        vertex 49.18097 55.09682 0
    endloop
endfacet
facet normal 0 0 -1
    outer loop
        vertex 48.854237 55.585808 0
        vertex 48.5 57 0
        vertex 49.00559 55.33329 0
    endloop
endfacet
facet normal 0 0 -1
    outer loop
        vertex 48.5 57 0
        vertex 49.18097 55.09682 0
        vertex 49.00559 55.33329 0
    endloop
endfacet
facet normal 0 0 -1
    outer loop
        vertex 48.728363 55.85195 0
        vertex 48.5 57 0
        vertex 48.854237 55.585808 0
    endloop
endfacet
facet normal 0 0 -1
    outer loop
        vertex 48.62918 56.129147 0
        vertex 48.5 57 0
        vertex 48.728363 55.85195 0
    endloop
endfacet
facet normal 0 0 -1
    outer loop
        vertex 48.557644 56.41473 0
        vertex 48.5 57 0
        vertex 48.62918 56.129147 0
    endloop
endfacet
facet normal 0 0 -1
    outer loop
        vertex 48.514446 56.705948 0
        vertex 48.5 57 0
        vertex 48.557644 56.41473 0
    endloop
endfacet
facet normal -0 -0 -1
    outer loop
        vertex 60.5 60 0
        vertex 60.5 54 0
        vertex 57.5 60 0
    endloop
endfacet
facet normal -0 0 -1
    outer loop
        vertex 54.5 60 0
        vertex 51.5 54 0
        vertex 51.5 60 0
    endloop
endfacet
facet normal 0 -0 -1
    outer loop
        vertex 51.5 68 0
        vertex 51.5 60 0
        vertex 48.5 57 0
    endloop
endfacet
facet normal 0 -0 -1
    outer loop
        vertex 51.5 74.4 0
        vertex 51.5 68 0
        vertex 48.5 71.4 0
    endloop
endfacet
facet normal 0 0 -1
    outer loop
        vertex 51.5 74.4 0
        vertex 48.5 71.4 0
        vertex 48.514446 71.69405 0
    endloop
endfacet
facet normal 0 0 -1
    outer loop
        vertex 51.5 74.4 0
        vertex 48.514446 71.69405 0
        vertex 48.557644 71.985275 0
    endloop
endfacet
facet normal 0 0 -1
    outer loop
        vertex 51.5 74.4 0
        vertex 48.557644 71.985275 0
        vertex 48.62918 72.27086 0
    endloop
endfacet
facet normal 0 0 -1
    outer loop
        vertex 51.5 74.4 0
        vertex 48.62918 72.27086 0
        vertex 48.728363 72.54805 0
    endloop
endfacet
facet normal 0 0 -1
    outer loop
        vertex 51.5 74.4 0
        vertex 48.728363 72.54805 0
        vertex 48.854237 72.814186 0
    endloop
endfacet
facet normal 0 -0 -1
    outer loop
        vertex 49.18097 73.30318 0
        vertex 51.5 74.4 0
        vertex 49.00559 73.06671 0
    endloop
endfacet
facet normal 0 -0 -1
    outer loop
        vertex 49.378677 73.521324 0
        vertex 51.5 74.4 0
        vertex 49.18097 73.30318 0
    endloop
endfacet
facet normal 0 0 -1
    outer loop
        vertex 51.5 74.4 0
        vertex 49.83329 73.89441 0
        vertex 50.085808 74.04576 0
    endloop
endfacet
facet normal 0 0 -1
    outer loop
        vertex 49.59682 73.71903 0
        vertex 49.83329 73.89441 0
        vertex 51.5 74.4 0
    endloop
endfacet
facet normal 0 0 -1
    outer loop
        vertex 51.5 74.4 0
        vertex 50.085808 74.04576 0
        vertex 50.35195 74.17164 0
    endloop
endfacet
facet normal 0 0 -1
    outer loop
        vertex 51.5 74.4 0
        vertex 50.35195 74.17164 0
        vertex 50.629147 74.27082 0
    endloop
endfacet
facet normal 0 -0 -1
    outer loop
        vertex 51.205948 74.38555 0
        vertex 51.5 74.4 0
        vertex 50.91473 74.342354 0
    endloop
endfacet
facet normal 0 0 -0.99999994
    outer loop
        vertex 51.5 74.4 0
        vertex 49.378677 73.521324 0
        vertex 49.59682 73.71903 0
    endloop
endfacet
facet normal -0 0 -0.99999994
    outer loop
        vertex 60.5 74.4 0
        vertex 54.5 68 0
        vertex 51.5 74.4 0
    endloop
endfacet
facet normal 0 0 -0.99999994
    outer loop
        vertex 60.794052 74.38555 0
        vertex 61.085274 74.342354 0
        vertex 63.500004 71.4 0
    endloop
endfacet
facet normal 0 0 -1
    outer loop
        vertex 63.500004 71.4 0
        vertex 61.085274 74.342354 0
        vertex 61.370853 74.27082 0
    endloop
endfacet
facet normal 0 0 -1
    outer loop
        vertex 63.500004 71.4 0
        vertex 61.370853 74.27082 0
        vertex 61.64805 74.17164 0
    endloop
endfacet
facet normal 0 0 -1
    outer loop
        vertex 63.500004 71.4 0
        vertex 61.64805 74.17164 0
        vertex 61.914192 74.04576 0
    endloop
endfacet
facet normal 0 0 -0.99999994
    outer loop
        vertex 63.500004 71.4 0
        vertex 61.914192 74.04576 0
        vertex 62.16671 73.89441 0
    endloop
endfacet
facet normal 0 0 -1
    outer loop
        vertex 63.500004 71.4 0
        vertex 62.16671 73.89441 0
        vertex 62.40318 73.71903 0
    endloop
endfacet
facet normal 0 0 -1
    outer loop
        vertex 63.500004 71.4 0
        vertex 62.40318 73.71903 0
        vertex 62.62132 73.521324 0
    endloop
endfacet
facet normal 0 0 -0.99999994
    outer loop
        vertex 63.500004 71.4 0
        vertex 62.62132 73.521324 0
        vertex 62.819035 73.30318 0
    endloop
endfacet
facet normal -0 -0 -1
    outer loop
        vertex 63.145763 72.814186 0
        vertex 63.500004 71.4 0
        vertex 62.994404 73.06671 0
    endloop
endfacet
facet normal 0 0 -1
    outer loop
        vertex 63.500004 71.4 0
        vertex 62.819035 73.30318 0
        vertex 62.994404 73.06671 0
    endloop
endfacet
facet normal -0 -0 -1
    outer loop
        vertex 63.27164 72.54805 0
        vertex 63.500004 71.4 0
        vertex 63.145763 72.814186 0
    endloop
endfacet
facet normal -0 -0 -1
    outer loop
        vertex 63.370823 72.27086 0
        vertex 63.500004 71.4 0
        vertex 63.27164 72.54805 0
    endloop
endfacet
facet normal -0 -0 -1
    outer loop
        vertex 63.442356 71.985275 0
        vertex 63.500004 71.4 0
        vertex 63.370823 72.27086 0
    endloop
endfacet
facet normal -0 -0 -1
    outer loop
        vertex 63.485554 71.69405 0
        vertex 63.500004 71.4 0
        vertex 63.442356 71.985275 0
    endloop
endfacet
facet normal 0 0 -0.99999994
    outer loop
        vertex 63.500004 71.4 0
        vertex 60.5 74.4 0
        vertex 60.794052 74.38555 0
    endloop
endfacet
facet normal 0 -0 -0.99999994
    outer loop
        vertex 49.00559 73.06671 0
        vertex 51.5 74.4 0
        vertex 48.854237 72.814186 0
    endloop
endfacet
facet normal 0 0 -1
    outer loop
        vertex 63.500004 57 0
        vertex 63.485554 56.705948 0
        vertex 60.5 54 0
    endloop
endfacet
facet normal 0 0 -1
    outer loop
        vertex 63.485554 56.705948 0
        vertex 63.442356 56.41473 0
        vertex 60.5 54 0
    endloop
endfacet
facet normal 0 0 -1
    outer loop
        vertex 63.442356 56.41473 0
        vertex 63.370823 56.129147 0
        vertex 60.5 54 0
    endloop
endfacet
facet normal 0 0 -1
    outer loop
        vertex 63.370823 56.129147 0
        vertex 63.27164 55.85195 0
        vertex 60.5 54 0
    endloop
endfacet
facet normal 0 0 -1
    outer loop
        vertex 63.27164 55.85195 0
        vertex 63.145763 55.585808 0
        vertex 60.5 54 0
    endloop
endfacet
facet normal 0 0 -1
    outer loop
        vertex 63.145763 55.585808 0
        vertex 62.994404 55.33329 0
        vertex 60.5 54 0
    endloop
endfacet
facet normal 0 0 -1
    outer loop
        vertex 60.5 54 0
        vertex 62.819035 55.09682 0
        vertex 62.62132 54.878677 0
    endloop
endfacet
facet normal 0 0 -1
    outer loop
        vertex 60.5 54 0
        vertex 62.62132 54.878677 0
        vertex 62.40318 54.68097 0
    endloop
endfacet
facet normal 0 0 -1
    outer loop
        vertex 60.5 54 0
        vertex 62.40318 54.68097 0
        vertex 62.16671 54.50559 0
    endloop
endfacet
facet normal -0 0 -1
    outer loop
        vertex 61.64805 54.228363 0
        vertex 60.5 54 0
        vertex 61.914192 54.354237 0
    endloop
endfacet
facet normal 0 0 -1
    outer loop
        vertex 60.5 54 0
        vertex 62.16671 54.50559 0
        vertex 61.914192 54.354237 0
    endloop
endfacet
facet normal -0 0 -1
    outer loop
        vertex 61.370853 54.12918 0
        vertex 60.5 54 0
        vertex 61.64805 54.228363 0
    endloop
endfacet
facet normal -0 0 -1
    outer loop
        vertex 61.085274 54.057644 0
        vertex 60.5 54 0
        vertex 61.370853 54.12918 0
    endloop
endfacet
facet normal -0 0 -1
    outer loop
        vertex 60.794052 54.014442 0
        vertex 60.5 54 0
        vertex 61.085274 54.057644 0
    endloop
endfacet
facet normal 0 0 -0.99999994
    outer loop
        vertex 50.629147 74.27082 0
        vertex 50.91473 74.342354 0
        vertex 51.5 74.4 0
    endloop
endfacet
facet normal -0 0 -1
    outer loop
        vertex 62.819035 55.09682 0
        vertex 60.5 54 0
        vertex 62.994404 55.33329 0
    endloop
endfacet
facet normal 0 -0 1
    outer loop
        vertex 57.5 68 2
        vertex 60.5 74.4 2
        vertex 54.5 68 2
    endloop
endfacet
facet normal 0 0 1
    outer loop
        vertex 57.5 68 2
        vertex 54.5 68 2
        vertex 57.5 60 2
    endloop
endfacet
facet normal 0 0 1
    outer loop
        vertex 57.5 60 2
        vertex 54.5 60 2
        vertex 60.5 54 2
    endloop
endfacet
facet normal -0 0 0.99999994
    outer loop
        vertex 60.5 60 2
        vertex 63.500004 57 2
        vertex 60.5 68 2
    endloop
endfacet
facet normal -0 0 1
    outer loop
        vertex 60.5 68 2
        vertex 63.500004 57 2
        vertex 63.500004 71.4 2
    endloop
endfacet
facet normal 0 0 1
    outer loop
        vertex 57.5 60 2
        vertex 54.5 68 2
        vertex 54.5 60 2
    endloop
endfacet
facet normal 0 0 1
    outer loop
        vertex 51.5 68 2
        vertex 48.5 71.4 2
        vertex 48.5 57 2
    endloop
endfacet
facet normal 0 0 1
    outer loop
        vertex 51.5 60 2
        vertex 48.5 57 2
        vertex 51.5 54 2
    endloop
endfacet
facet normal 0 0 1
    outer loop
        vertex 60.5 60 2
        vertex 60.5 54 2
        vertex 63.500004 57 2
    endloop
endfacet
facet normal 0 0 1
    outer loop
        vertex 54.5 60 2
        vertex 51.5 54 2
        vertex 60.5 54 2
    endloop
endfacet
facet normal 0 0 1
    outer loop
        vertex 57.5 68 2
        vertex 60.5 68 2
        vertex 60.5 74.4 2
    endloop
endfacet
facet normal 0 0 1
    outer loop
        vertex 60.5 74.4 2
        vertex 60.5 68 2
        vertex 63.500004 71.4 2
    endloop
endfacet
facet normal 0 0 1
    outer loop
        vertex 54.5 68 2
        vertex 51.5 74.4 2
        vertex 51.5 68 2
    endloop
endfacet
facet normal 0 0 1
    outer loop
        vertex 48.5 57 2
        vertex 51.205948 54.014442 2
        vertex 51.5 54 2
    endloop
endfacet
facet normal 0 0 1
    outer loop
        vertex 48.5 57 2
        vertex 50.91473 54.057644 2
        vertex 51.205948 54.014442 2
    endloop
endfacet
facet normal 0 0 1
    outer loop
        vertex 48.5 57 2
        vertex 50.629147 54.12918 2
        vertex 50.91473 54.057644 2
    endloop
endfacet
facet normal 0 0 1
    outer loop
        vertex 48.5 57 2
        vertex 50.35195 54.228363 2
        vertex 50.629147 54.12918 2
    endloop
endfacet
facet normal 0 0 1
    outer loop
        vertex 48.5 57 2
        vertex 50.085808 54.354237 2
        vertex 50.35195 54.228363 2
    endloop
endfacet
facet normal 0 0 1
    outer loop
        vertex 48.5 57 2
        vertex 49.83329 54.50559 2
        vertex 50.085808 54.354237 2
    endloop
endfacet
facet normal 0 0 1
    outer loop
        vertex 48.5 57 2
        vertex 49.59682 54.68097 2
        vertex 49.83329 54.50559 2
    endloop
endfacet
facet normal 0 0 1
    outer loop
        vertex 48.5 57 2
        vertex 49.378677 54.878677 2
        vertex 49.59682 54.68097 2
    endloop
endfacet
facet normal 0 0 0.99999994
    outer loop
        vertex 48.5 57 2
        vertex 49.18097 55.09682 2
        vertex 49.378677 54.878677 2
    endloop
endfacet
facet normal -0 -0 1
    outer loop
        vertex 48.854237 55.585808 2
        vertex 49.00559 55.33329 2
        vertex 48.5 57 2
    endloop
endfacet
facet normal 0 0 1
    outer loop
        vertex 48.5 57 2
        vertex 49.00559 55.33329 2
        vertex 49.18097 55.09682 2
    endloop
endfacet
facet normal -0 -0 1
    outer loop
        vertex 48.728363 55.85195 2
        vertex 48.854237 55.585808 2
        vertex 48.5 57 2
    endloop
endfacet
facet normal -0 -0 1
    outer loop
        vertex 48.62918 56.129147 2
        vertex 48.728363 55.85195 2
        vertex 48.5 57 2
    endloop
endfacet
facet normal -0 -0 1
    outer loop
        vertex 48.557644 56.41473 2
        vertex 48.62918 56.129147 2
        vertex 48.5 57 2
    endloop
endfacet
facet normal -0 -0 1
    outer loop
        vertex 48.514446 56.705948 2
        vertex 48.557644 56.41473 2
        vertex 48.5 57 2
    endloop
endfacet
facet normal 0 0 1
    outer loop
        vertex 60.5 60 2
        vertex 57.5 60 2
        vertex 60.5 54 2
    endloop
endfacet
facet normal 0 0 1
    outer loop
        vertex 54.5 60 2
        vertex 51.5 60 2
        vertex 51.5 54 2
    endloop
endfacet
facet normal 0 0 1
    outer loop
        vertex 51.5 68 2
        vertex 48.5 57 2
        vertex 51.5 60 2
    endloop
endfacet
facet normal 0 0 1
    outer loop
        vertex 51.5 74.4 2
        vertex 48.5 71.4 2
        vertex 51.5 68 2
    endloop
endfacet
facet normal 0 0 1
    outer loop
        vertex 51.5 74.4 2
        vertex 48.514446 71.69405 2
        vertex 48.5 71.4 2
    endloop
endfacet
facet normal 0 0 1
    outer loop
        vertex 51.5 74.4 2
        vertex 48.557644 71.985275 2
        vertex 48.514446 71.69405 2
    endloop
endfacet
facet normal 0 0 1
    outer loop
        vertex 51.5 74.4 2
        vertex 48.62918 72.27086 2
        vertex 48.557644 71.985275 2
    endloop
endfacet
facet normal 0 0 1
    outer loop
        vertex 51.5 74.4 2
        vertex 48.728363 72.54805 2
        vertex 48.62918 72.27086 2
    endloop
endfacet
facet normal 0 0 1
    outer loop
        vertex 51.5 74.4 2
        vertex 48.854237 72.814186 2
        vertex 48.728363 72.54805 2
    endloop
endfacet
facet normal -0 0 1
    outer loop
        vertex 49.18097 73.30318 2
        vertex 49.00559 73.06671 2
        vertex 51.5 74.4 2
    endloop
endfacet
facet normal -0 0 1
    outer loop
        vertex 49.378677 73.521324 2
        vertex 49.18097 73.30318 2
        vertex 51.5 74.4 2
    endloop
endfacet
facet normal 0 0 1
    outer loop
        vertex 51.5 74.4 2
        vertex 50.085808 74.04576 2
        vertex 49.83329 73.89441 2
    endloop
endfacet
facet normal 0 0 1
    outer loop
        vertex 49.59682 73.71903 2
        vertex 51.5 74.4 2
        vertex 49.83329 73.89441 2
    endloop
endfacet
facet normal 0 0 1
    outer loop
        vertex 51.5 74.4 2
        vertex 50.35195 74.17164 2
        vertex 50.085808 74.04576 2
    endloop
endfacet
facet normal 0 0 1
    outer loop
        vertex 51.5 74.4 2
        vertex 50.629147 74.27082 2
        vertex 50.35195 74.17164 2
    endloop
endfacet
facet normal -0 0 1
    outer loop
        vertex 51.205948 74.38555 2
        vertex 50.91473 74.342354 2
        vertex 51.5 74.4 2
    endloop
endfacet
facet normal 0 0 0.99999994
    outer loop
        vertex 51.5 74.4 2
        vertex 49.59682 73.71903 2
        vertex 49.378677 73.521324 2
    endloop
endfacet
facet normal 0 0 0.99999994
    outer loop
        vertex 60.5 74.4 2
        vertex 51.5 74.4 2
        vertex 54.5 68 2
    endloop
endfacet
facet normal 0 0 0.99999994
    outer loop
        vertex 60.794052 74.38555 2
        vertex 63.500004 71.4 2
        vertex 61.085274 74.342354 2
    endloop
endfacet
facet normal 0 0 1
    outer loop
        vertex 63.500004 71.4 2
        vertex 61.370853 74.27082 2
        vertex 61.085274 74.342354 2
    endloop
endfacet
facet normal 0 0 1
    outer loop
        vertex 63.500004 71.4 2
        vertex 61.64805 74.17164 2
        vertex 61.370853 74.27082 2
    endloop
endfacet
facet normal 0 0 1
    outer loop
        vertex 63.500004 71.4 2
        vertex 61.914192 74.04576 2
        vertex 61.64805 74.17164 2
    endloop
endfacet
facet normal 0 0 0.99999994
    outer loop
        vertex 63.500004 71.4 2
        vertex 62.16671 73.89441 2
        vertex 61.914192 74.04576 2
    endloop
endfacet
facet normal 0 0 1
    outer loop
        vertex 63.500004 71.4 2
        vertex 62.40318 73.71903 2
        vertex 62.16671 73.89441 2
    endloop
endfacet
facet normal 0 0 1
    outer loop
        vertex 63.500004 71.4 2
        vertex 62.62132 73.521324 2
        vertex 62.40318 73.71903 2
    endloop
endfacet
facet normal 0 0 0.99999994
    outer loop
        vertex 63.500004 71.4 2
        vertex 62.819035 73.30318 2
        vertex 62.62132 73.521324 2
    endloop
endfacet
facet normal 0 0 1
    outer loop
        vertex 63.145763 72.814186 2
        vertex 62.994404 73.06671 2
        vertex 63.500004 71.4 2
    endloop
endfacet
facet normal 0 0 1
    outer loop
        vertex 63.500004 71.4 2
        vertex 62.994404 73.06671 2
        vertex 62.819035 73.30318 2
    endloop
endfacet
facet normal 0 0 1
    outer loop
        vertex 63.27164 72.54805 2
        vertex 63.145763 72.814186 2
        vertex 63.500004 71.4 2
    endloop
endfacet
facet normal 0 0 1
    outer loop
        vertex 63.370823 72.27086 2
        vertex 63.27164 72.54805 2
        vertex 63.500004 71.4 2
    endloop
endfacet
facet normal 0 0 1
    outer loop
        vertex 63.442356 71.985275 2
        vertex 63.370823 72.27086 2
        vertex 63.500004 71.4 2
    endloop
endfacet
facet normal 0 0 1
    outer loop
        vertex 63.485554 71.69405 2
        vertex 63.442356 71.985275 2
        vertex 63.500004 71.4 2
    endloop
endfacet
facet normal 0 0 0.99999994
    outer loop
        vertex 63.500004 71.4 2
        vertex 60.794052 74.38555 2
        vertex 60.5 74.4 2
    endloop
endfacet
facet normal -0 0 0.99999994
    outer loop
        vertex 49.00559 73.06671 2
        vertex 48.854237 72.814186 2
        vertex 51.5 74.4 2
    endloop
endfacet
facet normal 0 0 1
    outer loop
        vertex 63.500004 57 2
        vertex 60.5 54 2
        vertex 63.485554 56.705948 2
    endloop
endfacet
facet normal 0 0 1
    outer loop
        vertex 63.485554 56.705948 2
        vertex 60.5 54 2
        vertex 63.442356 56.41473 2
    endloop
endfacet
facet normal 0 0 1
    outer loop
        vertex 63.442356 56.41473 2
        vertex 60.5 54 2
        vertex 63.370823 56.129147 2
    endloop
endfacet
facet normal 0 0 1
    outer loop
        vertex 63.370823 56.129147 2
        vertex 60.5 54 2
        vertex 63.27164 55.85195 2
    endloop
endfacet
facet normal 0 0 1
    outer loop
        vertex 63.27164 55.85195 2
        vertex 60.5 54 2
        vertex 63.145763 55.585808 2
    endloop
endfacet
facet normal 0 0 1
    outer loop
        vertex 63.145763 55.585808 2
        vertex 60.5 54 2
        vertex 62.994404 55.33329 2
    endloop
endfacet
facet normal 0 0 1
    outer loop
        vertex 60.5 54 2
        vertex 62.62132 54.878677 2
        vertex 62.819035 55.09682 2
    endloop
endfacet
facet normal 0 0 1
    outer loop
        vertex 60.5 54 2
        vertex 62.40318 54.68097 2
        vertex 62.62132 54.878677 2
    endloop
endfacet
facet normal 0 0 1
    outer loop
        vertex 60.5 54 2
        vertex 62.16671 54.50559 2
        vertex 62.40318 54.68097 2
    endloop
endfacet
facet normal 0 -0 1
    outer loop
        vertex 61.64805 54.228363 2
        vertex 61.914192 54.354237 2
        vertex 60.5 54 2
    endloop
endfacet
facet normal 0 0 1
    outer loop
        vertex 60.5 54 2
        vertex 61.914192 54.354237 2
        vertex 62.16671 54.50559 2
    endloop
endfacet
facet normal 0 -0 1
    outer loop
        vertex 61.370853 54.12918 2
        vertex 61.64805 54.228363 2
        vertex 60.5 54 2
    endloop
endfacet
facet normal 0 -0 1
    outer loop
        vertex 61.085274 54.057644 2
        vertex 61.370853 54.12918 2
        vertex 60.5 54 2
    endloop
endfacet
facet normal 0 -0 1
    outer loop
        vertex 60.794052 54.014442 2
        vertex 61.085274 54.057644 2
        vertex 60.5 54 2
    endloop
endfacet
facet normal 0 0 0.99999994
    outer loop
        vertex 50.629147 74.27082 2
        vertex 51.5 74.4 2
        vertex 50.91473 74.342354 2
    endloop
endfacet
facet normal 0 -0 1
    outer loop
        vertex 62.819035 55.09682 2
        vertex 62.994404 55.33329 2
        vertex 60.5 54 2
    endloop
endfacet
facet normal 0 1 0
    outer loop
        vertex 57.5 60 0
        vertex 57.5 60 2
        vertex 60.5 60 0
    endloop
endfacet
facet normal -0 1 0
    outer loop
        vertex 57.5 60 2
        vertex 60.5 60 2
        vertex 60.5 60 0
    endloop
endfacet
facet normal 1 0 -0
    outer loop
        vertex 57.5 68 0
        vertex 57.5 68 2
        vertex 57.5 60 0
    endloop
endfacet
facet normal 1 0 0
    outer loop
        vertex 57.5 68 2
        vertex 57.5 60 2
        vertex 57.5 60 0
    endloop
endfacet
facet normal 0 -1 0
    outer loop
        vertex 60.5 68 0
        vertex 60.5 68 2
        vertex 57.5 68 0
    endloop
endfacet
facet normal -0 -1 0
    outer loop
        vertex 60.5 68 2
        vertex 57.5 68 2
        vertex 57.5 68 0
    endloop
endfacet
facet normal -1 0 0
    outer loop
        vertex 60.5 60 0
        vertex 60.5 60 2
        vertex 60.5 68 0
    endloop
endfacet
facet normal -1 0 0
    outer loop
        vertex 60.5 60 2
        vertex 60.5 68 2
        vertex 60.5 68 0
    endloop
endfacet
facet normal 0 1 0
    outer loop
        vertex 51.5 60 0
        vertex 51.5 60 2
        vertex 54.5 60 0
    endloop
endfacet
facet normal -0 1 0
    outer loop
        vertex 51.5 60 2
        vertex 54.5 60 2
        vertex 54.5 60 0
    endloop
endfacet
facet normal 1 0 -0
    outer loop
        vertex 51.5 68 0
        vertex 51.5 68 2
        vertex 51.5 60 0
    endloop
endfacet
facet normal 1 0 0
    outer loop
        vertex 51.5 68 2
        vertex 51.5 60 2
        vertex 51.5 60 0
    endloop
endfacet
facet normal 0 -1 0
    outer loop
        vertex 54.5 68 0
        vertex 54.5 68 2
        vertex 51.5 68 0
    endloop
endfacet
facet normal -0 -1 0
    outer loop
        vertex 54.5 68 2
        vertex 51.5 68 2
        vertex 51.5 68 0
    endloop
endfacet
facet normal -1 0 0
    outer loop
        vertex 54.5 60 0
        vertex 54.5 60 2
        vertex 54.5 68 0
    endloop
endfacet
facet normal -1 0 0
    outer loop
        vertex 54.5 60 2
        vertex 54.5 68 2
        vertex 54.5 68 0
    endloop
endfacet
facet normal 0.04905866 -0.99879593 0
    outer loop
        vertex 172.5 54 2
        vertex 172.5 54 0
        vertex 172.79404 54.014442 2
    endloop
endfacet
facet normal 0.14673601 -0.98917568 0
    outer loop
        vertex 172.79404 54.014442 2
        vertex 172.79404 54.014442 0
        vertex 173.08527 54.057644 2
    endloop
endfacet
facet normal 0.14673601 -0.98917568 0
    outer loop
        vertex 173.08527 54.057644 2
        vertex 172.79404 54.014442 0
        vertex 173.08527 54.057644 0
    endloop
endfacet
facet normal 0.24298683 -0.97002965 0
    outer loop
        vertex 173.37085 54.12918 2
        vertex 173.08527 54.057644 0
        vertex 173.37085 54.12918 0
    endloop
endfacet
facet normal 0.33689451 -0.94154239 0
    outer loop
        vertex 173.64804 54.228363 2
        vertex 173.37085 54.12918 0
        vertex 173.64804 54.228363 0
    endloop
endfacet
facet normal 0.42752656 -0.90400285 0
    outer loop
        vertex 173.9142 54.354237 2
        vertex 173.64804 54.228363 2
        vertex 173.64804 54.228363 0
    endloop
endfacet
facet normal 0.51412219 -0.85771692 0
    outer loop
        vertex 174.1667 54.50559 2
        vertex 173.9142 54.354237 2
        vertex 173.9142 54.354237 0
    endloop
endfacet
facet normal 0.51412219 -0.85771692 0
    outer loop
        vertex 174.1667 54.50559 0
        vertex 174.1667 54.50559 2
        vertex 173.9142 54.354237 0
    endloop
endfacet
facet normal 0.59568763 -0.80321628 0
    outer loop
        vertex 174.40318 54.68097 0
        vertex 174.40318 54.68097 2
        vertex 174.1667 54.50559 0
    endloop
endfacet
facet normal 0.67158085 -0.74093139 0
    outer loop
        vertex 174.40318 54.68097 0
        vertex 174.6213 54.878677 2
        vertex 174.40318 54.68097 2
    endloop
endfacet
facet normal 0.74093467 -0.67157692 0
    outer loop
        vertex 174.6213 54.878677 0
        vertex 174.81903 55.09682 2
        vertex 174.6213 54.878677 2
    endloop
endfacet
facet normal 0.74093467 -0.67157692 0
    outer loop
        vertex 174.6213 54.878677 0
        vertex 174.81903 55.09682 0
        vertex 174.81903 55.09682 2
    endloop
endfacet
facet normal 0.80319619 -0.59571451 0
    outer loop
        vertex 174.81903 55.09682 0
        vertex 174.99442 55.33329 0
        vertex 174.99442 55.33329 2
    endloop
endfacet
facet normal 0.85773063 -0.51409936 0
    outer loop
        vertex 174.99442 55.33329 2
        vertex 174.99442 55.33329 0
        vertex 175.14577 55.585808 2
    endloop
endfacet
facet normal 0.90397835 -0.42757833 0
    outer loop
        vertex 175.14577 55.585808 2
        vertex 175.14577 55.585808 0
        vertex 175.27165 55.85195 2
    endloop
endfacet
facet normal 0.90397835 -0.42757833 0
    outer loop
        vertex 175.27165 55.85195 2
        vertex 175.14577 55.585808 0
        vertex 175.27165 55.85195 0
    endloop
endfacet
facet normal 0.99879473 -0.04908197 0
    outer loop
        vertex 175.48555 56.705948 0
        vertex 175.5 57 0
        vertex 175.5 57 2
    endloop
endfacet
facet normal 0.99879473 -0.04908197 0
    outer loop
        vertex 175.48555 56.705948 2
        vertex 175.48555 56.705948 0
        vertex 175.5 57 2
    endloop
endfacet
facet normal 0.98917675 -0.14672899 0
    outer loop
        vertex 175.48555 56.705948 2
        vertex 175.44235 56.41473 0
        vertex 175.48555 56.705948 0
    endloop
endfacet
facet normal 0.98917675 -0.14672899 0
    outer loop
        vertex 175.48555 56.705948 2
        vertex 175.44235 56.41473 2
        vertex 175.44235 56.41473 0
    endloop
endfacet
facet normal 0.97004485 -0.24292585 0
    outer loop
        vertex 175.44235 56.41473 0
        vertex 175.44235 56.41473 2
        vertex 175.37083 56.129147 0
    endloop
endfacet
facet normal 0.97004485 -0.24292585 0
    outer loop
        vertex 175.37083 56.129147 0
        vertex 175.44235 56.41473 2
        vertex 175.37083 56.129147 2
    endloop
endfacet
facet normal 0.94154388 -0.3368904 0
    outer loop
        vertex 175.27165 55.85195 0
        vertex 175.37083 56.129147 0
        vertex 175.37083 56.129147 2
    endloop
endfacet
facet normal 0.94154388 -0.3368904 0
    outer loop
        vertex 175.27165 55.85195 2
        vertex 175.27165 55.85195 0
        vertex 175.37083 56.129147 2
    endloop
endfacet
facet normal 0.85773063 -0.51409936 0
    outer loop
        vertex 174.99442 55.33329 0
        vertex 175.14577 55.585808 0
        vertex 175.14577 55.585808 2
    endloop
endfacet
facet normal 0.80319619 -0.59571451 0
    outer loop
        vertex 174.81903 55.09682 0
        vertex 174.99442 55.33329 2
        vertex 174.81903 55.09682 2
    endloop
endfacet
facet normal 0.67158085 -0.74093139 0
    outer loop
        vertex 174.6213 54.878677 0
        vertex 174.6213 54.878677 2
        vertex 174.40318 54.68097 0
    endloop
endfacet
facet normal 0.59568763 -0.80321628 0
    outer loop
        vertex 174.40318 54.68097 2
        vertex 174.1667 54.50559 2
        vertex 174.1667 54.50559 0
    endloop
endfacet
facet normal 0.42752656 -0.90400285 0
    outer loop
        vertex 173.9142 54.354237 2
        vertex 173.64804 54.228363 0
        vertex 173.9142 54.354237 0
    endloop
endfacet
facet normal 0.33689451 -0.94154239 0
    outer loop
        vertex 173.37085 54.12918 2
        vertex 173.37085 54.12918 0
        vertex 173.64804 54.228363 2
    endloop
endfacet
facet normal 0.04905866 -0.99879593 0
    outer loop
        vertex 172.79404 54.014442 0
        vertex 172.79404 54.014442 2
        vertex 172.5 54 0
    endloop
endfacet
facet normal 0.24298683 -0.97002965 0
    outer loop
        vertex 173.08527 54.057644 0
        vertex 173.37085 54.12918 2
        vertex 173.08527 54.057644 2
    endloop
endfacet
facet normal 1 -0 0
    outer loop
        vertex 175.5 57 2
        vertex 175.5 57 0
        vertex 175.5 71.4 2
    endloop
endfacet
facet normal 1 0 0
    outer loop
        vertex 175.5 71.4 2
        vertex 175.5 57 0
        vertex 175.5 71.4 0
    endloop
endfacet
facet normal 0.99879473 0.04908197 0
    outer loop
        vertex 175.5 71.4 2
        vertex 175.5 71.4 0
        vertex 175.48555 71.69405 2
    endloop
endfacet
facet normal 0.98917705 0.1467271 0
    outer loop
        vertex 175.48555 71.69405 2
        vertex 175.48555 71.69405 0
        vertex 175.44235 71.985275 2
    endloop
endfacet
facet normal 0.98917705 0.1467271 0
    outer loop
        vertex 175.44235 71.985275 2
        vertex 175.48555 71.69405 0
        vertex 175.44235 71.985275 0
    endloop
endfacet
facet normal 0.97004485 0.24292585 0
    outer loop
        vertex 175.37083 72.27086 2
        vertex 175.44235 71.985275 0
        vertex 175.37083 72.27086 0
    endloop
endfacet
facet normal 0.94154239 0.33689451 0
    outer loop
        vertex 175.27165 72.54805 2
        vertex 175.37083 72.27086 0
        vertex 175.27165 72.54805 0
    endloop
endfacet
facet normal 0.90397358 0.42758834 0
    outer loop
        vertex 175.14577 72.814186 2
        vertex 175.27165 72.54805 2
        vertex 175.27165 72.54805 0
    endloop
endfacet
facet normal 0.85773748 0.51408792 0
    outer loop
        vertex 174.99442 73.06671 2
        vertex 175.14577 72.814186 2
        vertex 175.14577 72.814186 0
    endloop
endfacet
facet normal 0.85773748 0.51408792 -0
    outer loop
        vertex 174.99442 73.06671 0
        vertex 174.99442 73.06671 2
        vertex 175.14577 72.814186 0
    endloop
endfacet
facet normal 0.8031916 0.59572071 -0
    outer loop
        vertex 174.81903 73.30318 0
        vertex 174.81903 73.30318 2
        vertex 174.99442 73.06671 0
    endloop
endfacet
facet normal 0.74094063 0.6715706 -0
    outer loop
        vertex 174.81903 73.30318 0
        vertex 174.6213 73.521324 2
        vertex 174.81903 73.30318 2
    endloop
endfacet
facet normal 0.67158085 0.74093139 -0
    outer loop
        vertex 174.6213 73.521324 0
        vertex 174.40318 73.71903 2
        vertex 174.6213 73.521324 2
    endloop
endfacet
facet normal 0.67158085 0.74093139 0
    outer loop
        vertex 174.6213 73.521324 0
        vertex 174.40318 73.71903 0
        vertex 174.40318 73.71903 2
    endloop
endfacet
facet normal 0.59567928 0.80322242 0
    outer loop
        vertex 174.40318 73.71903 0
        vertex 174.1667 73.89441 0
        vertex 174.1667 73.89441 2
    endloop
endfacet
facet normal 0.51412219 0.85771692 0
    outer loop
        vertex 174.1667 73.89441 2
        vertex 174.1667 73.89441 0
        vertex 173.9142 74.04576 2
    endloop
endfacet
facet normal 0.42753714 0.90399784 0
    outer loop
        vertex 173.9142 74.04576 2
        vertex 173.9142 74.04576 0
        vertex 173.64804 74.17164 2
    endloop
endfacet
facet normal 0.42753714 0.90399784 0
    outer loop
        vertex 173.64804 74.17164 2
        vertex 173.9142 74.04576 0
        vertex 173.64804 74.17164 0
    endloop
endfacet
facet normal 0.04908451 0.99879462 0
    outer loop
        vertex 172.79404 74.38555 0
        vertex 172.5 74.4 0
        vertex 172.5 74.4 2
    endloop
endfacet
facet normal 0.04908451 0.99879462 0
    outer loop
        vertex 172.79404 74.38555 2
        vertex 172.79404 74.38555 0
        vertex 172.5 74.4 2
    endloop
endfacet
facet normal 0.14672334 0.98917758 0
    outer loop
        vertex 172.79404 74.38555 2
        vertex 173.08527 74.342354 0
        vertex 172.79404 74.38555 0
    endloop
endfacet
facet normal 0.14672334 0.98917758 0
    outer loop
        vertex 172.79404 74.38555 2
        vertex 173.08527 74.342354 2
        vertex 173.08527 74.342354 0
    endloop
endfacet
facet normal 0.24297462 0.97003263 -0
    outer loop
        vertex 173.08527 74.342354 0
        vertex 173.08527 74.342354 2
        vertex 173.37085 74.27082 0
    endloop
endfacet
facet normal 0.24297462 0.97003263 -0
    outer loop
        vertex 173.37085 74.27082 0
        vertex 173.08527 74.342354 2
        vertex 173.37085 74.27082 2
    endloop
endfacet
facet normal 0.33689451 0.94154239 0
    outer loop
        vertex 173.64804 74.17164 0
        vertex 173.37085 74.27082 0
        vertex 173.37085 74.27082 2
    endloop
endfacet
facet normal 0.33689451 0.94154239 0
    outer loop
        vertex 173.64804 74.17164 2
        vertex 173.64804 74.17164 0
        vertex 173.37085 74.27082 2
    endloop
endfacet
facet normal 0.51412219 0.85771692 0
    outer loop
        vertex 174.1667 73.89441 0
        vertex 173.9142 74.04576 0
        vertex 173.9142 74.04576 2
    endloop
endfacet
facet normal 0.59567928 0.80322242 -0
    outer loop
        vertex 174.40318 73.71903 0
        vertex 174.1667 73.89441 2
        vertex 174.40318 73.71903 2
    endloop
endfacet
facet normal 0.74094063 0.6715706 -0
    outer loop
        vertex 174.6213 73.521324 0
        vertex 174.6213 73.521324 2
        vertex 174.81903 73.30318 0
    endloop
endfacet
facet normal 0.8031916 0.59572071 0
    outer loop
        vertex 174.81903 73.30318 2
        vertex 174.99442 73.06671 2
        vertex 174.99442 73.06671 0
    endloop
endfacet
facet normal 0.90397358 0.42758834 0
    outer loop
        vertex 175.14577 72.814186 2
        vertex 175.27165 72.54805 0
        vertex 175.14577 72.814186 0
    endloop
endfacet
facet normal 0.94154239 0.33689451 0
    outer loop
        vertex 175.37083 72.27086 2
        vertex 175.37083 72.27086 0
        vertex 175.27165 72.54805 2
    endloop
endfacet
facet normal 0.99879473 0.04908197 -0
    outer loop
        vertex 175.48555 71.69405 0
        vertex 175.48555 71.69405 2
        vertex 175.5 71.4 0
    endloop
endfacet
facet normal 0.97004485 0.24292585 -0
    outer loop
        vertex 175.44235 71.985275 0
        vertex 175.37083 72.27086 2
        vertex 175.44235 71.985275 2
    endloop
endfacet
facet normal 0 1 0
    outer loop
        vertex 172.5 74.4 2
        vertex 172.5 74.4 0
        vertex 163.5 74.4 2
    endloop
endfacet
facet normal 0 1 0
    outer loop
        vertex 163.5 74.4 2
        vertex 172.5 74.4 0
        vertex 163.5 74.4 0
    endloop
endfacet
facet normal -0.04908197 0.99879473 0
    outer loop
        vertex 163.5 74.4 2
        vertex 163.5 74.4 0
        vertex 163.20595 74.38555 2
    endloop
endfacet
facet normal -0.14672334 0.98917758 0
    outer loop
        vertex 163.20595 74.38555 2
        vertex 163.20595 74.38555 0
        vertex 162.91472 74.342354 2
    endloop
endfacet
facet normal -0.14672334 0.98917758 0
    outer loop
        vertex 162.91472 74.342354 2
        vertex 163.20595 74.38555 0
        vertex 162.91472 74.342354 0
    endloop
endfacet
facet normal -0.24297462 0.97003263 0
    outer loop
        vertex 162.62914 74.27082 2
        vertex 162.91472 74.342354 0
        vertex 162.62914 74.27082 0
    endloop
endfacet
facet normal -0.33689451 0.94154239 0
    outer loop
        vertex 162.35194 74.17164 2
        vertex 162.62914 74.27082 0
        vertex 162.35194 74.17164 0
    endloop
endfacet
facet normal -0.4275772 0.90397888 0
    outer loop
        vertex 162.08582 74.04576 2
        vertex 162.35194 74.17164 2
        vertex 162.35194 74.17164 0
    endloop
endfacet
facet normal -0.51407653 0.85774434 0
    outer loop
        vertex 161.83328 73.89441 2
        vertex 162.08582 74.04576 2
        vertex 162.08582 74.04576 0
    endloop
endfacet
facet normal -0.51407653 0.85774434 0
    outer loop
        vertex 161.83328 73.89441 0
        vertex 161.83328 73.89441 2
        vertex 162.08582 74.04576 0
    endloop
endfacet
facet normal -0.59570408 0.80320406 0
    outer loop
        vertex 161.59682 73.71903 0
        vertex 161.59682 73.71903 2
        vertex 161.83328 73.89441 0
    endloop
endfacet
facet normal -0.67155492 0.74095464 0
    outer loop
        vertex 161.59682 73.71903 0
        vertex 161.37868 73.521324 2
        vertex 161.59682 73.71903 2
    endloop
endfacet
facet normal -0.74096632 0.67154205 0
    outer loop
        vertex 161.37868 73.521324 0
        vertex 161.18097 73.30318 2
        vertex 161.37868 73.521324 2
    endloop
endfacet
facet normal -0.74096632 0.67154205 0
    outer loop
        vertex 161.37868 73.521324 0
        vertex 161.18097 73.30318 0
        vertex 161.18097 73.30318 2
    endloop
endfacet
facet normal -0.8031916 0.59572071 0
    outer loop
        vertex 161.18097 73.30318 0
        vertex 161.00558 73.06671 0
        vertex 161.00558 73.06671 2
    endloop
endfacet
facet normal -0.85773748 0.51408792 0
    outer loop
        vertex 161.00558 73.06671 2
        vertex 161.00558 73.06671 0
        vertex 160.85423 72.814186 2
    endloop
endfacet
facet normal -0.90399367 0.42754599 0
    outer loop
        vertex 160.85423 72.814186 2
        vertex 160.85423 72.814186 0
        vertex 160.72836 72.54805 2
    endloop
endfacet
facet normal -0.90399367 0.42754599 0
    outer loop
        vertex 160.72836 72.54805 2
        vertex 160.85423 72.814186 0
        vertex 160.72836 72.54805 0
    endloop
endfacet
facet normal -0.99879473 0.04908197 0
    outer loop
        vertex 160.51445 71.69405 0
        vertex 160.5 71.4 0
        vertex 160.5 71.4 2
    endloop
endfacet
facet normal -0.99879473 0.04908197 0
    outer loop
        vertex 160.51445 71.69405 2
        vertex 160.51445 71.69405 0
        vertex 160.5 71.4 2
    endloop
endfacet
facet normal -0.98917705 0.1467271 0
    outer loop
        vertex 160.51445 71.69405 2
        vertex 160.55765 71.985275 0
        vertex 160.51445 71.69405 0
    endloop
endfacet
facet normal -0.98917705 0.1467271 0
    outer loop
        vertex 160.51445 71.69405 2
        vertex 160.55765 71.985275 2
        vertex 160.55765 71.985275 0
    endloop
endfacet
facet normal -0.97003263 0.24297462 0
    outer loop
        vertex 160.55765 71.985275 0
        vertex 160.55765 71.985275 2
        vertex 160.62918 72.27086 0
    endloop
endfacet
facet normal -0.97003263 0.24297462 0
    outer loop
        vertex 160.62918 72.27086 0
        vertex 160.55765 71.985275 2
        vertex 160.62918 72.27086 2
    endloop
endfacet
facet normal -0.94154239 0.33689451 0
    outer loop
        vertex 160.72836 72.54805 0
        vertex 160.62918 72.27086 0
        vertex 160.62918 72.27086 2
    endloop
endfacet
facet normal -0.94154239 0.33689451 0
    outer loop
        vertex 160.72836 72.54805 2
        vertex 160.72836 72.54805 0
        vertex 160.62918 72.27086 2
    endloop
endfacet
facet normal -0.85773748 0.51408792 0
    outer loop
        vertex 161.00558 73.06671 0
        vertex 160.85423 72.814186 0
        vertex 160.85423 72.814186 2
    endloop
endfacet
facet normal -0.8031916 0.59572071 0
    outer loop
        vertex 161.18097 73.30318 0
        vertex 161.00558 73.06671 2
        vertex 161.18097 73.30318 2
    endloop
endfacet
facet normal -0.67155492 0.74095464 0
    outer loop
        vertex 161.37868 73.521324 0
        vertex 161.37868 73.521324 2
        vertex 161.59682 73.71903 0
    endloop
endfacet
facet normal -0.59570408 0.80320406 0
    outer loop
        vertex 161.59682 73.71903 2
        vertex 161.83328 73.89441 2
        vertex 161.83328 73.89441 0
    endloop
endfacet
facet normal -0.4275772 0.90397888 0
    outer loop
        vertex 162.08582 74.04576 2
        vertex 162.35194 74.17164 0
        vertex 162.08582 74.04576 0
    endloop
endfacet
facet normal -0.33689451 0.94154239 0
    outer loop
        vertex 162.62914 74.27082 2
        vertex 162.62914 74.27082 0
        vertex 162.35194 74.17164 2
    endloop
endfacet
facet normal -0.04908197 0.99879473 0
    outer loop
        vertex 163.20595 74.38555 0
        vertex 163.20595 74.38555 2
        vertex 163.5 74.4 0
    endloop
endfacet
facet normal -0.24297462 0.97003263 0
    outer loop
        vertex 162.91472 74.342354 0
        vertex 162.62914 74.27082 2
        vertex 162.91472 74.342354 2
    endloop
endfacet
facet normal -1 -0 -0
    outer loop
        vertex 160.5 71.4 2
        vertex 160.5 71.4 0
        vertex 160.5 57 2
    endloop
endfacet
facet normal -1 0 0
    outer loop
        vertex 160.5 57 2
        vertex 160.5 71.4 0
        vertex 160.5 57 0
    endloop
endfacet
facet normal -0.99879473 -0.04908197 -0
    outer loop
        vertex 160.5 57 2
        vertex 160.5 57 0
        vertex 160.51445 56.705948 2
    endloop
endfacet
facet normal -0.98917675 -0.14672899 -0
    outer loop
        vertex 160.51445 56.705948 2
        vertex 160.51445 56.705948 0
        vertex 160.55765 56.41473 2
    endloop
endfacet
facet normal -0.98917675 -0.14672899 -0
    outer loop
        vertex 160.55765 56.41473 2
        vertex 160.51445 56.705948 0
        vertex 160.55765 56.41473 0
    endloop
endfacet
facet normal -0.97003263 -0.24297462 -0
    outer loop
        vertex 160.62918 56.129147 2
        vertex 160.55765 56.41473 0
        vertex 160.62918 56.129147 0
    endloop
endfacet
facet normal -0.94154388 -0.3368904 -0
    outer loop
        vertex 160.72836 55.85195 2
        vertex 160.62918 56.129147 0
        vertex 160.72836 55.85195 0
    endloop
endfacet
facet normal -0.90399837 -0.42753598 0
    outer loop
        vertex 160.85423 55.585808 2
        vertex 160.72836 55.85195 2
        vertex 160.72836 55.85195 0
    endloop
endfacet
facet normal -0.85773063 -0.51409936 0
    outer loop
        vertex 161.00558 55.33329 2
        vertex 160.85423 55.585808 2
        vertex 160.85423 55.585808 0
    endloop
endfacet
facet normal -0.85773063 -0.51409936 0
    outer loop
        vertex 161.00558 55.33329 0
        vertex 161.00558 55.33329 2
        vertex 160.85423 55.585808 0
    endloop
endfacet
facet normal -0.80319619 -0.59571451 0
    outer loop
        vertex 161.18097 55.09682 0
        vertex 161.18097 55.09682 2
        vertex 161.00558 55.33329 0
    endloop
endfacet
facet normal -0.74096048 -0.67154849 0
    outer loop
        vertex 161.18097 55.09682 0
        vertex 161.37868 54.878677 2
        vertex 161.18097 55.09682 2
    endloop
endfacet
facet normal -0.67155492 -0.74095464 0
    outer loop
        vertex 161.37868 54.878677 0
        vertex 161.59682 54.68097 2
        vertex 161.37868 54.878677 2
    endloop
endfacet
facet normal -0.67155492 -0.74095464 0
    outer loop
        vertex 161.37868 54.878677 0
        vertex 161.59682 54.68097 0
        vertex 161.59682 54.68097 2
    endloop
endfacet
facet normal -0.59571242 -0.80319786 0
    outer loop
        vertex 161.59682 54.68097 0
        vertex 161.83328 54.50559 0
        vertex 161.83328 54.50559 2
    endloop
endfacet
facet normal -0.51407653 -0.85774434 -0
    outer loop
        vertex 161.83328 54.50559 2
        vertex 161.83328 54.50559 0
        vertex 162.08582 54.354237 2
    endloop
endfacet
facet normal -0.42756659 -0.90398383 -0
    outer loop
        vertex 162.08582 54.354237 2
        vertex 162.08582 54.354237 0
        vertex 162.35194 54.228363 2
    endloop
endfacet
facet normal -0.42756659 -0.90398383 -0
    outer loop
        vertex 162.35194 54.228363 2
        vertex 162.08582 54.354237 0
        vertex 162.35194 54.228363 0
    endloop
endfacet
facet normal -0.04905611 -0.99879593 0
    outer loop
        vertex 163.20595 54.014442 0
        vertex 163.5 54 0
        vertex 163.5 54 2
    endloop
endfacet
facet normal -0.04905611 -0.99879593 -0
    outer loop
        vertex 163.20595 54.014442 2
        vertex 163.20595 54.014442 0
        vertex 163.5 54 2
    endloop
endfacet
facet normal -0.14673601 -0.98917568 -0
    outer loop
        vertex 163.20595 54.014442 2
        vertex 162.91472 54.057644 0
        vertex 163.20595 54.014442 0
    endloop
endfacet
facet normal -0.14673601 -0.98917568 0
    outer loop
        vertex 163.20595 54.014442 2
        vertex 162.91472 54.057644 2
        vertex 162.91472 54.057644 0
    endloop
endfacet
facet normal -0.24298683 -0.97002965 0
    outer loop
        vertex 162.91472 54.057644 0
        vertex 162.91472 54.057644 2
        vertex 162.62914 54.12918 0
    endloop
endfacet
facet normal -0.24298683 -0.97002965 0
    outer loop
        vertex 162.62914 54.12918 0
        vertex 162.91472 54.057644 2
        vertex 162.62914 54.12918 2
    endloop
endfacet
facet normal -0.33689451 -0.94154239 0
    outer loop
        vertex 162.35194 54.228363 0
        vertex 162.62914 54.12918 0
        vertex 162.62914 54.12918 2
    endloop
endfacet
facet normal -0.33689451 -0.94154239 -0
    outer loop
        vertex 162.35194 54.228363 2
        vertex 162.35194 54.228363 0
        vertex 162.62914 54.12918 2
    endloop
endfacet
facet normal -0.51407653 -0.85774434 0
    outer loop
        vertex 161.83328 54.50559 0
        vertex 162.08582 54.354237 0
        vertex 162.08582 54.354237 2
    endloop
endfacet
facet normal -0.59571242 -0.80319786 0
    outer loop
        vertex 161.59682 54.68097 0
        vertex 161.83328 54.50559 2
        vertex 161.59682 54.68097 2
    endloop
endfacet
facet normal -0.74096048 -0.67154849 0
    outer loop
        vertex 161.37868 54.878677 0
        vertex 161.37868 54.878677 2
        vertex 161.18097 55.09682 0
    endloop
endfacet
facet normal -0.80319619 -0.59571451 0
    outer loop
        vertex 161.18097 55.09682 2
        vertex 161.00558 55.33329 2
        vertex 161.00558 55.33329 0
    endloop
endfacet
facet normal -0.90399837 -0.42753598 -0
    outer loop
        vertex 160.85423 55.585808 2
        vertex 160.72836 55.85195 0
        vertex 160.85423 55.585808 0
    endloop
endfacet
facet normal -0.94154388 -0.3368904 -0
    outer loop
        vertex 160.62918 56.129147 2
        vertex 160.62918 56.129147 0
        vertex 160.72836 55.85195 2
    endloop
endfacet
facet normal -0.99879473 -0.04908197 0
    outer loop
        vertex 160.51445 56.705948 0
        vertex 160.51445 56.705948 2
        vertex 160.5 57 0
    endloop
endfacet
facet normal -0.97003263 -0.24297462 0
    outer loop
        vertex 160.55765 56.41473 0
        vertex 160.62918 56.129147 2
        vertex 160.55765 56.41473 2
    endloop
endfacet
facet normal 0 -1 0
    outer loop
        vertex 163.5 54 2
        vertex 163.5 54 0
        vertex 172.5 54 2
    endloop
endfacet
facet normal 0 -1 -0
    outer loop
        vertex 172.5 54 2
        vertex 163.5 54 0
        vertex 172.5 54 0
    endloop
endfacet
facet normal 0 0 -1
    outer loop
        vertex 169.5 68 0
        vertex 166.5 68 0
        vertex 172.5 74.4 0
    endloop
endfacet
facet normal -0 -0 -1
    outer loop
        vertex 169.5 68 0
        vertex 169.5 60 0
        vertex 166.5 68 0
    endloop
endfacet
facet normal -0 -0 -1
    outer loop
        vertex 169.5 60 0
        vertex 172.5 54 0
        vertex 166.5 60 0
    endloop
endfacet
facet normal 0 0 -1
    outer loop
        vertex 172.5 60 0
        vertex 172.5 68 0
        vertex 175.5 57 0
    endloop
endfacet
facet normal 0 0 -1
    outer loop
        vertex 172.5 68 0
        vertex 175.5 71.4 0
        vertex 175.5 57 0
    endloop
endfacet
facet normal 0 0 -1
    outer loop
        vertex 169.5 60 0
        vertex 166.5 60 0
        vertex 166.5 68 0
    endloop
endfacet
facet normal -0 0 -1
    outer loop
        vertex 163.5 68 0
        vertex 160.5 57 0
        vertex 160.5 71.4 0
    endloop
endfacet
facet normal 0 -0 -1
    outer loop
        vertex 163.5 60 0
        vertex 163.5 54 0
        vertex 160.5 57 0
    endloop
endfacet
facet normal 0 0 -1
    outer loop
        vertex 172.5 60 0
        vertex 175.5 57 0
        vertex 172.5 54 0
    endloop
endfacet
facet normal 0 -0 -1
    outer loop
        vertex 166.5 60 0
        vertex 172.5 54 0
        vertex 163.5 54 0
    endloop
endfacet
facet normal 0 0 -1
    outer loop
        vertex 169.5 68 0
        vertex 172.5 74.4 0
        vertex 172.5 68 0
    endloop
endfacet
facet normal 0 0 -1
    outer loop
        vertex 172.5 74.4 0
        vertex 175.5 71.4 0
        vertex 172.5 68 0
    endloop
endfacet
facet normal 0 0 -1
    outer loop
        vertex 166.5 68 0
        vertex 163.5 68 0
        vertex 163.5 74.4 0
    endloop
endfacet
facet normal 0 0 -1
    outer loop
        vertex 160.5 57 0
        vertex 163.5 54 0
        vertex 163.20595 54.014442 0
    endloop
endfacet
facet normal 0 0 -1
    outer loop
        vertex 160.5 57 0
        vertex 163.20595 54.014442 0
        vertex 162.91472 54.057644 0
    endloop
endfacet
facet normal 0 0 -1
    outer loop
        vertex 160.5 57 0
        vertex 162.91472 54.057644 0
        vertex 162.62914 54.12918 0
    endloop
endfacet
facet normal 0 0 -1
    outer loop
        vertex 160.5 57 0
        vertex 162.62914 54.12918 0
        vertex 162.35194 54.228363 0
    endloop
endfacet
facet normal 0 0 -1
    outer loop
        vertex 160.5 57 0
        vertex 162.35194 54.228363 0
        vertex 162.08582 54.354237 0
    endloop
endfacet
facet normal 0 0 -0.99999994
    outer loop
        vertex 160.5 57 0
        vertex 162.08582 54.354237 0
        vertex 161.83328 54.50559 0
    endloop
endfacet
facet normal 0 0 -1
    outer loop
        vertex 160.5 57 0
        vertex 161.83328 54.50559 0
        vertex 161.59682 54.68097 0
    endloop
endfacet
facet normal 0 0 -1
    outer loop
        vertex 160.5 57 0
        vertex 161.59682 54.68097 0
        vertex 161.37868 54.878677 0
    endloop
endfacet
facet normal 0 0 -0.99999994
    outer loop
        vertex 160.5 57 0
        vertex 161.37868 54.878677 0
        vertex 161.18097 55.09682 0
    endloop
endfacet
facet normal 0 0 -0.99999994
    outer loop
        vertex 160.85423 55.585808 0
        vertex 160.5 57 0
        vertex 161.00558 55.33329 0
    endloop
endfacet
facet normal 0 0 -1
    outer loop
        vertex 160.5 57 0
        vertex 161.18097 55.09682 0
        vertex 161.00558 55.33329 0
    endloop
endfacet
facet normal 0 0 -1
    outer loop
        vertex 160.72836 55.85195 0
        vertex 160.5 57 0
        vertex 160.85423 55.585808 0
    endloop
endfacet
facet normal 0 0 -1
    outer loop
        vertex 160.62918 56.129147 0
        vertex 160.5 57 0
        vertex 160.72836 55.85195 0
    endloop
endfacet
facet normal 0 0 -1
    outer loop
        vertex 160.55765 56.41473 0
        vertex 160.5 57 0
        vertex 160.62918 56.129147 0
    endloop
endfacet
facet normal 0 0 -1
    outer loop
        vertex 160.51445 56.705948 0
        vertex 160.5 57 0
        vertex 160.55765 56.41473 0
    endloop
endfacet
facet normal -0 -0 -1
    outer loop
        vertex 172.5 60 0
        vertex 172.5 54 0
        vertex 169.5 60 0
    endloop
endfacet
facet normal -0 0 -1
    outer loop
        vertex 166.5 60 0
        vertex 163.5 54 0
        vertex 163.5 60 0
    endloop
endfacet
facet normal 0 -0 -1
    outer loop
        vertex 163.5 68 0
        vertex 163.5 60 0
        vertex 160.5 57 0
    endloop
endfacet
facet normal 0 -0 -1
    outer loop
        vertex 163.5 74.4 0
        vertex 163.5 68 0
        vertex 160.5 71.4 0
    endloop
endfacet
facet normal 0 0 -0.99999994
    outer loop
        vertex 163.5 74.4 0
        vertex 160.5 71.4 0
        vertex 160.51445 71.69405 0
    endloop
endfacet
facet normal 0 0 -1
    outer loop
        vertex 163.5 74.4 0
        vertex 160.51445 71.69405 0
        vertex 160.55765 71.985275 0
    endloop
endfacet
facet normal 0 0 -1
    outer loop
        vertex 163.5 74.4 0
        vertex 160.55765 71.985275 0
        vertex 160.62918 72.27086 0
    endloop
endfacet
facet normal 0 0 -1
    outer loop
        vertex 163.5 74.4 0
        vertex 160.62918 72.27086 0
        vertex 160.72836 72.54805 0
    endloop
endfacet
facet normal 0 0 -1
    outer loop
        vertex 163.5 74.4 0
        vertex 160.72836 72.54805 0
        vertex 160.85423 72.814186 0
    endloop
endfacet
facet normal 0 -0 -1
    outer loop
        vertex 161.18097 73.30318 0
        vertex 163.5 74.4 0
        vertex 161.00558 73.06671 0
    endloop
endfacet
facet normal 0 -0 -1
    outer loop
        vertex 161.37868 73.521324 0
        vertex 163.5 74.4 0
        vertex 161.18097 73.30318 0
    endloop
endfacet
facet normal 0 0 -1
    outer loop
        vertex 163.5 74.4 0
        vertex 161.83328 73.89441 0
        vertex 162.08582 74.04576 0
    endloop
endfacet
facet normal 0 0 -1
    outer loop
        vertex 161.59682 73.71903 0
        vertex 161.83328 73.89441 0
        vertex 163.5 74.4 0
    endloop
endfacet
facet normal 0 0 -1
    outer loop
        vertex 163.5 74.4 0
        vertex 162.08582 74.04576 0
        vertex 162.35194 74.17164 0
    endloop
endfacet
facet normal 0 0 -1
    outer loop
        vertex 163.5 74.4 0
        vertex 162.35194 74.17164 0
        vertex 162.62914 74.27082 0
    endloop
endfacet
facet normal 0 -0 -1
    outer loop
        vertex 163.20595 74.38555 0
        vertex 163.5 74.4 0
        vertex 162.91472 74.342354 0
    endloop
endfacet
facet normal 0 0 -0.99999994
    outer loop
        vertex 163.5 74.4 0
        vertex 161.37868 73.521324 0
        vertex 161.59682 73.71903 0
    endloop
endfacet
facet normal -0 0 -0.99999994
    outer loop
        vertex 172.5 74.4 0
        vertex 166.5 68 0
        vertex 163.5 74.4 0
    endloop
endfacet
facet normal 0 0 -1
    outer loop
        vertex 172.79404 74.38555 0
        vertex 173.08527 74.342354 0
        vertex 175.5 71.4 0
    endloop
endfacet
facet normal 0 0 -1
    outer loop
        vertex 175.5 71.4 0
        vertex 173.08527 74.342354 0
        vertex 173.37085 74.27082 0
    endloop
endfacet
facet normal 0 0 -1
    outer loop
        vertex 175.5 71.4 0
        vertex 173.37085 74.27082 0
        vertex 173.64804 74.17164 0
    endloop
endfacet
facet normal 0 0 -1
    outer loop
        vertex 175.5 71.4 0
        vertex 173.64804 74.17164 0
        vertex 173.9142 74.04576 0
    endloop
endfacet
facet normal 0 0 -0.99999994
    outer loop
        vertex 175.5 71.4 0
        vertex 173.9142 74.04576 0
        vertex 174.1667 73.89441 0
    endloop
endfacet
facet normal 0 0 -1
    outer loop
        vertex 175.5 71.4 0
        vertex 174.1667 73.89441 0
        vertex 174.40318 73.71903 0
    endloop
endfacet
facet normal 0 0 -1
    outer loop
        vertex 175.5 71.4 0
        vertex 174.40318 73.71903 0
        vertex 174.6213 73.521324 0
    endloop
endfacet
facet normal 0 0 -1
    outer loop
        vertex 175.5 71.4 0
        vertex 174.6213 73.521324 0
        vertex 174.81903 73.30318 0
    endloop
endfacet
facet normal -0 -0 -0.99999994
    outer loop
        vertex 175.14577 72.814186 0
        vertex 175.5 71.4 0
        vertex 174.99442 73.06671 0
    endloop
endfacet
facet normal 0 0 -1
    outer loop
        vertex 175.5 71.4 0
        vertex 174.81903 73.30318 0
        vertex 174.99442 73.06671 0
    endloop
endfacet
facet normal -0 -0 -1
    outer loop
        vertex 175.27165 72.54805 0
        vertex 175.5 71.4 0
        vertex 175.14577 72.814186 0
    endloop
endfacet
facet normal -0 -0 -1
    outer loop
        vertex 175.37083 72.27086 0
        vertex 175.5 71.4 0
        vertex 175.27165 72.54805 0
    endloop
endfacet
facet normal -0 -0 -1
    outer loop
        vertex 175.44235 71.985275 0
        vertex 175.5 71.4 0
        vertex 175.37083 72.27086 0
    endloop
endfacet
facet normal -0 -0 -1
    outer loop
        vertex 175.48555 71.69405 0
        vertex 175.5 71.4 0
        vertex 175.44235 71.985275 0
    endloop
endfacet
facet normal 0 0 -1
    outer loop
        vertex 175.5 71.4 0
        vertex 172.5 74.4 0
        vertex 172.79404 74.38555 0
    endloop
endfacet
facet normal 0 -0 -1
    outer loop
        vertex 161.00558 73.06671 0
        vertex 163.5 74.4 0
        vertex 160.85423 72.814186 0
    endloop
endfacet
facet normal 0 0 -0.99999994
    outer loop
        vertex 175.5 57 0
        vertex 175.48555 56.705948 0
        vertex 172.5 54 0
    endloop
endfacet
facet normal 0 0 -0.99999994
    outer loop
        vertex 175.48555 56.705948 0
        vertex 175.44235 56.41473 0
        vertex 172.5 54 0
    endloop
endfacet
facet normal 0 0 -1
    outer loop
        vertex 175.44235 56.41473 0
        vertex 175.37083 56.129147 0
        vertex 172.5 54 0
    endloop
endfacet
facet normal 0 0 -1
    outer loop
        vertex 175.37083 56.129147 0
        vertex 175.27165 55.85195 0
        vertex 172.5 54 0
    endloop
endfacet
facet normal 0 0 -1
    outer loop
        vertex 175.27165 55.85195 0
        vertex 175.14577 55.585808 0
        vertex 172.5 54 0
    endloop
endfacet
facet normal 0 0 -0.99999994
    outer loop
        vertex 175.14577 55.585808 0
        vertex 174.99442 55.33329 0
        vertex 172.5 54 0
    endloop
endfacet
facet normal 0 0 -1
    outer loop
        vertex 172.5 54 0
        vertex 174.81903 55.09682 0
        vertex 174.6213 54.878677 0
    endloop
endfacet
facet normal 0 0 -1
    outer loop
        vertex 172.5 54 0
        vertex 174.6213 54.878677 0
        vertex 174.40318 54.68097 0
    endloop
endfacet
facet normal 0 0 -1
    outer loop
        vertex 172.5 54 0
        vertex 174.40318 54.68097 0
        vertex 174.1667 54.50559 0
    endloop
endfacet
facet normal -0 0 -1
    outer loop
        vertex 173.64804 54.228363 0
        vertex 172.5 54 0
        vertex 173.9142 54.354237 0
    endloop
endfacet
facet normal 0 0 -1
    outer loop
        vertex 172.5 54 0
        vertex 174.1667 54.50559 0
        vertex 173.9142 54.354237 0
    endloop
endfacet
facet normal -0 0 -1
    outer loop
        vertex 173.37085 54.12918 0
        vertex 172.5 54 0
        vertex 173.64804 54.228363 0
    endloop
endfacet
facet normal -0 0 -1
    outer loop
        vertex 173.08527 54.057644 0
        vertex 172.5 54 0
        vertex 173.37085 54.12918 0
    endloop
endfacet
facet normal -0 0 -1
    outer loop
        vertex 172.79404 54.014442 0
        vertex 172.5 54 0
        vertex 173.08527 54.057644 0
    endloop
endfacet
facet normal 0 0 -1
    outer loop
        vertex 162.62914 74.27082 0
        vertex 162.91472 74.342354 0
        vertex 163.5 74.4 0
    endloop
endfacet
facet normal -0 0 -1
    outer loop
        vertex 174.81903 55.09682 0
        vertex 172.5 54 0
        vertex 174.99442 55.33329 0
    endloop
endfacet
facet normal 0 -0 1
    outer loop
        vertex 169.5 68 2
        vertex 172.5 74.4 2
        vertex 166.5 68 2
    endloop
endfacet
facet normal 0 0 1
    outer loop
        vertex 169.5 68 2
        vertex 166.5 68 2
        vertex 169.5 60 2
    endloop
endfacet
facet normal 0 0 1
    outer loop
        vertex 169.5 60 2
        vertex 166.5 60 2
        vertex 172.5 54 2
    endloop
endfacet
facet normal -0 0 1
    outer loop
        vertex 172.5 60 2
        vertex 175.5 57 2
        vertex 172.5 68 2
    endloop
endfacet
facet normal -0 0 1
    outer loop
        vertex 172.5 68 2
        vertex 175.5 57 2
        vertex 175.5 71.4 2
    endloop
endfacet
facet normal 0 0 1
    outer loop
        vertex 169.5 60 2
        vertex 166.5 68 2
        vertex 166.5 60 2
    endloop
endfacet
facet normal 0 0 1
    outer loop
        vertex 163.5 68 2
        vertex 160.5 71.4 2
        vertex 160.5 57 2
    endloop
endfacet
facet normal 0 0 1
    outer loop
        vertex 163.5 60 2
        vertex 160.5 57 2
        vertex 163.5 54 2
    endloop
endfacet
facet normal 0 0 1
    outer loop
        vertex 172.5 60 2
        vertex 172.5 54 2
        vertex 175.5 57 2
    endloop
endfacet
facet normal 0 0 1
    outer loop
        vertex 166.5 60 2
        vertex 163.5 54 2
        vertex 172.5 54 2
    endloop
endfacet
facet normal 0 0 1
    outer loop
        vertex 169.5 68 2
        vertex 172.5 68 2
        vertex 172.5 74.4 2
    endloop
endfacet
facet normal 0 0 1
    outer loop
        vertex 172.5 74.4 2
        vertex 172.5 68 2
        vertex 175.5 71.4 2
    endloop
endfacet
facet normal 0 0 1
    outer loop
        vertex 166.5 68 2
        vertex 163.5 74.4 2
        vertex 163.5 68 2
    endloop
endfacet
facet normal 0 0 1
    outer loop
        vertex 160.5 57 2
        vertex 163.20595 54.014442 2
        vertex 163.5 54 2
    endloop
endfacet
facet normal 0 0 1
    outer loop
        vertex 160.5 57 2
        vertex 162.91472 54.057644 2
        vertex 163.20595 54.014442 2
    endloop
endfacet
facet normal 0 0 1
    outer loop
        vertex 160.5 57 2
        vertex 162.62914 54.12918 2
        vertex 162.91472 54.057644 2
    endloop
endfacet
facet normal 0 0 1
    outer loop
        vertex 160.5 57 2
        vertex 162.35194 54.228363 2
        vertex 162.62914 54.12918 2
    endloop
endfacet
facet normal 0 0 1
    outer loop
        vertex 160.5 57 2
        vertex 162.08582 54.354237 2
        vertex 162.35194 54.228363 2
    endloop
endfacet
facet normal 0 0 0.99999994
    outer loop
        vertex 160.5 57 2
        vertex 161.83328 54.50559 2
        vertex 162.08582 54.354237 2
    endloop
endfacet
facet normal 0 0 1
    outer loop
        vertex 160.5 57 2
        vertex 161.59682 54.68097 2
        vertex 161.83328 54.50559 2
    endloop
endfacet
facet normal 0 0 1
    outer loop
        vertex 160.5 57 2
        vertex 161.37868 54.878677 2
        vertex 161.59682 54.68097 2
    endloop
endfacet
facet normal 0 0 0.99999994
    outer loop
        vertex 160.5 57 2
        vertex 161.18097 55.09682 2
        vertex 161.37868 54.878677 2
    endloop
endfacet
facet normal -0 -0 0.99999994
    outer loop
        vertex 160.85423 55.585808 2
        vertex 161.00558 55.33329 2
        vertex 160.5 57 2
    endloop
endfacet
facet normal 0 0 1
    outer loop
        vertex 160.5 57 2
        vertex 161.00558 55.33329 2
        vertex 161.18097 55.09682 2
    endloop
endfacet
facet normal -0 -0 1
    outer loop
        vertex 160.72836 55.85195 2
        vertex 160.85423 55.585808 2
        vertex 160.5 57 2
    endloop
endfacet
facet normal -0 -0 1
    outer loop
        vertex 160.62918 56.129147 2
        vertex 160.72836 55.85195 2
        vertex 160.5 57 2
    endloop
endfacet
facet normal -0 -0 1
    outer loop
        vertex 160.55765 56.41473 2
        vertex 160.62918 56.129147 2
        vertex 160.5 57 2
    endloop
endfacet
facet normal -0 -0 1
    outer loop
        vertex 160.51445 56.705948 2
        vertex 160.55765 56.41473 2
        vertex 160.5 57 2
    endloop
endfacet
facet normal 0 0 1
    outer loop
        vertex 172.5 60 2
        vertex 169.5 60 2
        vertex 172.5 54 2
    endloop
endfacet
facet normal 0 0 1
    outer loop
        vertex 166.5 60 2
        vertex 163.5 60 2
        vertex 163.5 54 2
    endloop
endfacet
facet normal 0 0 1
    outer loop
        vertex 163.5 68 2
        vertex 160.5 57 2
        vertex 163.5 60 2
    endloop
endfacet
facet normal 0 0 1
    outer loop
        vertex 163.5 74.4 2
        vertex 160.5 71.4 2
        vertex 163.5 68 2
    endloop
endfacet
facet normal 0 0 0.99999994
    outer loop
        vertex 163.5 74.4 2
        vertex 160.51445 71.69405 2
        vertex 160.5 71.4 2
    endloop
endfacet
facet normal 0 0 1
    outer loop
        vertex 163.5 74.4 2
        vertex 160.55765 71.985275 2
        vertex 160.51445 71.69405 2
    endloop
endfacet
facet normal 0 0 1
    outer loop
        vertex 163.5 74.4 2
        vertex 160.62918 72.27086 2
        vertex 160.55765 71.985275 2
    endloop
endfacet
facet normal 0 0 1
    outer loop
        vertex 163.5 74.4 2
        vertex 160.72836 72.54805 2
        vertex 160.62918 72.27086 2
    endloop
endfacet
facet normal 0 0 1
    outer loop
        vertex 163.5 74.4 2
        vertex 160.85423 72.814186 2
        vertex 160.72836 72.54805 2
    endloop
endfacet
facet normal -0 0 1
    outer loop
        vertex 161.18097 73.30318 2
        vertex 161.00558 73.06671 2
        vertex 163.5 74.4 2
    endloop
endfacet
facet normal -0 0 1
    outer loop
        vertex 161.37868 73.521324 2
        vertex 161.18097 73.30318 2
        vertex 163.5 74.4 2
    endloop
endfacet
facet normal 0 0 1
    outer loop
        vertex 163.5 74.4 2
        vertex 162.08582 74.04576 2
        vertex 161.83328 73.89441 2
    endloop
endfacet
facet normal 0 0 1
    outer loop
        vertex 161.59682 73.71903 2
        vertex 163.5 74.4 2
        vertex 161.83328 73.89441 2
    endloop
endfacet
facet normal 0 0 1
    outer loop
        vertex 163.5 74.4 2
        vertex 162.35194 74.17164 2
        vertex 162.08582 74.04576 2
    endloop
endfacet
facet normal 0 0 1
    outer loop
        vertex 163.5 74.4 2
        vertex 162.62914 74.27082 2
        vertex 162.35194 74.17164 2
    endloop
endfacet
facet normal -0 0 1
    outer loop
        vertex 163.20595 74.38555 2
        vertex 162.91472 74.342354 2
        vertex 163.5 74.4 2
    endloop
endfacet
facet normal 0 0 0.99999994
    outer loop
        vertex 163.5 74.4 2
        vertex 161.59682 73.71903 2
        vertex 161.37868 73.521324 2
    endloop
endfacet
facet normal 0 0 0.99999994
    outer loop
        vertex 172.5 74.4 2
        vertex 163.5 74.4 2
        vertex 166.5 68 2
    endloop
endfacet
facet normal 0 0 1
    outer loop
        vertex 172.79404 74.38555 2
        vertex 175.5 71.4 2
        vertex 173.08527 74.342354 2
    endloop
endfacet
facet normal 0 0 1
    outer loop
        vertex 175.5 71.4 2
        vertex 173.37085 74.27082 2
        vertex 173.08527 74.342354 2
    endloop
endfacet
facet normal 0 0 1
    outer loop
        vertex 175.5 71.4 2
        vertex 173.64804 74.17164 2
        vertex 173.37085 74.27082 2
    endloop
endfacet
facet normal 0 0 1
    outer loop
        vertex 175.5 71.4 2
        vertex 173.9142 74.04576 2
        vertex 173.64804 74.17164 2
    endloop
endfacet
facet normal 0 0 0.99999994
    outer loop
        vertex 175.5 71.4 2
        vertex 174.1667 73.89441 2
        vertex 173.9142 74.04576 2
    endloop
endfacet
facet normal 0 0 1
    outer loop
        vertex 175.5 71.4 2
        vertex 174.40318 73.71903 2
        vertex 174.1667 73.89441 2
    endloop
endfacet
facet normal 0 0 1
    outer loop
        vertex 175.5 71.4 2
        vertex 174.6213 73.521324 2
        vertex 174.40318 73.71903 2
    endloop
endfacet
facet normal 0 0 1
    outer loop
        vertex 175.5 71.4 2
        vertex 174.81903 73.30318 2
        vertex 174.6213 73.521324 2
    endloop
endfacet
facet normal 0 0 0.99999994
    outer loop
        vertex 175.14577 72.814186 2
        vertex 174.99442 73.06671 2
        vertex 175.5 71.4 2
    endloop
endfacet
facet normal 0 0 1
    outer loop
        vertex 175.5 71.4 2
        vertex 174.99442 73.06671 2
        vertex 174.81903 73.30318 2
    endloop
endfacet
facet normal 0 0 1
    outer loop
        vertex 175.27165 72.54805 2
        vertex 175.14577 72.814186 2
        vertex 175.5 71.4 2
    endloop
endfacet
facet normal 0 0 1
    outer loop
        vertex 175.37083 72.27086 2
        vertex 175.27165 72.54805 2
        vertex 175.5 71.4 2
    endloop
endfacet
facet normal 0 0 1
    outer loop
        vertex 175.44235 71.985275 2
        vertex 175.37083 72.27086 2
        vertex 175.5 71.4 2
    endloop
endfacet
facet normal 0 0 1
    outer loop
        vertex 175.48555 71.69405 2
        vertex 175.44235 71.985275 2
        vertex 175.5 71.4 2
    endloop
endfacet
facet normal 0 0 1
    outer loop
        vertex 175.5 71.4 2
        vertex 172.79404 74.38555 2
        vertex 172.5 74.4 2
    endloop
endfacet
facet normal -0 0 1
    outer loop
        vertex 161.00558 73.06671 2
        vertex 160.85423 72.814186 2
        vertex 163.5 74.4 2
    endloop
endfacet
facet normal 0 0 0.99999994
    outer loop
        vertex 175.5 57 2
        vertex 172.5 54 2
        vertex 175.48555 56.705948 2
    endloop
endfacet
facet normal 0 0 0.99999994
    outer loop
        vertex 175.48555 56.705948 2
        vertex 172.5 54 2
        vertex 175.44235 56.41473 2
    endloop
endfacet
facet normal 0 0 1
    outer loop
        vertex 175.44235 56.41473 2
        vertex 172.5 54 2
        vertex 175.37083 56.129147 2
    endloop
endfacet
facet normal 0 0 1
    outer loop
        vertex 175.37083 56.129147 2
        vertex 172.5 54 2
        vertex 175.27165 55.85195 2
    endloop
endfacet
facet normal 0 0 1
    outer loop
        vertex 175.27165 55.85195 2
        vertex 172.5 54 2
        vertex 175.14577 55.585808 2
    endloop
endfacet
facet normal 0 0 0.99999994
    outer loop
        vertex 175.14577 55.585808 2
        vertex 172.5 54 2
        vertex 174.99442 55.33329 2
    endloop
endfacet
facet normal 0 0 1
    outer loop
        vertex 172.5 54 2
        vertex 174.6213 54.878677 2
        vertex 174.81903 55.09682 2
    endloop
endfacet
facet normal 0 0 1
    outer loop
        vertex 172.5 54 2
        vertex 174.40318 54.68097 2
        vertex 174.6213 54.878677 2
    endloop
endfacet
facet normal 0 0 1
    outer loop
        vertex 172.5 54 2
        vertex 174.1667 54.50559 2
        vertex 174.40318 54.68097 2
    endloop
endfacet
facet normal 0 -0 1
    outer loop
        vertex 173.64804 54.228363 2
        vertex 173.9142 54.354237 2
        vertex 172.5 54 2
    endloop
endfacet
facet normal 0 0 1
    outer loop
        vertex 172.5 54 2
        vertex 173.9142 54.354237 2
        vertex 174.1667 54.50559 2
    endloop
endfacet
facet normal 0 -0 1
    outer loop
        vertex 173.37085 54.12918 2
        vertex 173.64804 54.228363 2
        vertex 172.5 54 2
    endloop
endfacet
facet normal 0 -0 1
    outer loop
        vertex 173.08527 54.057644 2
        vertex 173.37085 54.12918 2
        vertex 172.5 54 2
    endloop
endfacet
facet normal 0 -0 1
    outer loop
        vertex 172.79404 54.014442 2
        vertex 173.08527 54.057644 2
        vertex 172.5 54 2
    endloop
endfacet
facet normal 0 0 1
    outer loop
        vertex 162.62914 74.27082 2
        vertex 163.5 74.4 2
        vertex 162.91472 74.342354 2
    endloop
endfacet
facet normal 0 -0 1
    outer loop
        vertex 174.81903 55.09682 2
        vertex 174.99442 55.33329 2
        vertex 172.5 54 2
    endloop
endfacet
facet normal 0 1 0
    outer loop
        vertex 169.5 60 0
        vertex 169.5 60 2
        vertex 172.5 60 0
    endloop
endfacet
facet normal -0 1 0
    outer loop
        vertex 169.5 60 2
        vertex 172.5 60 2
        vertex 172.5 60 0
    endloop
endfacet
facet normal 1 0 -0
    outer loop
        vertex 169.5 68 0
        vertex 169.5 68 2
        vertex 169.5 60 0
    endloop
endfacet
facet normal 1 0 0
    outer loop
        vertex 169.5 68 2
        vertex 169.5 60 2
        vertex 169.5 60 0
    endloop
endfacet
facet normal 0 -1 0
    outer loop
        vertex 172.5 68 0
        vertex 172.5 68 2
        vertex 169.5 68 0
    endloop
endfacet
facet normal -0 -1 0
    outer loop
        vertex 172.5 68 2
        vertex 169.5 68 2
        vertex 169.5 68 0
    endloop
endfacet
facet normal -1 0 0
    outer loop
        vertex 172.5 60 0
        vertex 172.5 60 2
        vertex 172.5 68 0
    endloop
endfacet
facet normal -1 0 0
    outer loop
        vertex 172.5 60 2
        vertex 172.5 68 2
        vertex 172.5 68 0
    endloop
endfacet
facet normal 0 1 0
    outer loop
        vertex 163.5 60 0
        vertex 163.5 60 2
        vertex 166.5 60 0
    endloop
endfacet
facet normal -0 1 0
    outer loop
        vertex 163.5 60 2
        vertex 166.5 60 2
        vertex 166.5 60 0
    endloop
endfacet
facet normal 1 0 -0
    outer loop
        vertex 163.5 68 0
        vertex 163.5 68 2
        vertex 163.5 60 0
    endloop
endfacet
facet normal 1 0 0
    outer loop
        vertex 163.5 68 2
        vertex 163.5 60 2
        vertex 163.5 60 0
    endloop
endfacet
facet normal -1 0 0
    outer loop
        vertex 166.5 60 0
        vertex 166.5 60 2
        vertex 166.5 68 0
    endloop
endfacet
facet normal -1 0 0
    outer loop
        vertex 166.5 60 2
        vertex 166.5 68 2
        vertex 166.5 68 0
    endloop
endfacet
facet normal 0 -1 0
    outer loop
        vertex 166.5 68 0
        vertex 166.5 68 2
        vertex 163.5 68 0
    endloop
endfacet
facet normal -0 -1 0
    outer loop
        vertex 166.5 68 2
        vertex 163.5 68 2
        vertex 163.5 68 0
    endloop
endfacet
endsolid unnamed
