solid unnamed
facet normal 0.09801795 -0.99518466 0
    outer loop
        vertex 221 -0 4.6
        vertex 221 -0 0
        vertex 221.58527 0.05764416 4.6
    endloop
endfacet
facet normal 0.29028684 -0.95693958 0
    outer loop
        vertex 221.58527 0.05764416 4.6
        vertex 221.58527 0.05764416 0
        vertex 222.14804 0.2283614 4.6
    endloop
endfacet
facet normal 0.29028684 -0.95693958 0
    outer loop
        vertex 222.14804 0.2283614 4.6
        vertex 221.58527 0.05764416 0
        vertex 222.14804 0.2283614 0
    endloop
endfacet
facet normal 0.47138518 -0.88192749 0
    outer loop
        vertex 222.66672 0.50559115 4.6
        vertex 222.14804 0.2283614 0
        vertex 222.66672 0.50559115 0
    endloop
endfacet
facet normal 0.63439715 -0.77300733 0
    outer loop
        vertex 223.12132 0.8786797 4.6
        vertex 222.66672 0.50559115 0
        vertex 223.12132 0.8786797 0
    endloop
endfacet
facet normal 0.77300692 -0.63439763 0
    outer loop
        vertex 223.49442 1.3332893 4.6
        vertex 223.12132 0.8786797 4.6
        vertex 223.12132 0.8786797 0
    endloop
endfacet
facet normal 0.88192695 -0.47138602 0
    outer loop
        vertex 223.77164 1.8519497 4.6
        vertex 223.49442 1.3332893 4.6
        vertex 223.49442 1.3332893 0
    endloop
endfacet
facet normal 0.88192695 -0.47138602 0
    outer loop
        vertex 223.77164 1.8519497 0
        vertex 223.77164 1.8519497 4.6
        vertex 223.49442 1.3332893 0
    endloop
endfacet
facet normal 0.99518418 -0.09802309 0
    outer loop
        vertex 223.94235 2.4147289 0
        vertex 224 3 0
        vertex 224 3 4.6
    endloop
endfacet
facet normal 0.99518418 -0.09802309 0
    outer loop
        vertex 223.94235 2.4147289 4.6
        vertex 223.94235 2.4147289 0
        vertex 224 3 4.6
    endloop
endfacet
facet normal 0.95694125 -0.29028177 0
    outer loop
        vertex 223.94235 2.4147289 4.6
        vertex 223.77164 1.8519497 0
        vertex 223.94235 2.4147289 0
    endloop
endfacet
facet normal 0.95694125 -0.29028177 0
    outer loop
        vertex 223.94235 2.4147289 4.6
        vertex 223.77164 1.8519497 4.6
        vertex 223.77164 1.8519497 0
    endloop
endfacet
facet normal 0.77300692 -0.63439763 0
    outer loop
        vertex 223.49442 1.3332893 4.6
        vertex 223.12132 0.8786797 0
        vertex 223.49442 1.3332893 0
    endloop
endfacet
facet normal 0.63439715 -0.77300733 0
    outer loop
        vertex 222.66672 0.50559115 4.6
        vertex 222.66672 0.50559115 0
        vertex 223.12132 0.8786797 4.6
    endloop
endfacet
facet normal 0.09801795 -0.99518466 0
    outer loop
        vertex 221.58527 0.05764416 0
        vertex 221.58527 0.05764416 4.6
        vertex 221 -0 0
    endloop
endfacet
facet normal 0.47138518 -0.88192749 0
    outer loop
        vertex 222.14804 0.2283614 0
        vertex 222.66672 0.50559115 4.6
        vertex 222.14804 0.2283614 4.6
    endloop
endfacet
facet normal 1 -0 0
    outer loop
        vertex 224 27 4.6
        vertex 224 3 0
        vertex 224 51 4.6
    endloop
endfacet
facet normal 1 0 0
    outer loop
        vertex 224 51 4.6
        vertex 224 3 0
        vertex 224 15 0
    endloop
endfacet
facet normal 1 0 0
    outer loop
        vertex 224 51 4.6
        vertex 224 27 0
        vertex 224 39 0
    endloop
endfacet
facet normal 1 0 0
    outer loop
        vertex 224 51 4.6
        vertex 224 15 0
        vertex 224 27 0
    endloop
endfacet
facet normal 1 0 0
    outer loop
        vertex 224 51 4.6
        vertex 224 39 0
        vertex 224 51 0
    endloop
endfacet
facet normal 1 -0 0
    outer loop
        vertex 224 3 4.6
        vertex 224 3 0
        vertex 224 27 4.6
    endloop
endfacet
facet normal 0.99518418 0.09802265 0
    outer loop
        vertex 224 51 4.6
        vertex 224 51 0
        vertex 223.94235 51.585274 4.6
    endloop
endfacet
facet normal 0.95694107 0.2902821 0
    outer loop
        vertex 223.94235 51.585274 4.6
        vertex 223.94235 51.585274 0
        vertex 223.77164 52.148052 4.6
    endloop
endfacet
facet normal 0.95694107 0.2902821 0
    outer loop
        vertex 223.77164 52.148052 4.6
        vertex 223.94235 51.585274 0
        vertex 223.77164 52.148052 0
    endloop
endfacet
facet normal 0.88192743 0.4713853 0
    outer loop
        vertex 223.49442 52.666714 4.6
        vertex 223.77164 52.148052 0
        vertex 223.49442 52.666714 0
    endloop
endfacet
facet normal 0.7730065 0.6343981 0
    outer loop
        vertex 223.12132 53.121323 4.6
        vertex 223.49442 52.666714 0
        vertex 223.12132 53.121323 0
    endloop
endfacet
facet normal 0.63439351 0.77301019 0
    outer loop
        vertex 222.66672 53.494408 4.6
        vertex 223.12132 53.121323 4.6
        vertex 223.12132 53.121323 0
    endloop
endfacet
facet normal 0.47138458 0.88192779 0
    outer loop
        vertex 222.14804 53.771637 4.6
        vertex 222.66672 53.494408 4.6
        vertex 222.66672 53.494408 0
    endloop
endfacet
facet normal 0.47138458 0.88192779 -0
    outer loop
        vertex 222.14804 53.771637 0
        vertex 222.14804 53.771637 4.6
        vertex 222.66672 53.494408 0
    endloop
endfacet
facet normal 0.09801749 0.99518466 0
    outer loop
        vertex 221.58527 53.942356 0
        vertex 221 54 0
        vertex 221 54 4.6
    endloop
endfacet
facet normal 0.09801749 0.99518466 0
    outer loop
        vertex 221.58527 53.942356 4.6
        vertex 221.58527 53.942356 0
        vertex 221 54 4.6
    endloop
endfacet
facet normal 0.29028985 0.9569388 0
    outer loop
        vertex 221.58527 53.942356 4.6
        vertex 222.14804 53.771637 0
        vertex 221.58527 53.942356 0
    endloop
endfacet
facet normal 0.29028985 0.9569388 0
    outer loop
        vertex 221.58527 53.942356 4.6
        vertex 222.14804 53.771637 4.6
        vertex 222.14804 53.771637 0
    endloop
endfacet
facet normal 0.63439351 0.77301019 0
    outer loop
        vertex 222.66672 53.494408 4.6
        vertex 223.12132 53.121323 0
        vertex 222.66672 53.494408 0
    endloop
endfacet
facet normal 0.7730065 0.6343981 0
    outer loop
        vertex 223.49442 52.666714 4.6
        vertex 223.49442 52.666714 0
        vertex 223.12132 53.121323 4.6
    endloop
endfacet
facet normal 0.99518418 0.09802265 -0
    outer loop
        vertex 223.94235 51.585274 0
        vertex 223.94235 51.585274 4.6
        vertex 224 51 0
    endloop
endfacet
facet normal 0.88192743 0.4713853 -0
    outer loop
        vertex 223.77164 52.148052 0
        vertex 223.49442 52.666714 4.6
        vertex 223.77164 52.148052 4.6
    endloop
endfacet
facet normal 0 1 0
    outer loop
        vertex 166.5 54 8
        vertex 123.5 54 4.25
        vertex 112 54 8
    endloop
endfacet
facet normal 0 0.99999994 0
    outer loop
        vertex 166.5 54 8
        vertex 166.5 54 0
        vertex 139.25 54 0
    endloop
endfacet
facet normal 0 1 0
    outer loop
        vertex 57.5 54 8
        vertex 75.5 54 4.25
        vertex 57.5 54 0
    endloop
endfacet
facet normal 0 1 0
    outer loop
        vertex 112 54 8
        vertex 108.5 54 4.25
        vertex 105.5 54 4.25
    endloop
endfacet
facet normal 0 1 0
    outer loop
        vertex 84.75 54 0
        vertex 90.5 54 1.75
        vertex 93.5 54 1.75
    endloop
endfacet
facet normal 0 1 0
    outer loop
        vertex 57.5 54 0
        vertex 75.5 54 1.75
        vertex 84.75 54 0
    endloop
endfacet
facet normal 0 1 0
    outer loop
        vertex 123.5 54 4.25
        vertex 139.25 54 0
        vertex 123.5 54 1.75
    endloop
endfacet
facet normal 0 1 0
    outer loop
        vertex 112 54 0
        vertex 120.5 54 1.75
        vertex 123.5 54 1.75
    endloop
endfacet
facet normal 0 1 0
    outer loop
        vertex 112 54 0
        vertex 108.5 54 1.75
        vertex 108.5 54 4.25
    endloop
endfacet
facet normal 0 1 -0
    outer loop
        vertex 120.5 54 1.75
        vertex 112 54 0
        vertex 120.5 54 4.25
    endloop
endfacet
facet normal 0 1 0
    outer loop
        vertex 120.5 54 4.25
        vertex 112 54 0
        vertex 112 54 8
    endloop
endfacet
facet normal 0 1 0
    outer loop
        vertex 123.5 54 4.25
        vertex 120.5 54 4.25
        vertex 112 54 8
    endloop
endfacet
facet normal 0 1 0
    outer loop
        vertex 193.75 54 0
        vertex 220 54 4.6
        vertex 221 54 0
    endloop
endfacet
facet normal 0 1 0
    outer loop
        vertex 112 54 8
        vertex 112 54 0
        vertex 108.5 54 4.25
    endloop
endfacet
facet normal 0 1 0
    outer loop
        vertex 105.5 54 1.75
        vertex 112 54 0
        vertex 93.5 54 1.75
    endloop
endfacet
facet normal 0 1 -0
    outer loop
        vertex 105.5 54 1.75
        vertex 93.5 54 1.75
        vertex 105.5 54 4.25
    endloop
endfacet
facet normal 0 1 0
    outer loop
        vertex 112 54 8
        vertex 93.5 54 4.25
        vertex 90.5 54 4.25
    endloop
endfacet
facet normal 0 1 0
    outer loop
        vertex 112 54 8
        vertex 105.5 54 4.25
        vertex 93.5 54 4.25
    endloop
endfacet
facet normal 0 1 0
    outer loop
        vertex 166.5 54 8
        vertex 139.25 54 0
        vertex 123.5 54 4.25
    endloop
endfacet
facet normal 0 1 0
    outer loop
        vertex 105.5 54 4.25
        vertex 93.5 54 1.75
        vertex 93.5 54 4.25
    endloop
endfacet
facet normal 0 1 0
    outer loop
        vertex 78.5 54 4.25
        vertex 84.75 54 0
        vertex 78.5 54 1.75
    endloop
endfacet
facet normal 0 0.99999994 -0
    outer loop
        vertex 90.5 54 1.75
        vertex 84.75 54 0
        vertex 90.5 54 4.25
    endloop
endfacet
facet normal 0 1 0
    outer loop
        vertex 90.5 54 4.25
        vertex 78.5 54 4.25
        vertex 57.5 54 8
    endloop
endfacet
facet normal 0 0.99999994 0
    outer loop
        vertex 166.5 54 8
        vertex 220 54 4.6
        vertex 166.5 54 0
    endloop
endfacet
facet normal 0 1 0
    outer loop
        vertex 139.25 54 0
        vertex 112 54 0
        vertex 123.5 54 1.75
    endloop
endfacet
facet normal 0 1 0
    outer loop
        vertex 90.5 54 4.25
        vertex 84.75 54 0
        vertex 78.5 54 4.25
    endloop
endfacet
facet normal 0 1 -0
    outer loop
        vertex 75.5 54 1.75
        vertex 57.5 54 0
        vertex 75.5 54 4.25
    endloop
endfacet
facet normal 0 1 0
    outer loop
        vertex 78.5 54 4.25
        vertex 75.5 54 4.25
        vertex 57.5 54 8
    endloop
endfacet
facet normal -0 0.99999994 0
    outer loop
        vertex 3 54 8
        vertex 57.5 54 8
        vertex 57.5 54 0
    endloop
endfacet
facet normal 0 1 0
    outer loop
        vertex 221 54 4.6
        vertex 221 54 0
        vertex 220 54 4.6
    endloop
endfacet
facet normal 0 1 0
    outer loop
        vertex 112 54 0
        vertex 105.5 54 1.75
        vertex 108.5 54 1.75
    endloop
endfacet
facet normal 0 1 -0
    outer loop
        vertex 90.5 54 4.25
        vertex 57.5 54 8
        vertex 112 54 8
    endloop
endfacet
facet normal 0 1 -0
    outer loop
        vertex 221 54 7
        vertex 220 54 7
        vertex 221 54 8
    endloop
endfacet
facet normal 0 1 0
    outer loop
        vertex 166.5 54 8
        vertex 220 54 7
        vertex 220 54 4.6
    endloop
endfacet
facet normal 0 1 0
    outer loop
        vertex 78.5 54 1.75
        vertex 84.75 54 0
        vertex 75.5 54 1.75
    endloop
endfacet
facet normal 0 0.99999994 0
    outer loop
        vertex 221 54 8
        vertex 220 54 7
        vertex 166.5 54 8
    endloop
endfacet
facet normal 0 0.99999994 -0
    outer loop
        vertex 30.25 54 0
        vertex 3 54 8
        vertex 57.5 54 0
    endloop
endfacet
facet normal 0 1 0
    outer loop
        vertex 84.75 54 0
        vertex 93.5 54 1.75
        vertex 112 54 0
    endloop
endfacet
facet normal 0 1 0
    outer loop
        vertex 166.5 54 0
        vertex 220 54 4.6
        vertex 193.75 54 0
    endloop
endfacet
facet normal 0 0.99999994 0
    outer loop
        vertex 3 54 0
        vertex 3 54 8
        vertex 30.25 54 0
    endloop
endfacet
facet normal -0.09801666 0.99518478 0
    outer loop
        vertex 3 54 8
        vertex 3 54 0
        vertex 2.4147289 53.942356 8
    endloop
endfacet
facet normal -0.29028767 0.95693934 0
    outer loop
        vertex 2.4147289 53.942356 8
        vertex 2.4147289 53.942356 0
        vertex 1.8519497 53.771637 8
    endloop
endfacet
facet normal -0.29028767 0.95693934 0
    outer loop
        vertex 1.8519497 53.771637 8
        vertex 2.4147289 53.942356 0
        vertex 1.8519497 53.771637 0
    endloop
endfacet
facet normal -0.47139612 0.88192159 0
    outer loop
        vertex 1.3332893 53.494408 8
        vertex 1.8519497 53.771637 0
        vertex 1.3332893 53.494408 0
    endloop
endfacet
facet normal -0.63438976 0.77301323 0
    outer loop
        vertex 0.8786797 53.121323 8
        vertex 1.3332893 53.494408 8
        vertex 1.3332893 53.494408 0
    endloop
endfacet
facet normal -0.77300996 0.63439399 0
    outer loop
        vertex 0.50559115 52.666714 8
        vertex 0.8786797 53.121323 8
        vertex 0.8786797 53.121323 0
    endloop
endfacet
facet normal -0.77300996 0.63439399 0
    outer loop
        vertex 0.50559115 52.666714 0
        vertex 0.50559115 52.666714 8
        vertex 0.8786797 53.121323 0
    endloop
endfacet
facet normal -0.88192165 0.47139591 0
    outer loop
        vertex 0.2283614 52.148052 0
        vertex 0.2283614 52.148052 8
        vertex 0.50559115 52.666714 0
    endloop
endfacet
facet normal -0.99518472 0.09801668 0
    outer loop
        vertex 0.05764416 51.585274 0
        vertex 0 51 0
        vertex 0 51 8
    endloop
endfacet
facet normal -0.99518472 0.09801668 0
    outer loop
        vertex 0.05764416 51.585274 8
        vertex 0.05764416 51.585274 0
        vertex 0 51 8
    endloop
endfacet
facet normal -0.95694017 0.29028508 0
    outer loop
        vertex 0.05764416 51.585274 8
        vertex 0.2283614 52.148052 0
        vertex 0.05764416 51.585274 0
    endloop
endfacet
facet normal -0.95694017 0.29028508 0
    outer loop
        vertex 0.05764416 51.585274 8
        vertex 0.2283614 52.148052 8
        vertex 0.2283614 52.148052 0
    endloop
endfacet
facet normal -0.88192165 0.47139591 0
    outer loop
        vertex 0.2283614 52.148052 8
        vertex 0.50559115 52.666714 8
        vertex 0.50559115 52.666714 0
    endloop
endfacet
facet normal -0.63438976 0.77301323 0
    outer loop
        vertex 0.8786797 53.121323 8
        vertex 1.3332893 53.494408 0
        vertex 0.8786797 53.121323 0
    endloop
endfacet
facet normal -0.09801666 0.99518478 0
    outer loop
        vertex 2.4147289 53.942356 0
        vertex 2.4147289 53.942356 8
        vertex 3 54 0
    endloop
endfacet
facet normal -0.47139612 0.88192159 0
    outer loop
        vertex 1.8519497 53.771637 0
        vertex 1.3332893 53.494408 8
        vertex 1.8519497 53.771637 8
    endloop
endfacet
facet normal -1 0 0
    outer loop
        vertex 0 39 0
        vertex 0 27 1
        vertex 0 51 0
    endloop
endfacet
facet normal -1 -0 0
    outer loop
        vertex 0 8 1.5
        vertex 0 3 0
        vertex 0 8 4.5
    endloop
endfacet
facet normal -1 -0 0
    outer loop
        vertex 0 8 4.5
        vertex 0 3 0
        vertex 0 3 8
    endloop
endfacet
facet normal -1 0 -0
    outer loop
        vertex 0 8 1.5
        vertex 0 12 1.5
        vertex 0 3 0
    endloop
endfacet
facet normal -1 0 0
    outer loop
        vertex 0 12 4.5
        vertex 0 18 5
        vertex 0 12 1.5
    endloop
endfacet
facet normal -1 0 0
    outer loop
        vertex 0 12 1.5
        vertex 0 18 5
        vertex 0 18 1
    endloop
endfacet
facet normal -1 0 0
    outer loop
        vertex 0 12 4.5
        vertex 0 8 4.5
        vertex 0 3 8
    endloop
endfacet
facet normal -1 -0 0
    outer loop
        vertex 0 18 1
        vertex 0 3 0
        vertex 0 12 1.5
    endloop
endfacet
facet normal -1 -0 0
    outer loop
        vertex 0 18 5
        vertex 0 12 4.5
        vertex 0 3 8
    endloop
endfacet
facet normal -1 0 0
    outer loop
        vertex 0 18 1
        vertex 0 27 1
        vertex 0 27 0
    endloop
endfacet
facet normal -1 0 0
    outer loop
        vertex 0 27 5
        vertex 0 51 8
        vertex 0 51 0
    endloop
endfacet
facet normal -1 0 0
    outer loop
        vertex 0 27 5
        vertex 0 3 8
        vertex 0 51 8
    endloop
endfacet
facet normal -1 0 0
    outer loop
        vertex 0 27 5
        vertex 0 18 5
        vertex 0 3 8
    endloop
endfacet
facet normal -1 0 0
    outer loop
        vertex 0 27 5
        vertex 0 51 0
        vertex 0 27 1
    endloop
endfacet
facet normal -1 0 -0
    outer loop
        vertex 0 18 1
        vertex 0 27 0
        vertex 0 15 0
    endloop
endfacet
facet normal -1 0 0
    outer loop
        vertex 0 27 0
        vertex 0 27 1
        vertex 0 39 0
    endloop
endfacet
facet normal -1 0 0
    outer loop
        vertex 0 18 1
        vertex 0 15 0
        vertex 0 3 0
    endloop
endfacet
facet normal -0.99518478 -0.09801712 -0
    outer loop
        vertex 0 3 8
        vertex 0 3 0
        vertex 0.05764416 2.4147289 8
    endloop
endfacet
facet normal -0.95694035 -0.29028475 -0
    outer loop
        vertex 0.05764416 2.4147289 8
        vertex 0.05764416 2.4147289 0
        vertex 0.2283614 1.8519497 8
    endloop
endfacet
facet normal -0.95694035 -0.29028475 -0
    outer loop
        vertex 0.2283614 1.8519497 8
        vertex 0.05764416 2.4147289 0
        vertex 0.2283614 1.8519497 0
    endloop
endfacet
facet normal -0.88192129 -0.47139671 -0
    outer loop
        vertex 0.50559115 1.3332893 8
        vertex 0.2283614 1.8519497 0
        vertex 0.50559115 1.3332893 0
    endloop
endfacet
facet normal -0.77301037 -0.63439339 0
    outer loop
        vertex 0.8786797 0.8786797 8
        vertex 0.50559115 1.3332893 8
        vertex 0.50559115 1.3332893 0
    endloop
endfacet
facet normal -0.63439339 -0.77301037 0
    outer loop
        vertex 1.3332893 0.50559115 8
        vertex 0.8786797 0.8786797 8
        vertex 0.8786797 0.8786797 0
    endloop
endfacet
facet normal -0.63439339 -0.77301037 0
    outer loop
        vertex 1.3332893 0.50559115 0
        vertex 1.3332893 0.50559115 8
        vertex 0.8786797 0.8786797 0
    endloop
endfacet
facet normal -0.47139671 -0.88192129 0
    outer loop
        vertex 1.8519497 0.2283614 0
        vertex 1.8519497 0.2283614 8
        vertex 1.3332893 0.50559115 0
    endloop
endfacet
facet normal -0.09801712 -0.99518478 0
    outer loop
        vertex 2.4147289 0.05764416 0
        vertex 3 -0 0
        vertex 3 -0 8
    endloop
endfacet
facet normal -0.09801712 -0.99518478 -0
    outer loop
        vertex 2.4147289 0.05764416 8
        vertex 2.4147289 0.05764416 0
        vertex 3 -0 8
    endloop
endfacet
facet normal -0.29028475 -0.95694035 -0
    outer loop
        vertex 2.4147289 0.05764416 8
        vertex 1.8519497 0.2283614 0
        vertex 2.4147289 0.05764416 0
    endloop
endfacet
facet normal -0.29028475 -0.95694035 0
    outer loop
        vertex 2.4147289 0.05764416 8
        vertex 1.8519497 0.2283614 8
        vertex 1.8519497 0.2283614 0
    endloop
endfacet
facet normal -0.47139671 -0.88192129 0
    outer loop
        vertex 1.8519497 0.2283614 8
        vertex 1.3332893 0.50559115 8
        vertex 1.3332893 0.50559115 0
    endloop
endfacet
facet normal -0.77301037 -0.63439339 -0
    outer loop
        vertex 0.8786797 0.8786797 8
        vertex 0.50559115 1.3332893 0
        vertex 0.8786797 0.8786797 0
    endloop
endfacet
facet normal -0.99518478 -0.09801712 0
    outer loop
        vertex 0.05764416 2.4147289 0
        vertex 0.05764416 2.4147289 8
        vertex 0 3 0
    endloop
endfacet
facet normal -0.88192129 -0.47139671 0
    outer loop
        vertex 0.2283614 1.8519497 0
        vertex 0.50559115 1.3332893 8
        vertex 0.2283614 1.8519497 8
    endloop
endfacet
facet normal 0 -1 0
    outer loop
        vertex 138 -0 1
        vertex 139.25 -0 0
        vertex 142 -0 1
    endloop
endfacet
facet normal -0 -1 -0
    outer loop
        vertex 134 -0 1
        vertex 126 -0 1
        vertex 139.25 -0 0
    endloop
endfacet
facet normal 0 -1 -0
    outer loop
        vertex 166.5 -0 8
        vertex 142 -0 4
        vertex 166.5 -0 0
    endloop
endfacet
facet normal 0 -1 0
    outer loop
        vertex 112 -0 8
        vertex 126 -0 4
        vertex 142 -0 4
    endloop
endfacet
facet normal 0 -1 0
    outer loop
        vertex 112 -0 8
        vertex 112 -0 0
        vertex 126 -0 4
    endloop
endfacet
facet normal 0 -0.99999994 0
    outer loop
        vertex 139.25 -0 0
        vertex 126 -0 1
        vertex 112 -0 0
    endloop
endfacet
facet normal 0 -0.99999994 0
    outer loop
        vertex 166.5 -0 0
        vertex 142 -0 1
        vertex 139.25 -0 0
    endloop
endfacet
facet normal 0 -1 0
    outer loop
        vertex 193.75 -0 0
        vertex 220 -0 4.6
        vertex 166.5 -0 0
    endloop
endfacet
facet normal 0 -1 0
    outer loop
        vertex 139.25 -0 0
        vertex 138 -0 1
        vertex 134 -0 1
    endloop
endfacet
facet normal 0 -0.99999994 0
    outer loop
        vertex 112 -0 0
        vertex 112 -0 8
        vertex 3 -0 8
    endloop
endfacet
facet normal 0 -1 0
    outer loop
        vertex 142 -0 4
        vertex 142 -0 1
        vertex 166.5 -0 0
    endloop
endfacet
facet normal 0 -0.99999994 0
    outer loop
        vertex 3 -0 8
        vertex 3 -0 0
        vertex 30.25 -0 0
    endloop
endfacet
facet normal 0 -1 -0
    outer loop
        vertex 221 -0 8
        vertex 220 -0 7
        vertex 221 -0 7
    endloop
endfacet
facet normal 0 -0.99999994 0
    outer loop
        vertex 142 -0 4
        vertex 166.5 -0 8
        vertex 112 -0 8
    endloop
endfacet
facet normal -0 -0.99999994 0
    outer loop
        vertex 221 -0 8
        vertex 166.5 -0 8
        vertex 220 -0 7
    endloop
endfacet
facet normal -0 -0.99999994 0
    outer loop
        vertex 220 -0 4.6
        vertex 166.5 -0 8
        vertex 166.5 -0 0
    endloop
endfacet
facet normal -0 -1 -0
    outer loop
        vertex 221 -0 4.6
        vertex 220 -0 4.6
        vertex 221 -0 0
    endloop
endfacet
facet normal 0 -1 0
    outer loop
        vertex 166.5 -0 8
        vertex 220 -0 4.6
        vertex 220 -0 7
    endloop
endfacet
facet normal 0 -1 0
    outer loop
        vertex 112 -0 0
        vertex 126 -0 1
        vertex 126 -0 4
    endloop
endfacet
facet normal 0 -0.99999994 0
    outer loop
        vertex 3 -0 8
        vertex 57.5 -0 0
        vertex 112 -0 0
    endloop
endfacet
facet normal 0 -0.99999994 0
    outer loop
        vertex 3 -0 8
        vertex 30.25 -0 0
        vertex 57.5 -0 0
    endloop
endfacet
facet normal 0 -1 0
    outer loop
        vertex 221 -0 0
        vertex 220 -0 4.6
        vertex 193.75 -0 0
    endloop
endfacet
facet normal 0 0 -1
    outer loop
        vertex 193.75 -0 0
        vertex 166.5 -0 0
        vertex 192.19223 1.2 0
    endloop
endfacet
facet normal 0 0 -1
    outer loop
        vertex 18.442402 1.2 0
        vertex 31.807774 1.2 0
        vertex 30.25 -0 0
    endloop
endfacet
facet normal 0 0 -1
    outer loop
        vertex 30.25 -0 0
        vertex 31.807774 1.2 0
        vertex 57.5 -0 0
    endloop
endfacet
facet normal 0 0 -1
    outer loop
        vertex 3 -0 0
        vertex 5.07703 1.2 0
        vertex 18.442402 1.2 0
    endloop
endfacet
facet normal 0 0 -1
    outer loop
        vertex 31.807774 1.2 0
        vertex 58.538517 1.2 0
        vertex 57.5 -0 0
    endloop
endfacet
facet normal 0 0 -1
    outer loop
        vertex 57.5 -0 0
        vertex 58.538517 1.2 0
        vertex 112 -0 0
    endloop
endfacet
facet normal 0 0 -1
    outer loop
        vertex 30.25 54 0
        vertex 57.5 54 0
        vertex 31.807774 52.8 0
    endloop
endfacet
facet normal 0 0 -1
    outer loop
        vertex 205.5576 52.8 0
        vertex 192.19223 52.8 0
        vertex 193.75 54 0
    endloop
endfacet
facet normal -0 0 -1
    outer loop
        vertex 193.75 54 0
        vertex 192.19223 52.8 0
        vertex 166.5 54 0
    endloop
endfacet
facet normal -0 0 -1
    outer loop
        vertex 205.5576 1.2 0
        vertex 193.75 -0 0
        vertex 192.19223 1.2 0
    endloop
endfacet
facet normal 0 0 -1
    outer loop
        vertex 222.8 37.961487 0
        vertex 222.8 48.92297 0
        vertex 224 39 0
    endloop
endfacet
facet normal 0 -0 -1
    outer loop
        vertex 224 27 0
        vertex 224 15 0
        vertex 222.8 16.038515 0
    endloop
endfacet
facet normal 0 0 -1
    outer loop
        vertex 221 54 0
        vertex 218.92297 52.8 0
        vertex 205.5576 52.8 0
    endloop
endfacet
facet normal 0 0 -1
    outer loop
        vertex 192.19223 52.8 0
        vertex 165.46149 52.8 0
        vertex 166.5 54 0
    endloop
endfacet
facet normal 0 0 -1
    outer loop
        vertex 138.73074 52.8 0
        vertex 112 54 0
        vertex 139.25 54 0
    endloop
endfacet
facet normal 0 0 -1
    outer loop
        vertex 165.46149 52.8 0
        vertex 138.73074 52.8 0
        vertex 139.25 54 0
    endloop
endfacet
facet normal 0 0 -1
    outer loop
        vertex 165.46149 52.8 0
        vertex 139.25 54 0
        vertex 166.5 54 0
    endloop
endfacet
facet normal 0 0 -1
    outer loop
        vertex 85.26926 52.8 0
        vertex 58.538517 52.8 0
        vertex 84.75 54 0
    endloop
endfacet
facet normal 0 0 -1
    outer loop
        vertex 31.807774 52.8 0
        vertex 18.442402 52.8 0
        vertex 30.25 54 0
    endloop
endfacet
facet normal 0 0 -1
    outer loop
        vertex 58.538517 52.8 0
        vertex 57.5 54 0
        vertex 84.75 54 0
    endloop
endfacet
facet normal 0 0 -1
    outer loop
        vertex 112 52.8 0
        vertex 85.26926 52.8 0
        vertex 112 54 0
    endloop
endfacet
facet normal 0 0 -1
    outer loop
        vertex 30.25 -0 0
        vertex 3 -0 0
        vertex 18.442402 1.2 0
    endloop
endfacet
facet normal 0 -0 -1
    outer loop
        vertex 1.2 16.038515 0
        vertex 1.2 5.07703 0
        vertex 0 15 0
    endloop
endfacet
facet normal 0 0 -1
    outer loop
        vertex 0 15 0
        vertex 0 27 0
        vertex 1.2 16.038515 0
    endloop
endfacet
facet normal 0 0 -1
    outer loop
        vertex 58.538517 1.2 0
        vertex 112 1.2 0
        vertex 112 -0 0
    endloop
endfacet
facet normal -0 0 -1
    outer loop
        vertex 138.73074 1.2 0
        vertex 112 -0 0
        vertex 112 1.2 0
    endloop
endfacet
facet normal 0 0 -1
    outer loop
        vertex 112 52.8 0
        vertex 112 54 0
        vertex 138.73074 52.8 0
    endloop
endfacet
facet normal 0 0 -1
    outer loop
        vertex 222.8 27 0
        vertex 224 27 0
        vertex 222.8 16.038515 0
    endloop
endfacet
facet normal 0 -0 -1
    outer loop
        vertex 165.46149 1.2 0
        vertex 166.5 -0 0
        vertex 139.25 -0 0
    endloop
endfacet
facet normal 0 0 -1
    outer loop
        vertex 85.26926 52.8 0
        vertex 84.75 54 0
        vertex 112 54 0
    endloop
endfacet
facet normal 0 0 -1
    outer loop
        vertex 0 39 0
        vertex 0 51 0
        vertex 1.2 48.92297 0
    endloop
endfacet
facet normal 0 -0 -1
    outer loop
        vertex 224 15 0
        vertex 224 3 0
        vertex 222.8 5.07703 0
    endloop
endfacet
facet normal 0 0 -1
    outer loop
        vertex 222.8 27 0
        vertex 222.8 37.961487 0
        vertex 224 27 0
    endloop
endfacet
facet normal 0 0 -1
    outer loop
        vertex 222.9491 3.4497344 0
        vertex 223 4 0
        vertex 224 3 0
    endloop
endfacet
facet normal 0 -0 -1
    outer loop
        vertex 222.9491 3.4497344 0
        vertex 224 3 0
        vertex 222.79814 2.91814 0
    endloop
endfacet
facet normal 0 0 -1
    outer loop
        vertex 223 4 0
        vertex 222.94958 4.5477214 0
        vertex 224 3 0
    endloop
endfacet
facet normal 0 0 -0.99999994
    outer loop
        vertex 222.8 5.07703 0
        vertex 224 3 0
        vertex 222.94958 4.5477214 0
    endloop
endfacet
facet normal 0 0 -1
    outer loop
        vertex 222.8 37.961487 0
        vertex 224 39 0
        vertex 224 27 0
    endloop
endfacet
facet normal 0 0 -1
    outer loop
        vertex 223 50 0
        vertex 222.9491 50.550266 0
        vertex 224 51 0
    endloop
endfacet
facet normal 0 0 -1
    outer loop
        vertex 224 39 0
        vertex 222.8 48.92297 0
        vertex 224 51 0
    endloop
endfacet
facet normal 0 0 -1
    outer loop
        vertex 222.9491 50.550266 0
        vertex 222.79814 51.08186 0
        vertex 224 51 0
    endloop
endfacet
facet normal 0 0 -1
    outer loop
        vertex 222.8 16.038515 0
        vertex 224 15 0
        vertex 222.8 5.07703 0
    endloop
endfacet
facet normal 0 -0 -0.99999994
    outer loop
        vertex 223.49442 52.666714 0
        vertex 223.77164 52.148052 0
        vertex 222.6469 51.726475 0
    endloop
endfacet
facet normal 0 -0 -1
    outer loop
        vertex 223.77164 52.148052 0
        vertex 223.94235 51.585274 0
        vertex 222.6469 51.726475 0
    endloop
endfacet
facet normal 0 -0 -1
    outer loop
        vertex 222.66672 53.494408 0
        vertex 223.12132 53.121323 0
        vertex 222.2728 52.272793 0
    endloop
endfacet
facet normal 0 -0 -1
    outer loop
        vertex 223.12132 53.121323 0
        vertex 223.49442 52.666714 0
        vertex 222.2728 52.272793 0
    endloop
endfacet
facet normal 0 0 -1
    outer loop
        vertex 223.49442 52.666714 0
        vertex 222.6469 51.726475 0
        vertex 222.2728 52.272793 0
    endloop
endfacet
facet normal -0 0 -1
    outer loop
        vertex 222.14804 53.771637 0
        vertex 221.72647 52.646885 0
        vertex 221.58527 53.942356 0
    endloop
endfacet
facet normal -0 0 -0.99999994
    outer loop
        vertex 222.66672 53.494408 0
        vertex 221.72647 52.646885 0
        vertex 222.14804 53.771637 0
    endloop
endfacet
facet normal -0 0 -1
    outer loop
        vertex 221.58527 53.942356 0
        vertex 221.08185 52.79814 0
        vertex 221 54 0
    endloop
endfacet
facet normal 0 0 -0.99999994
    outer loop
        vertex 221.72647 52.646885 0
        vertex 221.08185 52.79814 0
        vertex 221.58527 53.942356 0
    endloop
endfacet
facet normal 0 0 -0.99999994
    outer loop
        vertex 221.08185 52.79814 0
        vertex 220.55153 52.948868 0
        vertex 221 54 0
    endloop
endfacet
facet normal -0 0 -0.99999994
    outer loop
        vertex 223.94235 51.585274 0
        vertex 222.79814 51.08186 0
        vertex 222.6469 51.726475 0
    endloop
endfacet
facet normal 0 0 -1
    outer loop
        vertex 205.5576 52.8 0
        vertex 193.75 54 0
        vertex 221 54 0
    endloop
endfacet
facet normal -0 0 -1
    outer loop
        vertex 1.2 37.961487 0
        vertex 0 27 0
        vertex 0 39 0
    endloop
endfacet
facet normal -0 0 -1
    outer loop
        vertex 30.25 54 0
        vertex 18.442402 52.8 0
        vertex 3 54 0
    endloop
endfacet
facet normal -0 0 -0.99999994
    outer loop
        vertex 3.997412 53 0
        vertex 3.4484625 52.948868 0
        vertex 3 54 0
    endloop
endfacet
facet normal 0 0 -1
    outer loop
        vertex 3.997412 53 0
        vertex 3 54 0
        vertex 4.546449 52.949814 0
    endloop
endfacet
facet normal -0 0 -1
    outer loop
        vertex 3.4484625 52.948868 0
        vertex 2.91814 52.79814 0
        vertex 3 54 0
    endloop
endfacet
facet normal 0 0 -1
    outer loop
        vertex 1.2 37.961487 0
        vertex 0 39 0
        vertex 1.2 48.92297 0
    endloop
endfacet
facet normal 0 0 -1
    outer loop
        vertex 1.3332893 53.494408 0
        vertex 1.8519497 53.771637 0
        vertex 2.273524 52.646885 0
    endloop
endfacet
facet normal 0 0 -1
    outer loop
        vertex 1.8519497 53.771637 0
        vertex 2.4147289 53.942356 0
        vertex 2.273524 52.646885 0
    endloop
endfacet
facet normal 0 0 -1
    outer loop
        vertex 0.50559115 52.666714 0
        vertex 0.8786797 53.121323 0
        vertex 1.7272078 52.272793 0
    endloop
endfacet
facet normal 0 0 -1
    outer loop
        vertex 0.8786797 53.121323 0
        vertex 1.3332893 53.494408 0
        vertex 1.7272078 52.272793 0
    endloop
endfacet
facet normal 0 0 -1
    outer loop
        vertex 1.3332893 53.494408 0
        vertex 2.273524 52.646885 0
        vertex 1.7272078 52.272793 0
    endloop
endfacet
facet normal 0 -0 -0.99999994
    outer loop
        vertex 0.2283614 52.148052 0
        vertex 1.3531142 51.726475 0
        vertex 0.05764416 51.585274 0
    endloop
endfacet
facet normal 0 -0 -1
    outer loop
        vertex 0.50559115 52.666714 0
        vertex 1.3531142 51.726475 0
        vertex 0.2283614 52.148052 0
    endloop
endfacet
facet normal 0 -0 -1
    outer loop
        vertex 0.05764416 51.585274 0
        vertex 1.2018601 51.08186 0
        vertex 0 51 0
    endloop
endfacet
facet normal 0 0 -1
    outer loop
        vertex 1.3531142 51.726475 0
        vertex 1.2018601 51.08186 0
        vertex 0.05764416 51.585274 0
    endloop
endfacet
facet normal 0 0 -1
    outer loop
        vertex 1.2018601 51.08186 0
        vertex 1.050897 50.550266 0
        vertex 0 51 0
    endloop
endfacet
facet normal 0 -0 -0.99999994
    outer loop
        vertex 2.4147289 53.942356 0
        vertex 2.91814 52.79814 0
        vertex 2.273524 52.646885 0
    endloop
endfacet
facet normal 0 0 -1
    outer loop
        vertex 3 54 0
        vertex 5.07703 52.8 0
        vertex 4.546449 52.949814 0
    endloop
endfacet
facet normal 0 -0 -1
    outer loop
        vertex 1 4 0
        vertex 1.050897 3.4497344 0
        vertex 0 3 0
    endloop
endfacet
facet normal -0 0 -0.99999994
    outer loop
        vertex 1 4 0
        vertex 0 3 0
        vertex 1.0504235 4.5477214 0
    endloop
endfacet
facet normal 0 -0 -1
    outer loop
        vertex 1.050897 3.4497344 0
        vertex 1.2018601 2.91814 0
        vertex 0 3 0
    endloop
endfacet
facet normal 0 0 -1
    outer loop
        vertex 0 3 0
        vertex 1.2 5.07703 0
        vertex 1.0504235 4.5477214 0
    endloop
endfacet
facet normal 0 0 -1
    outer loop
        vertex 0.50559115 1.3332893 0
        vertex 0.2283614 1.8519497 0
        vertex 1.3531142 2.273524 0
    endloop
endfacet
facet normal 0 0 -1
    outer loop
        vertex 0.2283614 1.8519497 0
        vertex 0.05764416 2.4147289 0
        vertex 1.3531142 2.273524 0
    endloop
endfacet
facet normal 0 0 -1
    outer loop
        vertex 1.3332893 0.50559115 0
        vertex 0.8786797 0.8786797 0
        vertex 1.7272078 1.7272078 0
    endloop
endfacet
facet normal 0 0 -1
    outer loop
        vertex 0.8786797 0.8786797 0
        vertex 0.50559115 1.3332893 0
        vertex 1.7272078 1.7272078 0
    endloop
endfacet
facet normal 0 0 -1
    outer loop
        vertex 0.50559115 1.3332893 0
        vertex 1.3531142 2.273524 0
        vertex 1.7272078 1.7272078 0
    endloop
endfacet
facet normal 0 0 -1
    outer loop
        vertex 1.8519497 0.2283614 0
        vertex 2.273524 1.3531142 0
        vertex 2.4147289 0.05764416 0
    endloop
endfacet
facet normal 0 0 -1
    outer loop
        vertex 1.3332893 0.50559115 0
        vertex 2.273524 1.3531142 0
        vertex 1.8519497 0.2283614 0
    endloop
endfacet
facet normal 0 0 -0.99999994
    outer loop
        vertex 2.4147289 0.05764416 0
        vertex 2.91814 1.2018601 0
        vertex 3 -0 0
    endloop
endfacet
facet normal 0 0 -1
    outer loop
        vertex 2.273524 1.3531142 0
        vertex 2.91814 1.2018601 0
        vertex 2.4147289 0.05764416 0
    endloop
endfacet
facet normal 0 0 -1
    outer loop
        vertex 2.91814 1.2018601 0
        vertex 3.4484625 1.0511347 0
        vertex 3 -0 0
    endloop
endfacet
facet normal 0 0 -1
    outer loop
        vertex 0.05764416 2.4147289 0
        vertex 1.2018601 2.91814 0
        vertex 1.3531142 2.273524 0
    endloop
endfacet
facet normal 0 0 -1
    outer loop
        vertex 193.75 -0 0
        vertex 205.5576 1.2 0
        vertex 221 -0 0
    endloop
endfacet
facet normal 0 0 -1
    outer loop
        vertex 220.0026 1.0000011 0
        vertex 220.55153 1.0511347 0
        vertex 221 -0 0
    endloop
endfacet
facet normal -0 -0 -1
    outer loop
        vertex 220.0026 1.0000011 0
        vertex 221 -0 0
        vertex 219.45355 1.0501875 0
    endloop
endfacet
facet normal 0 0 -1
    outer loop
        vertex 220.55153 1.0511347 0
        vertex 221.08185 1.2018601 0
        vertex 221 -0 0
    endloop
endfacet
facet normal 0 -0 -1
    outer loop
        vertex 221.08185 1.2018601 0
        vertex 221.58527 0.05764416 0
        vertex 221 -0 0
    endloop
endfacet
facet normal 0 -0 -1
    outer loop
        vertex 223.94235 51.585274 0
        vertex 224 51 0
        vertex 222.79814 51.08186 0
    endloop
endfacet
facet normal -0 0 -1
    outer loop
        vertex 222.66672 0.50559115 0
        vertex 222.14804 0.2283614 0
        vertex 221.72647 1.3531142 0
    endloop
endfacet
facet normal -0 0 -1
    outer loop
        vertex 222.14804 0.2283614 0
        vertex 221.58527 0.05764416 0
        vertex 221.72647 1.3531142 0
    endloop
endfacet
facet normal -0 0 -1
    outer loop
        vertex 223.49442 1.3332893 0
        vertex 223.12132 0.8786797 0
        vertex 222.2728 1.7272078 0
    endloop
endfacet
facet normal -0 0 -1
    outer loop
        vertex 223.12132 0.8786797 0
        vertex 222.66672 0.50559115 0
        vertex 222.2728 1.7272078 0
    endloop
endfacet
facet normal -0 -0 -1
    outer loop
        vertex 218.92297 1.2 0
        vertex 221 -0 0
        vertex 205.5576 1.2 0
    endloop
endfacet
facet normal 0 0 -1
    outer loop
        vertex 221.72647 1.3531142 0
        vertex 221.58527 0.05764416 0
        vertex 221.08185 1.2018601 0
    endloop
endfacet
facet normal 0 0 -1
    outer loop
        vertex 165.46149 1.2 0
        vertex 192.19223 1.2 0
        vertex 166.5 -0 0
    endloop
endfacet
facet normal 0 0 -1
    outer loop
        vertex 31.807774 52.8 0
        vertex 57.5 54 0
        vertex 58.538517 52.8 0
    endloop
endfacet
facet normal -0 -0 -1
    outer loop
        vertex 1.2 27 0
        vertex 1.2 16.038515 0
        vertex 0 27 0
    endloop
endfacet
facet normal -0 0 -0.99999994
    outer loop
        vertex 1.2018601 2.91814 0
        vertex 0.05764416 2.4147289 0
        vertex 0 3 0
    endloop
endfacet
facet normal 0 0 -1
    outer loop
        vertex 3 -0 0
        vertex 4.546449 1.0501875 0
        vertex 5.07703 1.2 0
    endloop
endfacet
facet normal 0 -0 -1
    outer loop
        vertex 3.4484625 1.0511347 0
        vertex 3.997412 1.0000011 0
        vertex 3 -0 0
    endloop
endfacet
facet normal 0 -0 -1
    outer loop
        vertex 3.997412 1.0000011 0
        vertex 4.546449 1.0501875 0
        vertex 3 -0 0
    endloop
endfacet
facet normal 0 0 -1
    outer loop
        vertex 2.4147289 53.942356 0
        vertex 3 54 0
        vertex 2.91814 52.79814 0
    endloop
endfacet
facet normal -0 0 -1
    outer loop
        vertex 1.2 5.07703 0
        vertex 0 3 0
        vertex 0 15 0
    endloop
endfacet
facet normal 0 0 -1
    outer loop
        vertex 1.2 27 0
        vertex 0 27 0
        vertex 1.2 37.961487 0
    endloop
endfacet
facet normal -0 -0 -1
    outer loop
        vertex 1.0504235 49.45228 0
        vertex 1.2 48.92297 0
        vertex 0 51 0
    endloop
endfacet
facet normal -0 0 -1
    outer loop
        vertex 1.050897 50.550266 0
        vertex 1 50 0
        vertex 0 51 0
    endloop
endfacet
facet normal 0 0 -1
    outer loop
        vertex 0.50559115 52.666714 0
        vertex 1.7272078 52.272793 0
        vertex 1.3531142 51.726475 0
    endloop
endfacet
facet normal 0 0 -1
    outer loop
        vertex 0 51 0
        vertex 1 50 0
        vertex 1.0504235 49.45228 0
    endloop
endfacet
facet normal 0 0 -1
    outer loop
        vertex 5.07703 52.8 0
        vertex 3 54 0
        vertex 18.442402 52.8 0
    endloop
endfacet
facet normal 0 -0 -1
    outer loop
        vertex 1.7272078 1.7272078 0
        vertex 2.273524 1.3531142 0
        vertex 1.3332893 0.50559115 0
    endloop
endfacet
facet normal 0 0 -1
    outer loop
        vertex 139.25 -0 0
        vertex 112 -0 0
        vertex 138.73074 1.2 0
    endloop
endfacet
facet normal -0 -0 -1
    outer loop
        vertex 219.45355 1.0501875 0
        vertex 221 -0 0
        vertex 218.92297 1.2 0
    endloop
endfacet
facet normal 0 0 -1
    outer loop
        vertex 221 54 0
        vertex 219.45355 52.949814 0
        vertex 218.92297 52.8 0
    endloop
endfacet
facet normal -0 0 -1
    outer loop
        vertex 220.0026 53 0
        vertex 219.45355 52.949814 0
        vertex 221 54 0
    endloop
endfacet
facet normal 0 0 -1
    outer loop
        vertex 220.0026 53 0
        vertex 221 54 0
        vertex 220.55153 52.948868 0
    endloop
endfacet
facet normal 0 0 -0.99999994
    outer loop
        vertex 222.2728 52.272793 0
        vertex 221.72647 52.646885 0
        vertex 222.66672 53.494408 0
    endloop
endfacet
facet normal 0 0 -1
    outer loop
        vertex 224 3 0
        vertex 223.94235 2.4147289 0
        vertex 222.79814 2.91814 0
    endloop
endfacet
facet normal 0 -0 -1
    outer loop
        vertex 223 50 0
        vertex 224 51 0
        vertex 222.94958 49.45228 0
    endloop
endfacet
facet normal -0 0 -1
    outer loop
        vertex 223.94235 2.4147289 0
        vertex 222.6469 2.273524 0
        vertex 222.79814 2.91814 0
    endloop
endfacet
facet normal 0 0 -1
    outer loop
        vertex 224 51 0
        vertex 222.8 48.92297 0
        vertex 222.94958 49.45228 0
    endloop
endfacet
facet normal 0 0 -1
    outer loop
        vertex 223.94235 2.4147289 0
        vertex 223.77164 1.8519497 0
        vertex 222.6469 2.273524 0
    endloop
endfacet
facet normal -0 0 -1
    outer loop
        vertex 223.77164 1.8519497 0
        vertex 223.49442 1.3332893 0
        vertex 222.6469 2.273524 0
    endloop
endfacet
facet normal 0 0 -1
    outer loop
        vertex 223.49442 1.3332893 0
        vertex 222.2728 1.7272078 0
        vertex 222.6469 2.273524 0
    endloop
endfacet
facet normal 0 -0 -1
    outer loop
        vertex 222.2728 1.7272078 0
        vertex 222.66672 0.50559115 0
        vertex 221.72647 1.3531142 0
    endloop
endfacet
facet normal 0 0 -1
    outer loop
        vertex 138.73074 1.2 0
        vertex 165.46149 1.2 0
        vertex 139.25 -0 0
    endloop
endfacet
facet normal 0 0 1
    outer loop
        vertex 207.67644 33.52452 8
        vertex 187.33846 35.720013 8
        vertex 187.53142 35.5 8
    endloop
endfacet
facet normal 0 -0 1
    outer loop
        vertex 207.67644 33.52452 8
        vertex 211.57356 35.77452 8
        vertex 187.33846 35.720013 8
    endloop
endfacet
facet normal 0 -0 1
    outer loop
        vertex 207.45642 33.331573 8
        vertex 207.67644 33.52452 8
        vertex 187.53142 35.5 8
    endloop
endfacet
facet normal -0 -0 1
    outer loop
        vertex 187.62547 35.222897 8
        vertex 207.45642 33.331573 8
        vertex 187.53142 35.5 8
    endloop
endfacet
facet normal 0 0 1
    outer loop
        vertex 207.45642 33.331573 8
        vertex 187.62547 35.222897 8
        vertex 207.327 33.069115 8
    endloop
endfacet
facet normal 0 0 1
    outer loop
        vertex 207.327 33.069115 8
        vertex 187.60634 34.930885 8
        vertex 207.30786 32.777103 8
    endloop
endfacet
facet normal 0 0 1
    outer loop
        vertex 207.85733 32.150555 8
        vertex 207.59488 32.279987 8
        vertex 221 -0 8
    endloop
endfacet
facet normal 0 0 1
    outer loop
        vertex 221 -0 8
        vertex 207.59488 32.279987 8
        vertex 183.35979 32.22548 8
    endloop
endfacet
facet normal 0 0 1
    outer loop
        vertex 208.14932 32.131416 8
        vertex 221 -0 8
        vertex 224 3 8
    endloop
endfacet
facet normal 0 0 1
    outer loop
        vertex 208.14932 32.131416 8
        vertex 207.85733 32.150555 8
        vertex 221 -0 8
    endloop
endfacet
facet normal 0 0 1
    outer loop
        vertex 208.42645 32.22548 8
        vertex 208.14932 32.131416 8
        vertex 224 3 8
    endloop
endfacet
facet normal 0 0 1
    outer loop
        vertex 212.32356 34.47548 8
        vertex 208.42645 32.22548 8
        vertex 224 3 8
    endloop
endfacet
facet normal 0 0 1
    outer loop
        vertex 207.30786 32.777103 8
        vertex 187.60634 34.930885 8
        vertex 187.4769 34.668427 8
    endloop
endfacet
facet normal 0 0 1
    outer loop
        vertex 224 51 8
        vertex 212.673 34.930885 8
        vertex 224 3 8
    endloop
endfacet
facet normal 0 -0 1
    outer loop
        vertex 212.59808 35.5 8
        vertex 224 51 8
        vertex 212.40514 35.720013 8
    endloop
endfacet
facet normal -0 0 1
    outer loop
        vertex 212.59808 35.5 8
        vertex 212.69214 35.222897 8
        vertex 224 51 8
    endloop
endfacet
facet normal 0 -0 1
    outer loop
        vertex 212.40514 35.720013 8
        vertex 224 51 8
        vertex 212.14267 35.849445 8
    endloop
endfacet
facet normal 0 0 0.99999994
    outer loop
        vertex 221 54 8
        vertex 212.14267 35.849445 8
        vertex 224 51 8
    endloop
endfacet
facet normal 0 0 1
    outer loop
        vertex 224 3 8
        vertex 212.673 34.930885 8
        vertex 212.54358 34.668427 8
    endloop
endfacet
facet normal 0 0 1
    outer loop
        vertex 221 54 8
        vertex 211.85068 35.868584 8
        vertex 212.14267 35.849445 8
    endloop
endfacet
facet normal 0 0 1
    outer loop
        vertex 187.25688 34.47548 8
        vertex 207.59488 32.279987 8
        vertex 207.40192 32.5 8
    endloop
endfacet
facet normal 0 0 0.99999994
    outer loop
        vertex 182.60979 33.52452 8
        vertex 171 44 8
        vertex 170.96194 43.80866 8
    endloop
endfacet
facet normal 0 -0 1
    outer loop
        vertex 182.60979 33.52452 8
        vertex 186.5069 35.77452 8
        vertex 171 44 8
    endloop
endfacet
facet normal -0 0 1
    outer loop
        vertex 170.4641 42 8
        vertex 182.60979 33.52452 8
        vertex 170.52682 42.18474 8
    endloop
endfacet
facet normal 0 0 1
    outer loop
        vertex 182.60979 33.52452 8
        vertex 170.4641 42 8
        vertex 182.38977 33.331573 8
    endloop
endfacet
facet normal 0 0 1
    outer loop
        vertex 182.38977 33.331573 8
        vertex 170.4641 42 8
        vertex 170.33546 41.853325 8
    endloop
endfacet
facet normal -0 0 1
    outer loop
        vertex 162.19022 34.47548 8
        vertex 182.33525 32.5 8
        vertex 162.41023 34.668427 8
    endloop
endfacet
facet normal 0 0 0.99999994
    outer loop
        vertex 162.41023 34.668427 8
        vertex 182.33525 32.5 8
        vertex 182.2412 32.777103 8
    endloop
endfacet
facet normal 0 0 1
    outer loop
        vertex 182.79066 32.150555 8
        vertex 166.5 -0 8
        vertex 183.08267 32.131416 8
    endloop
endfacet
facet normal 0 0 1
    outer loop
        vertex 182.79066 32.150555 8
        vertex 182.52821 32.279987 8
        vertex 166.5 -0 8
    endloop
endfacet
facet normal -0 0 1
    outer loop
        vertex 183.08267 32.131416 8
        vertex 166.5 -0 8
        vertex 183.35979 32.22548 8
    endloop
endfacet
facet normal 0 0 1
    outer loop
        vertex 221 -0 8
        vertex 183.35979 32.22548 8
        vertex 166.5 -0 8
    endloop
endfacet
facet normal 0 0 1
    outer loop
        vertex 224 51 8
        vertex 212.69214 35.222897 8
        vertex 212.673 34.930885 8
    endloop
endfacet
facet normal 0 0 1
    outer loop
        vertex 224 3 8
        vertex 212.54358 34.668427 8
        vertex 212.32356 34.47548 8
    endloop
endfacet
facet normal 0 0 1
    outer loop
        vertex 183.35979 32.22548 8
        vertex 207.59488 32.279987 8
        vertex 187.25688 34.47548 8
    endloop
endfacet
facet normal 0 0 1
    outer loop
        vertex 211.57356 35.77452 8
        vertex 211.85068 35.868584 8
        vertex 221 54 8
    endloop
endfacet
facet normal -0 0 1
    outer loop
        vertex 187.60634 34.930885 8
        vertex 207.327 33.069115 8
        vertex 187.62547 35.222897 8
    endloop
endfacet
facet normal 0 0 1
    outer loop
        vertex 207.30786 32.777103 8
        vertex 187.4769 34.668427 8
        vertex 207.40192 32.5 8
    endloop
endfacet
facet normal 0 0 1
    outer loop
        vertex 221 54 8
        vertex 187.076 35.849445 8
        vertex 187.33846 35.720013 8
    endloop
endfacet
facet normal 0 0 0.99999994
    outer loop
        vertex 182.26033 33.069115 8
        vertex 170.33546 41.853325 8
        vertex 169.14667 40.66453 8
    endloop
endfacet
facet normal 0 0 1
    outer loop
        vertex 166.5 54 8
        vertex 170.4641 46 8
        vertex 187.076 35.849445 8
    endloop
endfacet
facet normal 0 0 1
    outer loop
        vertex 221 54 8
        vertex 166.5 54 8
        vertex 187.076 35.849445 8
    endloop
endfacet
facet normal 0 0 1
    outer loop
        vertex 157.5431 33.52452 8
        vertex 157 49 8
        vertex 156.61731 49.076122 8
    endloop
endfacet
facet normal 0 0 1
    outer loop
        vertex 157.5431 33.52452 8
        vertex 161.44022 35.77452 8
        vertex 163.03806 43.80866 8
    endloop
endfacet
facet normal 0 0 1
    outer loop
        vertex 156.29291 49.292892 8
        vertex 157.32309 33.331573 8
        vertex 157.5431 33.52452 8
    endloop
endfacet
facet normal -0 0 0.99999994
    outer loop
        vertex 137.473 34.930885 8
        vertex 157.19366 33.069115 8
        vertex 137.49216 35.222897 8
    endloop
endfacet
facet normal 0 0 1
    outer loop
        vertex 137.49216 35.222897 8
        vertex 157.19366 33.069115 8
        vertex 157.32309 33.331573 8
    endloop
endfacet
facet normal 0 0 1
    outer loop
        vertex 137.473 34.930885 8
        vertex 157.17453 32.777103 8
        vertex 157.19366 33.069115 8
    endloop
endfacet
facet normal 0 0 1
    outer loop
        vertex 157.724 32.150555 8
        vertex 157.46153 32.279987 8
        vertex 166.5 -0 8
    endloop
endfacet
facet normal 0 0 1
    outer loop
        vertex 166.5 -0 8
        vertex 157.46153 32.279987 8
        vertex 133.22644 32.22548 8
    endloop
endfacet
facet normal -0 0 1
    outer loop
        vertex 158.016 32.131416 8
        vertex 166.5 -0 8
        vertex 158.2931 32.22548 8
    endloop
endfacet
facet normal 0 0 1
    outer loop
        vertex 158.016 32.131416 8
        vertex 157.724 32.150555 8
        vertex 166.5 -0 8
    endloop
endfacet
facet normal -0 0 1
    outer loop
        vertex 158.2931 32.22548 8
        vertex 166.5 -0 8
        vertex 162.19022 34.47548 8
    endloop
endfacet
facet normal 0 0 0.99999994
    outer loop
        vertex 156.29291 49.292892 8
        vertex 137.39809 35.5 8
        vertex 157.32309 33.331573 8
    endloop
endfacet
facet normal -0 0 0.99999994
    outer loop
        vertex 167.19135 40.03806 8
        vertex 162.53966 34.930885 8
        vertex 168.81528 40.47319 8
    endloop
endfacet
facet normal 0 0 1
    outer loop
        vertex 167.19135 40.03806 8
        vertex 167 40 8
        vertex 162.53966 34.930885 8
    endloop
endfacet
facet normal 0 0 1
    outer loop
        vertex 162.53966 34.930885 8
        vertex 167 40 8
        vertex 162.5588 35.222897 8
    endloop
endfacet
facet normal 0 0 1
    outer loop
        vertex 166.80867 40.03806 8
        vertex 162.5588 35.222897 8
        vertex 167 40 8
    endloop
endfacet
facet normal 0 0 1
    outer loop
        vertex 162.19022 34.47548 8
        vertex 182.52821 32.279987 8
        vertex 182.33525 32.5 8
    endloop
endfacet
facet normal 0 0 1
    outer loop
        vertex 133.22644 32.22548 8
        vertex 157.46153 32.279987 8
        vertex 137.12355 34.47548 8
    endloop
endfacet
facet normal 0 0 1
    outer loop
        vertex 163.66454 41.853325 8
        vertex 161.71733 35.868584 8
        vertex 164.85332 40.66453 8
    endloop
endfacet
facet normal 0 0 1
    outer loop
        vertex 132.47644 33.52452 8
        vertex 136.93935 48.93934 8
        vertex 136.61417 49.425976 8
    endloop
endfacet
facet normal 0 0 1
    outer loop
        vertex 132.47644 33.52452 8
        vertex 136.37357 35.77452 8
        vertex 136.93935 48.93934 8
    endloop
endfacet
facet normal 0 -0 1
    outer loop
        vertex 132.127 33.069115 8
        vertex 132.25642 33.331573 8
        vertex 112.425476 35.222897 8
    endloop
endfacet
facet normal -0 -0 1
    outer loop
        vertex 112.425476 35.222897 8
        vertex 132.25642 33.331573 8
        vertex 112.33141 35.5 8
    endloop
endfacet
facet normal -0 0 1
    outer loop
        vertex 112.406334 34.930885 8
        vertex 132.127 33.069115 8
        vertex 112.425476 35.222897 8
    endloop
endfacet
facet normal 0 0 1
    outer loop
        vertex 132.127 33.069115 8
        vertex 112.406334 34.930885 8
        vertex 132.10785 32.777103 8
    endloop
endfacet
facet normal 0 0 1
    outer loop
        vertex 132.65732 32.150555 8
        vertex 112 -0 8
        vertex 132.94934 32.131416 8
    endloop
endfacet
facet normal 0 0 1
    outer loop
        vertex 132.65732 32.150555 8
        vertex 132.39487 32.279987 8
        vertex 112 -0 8
    endloop
endfacet
facet normal 0 0 1
    outer loop
        vertex 132.94934 32.131416 8
        vertex 112 -0 8
        vertex 166.5 -0 8
    endloop
endfacet
facet normal 0 0 1
    outer loop
        vertex 166.5 -0 8
        vertex 133.22644 32.22548 8
        vertex 132.94934 32.131416 8
    endloop
endfacet
facet normal 0 0 1
    outer loop
        vertex 166.80867 40.03806 8
        vertex 162.46474 35.5 8
        vertex 162.5588 35.222897 8
    endloop
endfacet
facet normal 0 -0 1
    outer loop
        vertex 166.5 -0 8
        vertex 182.52821 32.279987 8
        vertex 162.19022 34.47548 8
    endloop
endfacet
facet normal 0 0 1
    outer loop
        vertex 157.46153 32.279987 8
        vertex 157.26859 32.5 8
        vertex 137.12355 34.47548 8
    endloop
endfacet
facet normal 0 0 1
    outer loop
        vertex 161.44022 35.77452 8
        vertex 163.53589 42 8
        vertex 163.47319 42.18474 8
    endloop
endfacet
facet normal 0 0 1
    outer loop
        vertex 161.44022 35.77452 8
        vertex 161.71733 35.868584 8
        vertex 163.53589 42 8
    endloop
endfacet
facet normal 0 0 1
    outer loop
        vertex 157.26859 32.5 8
        vertex 137.34357 34.668427 8
        vertex 137.12355 34.47548 8
    endloop
endfacet
facet normal 0 0 1
    outer loop
        vertex 139.06065 48.93934 8
        vertex 138.57402 48.61418 8
        vertex 137.20514 35.720013 8
    endloop
endfacet
facet normal 0 -0 1
    outer loop
        vertex 137.39809 35.5 8
        vertex 139.06065 48.93934 8
        vertex 137.20514 35.720013 8
    endloop
endfacet
facet normal -0 -0 1
    outer loop
        vertex 137.49216 35.222897 8
        vertex 157.32309 33.331573 8
        vertex 137.39809 35.5 8
    endloop
endfacet
facet normal 0 0 1
    outer loop
        vertex 163.53589 42 8
        vertex 161.71733 35.868584 8
        vertex 163.66454 41.853325 8
    endloop
endfacet
facet normal 0 -0 0.99999994
    outer loop
        vertex 107.40978 33.52452 8
        vertex 112 54 8
        vertex 87.07179 35.720013 8
    endloop
endfacet
facet normal 0 0 1
    outer loop
        vertex 107.40978 33.52452 8
        vertex 111.30689 35.77452 8
        vertex 112 54 8
    endloop
endfacet
facet normal -0 -0 1
    outer loop
        vertex 87.3588 35.222897 8
        vertex 107.189766 33.331573 8
        vertex 87.26474 35.5 8
    endloop
endfacet
facet normal 0 0 1
    outer loop
        vertex 87.26474 35.5 8
        vertex 107.189766 33.331573 8
        vertex 107.40978 33.52452 8
    endloop
endfacet
facet normal -0 0 0.99999994
    outer loop
        vertex 87.33966 34.930885 8
        vertex 107.06033 33.069115 8
        vertex 87.3588 35.222897 8
    endloop
endfacet
facet normal 0 0 1
    outer loop
        vertex 87.07179 35.720013 8
        vertex 87.26474 35.5 8
        vertex 107.40978 33.52452 8
    endloop
endfacet
facet normal 0 0 1
    outer loop
        vertex 107.59067 32.150555 8
        vertex 107.32821 32.279987 8
        vertex 112 -0 8
    endloop
endfacet
facet normal 0 0 0.99999994
    outer loop
        vertex 112 -0 8
        vertex 107.32821 32.279987 8
        vertex 83.09311 32.22548 8
    endloop
endfacet
facet normal -0 0 1
    outer loop
        vertex 107.88267 32.131416 8
        vertex 112 -0 8
        vertex 108.15978 32.22548 8
    endloop
endfacet
facet normal 0 0 1
    outer loop
        vertex 107.88267 32.131416 8
        vertex 107.59067 32.150555 8
        vertex 112 -0 8
    endloop
endfacet
facet normal -0 0 1
    outer loop
        vertex 108.15978 32.22548 8
        vertex 112 -0 8
        vertex 112.05689 34.47548 8
    endloop
endfacet
facet normal 0 0 1
    outer loop
        vertex 107.0412 32.777103 8
        vertex 87.33966 34.930885 8
        vertex 87.210236 34.668427 8
    endloop
endfacet
facet normal -0 0 1
    outer loop
        vertex 112.05689 34.47548 8
        vertex 132.20192 32.5 8
        vertex 112.2769 34.668427 8
    endloop
endfacet
facet normal 0 0 1
    outer loop
        vertex 137.42598 48.61418 8
        vertex 136.93935 48.93934 8
        vertex 136.37357 35.77452 8
    endloop
endfacet
facet normal 0 -0 1
    outer loop
        vertex 132.25642 33.331573 8
        vertex 132.47644 33.52452 8
        vertex 112.33141 35.5 8
    endloop
endfacet
facet normal 0 0 1
    outer loop
        vertex 132.20192 32.5 8
        vertex 132.10785 32.777103 8
        vertex 112.2769 34.668427 8
    endloop
endfacet
facet normal -0 0 0.99999994
    outer loop
        vertex 112.2769 34.668427 8
        vertex 132.10785 32.777103 8
        vertex 112.406334 34.930885 8
    endloop
endfacet
facet normal 0 0 1
    outer loop
        vertex 112.05689 34.47548 8
        vertex 132.39487 32.279987 8
        vertex 132.20192 32.5 8
    endloop
endfacet
facet normal 0 0 1
    outer loop
        vertex 86.99022 34.47548 8
        vertex 107.32821 32.279987 8
        vertex 107.13526 32.5 8
    endloop
endfacet
facet normal 0 0 1
    outer loop
        vertex 107.06033 33.069115 8
        vertex 87.33966 34.930885 8
        vertex 107.0412 32.777103 8
    endloop
endfacet
facet normal 0 0 1
    outer loop
        vertex 82.34311 33.52452 8
        vertex 57.5 54 8
        vertex 82.12309 33.331573 8
    endloop
endfacet
facet normal 0 -0 1
    outer loop
        vertex 82.34311 33.52452 8
        vertex 86.24022 35.77452 8
        vertex 57.5 54 8
    endloop
endfacet
facet normal 0 0 1
    outer loop
        vertex 82.12309 33.331573 8
        vertex 57.5 54 8
        vertex 81.99367 33.069115 8
    endloop
endfacet
facet normal 0 0 0.99999994
    outer loop
        vertex 81.99367 33.069115 8
        vertex 57.5 54 8
        vertex 81.974525 32.777103 8
    endloop
endfacet
facet normal 0 0 0.99999994
    outer loop
        vertex 82.068596 32.5 8
        vertex 81.974525 32.777103 8
        vertex 57.5 54 8
    endloop
endfacet
facet normal 0 0 1
    outer loop
        vertex 82.26154 32.279987 8
        vertex 3 -0 8
        vertex 82.523994 32.150555 8
    endloop
endfacet
facet normal 0 0 1
    outer loop
        vertex 82.26154 32.279987 8
        vertex 82.068596 32.5 8
        vertex 3 -0 8
    endloop
endfacet
facet normal 0 0 1
    outer loop
        vertex 112 -0 8
        vertex 82.523994 32.150555 8
        vertex 3 -0 8
    endloop
endfacet
facet normal 0 0 0.99999994
    outer loop
        vertex 83.09311 32.22548 8
        vertex 82.816 32.131416 8
        vertex 112 -0 8
    endloop
endfacet
facet normal 0 0 1
    outer loop
        vertex 132.39487 32.279987 8
        vertex 112.05689 34.47548 8
        vertex 112 -0 8
    endloop
endfacet
facet normal 0 0 1
    outer loop
        vertex 107.32821 32.279987 8
        vertex 86.99022 34.47548 8
        vertex 83.09311 32.22548 8
    endloop
endfacet
facet normal 0 0 1
    outer loop
        vertex 3 -0 8
        vertex 82.068596 32.5 8
        vertex 57.5 54 8
    endloop
endfacet
facet normal 0 0 0.99999994
    outer loop
        vertex 136.61417 49.425976 8
        vertex 112 54 8
        vertex 112.33141 35.5 8
    endloop
endfacet
facet normal 0 0 1
    outer loop
        vertex 107.189766 33.331573 8
        vertex 87.3588 35.222897 8
        vertex 107.06033 33.069115 8
    endloop
endfacet
facet normal 0 0 1
    outer loop
        vertex 87.210236 34.668427 8
        vertex 107.13526 32.5 8
        vertex 107.0412 32.777103 8
    endloop
endfacet
facet normal 0 -0 1
    outer loop
        vertex 87.07179 35.720013 8
        vertex 112 54 8
        vertex 86.80933 35.849445 8
    endloop
endfacet
facet normal -0 0 1
    outer loop
        vertex 86.51733 35.868584 8
        vertex 86.80933 35.849445 8
        vertex 112 54 8
    endloop
endfacet
facet normal 0 0 1
    outer loop
        vertex 87.210236 34.668427 8
        vertex 86.99022 34.47548 8
        vertex 107.13526 32.5 8
    endloop
endfacet
facet normal 0 -0 0.99999994
    outer loop
        vertex 86.24022 35.77452 8
        vertex 86.51733 35.868584 8
        vertex 57.5 54 8
    endloop
endfacet
facet normal -0 0 1
    outer loop
        vertex 57.5 54 8
        vertex 86.51733 35.868584 8
        vertex 112 54 8
    endloop
endfacet
facet normal 0 0 1
    outer loop
        vertex 137.42598 51.38582 8
        vertex 112 54 8
        vertex 136.93935 51.06066 8
    endloop
endfacet
facet normal 0 -0 1
    outer loop
        vertex 137.42598 51.38582 8
        vertex 138 51.5 8
        vertex 112 54 8
    endloop
endfacet
facet normal 0 0 0.99999994
    outer loop
        vertex 136.93935 51.06066 8
        vertex 112 54 8
        vertex 136.61417 50.574028 8
    endloop
endfacet
facet normal 0 0 0.99999994
    outer loop
        vertex 136.61417 50.574028 8
        vertex 112 54 8
        vertex 136.5 50 8
    endloop
endfacet
facet normal 0 0 1
    outer loop
        vertex 136.5 50 8
        vertex 112 54 8
        vertex 136.61417 49.425976 8
    endloop
endfacet
facet normal 0 0 1
    outer loop
        vertex 111.30689 35.77452 8
        vertex 111.58399 35.868584 8
        vertex 112 54 8
    endloop
endfacet
facet normal 0 0 1
    outer loop
        vertex 112 54 8
        vertex 112.138466 35.720013 8
        vertex 112.33141 35.5 8
    endloop
endfacet
facet normal 0 0 1
    outer loop
        vertex 112 54 8
        vertex 111.87601 35.849445 8
        vertex 112.138466 35.720013 8
    endloop
endfacet
facet normal 0 -0 1
    outer loop
        vertex 136.65067 35.868584 8
        vertex 137.42598 48.61418 8
        vertex 136.37357 35.77452 8
    endloop
endfacet
facet normal 0 0 1
    outer loop
        vertex 137.42598 48.61418 8
        vertex 136.65067 35.868584 8
        vertex 138 48.5 8
    endloop
endfacet
facet normal -0 0 1
    outer loop
        vertex 112.33141 35.5 8
        vertex 132.47644 33.52452 8
        vertex 136.61417 49.425976 8
    endloop
endfacet
facet normal 0 0 1
    outer loop
        vertex 137.39809 35.5 8
        vertex 156.29291 49.292892 8
        vertex 139.06065 48.93934 8
    endloop
endfacet
facet normal 0 0 1
    outer loop
        vertex 139.06065 48.93934 8
        vertex 156.29291 49.292892 8
        vertex 139.38582 49.425976 8
    endloop
endfacet
facet normal 0 0 1
    outer loop
        vertex 136.94267 35.849445 8
        vertex 138.57402 48.61418 8
        vertex 138 48.5 8
    endloop
endfacet
facet normal -0 0 0.99999994
    outer loop
        vertex 139.5 50 8
        vertex 156.07611 49.617317 8
        vertex 156 50 8
    endloop
endfacet
facet normal 0 0 1
    outer loop
        vertex 112 54 8
        vertex 111.58399 35.868584 8
        vertex 111.87601 35.849445 8
    endloop
endfacet
facet normal 0 -0 1
    outer loop
        vertex 156.29291 50.707104 8
        vertex 156.61731 50.92388 8
        vertex 139.06065 51.06066 8
    endloop
endfacet
facet normal 0 -0 1
    outer loop
        vertex 139.38582 50.574028 8
        vertex 156.29291 50.707104 8
        vertex 139.06065 51.06066 8
    endloop
endfacet
facet normal -0 0 0.99999994
    outer loop
        vertex 138.57402 51.38582 8
        vertex 157 51 8
        vertex 166.5 54 8
    endloop
endfacet
facet normal -0 0 1
    outer loop
        vertex 138 51.5 8
        vertex 138.57402 51.38582 8
        vertex 166.5 54 8
    endloop
endfacet
facet normal 0 0 1
    outer loop
        vertex 138.57402 51.38582 8
        vertex 156.61731 50.92388 8
        vertex 157 51 8
    endloop
endfacet
facet normal 0 0 1
    outer loop
        vertex 138.57402 51.38582 8
        vertex 139.06065 51.06066 8
        vertex 156.61731 50.92388 8
    endloop
endfacet
facet normal 0 0 0.99999994
    outer loop
        vertex 137.34357 34.668427 8
        vertex 157.26859 32.5 8
        vertex 157.17453 32.777103 8
    endloop
endfacet
facet normal 0 -0 0.99999994
    outer loop
        vertex 156.07611 50.382687 8
        vertex 156.29291 50.707104 8
        vertex 139.38582 50.574028 8
    endloop
endfacet
facet normal -0 0 0.99999994
    outer loop
        vertex 136.94267 35.849445 8
        vertex 137.20514 35.720013 8
        vertex 138.57402 48.61418 8
    endloop
endfacet
facet normal 0 0 0.99999994
    outer loop
        vertex 163.47319 42.18474 8
        vertex 163.03806 43.80866 8
        vertex 161.44022 35.77452 8
    endloop
endfacet
facet normal 0 0 1
    outer loop
        vertex 139.38582 50.574028 8
        vertex 139.5 50 8
        vertex 156.07611 50.382687 8
    endloop
endfacet
facet normal 0 0 1
    outer loop
        vertex 163.03806 43.80866 8
        vertex 163 44 8
        vertex 157 49 8
    endloop
endfacet
facet normal 0 -0 1
    outer loop
        vertex 157.5431 33.52452 8
        vertex 163.03806 43.80866 8
        vertex 157 49 8
    endloop
endfacet
facet normal 0 0 1
    outer loop
        vertex 156.07611 50.382687 8
        vertex 139.5 50 8
        vertex 156 50 8
    endloop
endfacet
facet normal 0 0 1
    outer loop
        vertex 163.47319 45.81526 8
        vertex 157.38268 49.076122 8
        vertex 163.03806 44.19134 8
    endloop
endfacet
facet normal 0 0 1
    outer loop
        vertex 166.5 54 8
        vertex 157.92387 50.382687 8
        vertex 165 47.4641 8
    endloop
endfacet
facet normal 0 0 1
    outer loop
        vertex 165 47.4641 8
        vertex 157.92387 50.382687 8
        vertex 158 50 8
    endloop
endfacet
facet normal 0 -0 1
    outer loop
        vertex 157.38268 50.92388 8
        vertex 166.5 54 8
        vertex 157 51 8
    endloop
endfacet
facet normal -0 0 1
    outer loop
        vertex 157.38268 50.92388 8
        vertex 157.7071 50.707104 8
        vertex 166.5 54 8
    endloop
endfacet
facet normal 0 -0 1
    outer loop
        vertex 164.85332 47.33547 8
        vertex 165 47.4641 8
        vertex 158 50 8
    endloop
endfacet
facet normal 0 0 1
    outer loop
        vertex 156.61731 49.076122 8
        vertex 156.29291 49.292892 8
        vertex 157.5431 33.52452 8
    endloop
endfacet
facet normal 0 -0 1
    outer loop
        vertex 170.09636 42.74572 8
        vertex 170.30867 43.53806 8
        vertex 169.90169 42.73296 8
    endloop
endfacet
facet normal -0 0 0.99999994
    outer loop
        vertex 170.09636 42.74572 8
        vertex 170.2811 42.68301 8
        vertex 170.5 43.5 8
    endloop
endfacet
facet normal 0 0 1
    outer loop
        vertex 169.90169 42.73296 8
        vertex 170.30867 43.53806 8
        vertex 170.14645 43.646446 8
    endloop
endfacet
facet normal 0 0 1
    outer loop
        vertex 170 44 8
        vertex 169.72672 42.646675 8
        vertex 170.03806 43.80866 8
    endloop
endfacet
facet normal 0 0 0.99999994
    outer loop
        vertex 169.53537 42.31526 8
        vertex 168.5 41.40192 8
        vertex 168.68474 41.46463 8
    endloop
endfacet
facet normal 0 -0 1
    outer loop
        vertex 169.53537 42.31526 8
        vertex 169.59807 42.5 8
        vertex 168.5 41.40192 8
    endloop
endfacet
facet normal 0 0 1
    outer loop
        vertex 169.54813 42.12059 8
        vertex 168.68474 41.46463 8
        vertex 168.87941 41.451874 8
    endloop
endfacet
facet normal 0 0 1
    outer loop
        vertex 168.5 41.40192 8
        vertex 169.59807 42.5 8
        vertex 170 44 8
    endloop
endfacet
facet normal 0 0 1
    outer loop
        vertex 169.63441 41.94562 8
        vertex 169.54813 42.12059 8
        vertex 168.87941 41.451874 8
    endloop
endfacet
facet normal 0 0 0.99999994
    outer loop
        vertex 170.03806 43.80866 8
        vertex 169.72672 42.646675 8
        vertex 170.14645 43.646446 8
    endloop
endfacet
facet normal 0 0 1
    outer loop
        vertex 169.05437 41.365585 8
        vertex 169.78108 41.81699 8
        vertex 169.63441 41.94562 8
    endloop
endfacet
facet normal 0 -0 1
    outer loop
        vertex 169.24573 41.034172 8
        vertex 169.96582 41.75428 8
        vertex 169.18301 41.21891 8
    endloop
endfacet
facet normal 0 0 1
    outer loop
        vertex 207.40192 32.5 8
        vertex 187.4769 34.668427 8
        vertex 187.25688 34.47548 8
    endloop
endfacet
facet normal 0 0 1
    outer loop
        vertex 168.81528 40.47319 8
        vertex 162.53966 34.930885 8
        vertex 182.2412 32.777103 8
    endloop
endfacet
facet normal 0 -0 1
    outer loop
        vertex 211.57356 35.77452 8
        vertex 221 54 8
        vertex 187.33846 35.720013 8
    endloop
endfacet
facet normal 0 0 1
    outer loop
        vertex 182.26033 33.069115 8
        vertex 169 40.5359 8
        vertex 182.2412 32.777103 8
    endloop
endfacet
facet normal 0 0 1
    outer loop
        vertex 187.076 35.849445 8
        vertex 170.4641 46 8
        vertex 186.784 35.868584 8
    endloop
endfacet
facet normal -0 0 0.99999994
    outer loop
        vertex 169.05437 41.365585 8
        vertex 169.18301 41.21891 8
        vertex 169.78108 41.81699 8
    endloop
endfacet
facet normal -0 0 0.99999994
    outer loop
        vertex 170.2811 42.68301 8
        vertex 170.42776 42.55438 8
        vertex 170.5 43.5 8
    endloop
endfacet
facet normal -0 0 1
    outer loop
        vertex 170.5 43.5 8
        vertex 170.42776 42.55438 8
        vertex 170.69135 43.53806 8
    endloop
endfacet
facet normal 0 0 0.99999994
    outer loop
        vertex 168.35332 41.27329 8
        vertex 167.19135 40.96194 8
        vertex 167.35356 40.853554 8
    endloop
endfacet
facet normal 0 -0 1
    outer loop
        vertex 168.35332 41.27329 8
        vertex 168.5 41.40192 8
        vertex 167 41 8
    endloop
endfacet
facet normal 0 0 1
    outer loop
        vertex 168.26704 41.09832 8
        vertex 167.35356 40.853554 8
        vertex 167.46194 40.69134 8
    endloop
endfacet
facet normal 0 -0 1
    outer loop
        vertex 168.25427 40.90365 8
        vertex 168.26704 41.09832 8
        vertex 167.46194 40.69134 8
    endloop
endfacet
facet normal 0 0 1
    outer loop
        vertex 167.5 40.5 8
        vertex 168.31699 40.71891 8
        vertex 168.25427 40.90365 8
    endloop
endfacet
facet normal 0 0 0.99999994
    outer loop
        vertex 167.46194 40.30866 8
        vertex 168.44562 40.572235 8
        vertex 167.5 40.5 8
    endloop
endfacet
facet normal 0 0 1
    outer loop
        vertex 166.80867 40.03806 8
        vertex 165.18474 40.47319 8
        vertex 162.46474 35.5 8
    endloop
endfacet
facet normal 0 -0 1
    outer loop
        vertex 162.46474 35.5 8
        vertex 165.18474 40.47319 8
        vertex 162.2718 35.720013 8
    endloop
endfacet
facet normal -0 0 1
    outer loop
        vertex 162.41023 34.668427 8
        vertex 182.2412 32.777103 8
        vertex 162.53966 34.930885 8
    endloop
endfacet
facet normal 0 -0 1
    outer loop
        vertex 170.51405 42.37941 8
        vertex 170.85356 43.646446 8
        vertex 170.42776 42.55438 8
    endloop
endfacet
facet normal 0 0 1
    outer loop
        vertex 169.14667 40.66453 8
        vertex 169 40.5359 8
        vertex 182.26033 33.069115 8
    endloop
endfacet
facet normal 0 0 1
    outer loop
        vertex 170.33546 41.853325 8
        vertex 169.23297 40.8395 8
        vertex 169.14667 40.66453 8
    endloop
endfacet
facet normal 0 0 1
    outer loop
        vertex 169.23297 40.8395 8
        vertex 170.1605 41.76704 8
        vertex 169.24573 41.034172 8
    endloop
endfacet
facet normal 0 0 1
    outer loop
        vertex 170.09636 42.74572 8
        vertex 170.5 43.5 8
        vertex 170.30867 43.53806 8
    endloop
endfacet
facet normal 0 0 1
    outer loop
        vertex 169.23297 40.8395 8
        vertex 170.33546 41.853325 8
        vertex 170.1605 41.76704 8
    endloop
endfacet
facet normal -0 0 0.99999994
    outer loop
        vertex 169.96582 41.75428 8
        vertex 169.24573 41.034172 8
        vertex 170.1605 41.76704 8
    endloop
endfacet
facet normal 0 0 1
    outer loop
        vertex 167.5 40.5 8
        vertex 168.44562 40.572235 8
        vertex 168.31699 40.71891 8
    endloop
endfacet
facet normal 0 0 1
    outer loop
        vertex 167.19135 40.03806 8
        vertex 168.62059 40.485947 8
        vertex 167.35356 40.146446 8
    endloop
endfacet
facet normal 0 0 1
    outer loop
        vertex 167.35356 40.146446 8
        vertex 168.62059 40.485947 8
        vertex 168.44562 40.572235 8
    endloop
endfacet
facet normal 0 0 1
    outer loop
        vertex 166.80867 40.96194 8
        vertex 165.64667 41.27329 8
        vertex 166.64645 40.853554 8
    endloop
endfacet
facet normal 0 -0 1
    outer loop
        vertex 166.80867 40.96194 8
        vertex 167 41 8
        vertex 165.64667 41.27329 8
    endloop
endfacet
facet normal 0 0 1
    outer loop
        vertex 166.64645 40.853554 8
        vertex 165.73297 41.09832 8
        vertex 166.53806 40.69134 8
    endloop
endfacet
facet normal 0 0 1
    outer loop
        vertex 166.53806 40.69134 8
        vertex 165.73297 41.09832 8
        vertex 165.74573 40.90365 8
    endloop
endfacet
facet normal -0 0 1
    outer loop
        vertex 165.68301 40.71891 8
        vertex 166.5 40.5 8
        vertex 165.74573 40.90365 8
    endloop
endfacet
facet normal 0 0 0.99999994
    outer loop
        vertex 165.55437 40.572235 8
        vertex 166.53806 40.30866 8
        vertex 166.5 40.5 8
    endloop
endfacet
facet normal -0 0 1
    outer loop
        vertex 162.00932 35.849445 8
        vertex 162.2718 35.720013 8
        vertex 165 40.5359 8
    endloop
endfacet
facet normal 0 0 1
    outer loop
        vertex 164.85332 40.66453 8
        vertex 162.00932 35.849445 8
        vertex 165 40.5359 8
    endloop
endfacet
facet normal 0 0 1
    outer loop
        vertex 165 40.5359 8
        vertex 162.2718 35.720013 8
        vertex 165.18474 40.47319 8
    endloop
endfacet
facet normal 0 0 1
    outer loop
        vertex 169 40.5359 8
        vertex 168.81528 40.47319 8
        vertex 182.2412 32.777103 8
    endloop
endfacet
facet normal 0 -0 1
    outer loop
        vertex 169.90169 42.73296 8
        vertex 170.14645 43.646446 8
        vertex 169.72672 42.646675 8
    endloop
endfacet
facet normal 0 0 1
    outer loop
        vertex 169.96582 41.75428 8
        vertex 169.78108 41.81699 8
        vertex 169.18301 41.21891 8
    endloop
endfacet
facet normal 0 0 1
    outer loop
        vertex 169.59807 42.5 8
        vertex 169.72672 42.646675 8
        vertex 170 44 8
    endloop
endfacet
facet normal 0 0 1
    outer loop
        vertex 169.63441 41.94562 8
        vertex 168.87941 41.451874 8
        vertex 169.05437 41.365585 8
    endloop
endfacet
facet normal 0 0 1
    outer loop
        vertex 165.68301 40.71891 8
        vertex 165.55437 40.572235 8
        vertex 166.5 40.5 8
    endloop
endfacet
facet normal -0 0 0.99999994
    outer loop
        vertex 167.46194 40.69134 8
        vertex 167.5 40.5 8
        vertex 168.25427 40.90365 8
    endloop
endfacet
facet normal 0 0 1
    outer loop
        vertex 166.80867 40.03806 8
        vertex 166.64645 40.146446 8
        vertex 165.37941 40.485947 8
    endloop
endfacet
facet normal 0 0 1
    outer loop
        vertex 165.31528 41.46463 8
        vertex 164.46463 42.31526 8
        vertex 165.12059 41.451874 8
    endloop
endfacet
facet normal -0 -0 1
    outer loop
        vertex 165.31528 41.46463 8
        vertex 165.5 41.40192 8
        vertex 164.46463 42.31526 8
    endloop
endfacet
facet normal 0 0 1
    outer loop
        vertex 165.12059 41.451874 8
        vertex 164.45187 42.12059 8
        vertex 164.94562 41.365585 8
    endloop
endfacet
facet normal 0 0 1
    outer loop
        vertex 164.94562 41.365585 8
        vertex 164.45187 42.12059 8
        vertex 164.36559 41.94562 8
    endloop
endfacet
facet normal -0 0 1
    outer loop
        vertex 164.2189 41.81699 8
        vertex 164.81699 41.21891 8
        vertex 164.36559 41.94562 8
    endloop
endfacet
facet normal -0 0 1
    outer loop
        vertex 164.03418 41.75428 8
        vertex 164.75427 41.034172 8
        vertex 164.2189 41.81699 8
    endloop
endfacet
facet normal 0 0 1
    outer loop
        vertex 157.17453 32.777103 8
        vertex 137.473 34.930885 8
        vertex 137.34357 34.668427 8
    endloop
endfacet
facet normal 0 0 1
    outer loop
        vertex 138 48.5 8
        vertex 136.65067 35.868584 8
        vertex 136.94267 35.849445 8
    endloop
endfacet
facet normal 0 -0 1
    outer loop
        vertex 162.00932 35.849445 8
        vertex 164.85332 40.66453 8
        vertex 161.71733 35.868584 8
    endloop
endfacet
facet normal 0 0 1
    outer loop
        vertex 168.81528 40.47319 8
        vertex 168.62059 40.485947 8
        vertex 167.19135 40.03806 8
    endloop
endfacet
facet normal 0 0 1
    outer loop
        vertex 165.37941 40.485947 8
        vertex 165.18474 40.47319 8
        vertex 166.80867 40.03806 8
    endloop
endfacet
facet normal 0 0 1
    outer loop
        vertex 164.85332 40.66453 8
        vertex 163.83951 41.76704 8
        vertex 163.66454 41.853325 8
    endloop
endfacet
facet normal 0 0 1
    outer loop
        vertex 166.64645 40.146446 8
        vertex 166.53806 40.30866 8
        vertex 165.55437 40.572235 8
    endloop
endfacet
facet normal -0 0 0.99999994
    outer loop
        vertex 165.37941 40.485947 8
        vertex 166.64645 40.146446 8
        vertex 165.55437 40.572235 8
    endloop
endfacet
facet normal 0 0 1
    outer loop
        vertex 169.54813 42.12059 8
        vertex 169.53537 42.31526 8
        vertex 168.68474 41.46463 8
    endloop
endfacet
facet normal 0 -0 0.99999994
    outer loop
        vertex 166.5 40.5 8
        vertex 166.53806 40.69134 8
        vertex 165.74573 40.90365 8
    endloop
endfacet
facet normal 0 -0 0.99999994
    outer loop
        vertex 164.75427 41.034172 8
        vertex 164.81699 41.21891 8
        vertex 164.2189 41.81699 8
    endloop
endfacet
facet normal 0 0 1
    outer loop
        vertex 163.83951 41.76704 8
        vertex 164.76704 40.8395 8
        vertex 164.03418 41.75428 8
    endloop
endfacet
facet normal 0 0 1
    outer loop
        vertex 164.27328 42.646675 8
        vertex 163.96194 43.80866 8
        vertex 163.85356 43.646446 8
    endloop
endfacet
facet normal -0 -0 1
    outer loop
        vertex 164.27328 42.646675 8
        vertex 164.40192 42.5 8
        vertex 164 44 8
    endloop
endfacet
facet normal 0 0 1
    outer loop
        vertex 164.09833 42.73296 8
        vertex 163.85356 43.646446 8
        vertex 163.69135 43.53806 8
    endloop
endfacet
facet normal -0 -0 0.99999994
    outer loop
        vertex 163.90364 42.74572 8
        vertex 164.09833 42.73296 8
        vertex 163.69135 43.53806 8
    endloop
endfacet
facet normal 0 0 0.99999994
    outer loop
        vertex 163.5 43.5 8
        vertex 163.7189 42.68301 8
        vertex 163.90364 42.74572 8
    endloop
endfacet
facet normal 0 0 0.99999994
    outer loop
        vertex 163.30867 43.53806 8
        vertex 163.57224 42.55438 8
        vertex 163.5 43.5 8
    endloop
endfacet
facet normal 0 0 1
    outer loop
        vertex 163.03806 44.19134 8
        vertex 157.38268 49.076122 8
        vertex 163 44 8
    endloop
endfacet
facet normal -0 0 1
    outer loop
        vertex 157.38268 49.076122 8
        vertex 163.47319 45.81526 8
        vertex 157.7071 49.292892 8
    endloop
endfacet
facet normal 0 0 1
    outer loop
        vertex 163 44 8
        vertex 157.38268 49.076122 8
        vertex 157 49 8
    endloop
endfacet
facet normal -0 0 0.99999994
    outer loop
        vertex 139.38582 49.425976 8
        vertex 156.29291 49.292892 8
        vertex 156.07611 49.617317 8
    endloop
endfacet
facet normal 0 0 1
    outer loop
        vertex 139.5 50 8
        vertex 139.38582 49.425976 8
        vertex 156.07611 49.617317 8
    endloop
endfacet
facet normal -0 -0 1
    outer loop
        vertex 165.73297 41.09832 8
        vertex 166.64645 40.853554 8
        vertex 165.64667 41.27329 8
    endloop
endfacet
facet normal 0 0 1
    outer loop
        vertex 164.85332 40.66453 8
        vertex 164.76704 40.8395 8
        vertex 163.83951 41.76704 8
    endloop
endfacet
facet normal 0 0 1
    outer loop
        vertex 164.76704 40.8395 8
        vertex 164.75427 41.034172 8
        vertex 164.03418 41.75428 8
    endloop
endfacet
facet normal 0 -0 0.99999994
    outer loop
        vertex 163.47319 42.18474 8
        vertex 163.48595 42.37941 8
        vertex 163.03806 43.80866 8
    endloop
endfacet
facet normal 0 -0 1
    outer loop
        vertex 164.81699 41.21891 8
        vertex 164.94562 41.365585 8
        vertex 164.36559 41.94562 8
    endloop
endfacet
facet normal 0 0 1
    outer loop
        vertex 170 44 8
        vertex 164 44 8
        vertex 167 41 8
    endloop
endfacet
facet normal 0 0 1
    outer loop
        vertex 165.5 41.40192 8
        vertex 165.64667 41.27329 8
        vertex 167 41 8
    endloop
endfacet
facet normal 0 -0 0.99999994
    outer loop
        vertex 163.57224 42.55438 8
        vertex 163.7189 42.68301 8
        vertex 163.5 43.5 8
    endloop
endfacet
facet normal 0 -0 1
    outer loop
        vertex 163.96194 44.19134 8
        vertex 164.27328 45.353325 8
        vertex 163.85356 44.353554 8
    endloop
endfacet
facet normal -0 0 1
    outer loop
        vertex 163.96194 44.19134 8
        vertex 164 44 8
        vertex 164.27328 45.353325 8
    endloop
endfacet
facet normal 0 -0 1
    outer loop
        vertex 163.85356 44.353554 8
        vertex 164.09833 45.267036 8
        vertex 163.69135 44.46194 8
    endloop
endfacet
facet normal 0 0 1
    outer loop
        vertex 163.69135 44.46194 8
        vertex 164.09833 45.267036 8
        vertex 163.90364 45.25428 8
    endloop
endfacet
facet normal 0 0 0.99999994
    outer loop
        vertex 163.7189 45.31699 8
        vertex 163.5 44.5 8
        vertex 163.90364 45.25428 8
    endloop
endfacet
facet normal 0 0 0.99999994
    outer loop
        vertex 163.57224 45.44562 8
        vertex 163.30867 44.46194 8
        vertex 163.5 44.5 8
    endloop
endfacet
facet normal 0 0 1
    outer loop
        vertex 163.66454 46.146675 8
        vertex 157.92387 49.617317 8
        vertex 163.53589 46 8
    endloop
endfacet
facet normal 0 0 1
    outer loop
        vertex 163.66454 46.146675 8
        vertex 158 50 8
        vertex 157.92387 49.617317 8
    endloop
endfacet
facet normal 0 0 0.99999994
    outer loop
        vertex 163.53589 46 8
        vertex 157.7071 49.292892 8
        vertex 163.47319 45.81526 8
    endloop
endfacet
facet normal 0 -0 0.99999994
    outer loop
        vertex 168.5 41.40192 8
        vertex 170 44 8
        vertex 167 41 8
    endloop
endfacet
facet normal 0 0 0.99999994
    outer loop
        vertex 163.03806 43.80866 8
        vertex 163.48595 42.37941 8
        vertex 163.14645 43.646446 8
    endloop
endfacet
facet normal 0 0 1
    outer loop
        vertex 164.46463 42.31526 8
        vertex 164.45187 42.12059 8
        vertex 165.12059 41.451874 8
    endloop
endfacet
facet normal 0 0 1
    outer loop
        vertex 163.30867 43.53806 8
        vertex 163.14645 43.646446 8
        vertex 163.57224 42.55438 8
    endloop
endfacet
facet normal 0 0 0.99999994
    outer loop
        vertex 163.7189 45.31699 8
        vertex 163.57224 45.44562 8
        vertex 163.5 44.5 8
    endloop
endfacet
facet normal -0 -0 1
    outer loop
        vertex 164.46463 42.31526 8
        vertex 165.5 41.40192 8
        vertex 164.40192 42.5 8
    endloop
endfacet
facet normal -0 -0 0.99999994
    outer loop
        vertex 164.09833 42.73296 8
        vertex 164.27328 42.646675 8
        vertex 163.85356 43.646446 8
    endloop
endfacet
facet normal 0 -0 1
    outer loop
        vertex 164.46463 45.684734 8
        vertex 165.31528 46.53537 8
        vertex 164.45187 45.87941 8
    endloop
endfacet
facet normal -0 0 1
    outer loop
        vertex 164.46463 45.684734 8
        vertex 164.40192 45.5 8
        vertex 165.31528 46.53537 8
    endloop
endfacet
facet normal 0 -0 1
    outer loop
        vertex 164.45187 45.87941 8
        vertex 165.12059 46.548126 8
        vertex 164.36559 46.05438 8
    endloop
endfacet
facet normal 0 0 1
    outer loop
        vertex 164.36559 46.05438 8
        vertex 165.12059 46.548126 8
        vertex 164.94562 46.634415 8
    endloop
endfacet
facet normal 0 0 1
    outer loop
        vertex 164.81699 46.78109 8
        vertex 164.2189 46.18301 8
        vertex 164.94562 46.634415 8
    endloop
endfacet
facet normal 0 0 1
    outer loop
        vertex 164.75427 46.965828 8
        vertex 164.03418 46.245724 8
        vertex 164.81699 46.78109 8
    endloop
endfacet
facet normal 0 0 0.99999994
    outer loop
        vertex 166.5 54 8
        vertex 157.7071 50.707104 8
        vertex 157.92387 50.382687 8
    endloop
endfacet
facet normal 0 0 1
    outer loop
        vertex 158 50 8
        vertex 163.66454 46.146675 8
        vertex 164.85332 47.33547 8
    endloop
endfacet
facet normal 0 -0 1
    outer loop
        vertex 138 51.5 8
        vertex 166.5 54 8
        vertex 112 54 8
    endloop
endfacet
facet normal 0 0 1
    outer loop
        vertex 167.35356 40.853554 8
        vertex 168.26704 41.09832 8
        vertex 168.35332 41.27329 8
    endloop
endfacet
facet normal 0 0 0.99999994
    outer loop
        vertex 163.48595 45.62059 8
        vertex 163.47319 45.81526 8
        vertex 163.03806 44.19134 8
    endloop
endfacet
facet normal 0 -0 1
    outer loop
        vertex 163.48595 42.37941 8
        vertex 163.57224 42.55438 8
        vertex 163.14645 43.646446 8
    endloop
endfacet
facet normal 0 0 1
    outer loop
        vertex 163.48595 45.62059 8
        vertex 163.14645 44.353554 8
        vertex 163.57224 45.44562 8
    endloop
endfacet
facet normal 0 0 1
    outer loop
        vertex 163.48595 45.62059 8
        vertex 163.03806 44.19134 8
        vertex 163.14645 44.353554 8
    endloop
endfacet
facet normal -0 0 1
    outer loop
        vertex 163.96194 43.80866 8
        vertex 164.27328 42.646675 8
        vertex 164 44 8
    endloop
endfacet
facet normal -0 0 1
    outer loop
        vertex 163.5 44.5 8
        vertex 163.69135 44.46194 8
        vertex 163.90364 45.25428 8
    endloop
endfacet
facet normal 0 0 1
    outer loop
        vertex 163.85356 44.353554 8
        vertex 164.27328 45.353325 8
        vertex 164.09833 45.267036 8
    endloop
endfacet
facet normal -0 0 1
    outer loop
        vertex 164.03418 46.245724 8
        vertex 164.2189 46.18301 8
        vertex 164.81699 46.78109 8
    endloop
endfacet
facet normal 0 0 1
    outer loop
        vertex 164.94562 46.634415 8
        vertex 164.2189 46.18301 8
        vertex 164.36559 46.05438 8
    endloop
endfacet
facet normal 0 0 1
    outer loop
        vertex 164.76704 47.1605 8
        vertex 163.83951 46.232964 8
        vertex 164.75427 46.965828 8
    endloop
endfacet
facet normal 0 0 1
    outer loop
        vertex 164 44 8
        vertex 170 44 8
        vertex 167 47 8
    endloop
endfacet
facet normal 0 0 1
    outer loop
        vertex 165.31528 46.53537 8
        vertex 165.12059 46.548126 8
        vertex 164.45187 45.87941 8
    endloop
endfacet
facet normal 0 0 1
    outer loop
        vertex 165.5 46.59808 8
        vertex 165.31528 46.53537 8
        vertex 164.40192 45.5 8
    endloop
endfacet
facet normal 0 0 1
    outer loop
        vertex 167 47 8
        vertex 165.5 46.59808 8
        vertex 164.40192 45.5 8
    endloop
endfacet
facet normal -0 0 1
    outer loop
        vertex 165.73297 46.90168 8
        vertex 165.64667 46.72671 8
        vertex 166.64645 47.146446 8
    endloop
endfacet
facet normal 0 0 1
    outer loop
        vertex 166.64645 47.146446 8
        vertex 166.53806 47.30866 8
        vertex 165.73297 46.90168 8
    endloop
endfacet
facet normal 0 0 0.99999994
    outer loop
        vertex 166.53806 47.30866 8
        vertex 166.5 47.5 8
        vertex 165.74573 47.09635 8
    endloop
endfacet
facet normal 0 0 0.99999994
    outer loop
        vertex 166.53806 47.69134 8
        vertex 165.55437 47.427765 8
        vertex 166.5 47.5 8
    endloop
endfacet
facet normal 0 -0 1
    outer loop
        vertex 165.18474 47.526814 8
        vertex 166.5 54 8
        vertex 165 47.4641 8
    endloop
endfacet
facet normal 0 0 1
    outer loop
        vertex 165.18474 47.526814 8
        vertex 166.80867 47.96194 8
        vertex 166.5 54 8
    endloop
endfacet
facet normal 0 0 1
    outer loop
        vertex 163.53589 46 8
        vertex 157.92387 49.617317 8
        vertex 157.7071 49.292892 8
    endloop
endfacet
facet normal -0 0 1
    outer loop
        vertex 165.18474 47.526814 8
        vertex 165.37941 47.514053 8
        vertex 166.80867 47.96194 8
    endloop
endfacet
facet normal 0 -0 1
    outer loop
        vertex 164.76704 47.1605 8
        vertex 164.85332 47.33547 8
        vertex 163.66454 46.146675 8
    endloop
endfacet
facet normal -0 0 1
    outer loop
        vertex 163.5 43.5 8
        vertex 163.90364 42.74572 8
        vertex 163.69135 43.53806 8
    endloop
endfacet
facet normal 0 -0 1
    outer loop
        vertex 163.83951 46.232964 8
        vertex 164.76704 47.1605 8
        vertex 163.66454 46.146675 8
    endloop
endfacet
facet normal 0 0 1
    outer loop
        vertex 163.83951 46.232964 8
        vertex 164.03418 46.245724 8
        vertex 164.75427 46.965828 8
    endloop
endfacet
facet normal 0 -0 1
    outer loop
        vertex 163.30867 44.46194 8
        vertex 163.57224 45.44562 8
        vertex 163.14645 44.353554 8
    endloop
endfacet
facet normal 0 0 1
    outer loop
        vertex 166.64645 47.85355 8
        vertex 165.55437 47.427765 8
        vertex 166.53806 47.69134 8
    endloop
endfacet
facet normal 0 0 1
    outer loop
        vertex 166.64645 47.85355 8
        vertex 165.37941 47.514053 8
        vertex 165.55437 47.427765 8
    endloop
endfacet
facet normal -0 0 1
    outer loop
        vertex 165.55437 47.427765 8
        vertex 165.68301 47.28109 8
        vertex 166.5 47.5 8
    endloop
endfacet
facet normal -0 0 1
    outer loop
        vertex 165.74573 47.09635 8
        vertex 165.73297 46.90168 8
        vertex 166.53806 47.30866 8
    endloop
endfacet
facet normal 0 0 0.99999994
    outer loop
        vertex 167 47 8
        vertex 166.80867 47.03806 8
        vertex 165.64667 46.72671 8
    endloop
endfacet
facet normal 0 0 0.99999994
    outer loop
        vertex 168.5 46.59808 8
        vertex 167 47 8
        vertex 170 44 8
    endloop
endfacet
facet normal 0 0 1
    outer loop
        vertex 167.35356 47.146446 8
        vertex 168.35332 46.72671 8
        vertex 168.26704 46.90168 8
    endloop
endfacet
facet normal 0 0 1
    outer loop
        vertex 168.26704 46.90168 8
        vertex 167.46194 47.30866 8
        vertex 167.35356 47.146446 8
    endloop
endfacet
facet normal 0 0 0.99999994
    outer loop
        vertex 168.25427 47.09635 8
        vertex 167.5 47.5 8
        vertex 167.46194 47.30866 8
    endloop
endfacet
facet normal 0 0 1
    outer loop
        vertex 168.44562 47.427765 8
        vertex 167.46194 47.69134 8
        vertex 167.5 47.5 8
    endloop
endfacet
facet normal 0 0 1
    outer loop
        vertex 167.19135 47.96194 8
        vertex 166.5 54 8
        vertex 167 48 8
    endloop
endfacet
facet normal -0 -0 1
    outer loop
        vertex 167.19135 47.96194 8
        vertex 168.81528 47.526814 8
        vertex 166.5 54 8
    endloop
endfacet
facet normal 0 0 1
    outer loop
        vertex 167 48 8
        vertex 166.5 54 8
        vertex 166.80867 47.96194 8
    endloop
endfacet
facet normal 0 0 1
    outer loop
        vertex 167.19135 47.96194 8
        vertex 168.62059 47.514053 8
        vertex 168.81528 47.526814 8
    endloop
endfacet
facet normal 0 -0 1
    outer loop
        vertex 168.25427 47.09635 8
        vertex 168.31699 47.28109 8
        vertex 167.5 47.5 8
    endloop
endfacet
facet normal 0 0 1
    outer loop
        vertex 166.5 47.5 8
        vertex 165.68301 47.28109 8
        vertex 165.74573 47.09635 8
    endloop
endfacet
facet normal 0 -0 1
    outer loop
        vertex 168.31699 47.28109 8
        vertex 168.44562 47.427765 8
        vertex 167.5 47.5 8
    endloop
endfacet
facet normal 0 0 0.99999994
    outer loop
        vertex 168.62059 47.514053 8
        vertex 167.35356 47.85355 8
        vertex 168.44562 47.427765 8
    endloop
endfacet
facet normal 0 0 1
    outer loop
        vertex 168.26704 46.90168 8
        vertex 168.25427 47.09635 8
        vertex 167.46194 47.30866 8
    endloop
endfacet
facet normal -0 0 1
    outer loop
        vertex 164.27328 45.353325 8
        vertex 164 44 8
        vertex 164.40192 45.5 8
    endloop
endfacet
facet normal 0 0 1
    outer loop
        vertex 164 44 8
        vertex 167 47 8
        vertex 164.40192 45.5 8
    endloop
endfacet
facet normal 0 0 1
    outer loop
        vertex 168.44562 47.427765 8
        vertex 167.35356 47.85355 8
        vertex 167.46194 47.69134 8
    endloop
endfacet
facet normal 0 0 0.99999994
    outer loop
        vertex 167.35356 47.146446 8
        vertex 167.19135 47.03806 8
        vertex 168.35332 46.72671 8
    endloop
endfacet
facet normal 0 0 1
    outer loop
        vertex 168.35332 46.72671 8
        vertex 167.19135 47.03806 8
        vertex 167 47 8
    endloop
endfacet
facet normal 0 0 1
    outer loop
        vertex 168.87941 46.548126 8
        vertex 169.53537 45.684734 8
        vertex 169.54813 45.87941 8
    endloop
endfacet
facet normal 0 0 1
    outer loop
        vertex 169.54813 45.87941 8
        vertex 169.05437 46.634415 8
        vertex 168.87941 46.548126 8
    endloop
endfacet
facet normal 0 0 1
    outer loop
        vertex 169.63441 46.05438 8
        vertex 169.18301 46.78109 8
        vertex 169.05437 46.634415 8
    endloop
endfacet
facet normal 0 0 1
    outer loop
        vertex 169.96582 46.245724 8
        vertex 169.24573 46.965828 8
        vertex 169.78108 46.18301 8
    endloop
endfacet
facet normal 0 0 1
    outer loop
        vertex 169.14667 47.33547 8
        vertex 166.5 54 8
        vertex 169 47.4641 8
    endloop
endfacet
facet normal -0 -0 1
    outer loop
        vertex 169.14667 47.33547 8
        vertex 170.33546 46.146675 8
        vertex 166.5 54 8
    endloop
endfacet
facet normal 0 0 1
    outer loop
        vertex 169 47.4641 8
        vertex 166.5 54 8
        vertex 168.81528 47.526814 8
    endloop
endfacet
facet normal 0 0 1
    outer loop
        vertex 165.37941 47.514053 8
        vertex 166.64645 47.85355 8
        vertex 166.80867 47.96194 8
    endloop
endfacet
facet normal 0 0 1
    outer loop
        vertex 169.14667 47.33547 8
        vertex 170.1605 46.232964 8
        vertex 170.33546 46.146675 8
    endloop
endfacet
facet normal 0 -0 1
    outer loop
        vertex 169.63441 46.05438 8
        vertex 169.78108 46.18301 8
        vertex 169.18301 46.78109 8
    endloop
endfacet
facet normal 0 0 1
    outer loop
        vertex 170 44 8
        vertex 169.59807 45.5 8
        vertex 168.5 46.59808 8
    endloop
endfacet
facet normal 0 0 1
    outer loop
        vertex 169.23297 47.1605 8
        vertex 169.24573 46.965828 8
        vertex 169.96582 46.245724 8
    endloop
endfacet
facet normal 0 0 1
    outer loop
        vertex 170.1605 46.232964 8
        vertex 169.23297 47.1605 8
        vertex 169.96582 46.245724 8
    endloop
endfacet
facet normal 0 0 1
    outer loop
        vertex 169.24573 46.965828 8
        vertex 169.18301 46.78109 8
        vertex 169.78108 46.18301 8
    endloop
endfacet
facet normal 0 0 0.99999994
    outer loop
        vertex 168.68474 46.53537 8
        vertex 169.59807 45.5 8
        vertex 169.53537 45.684734 8
    endloop
endfacet
facet normal 0 0 1
    outer loop
        vertex 168.68474 46.53537 8
        vertex 168.5 46.59808 8
        vertex 169.59807 45.5 8
    endloop
endfacet
facet normal 0 0 1
    outer loop
        vertex 169.72672 45.353325 8
        vertex 170 44 8
        vertex 170.03806 44.19134 8
    endloop
endfacet
facet normal 0 0 1
    outer loop
        vertex 169.90169 45.267036 8
        vertex 169.72672 45.353325 8
        vertex 170.14645 44.353554 8
    endloop
endfacet
facet normal 0 0 1
    outer loop
        vertex 169.63441 46.05438 8
        vertex 169.05437 46.634415 8
        vertex 169.54813 45.87941 8
    endloop
endfacet
facet normal 0 -0 1
    outer loop
        vertex 170.14645 44.353554 8
        vertex 170.30867 44.46194 8
        vertex 169.90169 45.267036 8
    endloop
endfacet
facet normal 0 -0 1
    outer loop
        vertex 170.30867 44.46194 8
        vertex 170.5 44.5 8
        vertex 170.09636 45.25428 8
    endloop
endfacet
facet normal 0 0 1
    outer loop
        vertex 170.69135 44.46194 8
        vertex 170.42776 45.44562 8
        vertex 170.5 44.5 8
    endloop
endfacet
facet normal 0 0 1
    outer loop
        vertex 170.52682 45.81526 8
        vertex 170.96194 44.19134 8
        vertex 186.784 35.868584 8
    endloop
endfacet
facet normal 0 0 1
    outer loop
        vertex 186.784 35.868584 8
        vertex 170.96194 44.19134 8
        vertex 186.5069 35.77452 8
    endloop
endfacet
facet normal 0 0 1
    outer loop
        vertex 170.4641 46 8
        vertex 170.52682 45.81526 8
        vertex 186.784 35.868584 8
    endloop
endfacet
facet normal 0 0 0.99999994
    outer loop
        vertex 166.5 54 8
        vertex 170.33546 46.146675 8
        vertex 170.4641 46 8
    endloop
endfacet
facet normal -0 -0 1
    outer loop
        vertex 169.23297 47.1605 8
        vertex 170.1605 46.232964 8
        vertex 169.14667 47.33547 8
    endloop
endfacet
facet normal 0 0 1
    outer loop
        vertex 167.19135 47.96194 8
        vertex 167.35356 47.85355 8
        vertex 168.62059 47.514053 8
    endloop
endfacet
facet normal -0 -0 1
    outer loop
        vertex 170.69135 44.46194 8
        vertex 170.85356 44.353554 8
        vertex 170.42776 45.44562 8
    endloop
endfacet
facet normal -0 0 0.99999994
    outer loop
        vertex 170.2811 45.31699 8
        vertex 170.5 44.5 8
        vertex 170.42776 45.44562 8
    endloop
endfacet
facet normal 0 0 0.99999994
    outer loop
        vertex 170.85356 44.353554 8
        vertex 170.51405 45.62059 8
        vertex 170.42776 45.44562 8
    endloop
endfacet
facet normal 0 0 1
    outer loop
        vertex 169.90169 45.267036 8
        vertex 170.30867 44.46194 8
        vertex 170.09636 45.25428 8
    endloop
endfacet
facet normal 0 0 0.99999994
    outer loop
        vertex 169.72672 45.353325 8
        vertex 170.03806 44.19134 8
        vertex 170.14645 44.353554 8
    endloop
endfacet
facet normal 0 0 1
    outer loop
        vertex 168.35332 46.72671 8
        vertex 167 47 8
        vertex 168.5 46.59808 8
    endloop
endfacet
facet normal 0 0 1
    outer loop
        vertex 169.53537 45.684734 8
        vertex 168.87941 46.548126 8
        vertex 168.68474 46.53537 8
    endloop
endfacet
facet normal -0 0 1
    outer loop
        vertex 165.64667 46.72671 8
        vertex 165.5 46.59808 8
        vertex 167 47 8
    endloop
endfacet
facet normal -0 -0 0.99999994
    outer loop
        vertex 165.5 41.40192 8
        vertex 167 41 8
        vertex 164 44 8
    endloop
endfacet
facet normal -0 -0 1
    outer loop
        vertex 164.40192 42.5 8
        vertex 165.5 41.40192 8
        vertex 164 44 8
    endloop
endfacet
facet normal 0 0 1
    outer loop
        vertex 169.59807 45.5 8
        vertex 170 44 8
        vertex 169.72672 45.353325 8
    endloop
endfacet
facet normal -0 0 1
    outer loop
        vertex 170.51405 42.37941 8
        vertex 170.52682 42.18474 8
        vertex 170.96194 43.80866 8
    endloop
endfacet
facet normal -0 0 1
    outer loop
        vertex 170.69135 43.53806 8
        vertex 170.42776 42.55438 8
        vertex 170.85356 43.646446 8
    endloop
endfacet
facet normal 0 0 1
    outer loop
        vertex 186.5069 35.77452 8
        vertex 170.96194 44.19134 8
        vertex 171 44 8
    endloop
endfacet
facet normal 0 -0 0.99999994
    outer loop
        vertex 182.26033 33.069115 8
        vertex 182.38977 33.331573 8
        vertex 170.33546 41.853325 8
    endloop
endfacet
facet normal 0 0 1
    outer loop
        vertex 170.96194 43.80866 8
        vertex 170.85356 43.646446 8
        vertex 170.51405 42.37941 8
    endloop
endfacet
facet normal 0 0 1
    outer loop
        vertex 166.64645 47.146446 8
        vertex 165.64667 46.72671 8
        vertex 166.80867 47.03806 8
    endloop
endfacet
facet normal 0 0 0.99999994
    outer loop
        vertex 170.96194 43.80866 8
        vertex 170.52682 42.18474 8
        vertex 182.60979 33.52452 8
    endloop
endfacet
facet normal 0 0 1
    outer loop
        vertex 168.44562 40.572235 8
        vertex 167.46194 40.30866 8
        vertex 167.35356 40.146446 8
    endloop
endfacet
facet normal 0 0 1
    outer loop
        vertex 112 -0 8
        vertex 82.816 32.131416 8
        vertex 82.523994 32.150555 8
    endloop
endfacet
facet normal 0 0 1
    outer loop
        vertex 3 -0 8
        vertex 57.5 54 8
        vertex 3 54 8
    endloop
endfacet
facet normal -0 -0 1
    outer loop
        vertex 2.4147289 0.05764416 8
        vertex 3 -0 8
        vertex 0 3 8
    endloop
endfacet
facet normal -0 -0 1
    outer loop
        vertex 1.8519497 0.2283614 8
        vertex 2.4147289 0.05764416 8
        vertex 0 3 8
    endloop
endfacet
facet normal -0 -0 0.99999994
    outer loop
        vertex 1.3332893 0.50559115 8
        vertex 1.8519497 0.2283614 8
        vertex 0 3 8
    endloop
endfacet
facet normal 0 0 1
    outer loop
        vertex 0.8786797 0.8786797 8
        vertex 0 3 8
        vertex 0.50559115 1.3332893 8
    endloop
endfacet
facet normal -0 -0 1
    outer loop
        vertex 0.8786797 0.8786797 8
        vertex 1.3332893 0.50559115 8
        vertex 0 3 8
    endloop
endfacet
facet normal 0 0 0.99999994
    outer loop
        vertex 0.50559115 1.3332893 8
        vertex 0 3 8
        vertex 0.2283614 1.8519497 8
    endloop
endfacet
facet normal -0 0 1
    outer loop
        vertex 0 51 8
        vertex 0 3 8
        vertex 3 54 8
    endloop
endfacet
facet normal -0 0 1
    outer loop
        vertex 0.05764416 51.585274 8
        vertex 0 51 8
        vertex 3 54 8
    endloop
endfacet
facet normal 0 0 0.99999994
    outer loop
        vertex 3 54 8
        vertex 0.50559115 52.666714 8
        vertex 0.2283614 52.148052 8
    endloop
endfacet
facet normal 0 0 1
    outer loop
        vertex 3 54 8
        vertex 0.8786797 53.121323 8
        vertex 0.50559115 52.666714 8
    endloop
endfacet
facet normal -0 0 0.99999994
    outer loop
        vertex 1.8519497 53.771637 8
        vertex 1.3332893 53.494408 8
        vertex 3 54 8
    endloop
endfacet
facet normal 0 0 0.99999994
    outer loop
        vertex 3 54 8
        vertex 1.3332893 53.494408 8
        vertex 0.8786797 53.121323 8
    endloop
endfacet
facet normal -0 0 1
    outer loop
        vertex 2.4147289 53.942356 8
        vertex 1.8519497 53.771637 8
        vertex 3 54 8
    endloop
endfacet
facet normal 0 0 1
    outer loop
        vertex 3 54 8
        vertex 0.2283614 52.148052 8
        vertex 0.05764416 51.585274 8
    endloop
endfacet
facet normal 0 -0 1
    outer loop
        vertex 3 -0 8
        vertex 3 54 8
        vertex 0 3 8
    endloop
endfacet
facet normal -0 -0 1
    outer loop
        vertex 0.05764416 2.4147289 8
        vertex 0.2283614 1.8519497 8
        vertex 0 3 8
    endloop
endfacet
facet normal -0 -0 1
    outer loop
        vertex 170.85356 44.353554 8
        vertex 170.96194 44.19134 8
        vertex 170.51405 45.62059 8
    endloop
endfacet
facet normal 0 0 1
    outer loop
        vertex 170.96194 44.19134 8
        vertex 170.52682 45.81526 8
        vertex 170.51405 45.62059 8
    endloop
endfacet
facet normal 0 0 0.99999994
    outer loop
        vertex 221 54 8
        vertex 224 51 8
        vertex 221.58527 53.942356 8
    endloop
endfacet
facet normal 0 0 1
    outer loop
        vertex 221.58527 53.942356 8
        vertex 224 51 8
        vertex 222.14804 53.771637 8
    endloop
endfacet
facet normal 0 0 1
    outer loop
        vertex 222.14804 53.771637 8
        vertex 224 51 8
        vertex 222.66672 53.494408 8
    endloop
endfacet
facet normal 0 0 1
    outer loop
        vertex 222.66672 53.494408 8
        vertex 224 51 8
        vertex 223.12132 53.121323 8
    endloop
endfacet
facet normal 0 0 1
    outer loop
        vertex 223.94235 51.585274 8
        vertex 223.77164 52.148052 8
        vertex 224 51 8
    endloop
endfacet
facet normal 0 0 1
    outer loop
        vertex 223.12132 53.121323 8
        vertex 224 51 8
        vertex 223.49442 52.666714 8
    endloop
endfacet
facet normal 0 0 0.99999994
    outer loop
        vertex 170.5 44.5 8
        vertex 170.2811 45.31699 8
        vertex 170.09636 45.25428 8
    endloop
endfacet
facet normal 0 0 1
    outer loop
        vertex 224 51 8
        vertex 223.77164 52.148052 8
        vertex 223.49442 52.666714 8
    endloop
endfacet
facet normal 0 0 0.99999994
    outer loop
        vertex 224 3 8
        vertex 221 -0 8
        vertex 223.94235 2.4147289 8
    endloop
endfacet
facet normal 0 0 1
    outer loop
        vertex 223.94235 2.4147289 8
        vertex 221 -0 8
        vertex 223.77164 1.8519497 8
    endloop
endfacet
facet normal 0 0 1
    outer loop
        vertex 221 -0 8
        vertex 223.49442 1.3332893 8
        vertex 223.77164 1.8519497 8
    endloop
endfacet
facet normal 0 0 1
    outer loop
        vertex 221 -0 8
        vertex 223.12132 0.8786797 8
        vertex 223.49442 1.3332893 8
    endloop
endfacet
facet normal 0 -0 0.99999994
    outer loop
        vertex 222.14804 0.2283614 8
        vertex 222.66672 0.50559115 8
        vertex 221 -0 8
    endloop
endfacet
facet normal 0 0 1
    outer loop
        vertex 221 -0 8
        vertex 222.66672 0.50559115 8
        vertex 223.12132 0.8786797 8
    endloop
endfacet
facet normal 0 -0 1
    outer loop
        vertex 221.58527 0.05764416 8
        vertex 222.14804 0.2283614 8
        vertex 221 -0 8
    endloop
endfacet
facet normal 0 0 1
    outer loop
        vertex 168.35332 41.27329 8
        vertex 167 41 8
        vertex 167.19135 40.96194 8
    endloop
endfacet
facet normal 0.02271942 -0.99974185 0
    outer loop
        vertex 221 1.2 -0.19999999
        vertex 221 1.2 -2
        vertex 221.08185 1.2018601 -0.19999999
    endloop
endfacet
facet normal 0.22738734 -0.97379798 0.00355974
    outer loop
        vertex 221.08185 1.2018601 -0.19999999
        vertex 221.68884 1.3370168 -2
        vertex 221.72647 1.3531142 0
    endloop
endfacet
facet normal 0.19508076 -0.98075569 -0.0078571
    outer loop
        vertex 221.08185 1.2018601 -0.19999999
        vertex 221 1.2 -2
        vertex 221.68884 1.3370168 -2
    endloop
endfacet
facet normal 0.22843572 -0.97355902 0
    outer loop
        vertex 221.08185 1.2018601 0
        vertex 221.08185 1.2018601 -0.19999999
        vertex 221.72647 1.3531142 0
    endloop
endfacet
facet normal 0.55557168 -0.83146018 -0.00376039
    outer loop
        vertex 221.72647 1.3531142 0
        vertex 221.68884 1.3370168 -2
        vertex 222.2728 1.7272078 -2
    endloop
endfacet
facet normal 0.56498402 -0.82510191 0
    outer loop
        vertex 222.2728 1.7272078 0
        vertex 221.72647 1.3531142 0
        vertex 222.2728 1.7272078 -2
    endloop
endfacet
facet normal 0.83146936 -0.55555797 -0.00377105
    outer loop
        vertex 222.6469 2.273524 0
        vertex 222.2728 1.7272078 -2
        vertex 222.66298 2.3111699 -2
    endloop
endfacet
facet normal 0.97356147 -0.22842507 0
    outer loop
        vertex 222.79814 2.91814 -0.19999999
        vertex 222.79814 2.91814 0
        vertex 222.6469 2.273524 0
    endloop
endfacet
facet normal 0.97379977 -0.22737929 0.00355076
    outer loop
        vertex 222.66298 2.3111699 -2
        vertex 222.79814 2.91814 -0.19999999
        vertex 222.6469 2.273524 0
    endloop
endfacet
facet normal 0.99974144 -0.02273503 0
    outer loop
        vertex 222.79814 2.91814 -0.19999999
        vertex 222.8 3 -2
        vertex 222.8 3 -0.19999999
    endloop
endfacet
facet normal 0.98075312 -0.195094 -0.00785815
    outer loop
        vertex 222.79814 2.91814 -0.19999999
        vertex 222.66298 2.3111699 -2
        vertex 222.8 3 -2
    endloop
endfacet
facet normal 0.82509297 -0.56499702 0
    outer loop
        vertex 222.2728 1.7272078 -2
        vertex 222.6469 2.273524 0
        vertex 222.2728 1.7272078 0
    endloop
endfacet
facet normal 1 0 0
    outer loop
        vertex 222.8 39 -2
        vertex 222.8 37.961487 0
        vertex 222.8 27 -2
    endloop
endfacet
facet normal 1 0 0
    outer loop
        vertex 222.8 15 -2
        vertex 222.8 27 -2
        vertex 222.8 16.038515 0
    endloop
endfacet
facet normal 1 -0 0
    outer loop
        vertex 222.8 4.5577726 -0.19999999
        vertex 222.8 3 -2
        vertex 222.8 5.07703 -0.19999999
    endloop
endfacet
facet normal 1 -0 0
    outer loop
        vertex 222.8 5.07703 -0.19999999
        vertex 222.8 15 -2
        vertex 222.8 5.07703 0
    endloop
endfacet
facet normal 1 0 0
    outer loop
        vertex 222.8 5.07703 -0.19999999
        vertex 222.8 3 -2
        vertex 222.8 15 -2
    endloop
endfacet
facet normal 1 -0 0
    outer loop
        vertex 222.8 5.07703 0
        vertex 222.8 15 -2
        vertex 222.8 16.038515 0
    endloop
endfacet
facet normal 1 -0 0
    outer loop
        vertex 222.8 16.038515 0
        vertex 222.8 27 -2
        vertex 222.8 27 0
    endloop
endfacet
facet normal 1 0 -0
    outer loop
        vertex 222.8 39 -2
        vertex 222.8 48.92297 0
        vertex 222.8 37.961487 0
    endloop
endfacet
facet normal 1 0 0
    outer loop
        vertex 222.8 51 -0.19999999
        vertex 222.8 50.480743 -0.19999999
        vertex 222.8 51 -2
    endloop
endfacet
facet normal 1 0 0
    outer loop
        vertex 222.8 39 -2
        vertex 222.8 48.92297 -0.19999999
        vertex 222.8 48.92297 0
    endloop
endfacet
facet normal 1 0 0
    outer loop
        vertex 222.8 37.961487 0
        vertex 222.8 27 0
        vertex 222.8 27 -2
    endloop
endfacet
facet normal 1 0 0
    outer loop
        vertex 222.8 51 -2
        vertex 222.8 48.92297 -0.19999999
        vertex 222.8 39 -2
    endloop
endfacet
facet normal 1 -0 0
    outer loop
        vertex 222.8 3.5192575 -0.19999999
        vertex 222.8 3 -2
        vertex 222.8 4.038515 -0.19999999
    endloop
endfacet
facet normal 1 -0 0
    outer loop
        vertex 222.8 4.038515 -0.19999999
        vertex 222.8 3 -2
        vertex 222.8 4.5577726 -0.19999999
    endloop
endfacet
facet normal 1 -0 0
    outer loop
        vertex 222.8 3 -0.19999999
        vertex 222.8 3 -2
        vertex 222.8 3.5192575 -0.19999999
    endloop
endfacet
facet normal 1 0 0
    outer loop
        vertex 222.8 49.961487 -0.19999999
        vertex 222.8 49.442226 -0.19999999
        vertex 222.8 51 -2
    endloop
endfacet
facet normal 1 0 0
    outer loop
        vertex 222.8 50.480743 -0.19999999
        vertex 222.8 49.961487 -0.19999999
        vertex 222.8 51 -2
    endloop
endfacet
facet normal 1 0 0
    outer loop
        vertex 222.8 49.442226 -0.19999999
        vertex 222.8 48.92297 -0.19999999
        vertex 222.8 51 -2
    endloop
endfacet
facet normal 0.99974155 0.02273516 0
    outer loop
        vertex 222.8 51 -0.19999999
        vertex 222.8 51 -2
        vertex 222.79814 51.08186 -0.19999999
    endloop
endfacet
facet normal 0.97379977 0.22737946 0.00355102
    outer loop
        vertex 222.79814 51.08186 -0.19999999
        vertex 222.66298 51.68883 -2
        vertex 222.6469 51.726475 0
    endloop
endfacet
facet normal 0.98075318 0.19509371 -0.00785808
    outer loop
        vertex 222.79814 51.08186 -0.19999999
        vertex 222.8 51 -2
        vertex 222.66298 51.68883 -2
    endloop
endfacet
facet normal 0.97356141 0.22842529 0
    outer loop
        vertex 222.79814 51.08186 0
        vertex 222.79814 51.08186 -0.19999999
        vertex 222.6469 51.726475 0
    endloop
endfacet
facet normal 0.83146906 0.55555832 -0.0037704
    outer loop
        vertex 222.6469 51.726475 0
        vertex 222.66298 51.68883 -2
        vertex 222.2728 52.272793 -2
    endloop
endfacet
facet normal 0.82509381 0.56499577 0
    outer loop
        vertex 222.2728 52.272793 0
        vertex 222.6469 51.726475 0
        vertex 222.2728 52.272793 -2
    endloop
endfacet
facet normal 0.5555709 0.83146071 -0.00376012
    outer loop
        vertex 221.72647 52.646885 0
        vertex 222.2728 52.272793 -2
        vertex 221.68884 52.662983 -2
    endloop
endfacet
facet normal 0.22843914 0.97355819 -0
    outer loop
        vertex 221.08185 52.79814 -0.19999999
        vertex 221.08185 52.79814 0
        vertex 221.72647 52.646885 0
    endloop
endfacet
facet normal 0.22739068 0.97379708 0.00355996
    outer loop
        vertex 221.68884 52.662983 -2
        vertex 221.08185 52.79814 -0.19999999
        vertex 221.72647 52.646885 0
    endloop
endfacet
facet normal 0.02269177 0.99974257 0
    outer loop
        vertex 221.08185 52.79814 -0.19999999
        vertex 221 52.8 -2
        vertex 221 52.8 -0.19999999
    endloop
endfacet
facet normal 0.1950801 0.98075575 -0.0078583
    outer loop
        vertex 221.08185 52.79814 -0.19999999
        vertex 221.68884 52.662983 -2
        vertex 221 52.8 -2
    endloop
endfacet
facet normal 0.56498247 0.82510281 -0
    outer loop
        vertex 222.2728 52.272793 -2
        vertex 221.72647 52.646885 0
        vertex 222.2728 52.272793 0
    endloop
endfacet
facet normal 0 0.99999994 -0
    outer loop
        vertex 30.25 52.8 -2
        vertex 18.442402 52.8 0
        vertex 31.807774 52.8 0
    endloop
endfacet
facet normal 0 0.99999994 0
    outer loop
        vertex 84.75 52.8 -2
        vertex 85.26926 52.8 0
        vertex 112 52.8 -2
    endloop
endfacet
facet normal 0 0.99999994 0
    outer loop
        vertex 57.5 52.8 -2
        vertex 58.538517 52.8 0
        vertex 84.75 52.8 -2
    endloop
endfacet
facet normal 0 1 -0
    outer loop
        vertex 84.75 52.8 -2
        vertex 58.538517 52.8 0
        vertex 85.26926 52.8 0
    endloop
endfacet
facet normal 0 0.99999994 0
    outer loop
        vertex 139.25 52.8 -2
        vertex 112 52.8 -2
        vertex 138.73074 52.8 0
    endloop
endfacet
facet normal 0 0.99999994 0
    outer loop
        vertex 193.75 52.8 -2
        vertex 205.5576 52.8 0
        vertex 221 52.8 -2
    endloop
endfacet
facet normal 0 0.99999994 -0
    outer loop
        vertex 193.75 52.8 -2
        vertex 192.19223 52.8 0
        vertex 205.5576 52.8 0
    endloop
endfacet
facet normal 0 0.99999994 0
    outer loop
        vertex 166.5 52.8 -2
        vertex 139.25 52.8 -2
        vertex 165.46149 52.8 0
    endloop
endfacet
facet normal 0 0.99999994 0
    outer loop
        vertex 112 52.8 -2
        vertex 112 52.8 0
        vertex 138.73074 52.8 0
    endloop
endfacet
facet normal 0 1 0
    outer loop
        vertex 219.44223 52.8 -0.19999999
        vertex 221 52.8 -2
        vertex 218.92297 52.8 -0.19999999
    endloop
endfacet
facet normal 0 1 -0
    outer loop
        vertex 218.92297 52.8 -0.19999999
        vertex 205.5576 52.8 0
        vertex 218.92297 52.8 0
    endloop
endfacet
facet normal 0 1 0
    outer loop
        vertex 218.92297 52.8 -0.19999999
        vertex 221 52.8 -2
        vertex 205.5576 52.8 0
    endloop
endfacet
facet normal 0 0.99999994 0
    outer loop
        vertex 193.75 52.8 -2
        vertex 166.5 52.8 -2
        vertex 192.19223 52.8 0
    endloop
endfacet
facet normal 0 0.99999994 0
    outer loop
        vertex 192.19223 52.8 0
        vertex 166.5 52.8 -2
        vertex 165.46149 52.8 0
    endloop
endfacet
facet normal 0 0.99999994 0
    outer loop
        vertex 165.46149 52.8 0
        vertex 139.25 52.8 -2
        vertex 138.73074 52.8 0
    endloop
endfacet
facet normal 0 0.99999994 0
    outer loop
        vertex 112 52.8 0
        vertex 112 52.8 -2
        vertex 85.26926 52.8 0
    endloop
endfacet
facet normal 0 0.99999994 0
    outer loop
        vertex 58.538517 52.8 0
        vertex 57.5 52.8 -2
        vertex 31.807774 52.8 0
    endloop
endfacet
facet normal 0 1 0
    outer loop
        vertex 5.07703 52.8 -0.19999999
        vertex 5.07703 52.8 0
        vertex 18.442402 52.8 0
    endloop
endfacet
facet normal -0 1 0
    outer loop
        vertex 3 52.8 -0.19999999
        vertex 3.5192575 52.8 -0.19999999
        vertex 3 52.8 -2
    endloop
endfacet
facet normal 0 1 0
    outer loop
        vertex 3 52.8 -2
        vertex 5.07703 52.8 -0.19999999
        vertex 18.442402 52.8 0
    endloop
endfacet
facet normal 0 0.99999994 0
    outer loop
        vertex 3 52.8 -2
        vertex 18.442402 52.8 0
        vertex 30.25 52.8 -2
    endloop
endfacet
facet normal 0 0.99999994 0
    outer loop
        vertex 31.807774 52.8 0
        vertex 57.5 52.8 -2
        vertex 30.25 52.8 -2
    endloop
endfacet
facet normal -0 1 0
    outer loop
        vertex 4.038515 52.8 -0.19999999
        vertex 4.5577726 52.8 -0.19999999
        vertex 3 52.8 -2
    endloop
endfacet
facet normal -0 1 0
    outer loop
        vertex 3.5192575 52.8 -0.19999999
        vertex 4.038515 52.8 -0.19999999
        vertex 3 52.8 -2
    endloop
endfacet
facet normal -0 1 0
    outer loop
        vertex 4.5577726 52.8 -0.19999999
        vertex 5.07703 52.8 -0.19999999
        vertex 3 52.8 -2
    endloop
endfacet
facet normal 0 1 0
    outer loop
        vertex 220.48074 52.8 -0.19999999
        vertex 221 52.8 -2
        vertex 219.96149 52.8 -0.19999999
    endloop
endfacet
facet normal 0 1 0
    outer loop
        vertex 219.96149 52.8 -0.19999999
        vertex 221 52.8 -2
        vertex 219.44223 52.8 -0.19999999
    endloop
endfacet
facet normal 0 1 0
    outer loop
        vertex 221 52.8 -0.19999999
        vertex 221 52.8 -2
        vertex 220.48074 52.8 -0.19999999
    endloop
endfacet
facet normal -0.02268847 0.99974257 0
    outer loop
        vertex 3 52.8 -0.19999999
        vertex 3 52.8 -2
        vertex 2.91814 52.79814 -0.19999999
    endloop
endfacet
facet normal -0.22739358 0.97379643 0.00355789
    outer loop
        vertex 2.91814 52.79814 -0.19999999
        vertex 2.3111699 52.662983 -2
        vertex 2.273524 52.646885 0
    endloop
endfacet
facet normal -0.19508356 0.98075521 -0.00785975
    outer loop
        vertex 2.91814 52.79814 -0.19999999
        vertex 3 52.8 -2
        vertex 2.3111699 52.662983 -2
    endloop
endfacet
facet normal -0.22844146 0.97355765 0
    outer loop
        vertex 2.91814 52.79814 0
        vertex 2.91814 52.79814 -0.19999999
        vertex 2.273524 52.646885 0
    endloop
endfacet
facet normal -0.55556548 0.83146435 -0.00376489
    outer loop
        vertex 2.273524 52.646885 0
        vertex 2.3111699 52.662983 -2
        vertex 1.7272078 52.272793 -2
    endloop
endfacet
facet normal -0.56498915 0.82509834 0
    outer loop
        vertex 1.7272078 52.272793 0
        vertex 2.273524 52.646885 0
        vertex 1.7272078 52.272793 -2
    endloop
endfacet
facet normal -0.83146352 0.55556667 -0.00376451
    outer loop
        vertex 1.3531142 51.726475 0
        vertex 1.7272078 52.272793 -2
        vertex 1.3370168 51.68883 -2
    endloop
endfacet
facet normal -0.97355837 0.22843826 0
    outer loop
        vertex 1.2018601 51.08186 -0.19999999
        vertex 1.2018601 51.08186 0
        vertex 1.3531142 51.726475 0
    endloop
endfacet
facet normal -0.97379726 0.22739041 0.00355794
    outer loop
        vertex 1.3370168 51.68883 -2
        vertex 1.2018601 51.08186 -0.19999999
        vertex 1.3531142 51.726475 0
    endloop
endfacet
facet normal -0.99974197 0.02271625 0
    outer loop
        vertex 1.2018601 51.08186 -0.19999999
        vertex 1.2 51 -2
        vertex 1.2 51 -0.19999999
    endloop
endfacet
facet normal -0.98075509 0.1950839 -0.00785848
    outer loop
        vertex 1.2018601 51.08186 -0.19999999
        vertex 1.3370168 51.68883 -2
        vertex 1.2 51 -2
    endloop
endfacet
facet normal -0.8250981 0.56498933 0
    outer loop
        vertex 1.7272078 52.272793 -2
        vertex 1.3531142 51.726475 0
        vertex 1.7272078 52.272793 0
    endloop
endfacet
facet normal -1 0 0
    outer loop
        vertex 1.2 15 -2
        vertex 1.2 16.038515 0
        vertex 1.2 27 -2
    endloop
endfacet
facet normal -1 0 0
    outer loop
        vertex 1.2 39 -2
        vertex 1.2 27 -2
        vertex 1.2 37.961487 0
    endloop
endfacet
facet normal -1 0 0
    outer loop
        vertex 1.2 27 -2
        vertex 1.2 27 0
        vertex 1.2 37.961487 0
    endloop
endfacet
facet normal -1 -0 -0
    outer loop
        vertex 1.2 49.442226 -0.19999999
        vertex 1.2 51 -2
        vertex 1.2 48.92297 -0.19999999
    endloop
endfacet
facet normal -1 -0 0
    outer loop
        vertex 1.2 48.92297 -0.19999999
        vertex 1.2 39 -2
        vertex 1.2 48.92297 0
    endloop
endfacet
facet normal -1 0 -0
    outer loop
        vertex 1.2 48.92297 -0.19999999
        vertex 1.2 51 -2
        vertex 1.2 39 -2
    endloop
endfacet
facet normal -1 -0 0
    outer loop
        vertex 1.2 48.92297 0
        vertex 1.2 39 -2
        vertex 1.2 37.961487 0
    endloop
endfacet
facet normal -1 0 0
    outer loop
        vertex 1.2 15 -2
        vertex 1.2 5.07703 0
        vertex 1.2 16.038515 0
    endloop
endfacet
facet normal -1 0 0
    outer loop
        vertex 1.2 3 -0.19999999
        vertex 1.2 3.5192575 -0.19999999
        vertex 1.2 3 -2
    endloop
endfacet
facet normal -1 0 0
    outer loop
        vertex 1.2 15 -2
        vertex 1.2 5.07703 -0.19999999
        vertex 1.2 5.07703 0
    endloop
endfacet
facet normal -1 0 0
    outer loop
        vertex 1.2 16.038515 0
        vertex 1.2 27 0
        vertex 1.2 27 -2
    endloop
endfacet
facet normal -1 0 0
    outer loop
        vertex 1.2 3 -2
        vertex 1.2 5.07703 -0.19999999
        vertex 1.2 15 -2
    endloop
endfacet
facet normal -1 0 -0
    outer loop
        vertex 1.2 4.038515 -0.19999999
        vertex 1.2 4.5577726 -0.19999999
        vertex 1.2 3 -2
    endloop
endfacet
facet normal -1 0 -0
    outer loop
        vertex 1.2 3.5192575 -0.19999999
        vertex 1.2 4.038515 -0.19999999
        vertex 1.2 3 -2
    endloop
endfacet
facet normal -1 0 -0
    outer loop
        vertex 1.2 4.5577726 -0.19999999
        vertex 1.2 5.07703 -0.19999999
        vertex 1.2 3 -2
    endloop
endfacet
facet normal -1 -0 -0
    outer loop
        vertex 1.2 50.480743 -0.19999999
        vertex 1.2 51 -2
        vertex 1.2 49.961487 -0.19999999
    endloop
endfacet
facet normal -1 -0 -0
    outer loop
        vertex 1.2 49.961487 -0.19999999
        vertex 1.2 51 -2
        vertex 1.2 49.442226 -0.19999999
    endloop
endfacet
facet normal -1 -0 -0
    outer loop
        vertex 1.2 51 -0.19999999
        vertex 1.2 51 -2
        vertex 1.2 50.480743 -0.19999999
    endloop
endfacet
facet normal -0.99974203 -0.02271611 -0
    outer loop
        vertex 1.2 3 -0.19999999
        vertex 1.2 3 -2
        vertex 1.2018601 2.91814 -0.19999999
    endloop
endfacet
facet normal -0.9737972 -0.22739023 0.00355767
    outer loop
        vertex 1.2018601 2.91814 -0.19999999
        vertex 1.3370168 2.3111699 -2
        vertex 1.3531142 2.273524 0
    endloop
endfacet
facet normal -0.98075503 -0.19508421 -0.00785854
    outer loop
        vertex 1.2018601 2.91814 -0.19999999
        vertex 1.2 3 -2
        vertex 1.3370168 2.3111699 -2
    endloop
endfacet
facet normal -0.97355837 -0.22843803 -0
    outer loop
        vertex 1.2018601 2.91814 0
        vertex 1.2018601 2.91814 -0.19999999
        vertex 1.3531142 2.273524 0
    endloop
endfacet
facet normal -0.83146375 -0.55556625 -0.00376516
    outer loop
        vertex 1.3531142 2.273524 0
        vertex 1.3370168 2.3111699 -2
        vertex 1.7272078 1.7272078 -2
    endloop
endfacet
facet normal -0.82509732 -0.56499064 -0
    outer loop
        vertex 1.7272078 1.7272078 0
        vertex 1.3531142 2.273524 0
        vertex 1.7272078 1.7272078 -2
    endloop
endfacet
facet normal -0.55556625 -0.83146375 -0.00376516
    outer loop
        vertex 2.273524 1.3531142 0
        vertex 1.7272078 1.7272078 -2
        vertex 2.3111699 1.3370168 -2
    endloop
endfacet
facet normal -0.22843803 -0.97355837 0
    outer loop
        vertex 2.91814 1.2018601 -0.19999999
        vertex 2.91814 1.2018601 0
        vertex 2.273524 1.3531142 0
    endloop
endfacet
facet normal -0.22739023 -0.9737972 0.00355767
    outer loop
        vertex 2.3111699 1.3370168 -2
        vertex 2.91814 1.2018601 -0.19999999
        vertex 2.273524 1.3531142 0
    endloop
endfacet
facet normal -0.02271611 -0.99974203 0
    outer loop
        vertex 2.91814 1.2018601 -0.19999999
        vertex 3 1.2 -2
        vertex 3 1.2 -0.19999999
    endloop
endfacet
facet normal -0.19508421 -0.98075503 -0.00785854
    outer loop
        vertex 2.91814 1.2018601 -0.19999999
        vertex 2.3111699 1.3370168 -2
        vertex 3 1.2 -2
    endloop
endfacet
facet normal -0.56499064 -0.82509732 0
    outer loop
        vertex 1.7272078 1.7272078 -2
        vertex 2.273524 1.3531142 0
        vertex 1.7272078 1.7272078 0
    endloop
endfacet
facet normal 0 -0.99999994 0
    outer loop
        vertex 193.75 1.2 -2
        vertex 205.5576 1.2 0
        vertex 192.19223 1.2 0
    endloop
endfacet
facet normal 0 -0.99999994 0
    outer loop
        vertex 139.25 1.2 -2
        vertex 138.73074 1.2 0
        vertex 112 1.2 -2
    endloop
endfacet
facet normal 0 -0.99999994 0
    outer loop
        vertex 166.5 1.2 -2
        vertex 165.46149 1.2 0
        vertex 139.25 1.2 -2
    endloop
endfacet
facet normal 0 -0.99999994 0
    outer loop
        vertex 139.25 1.2 -2
        vertex 165.46149 1.2 0
        vertex 138.73074 1.2 0
    endloop
endfacet
facet normal 0 -0.99999994 0
    outer loop
        vertex 30.25 1.2 -2
        vertex 18.442402 1.2 0
        vertex 3 1.2 -2
    endloop
endfacet
facet normal 0 -0.99999994 0
    outer loop
        vertex 30.25 1.2 -2
        vertex 31.807774 1.2 0
        vertex 18.442402 1.2 0
    endloop
endfacet
facet normal 0 -0.99999994 0
    outer loop
        vertex 57.5 1.2 -2
        vertex 112 1.2 -2
        vertex 58.538517 1.2 0
    endloop
endfacet
facet normal 0 -1 0
    outer loop
        vertex 112 1.2 -2
        vertex 112 1.2 0
        vertex 58.538517 1.2 0
    endloop
endfacet
facet normal 0 -1 -0
    outer loop
        vertex 4.5577726 1.2 -0.19999999
        vertex 3 1.2 -2
        vertex 5.07703 1.2 -0.19999999
    endloop
endfacet
facet normal 0 -1 0
    outer loop
        vertex 5.07703 1.2 -0.19999999
        vertex 18.442402 1.2 0
        vertex 5.07703 1.2 0
    endloop
endfacet
facet normal 0 -1 -0
    outer loop
        vertex 5.07703 1.2 -0.19999999
        vertex 3 1.2 -2
        vertex 18.442402 1.2 0
    endloop
endfacet
facet normal 0 -0.99999994 0
    outer loop
        vertex 30.25 1.2 -2
        vertex 57.5 1.2 -2
        vertex 31.807774 1.2 0
    endloop
endfacet
facet normal 0 -0.99999994 0
    outer loop
        vertex 31.807774 1.2 0
        vertex 57.5 1.2 -2
        vertex 58.538517 1.2 0
    endloop
endfacet
facet normal 0 -0.99999994 0
    outer loop
        vertex 112 1.2 0
        vertex 112 1.2 -2
        vertex 138.73074 1.2 0
    endloop
endfacet
facet normal 0 -0.99999994 0
    outer loop
        vertex 165.46149 1.2 0
        vertex 166.5 1.2 -2
        vertex 192.19223 1.2 0
    endloop
endfacet
facet normal 0 -1 0
    outer loop
        vertex 218.92297 1.2 -0.19999999
        vertex 218.92297 1.2 0
        vertex 205.5576 1.2 0
    endloop
endfacet
facet normal -0 -1 -0
    outer loop
        vertex 221 1.2 -0.19999999
        vertex 220.48074 1.2 -0.19999999
        vertex 221 1.2 -2
    endloop
endfacet
facet normal 0 -1 0
    outer loop
        vertex 221 1.2 -2
        vertex 218.92297 1.2 -0.19999999
        vertex 205.5576 1.2 0
    endloop
endfacet
facet normal 0 -0.99999994 0
    outer loop
        vertex 221 1.2 -2
        vertex 205.5576 1.2 0
        vertex 193.75 1.2 -2
    endloop
endfacet
facet normal 0 -0.99999994 -0
    outer loop
        vertex 192.19223 1.2 0
        vertex 166.5 1.2 -2
        vertex 193.75 1.2 -2
    endloop
endfacet
facet normal 0 -1 -0
    outer loop
        vertex 3.5192575 1.2 -0.19999999
        vertex 3 1.2 -2
        vertex 4.038515 1.2 -0.19999999
    endloop
endfacet
facet normal 0 -1 -0
    outer loop
        vertex 4.038515 1.2 -0.19999999
        vertex 3 1.2 -2
        vertex 4.5577726 1.2 -0.19999999
    endloop
endfacet
facet normal 0 -1 0
    outer loop
        vertex 3 1.2 -0.19999999
        vertex 3 1.2 -2
        vertex 3.5192575 1.2 -0.19999999
    endloop
endfacet
facet normal -0 -1 -0
    outer loop
        vertex 219.96149 1.2 -0.19999999
        vertex 219.44223 1.2 -0.19999999
        vertex 221 1.2 -2
    endloop
endfacet
facet normal -0 -1 -0
    outer loop
        vertex 220.48074 1.2 -0.19999999
        vertex 219.96149 1.2 -0.19999999
        vertex 221 1.2 -2
    endloop
endfacet
facet normal -0 -1 -0
    outer loop
        vertex 219.44223 1.2 -0.19999999
        vertex 218.92297 1.2 -0.19999999
        vertex 221 1.2 -2
    endloop
endfacet
facet normal 0 0 -1
    outer loop
        vertex 221.59999 15 -2
        vertex 221.59999 27 -2
        vertex 222.8 15 -2
    endloop
endfacet
facet normal 0 0 -1
    outer loop
        vertex 221.59999 39 -2
        vertex 222.8 39 -2
        vertex 221.59999 27 -2
    endloop
endfacet
facet normal 0 -0 -1
    outer loop
        vertex 222.8 39 -2
        vertex 222.8 27 -2
        vertex 221.59999 27 -2
    endloop
endfacet
facet normal 0 0 -1
    outer loop
        vertex 166.5 51.600002 -2
        vertex 139.25 51.600002 -2
        vertex 139.25 52.8 -2
    endloop
endfacet
facet normal 0 0 -1
    outer loop
        vertex 57.5 51.600002 -2
        vertex 30.25 51.600002 -2
        vertex 30.25 52.8 -2
    endloop
endfacet
facet normal 0 0 -1
    outer loop
        vertex 112 51.600002 -2
        vertex 84.75 51.600002 -2
        vertex 84.75 52.8 -2
    endloop
endfacet
facet normal -0 -0 -1
    outer loop
        vertex 2.4 39 -2
        vertex 2.4 27 -2
        vertex 1.2 39 -2
    endloop
endfacet
facet normal 0 0 -1
    outer loop
        vertex 2.4 15 -2
        vertex 1.2 15 -2
        vertex 2.4 27 -2
    endloop
endfacet
facet normal 0 0 -1
    outer loop
        vertex 3 51.600002 -2
        vertex 30.25 52.8 -2
        vertex 30.25 51.600002 -2
    endloop
endfacet
facet normal 0 0 -1
    outer loop
        vertex 1.2 15 -2
        vertex 1.2 27 -2
        vertex 2.4 27 -2
    endloop
endfacet
facet normal 0 0 -1
    outer loop
        vertex 57.5 51.600002 -2
        vertex 57.5 52.8 -2
        vertex 84.75 52.8 -2
    endloop
endfacet
facet normal 0 0 -1
    outer loop
        vertex 57.5 51.600002 -2
        vertex 30.25 52.8 -2
        vertex 57.5 52.8 -2
    endloop
endfacet
facet normal 0 0 -1
    outer loop
        vertex 139.25 51.600002 -2
        vertex 112 51.600002 -2
        vertex 139.25 52.8 -2
    endloop
endfacet
facet normal 0 0 -1
    outer loop
        vertex 221.59999 51 -2
        vertex 222.8 39 -2
        vertex 221.59999 39 -2
    endloop
endfacet
facet normal 0 0 -1
    outer loop
        vertex 193.75 51.600002 -2
        vertex 166.5 51.600002 -2
        vertex 193.75 52.8 -2
    endloop
endfacet
facet normal 0 0 -1
    outer loop
        vertex 166.5 51.600002 -2
        vertex 166.5 52.8 -2
        vertex 193.75 52.8 -2
    endloop
endfacet
facet normal 0 0 -1
    outer loop
        vertex 166.5 51.600002 -2
        vertex 139.25 52.8 -2
        vertex 166.5 52.8 -2
    endloop
endfacet
facet normal 0 0 -1
    outer loop
        vertex 112 51.600002 -2
        vertex 112 52.8 -2
        vertex 139.25 52.8 -2
    endloop
endfacet
facet normal 0 0 -1
    outer loop
        vertex 112 51.600002 -2
        vertex 84.75 52.8 -2
        vertex 112 52.8 -2
    endloop
endfacet
facet normal 0 0 -1
    outer loop
        vertex 221.59999 51 -2
        vertex 221.55432 51.22961 -2
        vertex 222.8 51 -2
    endloop
endfacet
facet normal 0 0 -1
    outer loop
        vertex 221.59999 51 -2
        vertex 222.8 51 -2
        vertex 222.8 39 -2
    endloop
endfacet
facet normal 0 0 -1
    outer loop
        vertex 221.55432 51.22961 -2
        vertex 222.66298 51.68883 -2
        vertex 222.8 51 -2
    endloop
endfacet
facet normal 0 0 -1
    outer loop
        vertex 221.22961 51.554325 -2
        vertex 222.2728 52.272793 -2
        vertex 221.42427 51.424263 -2
    endloop
endfacet
facet normal 0 -0 -1
    outer loop
        vertex 222.2728 52.272793 -2
        vertex 222.66298 51.68883 -2
        vertex 221.42427 51.424263 -2
    endloop
endfacet
facet normal 0 0 -1
    outer loop
        vertex 221 51.600002 -2
        vertex 193.75 51.600002 -2
        vertex 193.75 52.8 -2
    endloop
endfacet
facet normal 0 0 -1
    outer loop
        vertex 221 51.600002 -2
        vertex 193.75 52.8 -2
        vertex 221 52.8 -2
    endloop
endfacet
facet normal -0 0 -1
    outer loop
        vertex 3 51.600002 -2
        vertex 2.7703898 51.554325 -2
        vertex 3 52.8 -2
    endloop
endfacet
facet normal 0 0 -1
    outer loop
        vertex 3 51.600002 -2
        vertex 3 52.8 -2
        vertex 30.25 52.8 -2
    endloop
endfacet
facet normal 0 0 -1
    outer loop
        vertex 2.7703898 51.554325 -2
        vertex 2.3111699 52.662983 -2
        vertex 3 52.8 -2
    endloop
endfacet
facet normal 0 0 -1
    outer loop
        vertex 2.4 39 -2
        vertex 1.2 39 -2
        vertex 2.4 51 -2
    endloop
endfacet
facet normal 0 0 -1
    outer loop
        vertex 2.4456723 51.22961 -2
        vertex 1.7272078 52.272793 -2
        vertex 2.575736 51.424263 -2
    endloop
endfacet
facet normal 0 0 -1
    outer loop
        vertex 1.7272078 52.272793 -2
        vertex 2.3111699 52.662983 -2
        vertex 2.575736 51.424263 -2
    endloop
endfacet
facet normal -0 0 -1
    outer loop
        vertex 2.4 51 -2
        vertex 1.2 39 -2
        vertex 1.2 51 -2
    endloop
endfacet
facet normal -0 -0 -1
    outer loop
        vertex 2.4 3 -2
        vertex 2.4456723 2.7703898 -2
        vertex 1.2 3 -2
    endloop
endfacet
facet normal 0 0 -1
    outer loop
        vertex 2.4 3 -2
        vertex 1.2 3 -2
        vertex 1.2 15 -2
    endloop
endfacet
facet normal -0 0 -0.99999994
    outer loop
        vertex 2.4456723 2.7703898 -2
        vertex 1.3370168 2.3111699 -2
        vertex 1.2 3 -2
    endloop
endfacet
facet normal -0 0 -1
    outer loop
        vertex 2.7703898 2.4456723 -2
        vertex 1.7272078 1.7272078 -2
        vertex 2.575736 2.575736 -2
    endloop
endfacet
facet normal 0 0 -1
    outer loop
        vertex 1.7272078 1.7272078 -2
        vertex 1.3370168 2.3111699 -2
        vertex 2.575736 2.575736 -2
    endloop
endfacet
facet normal 0 0 -1
    outer loop
        vertex 3 2.4 -2
        vertex 30.25 2.4 -2
        vertex 30.25 1.2 -2
    endloop
endfacet
facet normal 0 0 -1
    outer loop
        vertex 3 2.4 -2
        vertex 30.25 1.2 -2
        vertex 3 1.2 -2
    endloop
endfacet
facet normal 0 0 -1
    outer loop
        vertex 221 2.4 -2
        vertex 221.22961 2.4456723 -2
        vertex 221 1.2 -2
    endloop
endfacet
facet normal 0 -0 -1
    outer loop
        vertex 221 2.4 -2
        vertex 221 1.2 -2
        vertex 193.75 1.2 -2
    endloop
endfacet
facet normal 0 -0 -1
    outer loop
        vertex 221.22961 2.4456723 -2
        vertex 221.68884 1.3370168 -2
        vertex 221 1.2 -2
    endloop
endfacet
facet normal 0 0 -1
    outer loop
        vertex 221.59999 15 -2
        vertex 222.8 15 -2
        vertex 221.59999 3 -2
    endloop
endfacet
facet normal 0 -0 -1
    outer loop
        vertex 221.55432 2.7703898 -2
        vertex 222.2728 1.7272078 -2
        vertex 221.42427 2.575736 -2
    endloop
endfacet
facet normal -0 0 -1
    outer loop
        vertex 222.2728 1.7272078 -2
        vertex 221.68884 1.3370168 -2
        vertex 221.42427 2.575736 -2
    endloop
endfacet
facet normal 0 0 -1
    outer loop
        vertex 221.59999 3 -2
        vertex 222.8 15 -2
        vertex 222.8 3 -2
    endloop
endfacet
facet normal 0 -0 -1
    outer loop
        vertex 221.42427 2.575736 -2
        vertex 221.68884 1.3370168 -2
        vertex 221.22961 2.4456723 -2
    endloop
endfacet
facet normal -0 -0 -1
    outer loop
        vertex 222.8 27 -2
        vertex 222.8 15 -2
        vertex 221.59999 27 -2
    endloop
endfacet
facet normal 0 0 -1
    outer loop
        vertex 139.25 1.2 -2
        vertex 166.5 2.4 -2
        vertex 166.5 1.2 -2
    endloop
endfacet
facet normal 0 0 -1
    outer loop
        vertex 139.25 2.4 -2
        vertex 166.5 2.4 -2
        vertex 139.25 1.2 -2
    endloop
endfacet
facet normal 0 0 -1
    outer loop
        vertex 112 2.4 -2
        vertex 139.25 1.2 -2
        vertex 112 1.2 -2
    endloop
endfacet
facet normal 0 -0 -1
    outer loop
        vertex 112 2.4 -2
        vertex 112 1.2 -2
        vertex 57.5 1.2 -2
    endloop
endfacet
facet normal 0 0 -1
    outer loop
        vertex 57.5 1.2 -2
        vertex 57.5 2.4 -2
        vertex 112 2.4 -2
    endloop
endfacet
facet normal 0 0 -1
    outer loop
        vertex 30.25 1.2 -2
        vertex 57.5 2.4 -2
        vertex 57.5 1.2 -2
    endloop
endfacet
facet normal 0 0 -1
    outer loop
        vertex 30.25 2.4 -2
        vertex 57.5 2.4 -2
        vertex 30.25 1.2 -2
    endloop
endfacet
facet normal -0 0 -1
    outer loop
        vertex 2.575736 2.575736 -2
        vertex 1.3370168 2.3111699 -2
        vertex 2.4456723 2.7703898 -2
    endloop
endfacet
facet normal 0 0 -1
    outer loop
        vertex 1.2 27 -2
        vertex 1.2 39 -2
        vertex 2.4 27 -2
    endloop
endfacet
facet normal 0 0 -1
    outer loop
        vertex 2.3111699 52.662983 -2
        vertex 2.7703898 51.554325 -2
        vertex 2.575736 51.424263 -2
    endloop
endfacet
facet normal 0 0 -1
    outer loop
        vertex 2.4 3 -2
        vertex 1.2 15 -2
        vertex 2.4 15 -2
    endloop
endfacet
facet normal 0 0 -0.99999994
    outer loop
        vertex 2.4456723 51.22961 -2
        vertex 1.3370168 51.68883 -2
        vertex 1.7272078 52.272793 -2
    endloop
endfacet
facet normal 0 0 -1
    outer loop
        vertex 1.2 51 -2
        vertex 1.3370168 51.68883 -2
        vertex 2.4 51 -2
    endloop
endfacet
facet normal 0 0 -1
    outer loop
        vertex 2.4 51 -2
        vertex 1.3370168 51.68883 -2
        vertex 2.4456723 51.22961 -2
    endloop
endfacet
facet normal 0 0 -1
    outer loop
        vertex 2.7703898 2.4456723 -2
        vertex 2.3111699 1.3370168 -2
        vertex 1.7272078 1.7272078 -2
    endloop
endfacet
facet normal -0 0 -1
    outer loop
        vertex 3 2.4 -2
        vertex 2.3111699 1.3370168 -2
        vertex 2.7703898 2.4456723 -2
    endloop
endfacet
facet normal 0 0 -1
    outer loop
        vertex 3 1.2 -2
        vertex 2.3111699 1.3370168 -2
        vertex 3 2.4 -2
    endloop
endfacet
facet normal 0 0 -1
    outer loop
        vertex 57.5 51.600002 -2
        vertex 84.75 52.8 -2
        vertex 84.75 51.600002 -2
    endloop
endfacet
facet normal 0 0 -1
    outer loop
        vertex 139.25 1.2 -2
        vertex 112 2.4 -2
        vertex 139.25 2.4 -2
    endloop
endfacet
facet normal 0 0 -0.99999994
    outer loop
        vertex 221 52.8 -2
        vertex 221.68884 52.662983 -2
        vertex 221 51.600002 -2
    endloop
endfacet
facet normal 0 -0 -1
    outer loop
        vertex 221.68884 52.662983 -2
        vertex 222.2728 52.272793 -2
        vertex 221.22961 51.554325 -2
    endloop
endfacet
facet normal 0 0 -1
    outer loop
        vertex 221.42427 51.424263 -2
        vertex 222.66298 51.68883 -2
        vertex 221.55432 51.22961 -2
    endloop
endfacet
facet normal 0 0 -1
    outer loop
        vertex 221.68884 52.662983 -2
        vertex 221.22961 51.554325 -2
        vertex 221 51.600002 -2
    endloop
endfacet
facet normal 0 0 -1
    outer loop
        vertex 166.5 1.2 -2
        vertex 166.5 2.4 -2
        vertex 193.75 1.2 -2
    endloop
endfacet
facet normal 0 0 -1
    outer loop
        vertex 166.5 2.4 -2
        vertex 193.75 2.4 -2
        vertex 193.75 1.2 -2
    endloop
endfacet
facet normal -0 0 -1
    outer loop
        vertex 222.8 3 -2
        vertex 222.66298 2.3111699 -2
        vertex 221.59999 3 -2
    endloop
endfacet
facet normal 0 0 -1
    outer loop
        vertex 221.55432 2.7703898 -2
        vertex 222.66298 2.3111699 -2
        vertex 222.2728 1.7272078 -2
    endloop
endfacet
facet normal 0 -0 -1
    outer loop
        vertex 221.59999 3 -2
        vertex 222.66298 2.3111699 -2
        vertex 221.55432 2.7703898 -2
    endloop
endfacet
facet normal 0 0 -1
    outer loop
        vertex 193.75 2.4 -2
        vertex 221 2.4 -2
        vertex 193.75 1.2 -2
    endloop
endfacet
facet normal 0 0.99999994 0
    outer loop
        vertex 57.5 2.4 -2
        vertex 30.25 2.4 -2
        vertex 32.90329 2.4 0
    endloop
endfacet
facet normal -0 1 0
    outer loop
        vertex 138.36557 2.4 0
        vertex 164.73114 2.4 0
        vertex 139.25 2.4 -2
    endloop
endfacet
facet normal -0 1 0
    outer loop
        vertex 191.09671 2.4 0
        vertex 217.46228 2.4 0
        vertex 193.75 2.4 -2
    endloop
endfacet
facet normal 0 0.99999994 0
    outer loop
        vertex 191.09671 2.4 0
        vertex 193.75 2.4 -2
        vertex 166.5 2.4 -2
    endloop
endfacet
facet normal 0 0.99999994 0
    outer loop
        vertex 138.36557 2.4 0
        vertex 139.25 2.4 -2
        vertex 112 2.4 -2
    endloop
endfacet
facet normal 0 1 0
    outer loop
        vertex 193.75 2.4 -2
        vertex 217.46228 2.4 -0.19999999
        vertex 221 2.4 -2
    endloop
endfacet
facet normal 0 1 -0
    outer loop
        vertex 166.5 2.4 -2
        vertex 164.73114 2.4 0
        vertex 191.09671 2.4 0
    endloop
endfacet
facet normal 0 0.99999994 0
    outer loop
        vertex 166.5 2.4 -2
        vertex 139.25 2.4 -2
        vertex 164.73114 2.4 0
    endloop
endfacet
facet normal 0 1 0
    outer loop
        vertex 30.25 2.4 -2
        vertex 3 2.4 -2
        vertex 6.53772 2.4 -0.19999999
    endloop
endfacet
facet normal 0 1 0
    outer loop
        vertex 3 2.4 -2
        vertex 3 2.4 -0.19999999
        vertex 6.53772 2.4 -0.19999999
    endloop
endfacet
facet normal -0 1 0
    outer loop
        vertex 6.53772 2.4 -0.19999999
        vertex 6.53772 2.4 0
        vertex 30.25 2.4 -2
    endloop
endfacet
facet normal 0 0.99999994 0
    outer loop
        vertex 57.5 2.4 -2
        vertex 59.26886 2.4 0
        vertex 112 2.4 -2
    endloop
endfacet
facet normal 0 1 -0
    outer loop
        vertex 112 2.4 -2
        vertex 59.26886 2.4 0
        vertex 112 2.4 0
    endloop
endfacet
facet normal 0 1 -0
    outer loop
        vertex 30.25 2.4 -2
        vertex 6.53772 2.4 0
        vertex 32.90329 2.4 0
    endloop
endfacet
facet normal -0 1 0
    outer loop
        vertex 32.90329 2.4 0
        vertex 59.26886 2.4 0
        vertex 57.5 2.4 -2
    endloop
endfacet
facet normal -0 1 0
    outer loop
        vertex 112 2.4 0
        vertex 138.36557 2.4 0
        vertex 112 2.4 -2
    endloop
endfacet
facet normal 0 1 -0
    outer loop
        vertex 221 2.4 -2
        vertex 217.46228 2.4 -0.19999999
        vertex 221 2.4 -0.19999999
    endloop
endfacet
facet normal 0 1 -0
    outer loop
        vertex 217.46228 2.4 -0.19999999
        vertex 193.75 2.4 -2
        vertex 217.46228 2.4 0
    endloop
endfacet
facet normal 0.1950898 0.98078549 0
    outer loop
        vertex 2.7703898 2.4456723 -2
        vertex 3 2.4 -0.19999999
        vertex 3 2.4 -2
    endloop
endfacet
facet normal 0.55557108 0.831469 0
    outer loop
        vertex 2.575736 2.575736 -2
        vertex 2.7703898 2.4456723 -0.19999999
        vertex 2.7703898 2.4456723 -2
    endloop
endfacet
facet normal 0.55557108 0.831469 0
    outer loop
        vertex 2.575736 2.575736 -0.19999999
        vertex 2.7703898 2.4456723 -0.19999999
        vertex 2.575736 2.575736 -2
    endloop
endfacet
facet normal 0.98078549 0.1950898 0
    outer loop
        vertex 2.4 3 -0.19999999
        vertex 2.4456723 2.7703898 -0.19999999
        vertex 2.4 3 -2
    endloop
endfacet
facet normal 0.98078549 0.1950898 0
    outer loop
        vertex 2.4456723 2.7703898 -0.19999999
        vertex 2.4456723 2.7703898 -2
        vertex 2.4 3 -2
    endloop
endfacet
facet normal 0.831469 0.55557108 0
    outer loop
        vertex 2.575736 2.575736 -0.19999999
        vertex 2.4456723 2.7703898 -2
        vertex 2.4456723 2.7703898 -0.19999999
    endloop
endfacet
facet normal 0.1950898 0.98078549 0
    outer loop
        vertex 2.7703898 2.4456723 -0.19999999
        vertex 3 2.4 -0.19999999
        vertex 2.7703898 2.4456723 -2
    endloop
endfacet
facet normal 0.831469 0.55557108 0
    outer loop
        vertex 2.4456723 2.7703898 -2
        vertex 2.575736 2.575736 -0.19999999
        vertex 2.575736 2.575736 -2
    endloop
endfacet
facet normal 1 0 0
    outer loop
        vertex 2.4 16.76886 0.19999999
        vertex 2.4 6.53772 0.19999999
        vertex 2.4 15 -2
    endloop
endfacet
facet normal 1 0 0
    outer loop
        vertex 2.4 16.76886 0.19999999
        vertex 2.4 15 -2
        vertex 2.4 27 -2
    endloop
endfacet
facet normal 1 0 0
    outer loop
        vertex 2.4 6.53772 0.19999999
        vertex 2.4 6.53772 -0.19999999
        vertex 2.4 15 -2
    endloop
endfacet
facet normal 1 0 0
    outer loop
        vertex 2.4 39 -2
        vertex 2.4 51 -2
        vertex 2.4 47.46228 -0.19999999
    endloop
endfacet
facet normal 1 0 -0
    outer loop
        vertex 2.4 51 -2
        vertex 2.4 51 -0.19999999
        vertex 2.4 47.46228 -0.19999999
    endloop
endfacet
facet normal 1 0 -0
    outer loop
        vertex 2.4 47.46228 -0.19999999
        vertex 2.4 47.46228 0.19999999
        vertex 2.4 39 -2
    endloop
endfacet
facet normal 1 0 -0
    outer loop
        vertex 2.4 27 -2
        vertex 2.4 27 0.19999999
        vertex 2.4 16.76886 0.19999999
    endloop
endfacet
facet normal 1 0 0
    outer loop
        vertex 2.4 27 -2
        vertex 2.4 39 -2
        vertex 2.4 37.23114 0.19999999
    endloop
endfacet
facet normal 1 0 -0
    outer loop
        vertex 2.4 39 -2
        vertex 2.4 47.46228 0.19999999
        vertex 2.4 37.23114 0.19999999
    endloop
endfacet
facet normal 1 0 0
    outer loop
        vertex 2.4 37.23114 0.19999999
        vertex 2.4 27 0.19999999
        vertex 2.4 27 -2
    endloop
endfacet
facet normal 1 0 0
    outer loop
        vertex 2.4 3 -2
        vertex 2.4 15 -2
        vertex 2.4 6.53772 -0.19999999
    endloop
endfacet
facet normal 1 -0 0
    outer loop
        vertex 2.4 3 -0.19999999
        vertex 2.4 3 -2
        vertex 2.4 6.53772 -0.19999999
    endloop
endfacet
facet normal 0.98078549 -0.19508961 0
    outer loop
        vertex 2.4456723 51.22961 -2
        vertex 2.4456723 51.22961 -0.19999999
        vertex 2.4 51 -2
    endloop
endfacet
facet normal 0.83146751 -0.55557352 0
    outer loop
        vertex 2.575736 51.424263 -0.19999999
        vertex 2.4456723 51.22961 -0.19999999
        vertex 2.4456723 51.22961 -2
    endloop
endfacet
facet normal 0.55556625 -0.83147234 0
    outer loop
        vertex 2.7703898 51.554325 -0.19999999
        vertex 2.575736 51.424263 -0.19999999
        vertex 2.575736 51.424263 -2
    endloop
endfacet
facet normal 0.19511034 -0.98078126 0
    outer loop
        vertex 3 51.600002 -0.19999999
        vertex 2.7703898 51.554325 -2
        vertex 3 51.600002 -2
    endloop
endfacet
facet normal 0.19511034 -0.98078126 0
    outer loop
        vertex 2.7703898 51.554325 -0.19999999
        vertex 2.7703898 51.554325 -2
        vertex 3 51.600002 -0.19999999
    endloop
endfacet
facet normal 0.55556625 -0.83147234 0
    outer loop
        vertex 2.575736 51.424263 -2
        vertex 2.7703898 51.554325 -2
        vertex 2.7703898 51.554325 -0.19999999
    endloop
endfacet
facet normal 0.98078549 -0.19508961 0
    outer loop
        vertex 2.4456723 51.22961 -0.19999999
        vertex 2.4 51 -0.19999999
        vertex 2.4 51 -2
    endloop
endfacet
facet normal 0.83146751 -0.55557352 0
    outer loop
        vertex 2.575736 51.424263 -2
        vertex 2.575736 51.424263 -0.19999999
        vertex 2.4456723 51.22961 -2
    endloop
endfacet
facet normal -0 -1 0
    outer loop
        vertex 194.22171 51.600002 0
        vertex 170.98114 51.600002 0
        vertex 193.75 51.600002 -2
    endloop
endfacet
facet normal -0 -1 -0
    outer loop
        vertex 136.12029 51.600002 0
        vertex 124.5 51.600002 0
        vertex 139.25 51.600002 -2
    endloop
endfacet
facet normal 0 -1 0
    outer loop
        vertex 136.12029 51.600002 0
        vertex 139.25 51.600002 -2
        vertex 147.74057 51.600002 0
    endloop
endfacet
facet normal 0 -0.99999994 -0
    outer loop
        vertex 147.74057 51.600002 0
        vertex 139.25 51.600002 -2
        vertex 166.5 51.600002 -2
    endloop
endfacet
facet normal -0 -1 0
    outer loop
        vertex 57.50943 51.600002 0
        vertex 40.51886 51.600002 0
        vertex 57.5 51.600002 -2
    endloop
endfacet
facet normal -0 -1 0
    outer loop
        vertex 40.51886 51.600002 0
        vertex 6.53772 51.600002 0
        vertex 30.25 51.600002 -2
    endloop
endfacet
facet normal 0 -1 0
    outer loop
        vertex 30.25 51.600002 -2
        vertex 6.53772 51.600002 -0.19999999
        vertex 3 51.600002 -2
    endloop
endfacet
facet normal 0 -0.99999994 0
    outer loop
        vertex 57.5 51.600002 -2
        vertex 84.75 51.600002 -2
        vertex 74.5 51.600002 0
    endloop
endfacet
facet normal 0 -1 0
    outer loop
        vertex 74.5 51.600002 0.19999999
        vertex 74.5 51.600002 0
        vertex 84.75 51.600002 -2
    endloop
endfacet
facet normal 0 -0.99999994 0
    outer loop
        vertex 112 51.600002 -2
        vertex 139.25 51.600002 -2
        vertex 124.5 51.600002 0
    endloop
endfacet
facet normal 0 -1 0
    outer loop
        vertex 193.75 51.600002 -2
        vertex 221 51.600002 -2
        vertex 217.46228 51.600002 -0.19999999
    endloop
endfacet
facet normal 0 -1 0
    outer loop
        vertex 221 51.600002 -2
        vertex 221 51.600002 -0.19999999
        vertex 217.46228 51.600002 -0.19999999
    endloop
endfacet
facet normal -0 -1 0
    outer loop
        vertex 217.46228 51.600002 -0.19999999
        vertex 194.22171 51.600002 0
        vertex 193.75 51.600002 -2
    endloop
endfacet
facet normal 0 -1 0
    outer loop
        vertex 166.5 51.600002 -2
        vertex 170.98114 51.600002 0
        vertex 147.74057 51.600002 0
    endloop
endfacet
facet normal 0 -0.99999994 -0
    outer loop
        vertex 170.98114 51.600002 0
        vertex 166.5 51.600002 -2
        vertex 193.75 51.600002 -2
    endloop
endfacet
facet normal 0 -1 0
    outer loop
        vertex 74.5 51.600002 0.19999999
        vertex 84.75 51.600002 -2
        vertex 112 51.600002 -2
    endloop
endfacet
facet normal 0 -0.99999994 0
    outer loop
        vertex 217.46228 51.600002 -0.19999999
        vertex 217.46228 51.600002 0
        vertex 194.22171 51.600002 0
    endloop
endfacet
facet normal 0 -1 0
    outer loop
        vertex 112 51.600002 -2
        vertex 124.5 51.600002 0
        vertex 124.5 51.600002 0.19999999
    endloop
endfacet
facet normal 0 -0.99999994 0
    outer loop
        vertex 112 51.600002 -2
        vertex 99.5 51.600002 0.19999999
        vertex 74.5 51.600002 0.19999999
    endloop
endfacet
facet normal -0 -1 0
    outer loop
        vertex 74.5 51.600002 0
        vertex 57.50943 51.600002 0
        vertex 57.5 51.600002 -2
    endloop
endfacet
facet normal 0 -1 0
    outer loop
        vertex 30.25 51.600002 -2
        vertex 6.53772 51.600002 0
        vertex 6.53772 51.600002 -0.19999999
    endloop
endfacet
facet normal 0 -0.99999994 0
    outer loop
        vertex 57.5 51.600002 -2
        vertex 40.51886 51.600002 0
        vertex 30.25 51.600002 -2
    endloop
endfacet
facet normal 0 -1 0
    outer loop
        vertex 3 51.600002 -2
        vertex 6.53772 51.600002 -0.19999999
        vertex 3 51.600002 -0.19999999
    endloop
endfacet
facet normal 0 -0.99999994 0
    outer loop
        vertex 112 51.600002 -2
        vertex 124.5 51.600002 0.19999999
        vertex 99.5 51.600002 0.19999999
    endloop
endfacet
facet normal -0.19510704 -0.98078191 0
    outer loop
        vertex 221.22961 51.554325 -2
        vertex 221.22961 51.554325 -0.19999999
        vertex 221 51.600002 -2
    endloop
endfacet
facet normal -0.55556101 -0.83147573 0
    outer loop
        vertex 221.42427 51.424263 -0.19999999
        vertex 221.22961 51.554325 -0.19999999
        vertex 221.22961 51.554325 -2
    endloop
endfacet
facet normal -0.83149332 -0.55553472 0
    outer loop
        vertex 221.55432 51.22961 -0.19999999
        vertex 221.42427 51.424263 -0.19999999
        vertex 221.42427 51.424263 -2
    endloop
endfacet
facet normal -0.98078752 -0.19507881 -0
    outer loop
        vertex 221.59999 51 -0.19999999
        vertex 221.55432 51.22961 -2
        vertex 221.59999 51 -2
    endloop
endfacet
facet normal -0.98078752 -0.19507881 -0
    outer loop
        vertex 221.55432 51.22961 -0.19999999
        vertex 221.55432 51.22961 -2
        vertex 221.59999 51 -0.19999999
    endloop
endfacet
facet normal -0.83149332 -0.55553472 0
    outer loop
        vertex 221.42427 51.424263 -2
        vertex 221.55432 51.22961 -2
        vertex 221.55432 51.22961 -0.19999999
    endloop
endfacet
facet normal -0.19510704 -0.98078191 0
    outer loop
        vertex 221.22961 51.554325 -0.19999999
        vertex 221 51.600002 -0.19999999
        vertex 221 51.600002 -2
    endloop
endfacet
facet normal -0.55556101 -0.83147573 0
    outer loop
        vertex 221.42427 51.424263 -2
        vertex 221.42427 51.424263 -0.19999999
        vertex 221.22961 51.554325 -2
    endloop
endfacet
facet normal -1 0 0
    outer loop
        vertex 221.59999 37.23114 0.19999999
        vertex 221.59999 47.46228 0.19999999
        vertex 221.59999 39 -2
    endloop
endfacet
facet normal -1 0 0
    outer loop
        vertex 221.59999 27 -2
        vertex 221.59999 15 -2
        vertex 221.59999 16.76886 0.19999999
    endloop
endfacet
facet normal -1 0 -0
    outer loop
        vertex 221.59999 47.46228 0.19999999
        vertex 221.59999 47.46228 -0.19999999
        vertex 221.59999 39 -2
    endloop
endfacet
facet normal -1 0 0
    outer loop
        vertex 221.59999 15 -2
        vertex 221.59999 3 -2
        vertex 221.59999 6.53772 -0.19999999
    endloop
endfacet
facet normal -1 0 0
    outer loop
        vertex 221.59999 3 -2
        vertex 221.59999 3 -0.19999999
        vertex 221.59999 6.53772 -0.19999999
    endloop
endfacet
facet normal -1 0 0
    outer loop
        vertex 221.59999 6.53772 -0.19999999
        vertex 221.59999 6.53772 0.19999999
        vertex 221.59999 15 -2
    endloop
endfacet
facet normal -1 0 0
    outer loop
        vertex 221.59999 27 -2
        vertex 221.59999 27 0.19999999
        vertex 221.59999 37.23114 0.19999999
    endloop
endfacet
facet normal -1 0 0
    outer loop
        vertex 221.59999 39 -2
        vertex 221.59999 27 -2
        vertex 221.59999 37.23114 0.19999999
    endloop
endfacet
facet normal -1 0 0
    outer loop
        vertex 221.59999 15 -2
        vertex 221.59999 6.53772 0.19999999
        vertex 221.59999 16.76886 0.19999999
    endloop
endfacet
facet normal -1 0 0
    outer loop
        vertex 221.59999 16.76886 0.19999999
        vertex 221.59999 27 0.19999999
        vertex 221.59999 27 -2
    endloop
endfacet
facet normal -1 0 0
    outer loop
        vertex 221.59999 51 -2
        vertex 221.59999 39 -2
        vertex 221.59999 47.46228 -0.19999999
    endloop
endfacet
facet normal -1 -0 -0
    outer loop
        vertex 221.59999 51 -0.19999999
        vertex 221.59999 51 -2
        vertex 221.59999 47.46228 -0.19999999
    endloop
endfacet
facet normal -0.98078752 0.195079 0
    outer loop
        vertex 221.55432 2.7703898 -2
        vertex 221.59999 3 -0.19999999
        vertex 221.59999 3 -2
    endloop
endfacet
facet normal -0.83149487 0.5555324 0
    outer loop
        vertex 221.42427 2.575736 -2
        vertex 221.55432 2.7703898 -0.19999999
        vertex 221.55432 2.7703898 -2
    endloop
endfacet
facet normal -0.83149487 0.5555324 0
    outer loop
        vertex 221.42427 2.575736 -0.19999999
        vertex 221.55432 2.7703898 -0.19999999
        vertex 221.42427 2.575736 -2
    endloop
endfacet
facet normal -0.19508649 0.98078609 0
    outer loop
        vertex 221 2.4 -0.19999999
        vertex 221.22961 2.4456723 -0.19999999
        vertex 221 2.4 -2
    endloop
endfacet
facet normal -0.19508649 0.98078609 0
    outer loop
        vertex 221.22961 2.4456723 -0.19999999
        vertex 221.22961 2.4456723 -2
        vertex 221 2.4 -2
    endloop
endfacet
facet normal -0.55556595 0.83147258 0
    outer loop
        vertex 221.42427 2.575736 -0.19999999
        vertex 221.22961 2.4456723 -2
        vertex 221.22961 2.4456723 -0.19999999
    endloop
endfacet
facet normal -0.98078752 0.195079 0
    outer loop
        vertex 221.55432 2.7703898 -0.19999999
        vertex 221.59999 3 -0.19999999
        vertex 221.55432 2.7703898 -2
    endloop
endfacet
facet normal -0.55556595 0.83147258 0
    outer loop
        vertex 221.22961 2.4456723 -2
        vertex 221.42427 2.575736 -0.19999999
        vertex 221.42427 2.575736 -2
    endloop
endfacet
facet normal -1 0 0
    outer loop
        vertex 222.5 27 0.19999999
        vertex 222.5 5.65831 2.2
        vertex 222.5 27 4.6
    endloop
endfacet
facet normal -1 0 0
    outer loop
        vertex 222.5 27 4.6
        vertex 222.5 51 4.6
        vertex 222.5 48.34169 2.2
    endloop
endfacet
facet normal -1 -0 0
    outer loop
        vertex 222.5 48.34169 2.2
        vertex 222.5 27 0.19999999
        vertex 222.5 27 4.6
    endloop
endfacet
facet normal -1 0 0
    outer loop
        vertex 222.5 37.670845 0.19999999
        vertex 222.5 27 0.19999999
        vertex 222.5 48.34169 2.2
    endloop
endfacet
facet normal -1 0 -0
    outer loop
        vertex 222.5 51 4.6
        vertex 222.5 51 2.2
        vertex 222.5 48.34169 2.2
    endloop
endfacet
facet normal -1 0 0
    outer loop
        vertex 222.5 3 2.2
        vertex 222.5 3 4.6
        vertex 222.5 5.65831 2.2
    endloop
endfacet
facet normal -1 0 0
    outer loop
        vertex 222.5 16.329155 0.19999999
        vertex 222.5 5.65831 0.19999999
        vertex 222.5 5.65831 2.2
    endloop
endfacet
facet normal -1 0 0
    outer loop
        vertex 222.5 5.65831 2.2
        vertex 222.5 3 4.6
        vertex 222.5 27 4.6
    endloop
endfacet
facet normal -1 0 0
    outer loop
        vertex 222.5 27 0.19999999
        vertex 222.5 16.329155 0.19999999
        vertex 222.5 5.65831 2.2
    endloop
endfacet
facet normal -1 0 0
    outer loop
        vertex 222.5 48.34169 0.19999999
        vertex 222.5 37.670845 0.19999999
        vertex 222.5 48.34169 2.2
    endloop
endfacet
facet normal 0 -1 0
    outer loop
        vertex 65.89479 52.5 1
        vertex 74.5 52.5 1
        vertex 70.8125 52.5 5
    endloop
endfacet
facet normal 0 -1 0
    outer loop
        vertex 65.89479 52.5 1
        vertex 57.25 52.5 5
        vertex 57.289577 52.5 1
    endloop
endfacet
facet normal 0 -1 0
    outer loop
        vertex 65.89479 52.5 1
        vertex 70.8125 52.5 5
        vertex 57.25 52.5 5
    endloop
endfacet
facet normal 0 -1 0
    outer loop
        vertex 57.289577 52.5 1
        vertex 57.25 52.5 5
        vertex 40.079155 52.5 1
    endloop
endfacet
facet normal 0 -1 0
    outer loop
        vertex 99.5 52.5 0.19999999
        vertex 108.5 52.5 1.75
        vertex 105.5 52.5 1.75
    endloop
endfacet
facet normal 0 -1 0
    outer loop
        vertex 136.23021 52.5 1
        vertex 147.96042 52.5 1
        vertex 138.625 52.5 5
    endloop
endfacet
facet normal 0 -1 0
    outer loop
        vertex 147.96042 52.5 1
        vertex 165.75 52.5 5
        vertex 138.625 52.5 5
    endloop
endfacet
facet normal 0 -1 0
    outer loop
        vertex 171.42084 52.5 1
        vertex 220 52.5 5
        vertex 165.75 52.5 5
    endloop
endfacet
facet normal 0 -0.99999994 0
    outer loop
        vertex 125.06249 52.5 5
        vertex 136.23021 52.5 1
        vertex 138.625 52.5 5
    endloop
endfacet
facet normal 0 -1 0
    outer loop
        vertex 125.06249 52.5 5
        vertex 120.5 52.5 4.25
        vertex 123.5 52.5 4.25
    endloop
endfacet
facet normal 0 -1 -0
    outer loop
        vertex 165.75 52.5 5
        vertex 147.96042 52.5 1
        vertex 171.42084 52.5 1
    endloop
endfacet
facet normal 0 -1 0
    outer loop
        vertex 70.8125 52.5 5
        vertex 75.5 52.5 4.25
        vertex 78.5 52.5 4.25
    endloop
endfacet
facet normal 0 -1 0
    outer loop
        vertex 74.5 52.5 1
        vertex 75.5 52.5 4.25
        vertex 70.8125 52.5 5
    endloop
endfacet
facet normal -0 -1 0
    outer loop
        vertex 57.25 52.5 5
        vertex 30.125 52.5 5
        vertex 40.079155 52.5 1
    endloop
endfacet
facet normal 0 -1 0
    outer loop
        vertex 111.5 52.5 5
        vertex 105.5 52.5 4.25
        vertex 108.5 52.5 4.25
    endloop
endfacet
facet normal 0 -1 0
    outer loop
        vertex 120.5 52.5 1.75
        vertex 111.5 52.5 5
        vertex 108.5 52.5 1.75
    endloop
endfacet
facet normal 0 -1 0
    outer loop
        vertex 120.5 52.5 1.75
        vertex 124.5 52.5 0.19999999
        vertex 123.5 52.5 1.75
    endloop
endfacet
facet normal -0 -1 -0
    outer loop
        vertex 120.5 52.5 4.25
        vertex 111.5 52.5 5
        vertex 120.5 52.5 1.75
    endloop
endfacet
facet normal -0 -0.99999994 0
    outer loop
        vertex 125.06249 52.5 5
        vertex 111.5 52.5 5
        vertex 120.5 52.5 4.25
    endloop
endfacet
facet normal 0 -1 -0
    outer loop
        vertex 218.34169 52.5 2.2
        vertex 171.42084 52.5 1
        vertex 218.34169 52.5 1
    endloop
endfacet
facet normal 0 -1 0
    outer loop
        vertex 220 52.5 5
        vertex 171.42084 52.5 1
        vertex 218.34169 52.5 2.2
    endloop
endfacet
facet normal 0 -1 0
    outer loop
        vertex 93.5 52.5 4.25
        vertex 93.5 52.5 1.75
        vertex 99.5 52.5 0.19999999
    endloop
endfacet
facet normal -0 -1 0
    outer loop
        vertex 105.5 52.5 1.75
        vertex 105.5 52.5 4.25
        vertex 99.5 52.5 0.19999999
    endloop
endfacet
facet normal -0 -1 0
    outer loop
        vertex 111.5 52.5 5
        vertex 84.375 52.5 5
        vertex 93.5 52.5 4.25
    endloop
endfacet
facet normal 0 -1 0
    outer loop
        vertex 111.5 52.5 5
        vertex 93.5 52.5 4.25
        vertex 105.5 52.5 4.25
    endloop
endfacet
facet normal -0 -1 -0
    outer loop
        vertex 124.5 52.5 1
        vertex 123.5 52.5 1.75
        vertex 124.5 52.5 0.19999999
    endloop
endfacet
facet normal -0 -1 0
    outer loop
        vertex 105.5 52.5 4.25
        vertex 93.5 52.5 4.25
        vertex 99.5 52.5 0.19999999
    endloop
endfacet
facet normal -0 -1 0
    outer loop
        vertex 90.5 52.5 1.75
        vertex 78.5 52.5 1.75
        vertex 74.5 52.5 0.19999999
    endloop
endfacet
facet normal 0 -1 0
    outer loop
        vertex 90.5 52.5 1.75
        vertex 84.375 52.5 5
        vertex 78.5 52.5 1.75
    endloop
endfacet
facet normal 0 -1 0
    outer loop
        vertex 90.5 52.5 4.25
        vertex 93.5 52.5 4.25
        vertex 84.375 52.5 5
    endloop
endfacet
facet normal 0 -1 0
    outer loop
        vertex 108.5 52.5 1.75
        vertex 111.5 52.5 5
        vertex 108.5 52.5 4.25
    endloop
endfacet
facet normal -0 -0.99999994 -0
    outer loop
        vertex 90.5 52.5 4.25
        vertex 84.375 52.5 5
        vertex 90.5 52.5 1.75
    endloop
endfacet
facet normal 0 -0.99999994 0
    outer loop
        vertex 84.375 52.5 5
        vertex 78.5 52.5 4.25
        vertex 78.5 52.5 1.75
    endloop
endfacet
facet normal -0 -1 0
    outer loop
        vertex 75.5 52.5 1.75
        vertex 75.5 52.5 4.25
        vertex 74.5 52.5 1
    endloop
endfacet
facet normal -0 -1 0
    outer loop
        vertex 78.5 52.5 1.75
        vertex 75.5 52.5 1.75
        vertex 74.5 52.5 0.19999999
    endloop
endfacet
facet normal 0 -0.99999994 0
    outer loop
        vertex 5.65831 52.5 2.2
        vertex 30.125 52.5 5
        vertex 3 52.5 5
    endloop
endfacet
facet normal 0 -1 0
    outer loop
        vertex 40.079155 52.5 1
        vertex 30.125 52.5 5
        vertex 5.65831 52.5 1
    endloop
endfacet
facet normal 0 -1 0
    outer loop
        vertex 5.65831 52.5 1
        vertex 30.125 52.5 5
        vertex 5.65831 52.5 2.2
    endloop
endfacet
facet normal 0 -1 0
    outer loop
        vertex 74.5 52.5 1
        vertex 74.5 52.5 0.19999999
        vertex 75.5 52.5 1.75
    endloop
endfacet
facet normal 0 -1 -0
    outer loop
        vertex 108.5 52.5 1.75
        vertex 99.5 52.5 0.19999999
        vertex 124.5 52.5 0.19999999
    endloop
endfacet
facet normal 0 -1 0
    outer loop
        vertex 3 52.5 5
        vertex 3 52.5 2.2
        vertex 5.65831 52.5 2.2
    endloop
endfacet
facet normal 0 -1 0
    outer loop
        vertex 74.5 52.5 0.19999999
        vertex 99.5 52.5 0.19999999
        vertex 90.5 52.5 1.75
    endloop
endfacet
facet normal 0 -1 0
    outer loop
        vertex 90.5 52.5 1.75
        vertex 99.5 52.5 0.19999999
        vertex 93.5 52.5 1.75
    endloop
endfacet
facet normal 0 -1 0
    outer loop
        vertex 78.5 52.5 4.25
        vertex 84.375 52.5 5
        vertex 70.8125 52.5 5
    endloop
endfacet
facet normal 0 -1 0
    outer loop
        vertex 124.5 52.5 1
        vertex 136.23021 52.5 1
        vertex 125.06249 52.5 5
    endloop
endfacet
facet normal 0 -1 0
    outer loop
        vertex 221 52.5 2.2
        vertex 221 52.5 4.6
        vertex 220 52.5 4.6
    endloop
endfacet
facet normal 0 -1 0
    outer loop
        vertex 123.5 52.5 1.75
        vertex 124.5 52.5 1
        vertex 125.06249 52.5 5
    endloop
endfacet
facet normal 0 -1 -0
    outer loop
        vertex 220 52.5 4.6
        vertex 218.34169 52.5 2.2
        vertex 221 52.5 2.2
    endloop
endfacet
facet normal 0 -0.99999994 -0
    outer loop
        vertex 220 52.5 5
        vertex 218.34169 52.5 2.2
        vertex 220 52.5 4.6
    endloop
endfacet
facet normal -0 -1 -0
    outer loop
        vertex 120.5 52.5 1.75
        vertex 108.5 52.5 1.75
        vertex 124.5 52.5 0.19999999
    endloop
endfacet
facet normal 0 -1 0
    outer loop
        vertex 123.5 52.5 4.25
        vertex 123.5 52.5 1.75
        vertex 125.06249 52.5 5
    endloop
endfacet
facet normal 0 1 0
    outer loop
        vertex 112 1.5 1
        vertex 5.65831 1.5 1
        vertex 111.5 1.5 5
    endloop
endfacet
facet normal 0 1 0
    outer loop
        vertex 218.34169 1.5 2.2
        vertex 112 1.5 1
        vertex 111.5 1.5 5
    endloop
endfacet
facet normal 0 1 -0
    outer loop
        vertex 218.34169 1.5 2.2
        vertex 111.5 1.5 5
        vertex 220 1.5 5
    endloop
endfacet
facet normal 0 1 -0
    outer loop
        vertex 218.34169 1.5 1
        vertex 112 1.5 1
        vertex 218.34169 1.5 2.2
    endloop
endfacet
facet normal 0 1 0
    outer loop
        vertex 220 1.5 4.6
        vertex 221 1.5 2.2
        vertex 218.34169 1.5 2.2
    endloop
endfacet
facet normal 0 1 0
    outer loop
        vertex 111.5 1.5 5
        vertex 5.65831 1.5 1
        vertex 5.65831 1.5 2.2
    endloop
endfacet
facet normal 0 0.99999994 -0
    outer loop
        vertex 5.65831 1.5 2.2
        vertex 3 1.5 5
        vertex 111.5 1.5 5
    endloop
endfacet
facet normal -0 1 0
    outer loop
        vertex 220 1.5 4.6
        vertex 221 1.5 4.6
        vertex 221 1.5 2.2
    endloop
endfacet
facet normal 0 1 0
    outer loop
        vertex 3 1.5 2.2
        vertex 3 1.5 5
        vertex 5.65831 1.5 2.2
    endloop
endfacet
facet normal 0 0.99999994 -0
    outer loop
        vertex 220 1.5 4.6
        vertex 218.34169 1.5 2.2
        vertex 220 1.5 5
    endloop
endfacet
facet normal 1 0 -0
    outer loop
        vertex 1.5 10 4.5
        vertex 1.5 10.5 5
        vertex 1.5 8 4.5
    endloop
endfacet
facet normal 1 0 0
    outer loop
        vertex 1.5 16.329155 0.19999999
        vertex 1.5 12 4.5
        vertex 1.5 12 1.5
    endloop
endfacet
facet normal 1 0 0
    outer loop
        vertex 1.5 10.5 5
        vertex 1.5 3 5
        vertex 1.5 8 4.5
    endloop
endfacet
facet normal 1 0 0
    outer loop
        vertex 1.5 8 1.5
        vertex 1.5 5.65831 2.2
        vertex 1.5 5.65831 0.19999999
    endloop
endfacet
facet normal 1 -0 0
    outer loop
        vertex 1.5 8 1.5
        vertex 1.5 5.65831 0.19999999
        vertex 1.5 12 1.5
    endloop
endfacet
facet normal 1 0 0
    outer loop
        vertex 1.5 8 4.5
        vertex 1.5 3 5
        vertex 1.5 5.65831 2.2
    endloop
endfacet
facet normal 1 0 0
    outer loop
        vertex 1.5 10 4.5
        vertex 1.5 12 4.5
        vertex 1.5 10.5 5
    endloop
endfacet
facet normal 1 -0 0
    outer loop
        vertex 1.5 12 4.5
        vertex 1.5 16.329155 0.19999999
        vertex 1.5 18 5
    endloop
endfacet
facet normal 1 0 0
    outer loop
        vertex 1.5 8 4.5
        vertex 1.5 5.65831 2.2
        vertex 1.5 8 1.5
    endloop
endfacet
facet normal 1 0 0
    outer loop
        vertex 1.5 16.329155 0.19999999
        vertex 1.5 27 0.19999999
        vertex 1.5 18 1
    endloop
endfacet
facet normal 1 0 0
    outer loop
        vertex 1.5 16.329155 0.19999999
        vertex 1.5 18 1
        vertex 1.5 18 5
    endloop
endfacet
facet normal 0.99999994 0 0
    outer loop
        vertex 1.5 5.65831 0.19999999
        vertex 1.5 16.329155 0.19999999
        vertex 1.5 12 1.5
    endloop
endfacet
facet normal 1 0 -0
    outer loop
        vertex 1.5 48.34169 0.19999999
        vertex 1.5 48.34169 2.2
        vertex 1.5 27 1
    endloop
endfacet
facet normal 1 0 -0
    outer loop
        vertex 1.5 48.34169 2.2
        vertex 1.5 51 5
        vertex 1.5 27 5
    endloop
endfacet
facet normal 1 0 0
    outer loop
        vertex 1.5 48.34169 2.2
        vertex 1.5 27 5
        vertex 1.5 27 1
    endloop
endfacet
facet normal 1 0 0
    outer loop
        vertex 1.5 51 5
        vertex 1.5 48.34169 2.2
        vertex 1.5 51 2.2
    endloop
endfacet
facet normal 1 -0 0
    outer loop
        vertex 1.5 18 1
        vertex 1.5 27 0.19999999
        vertex 1.5 27 1
    endloop
endfacet
facet normal 1 0 0
    outer loop
        vertex 1.5 3 2.2
        vertex 1.5 5.65831 2.2
        vertex 1.5 3 5
    endloop
endfacet
facet normal 1 0 -0
    outer loop
        vertex 1.5 37.670845 0.19999999
        vertex 1.5 48.34169 0.19999999
        vertex 1.5 27 1
    endloop
endfacet
facet normal 1 0 -0
    outer loop
        vertex 1.5 12 4.5
        vertex 1.5 18 5
        vertex 1.5 10.5 5
    endloop
endfacet
facet normal 1 0 0
    outer loop
        vertex 1.5 27 0.19999999
        vertex 1.5 37.670845 0.19999999
        vertex 1.5 27 1
    endloop
endfacet
facet normal 0 0 1
    outer loop
        vertex 3.674719 4.7852974 2.2
        vertex 2.7893052 6.744853 2.2
        vertex 2.292948 6.466976 2.2
    endloop
endfacet
facet normal 0 -0 1
    outer loop
        vertex 3.674719 4.7852974 2.2
        vertex 4 4.8500004 2.2
        vertex 3.3291917 6.9240413 2.2
    endloop
endfacet
facet normal 0 0 1
    outer loop
        vertex 3.3989594 4.601041 2.2
        vertex 2.292948 6.466976 2.2
        vertex 1.8579662 6.100403 2.2
    endloop
endfacet
facet normal 0 -0 1
    outer loop
        vertex 3.2147024 4.3252807 2.2
        vertex 3.3989594 4.601041 2.2
        vertex 1.5 5.65831 2.2
    endloop
endfacet
facet normal 0 0 0.99999994
    outer loop
        vertex 1.5 3 2.2
        vertex 3.15 4 2.2
        vertex 1.5 5.65831 2.2
    endloop
endfacet
facet normal 0 0 1
    outer loop
        vertex 1.5 3 2.2
        vertex 3.2147024 3.674719 2.2
        vertex 3.15 4 2.2
    endloop
endfacet
facet normal 0 -0 1
    outer loop
        vertex 1.6141807 2.4259748 2.2
        vertex 3.3989594 3.3989594 2.2
        vertex 1.5 3 2.2
    endloop
endfacet
facet normal -0 0 1
    outer loop
        vertex 1.9393398 1.9393398 2.2
        vertex 2.4259748 1.6141807 2.2
        vertex 3.3989594 3.3989594 2.2
    endloop
endfacet
facet normal 0 0 1
    outer loop
        vertex 3.3989594 3.3989594 2.2
        vertex 2.4259748 1.6141807 2.2
        vertex 3 1.5 2.2
    endloop
endfacet
facet normal 0 0 1
    outer loop
        vertex 4.601041 3.3989594 2.2
        vertex 5.65831 1.5 2.2
        vertex 6.217764 1.9797217 2.2
    endloop
endfacet
facet normal 0 0 1
    outer loop
        vertex 4.601041 3.3989594 2.2
        vertex 4.3252807 3.2147024 2.2
        vertex 5.65831 1.5 2.2
    endloop
endfacet
facet normal 0 0 1
    outer loop
        vertex 6.6433816 2.581362 2.2
        vertex 4.601041 3.3989594 2.2
        vertex 6.217764 1.9797217 2.2
    endloop
endfacet
facet normal 0 0 1
    outer loop
        vertex 6.9547396 3.6343064 2.2
        vertex 4.8500004 4 2.2
        vertex 6.9094796 3.2686126 2.2
    endloop
endfacet
facet normal 0 0 1
    outer loop
        vertex 6.9094796 3.2686126 2.2
        vertex 4.8500004 4 2.2
        vertex 4.7852974 3.674719 2.2
    endloop
endfacet
facet normal 0 0 1
    outer loop
        vertex 7 4 2.2
        vertex 5.974795 5.250424 2.2
        vertex 4.8500004 4 2.2
    endloop
endfacet
facet normal 0 0 1
    outer loop
        vertex 5.387365 5.567359 2.2
        vertex 4.601041 4.601041 2.2
        vertex 5.5470147 5.402251 2.2
    endloop
endfacet
facet normal 0 0 0.99999994
    outer loop
        vertex 5.5470147 5.402251 2.2
        vertex 4.601041 4.601041 2.2
        vertex 4.7852974 4.3252807 2.2
    endloop
endfacet
facet normal 0 0 1
    outer loop
        vertex 3.3989594 3.3989594 2.2
        vertex 3.2147024 3.674719 2.2
        vertex 1.5 3 2.2
    endloop
endfacet
facet normal -0 0 1
    outer loop
        vertex 4 4.8500004 2.2
        vertex 4.3252807 4.7852974 2.2
        vertex 5.285166 5.773038 2.2
    endloop
endfacet
facet normal 0 0 1
    outer loop
        vertex 5.974795 5.250424 2.2
        vertex 5.749142 5.293197 2.2
        vertex 4.7852974 4.3252807 2.2
    endloop
endfacet
facet normal -0 0 1
    outer loop
        vertex 1.6141807 2.4259748 2.2
        vertex 1.9393398 1.9393398 2.2
        vertex 3.3989594 3.3989594 2.2
    endloop
endfacet
facet normal 0 -0 1
    outer loop
        vertex 4.601041 4.601041 2.2
        vertex 5.387365 5.567359 2.2
        vertex 4.3252807 4.7852974 2.2
    endloop
endfacet
facet normal -0 0 1
    outer loop
        vertex 4.7852974 4.3252807 2.2
        vertex 4.8500004 4 2.2
        vertex 5.974795 5.250424 2.2
    endloop
endfacet
facet normal 0 0 1
    outer loop
        vertex 6.6433816 2.581362 2.2
        vertex 4.7852974 3.674719 2.2
        vertex 4.601041 3.3989594 2.2
    endloop
endfacet
facet normal 0 -0 1
    outer loop
        vertex 6.6433816 2.581362 2.2
        vertex 6.9094796 3.2686126 2.2
        vertex 4.7852974 3.674719 2.2
    endloop
endfacet
facet normal 0 0 1
    outer loop
        vertex 5.285166 5.773038 2.2
        vertex 4.3252807 4.7852974 2.2
        vertex 5.387365 5.567359 2.2
    endloop
endfacet
facet normal 0 0 1
    outer loop
        vertex 4.3252807 3.2147024 2.2
        vertex 4 3.15 2.2
        vertex 5.65831 1.5 2.2
    endloop
endfacet
facet normal 0 0 1
    outer loop
        vertex 5.285166 5.773038 2.2
        vertex 5.25 6 2.2
        vertex 4 4.8500004 2.2
    endloop
endfacet
facet normal -0 0 1
    outer loop
        vertex 1.5 5.65831 2.2
        vertex 3.3989594 4.601041 2.2
        vertex 1.8579662 6.100403 2.2
    endloop
endfacet
facet normal 0 -0 1
    outer loop
        vertex 3.3989594 4.601041 2.2
        vertex 3.674719 4.7852974 2.2
        vertex 2.292948 6.466976 2.2
    endloop
endfacet
facet normal 0 0 1
    outer loop
        vertex 4.461041 6.9643617 2.2
        vertex 4 4.8500004 2.2
        vertex 5.25 6 2.2
    endloop
endfacet
facet normal 0 0 1
    outer loop
        vertex 5.52718 6.58219 2.2
        vertex 5.0123096 6.824045 2.2
        vertex 5.3228316 6.322402 2.2
    endloop
endfacet
facet normal 0 0 1
    outer loop
        vertex 5.25 6 2.2
        vertex 5.0123096 6.824045 2.2
        vertex 4.461041 6.9643617 2.2
    endloop
endfacet
facet normal 0 0 1
    outer loop
        vertex 5.3228316 6.322402 2.2
        vertex 5.0123096 6.824045 2.2
        vertex 5.25 6 2.2
    endloop
endfacet
facet normal 0 0 1
    outer loop
        vertex 3.8931963 6.9980984 2.2
        vertex 4 4.8500004 2.2
        vertex 4.461041 6.9643617 2.2
    endloop
endfacet
facet normal 0 0 1
    outer loop
        vertex 3.3291917 6.9240413 2.2
        vertex 2.7893052 6.744853 2.2
        vertex 3.674719 4.7852974 2.2
    endloop
endfacet
facet normal 0 0 1
    outer loop
        vertex 3.8931963 6.9980984 2.2
        vertex 3.3291917 6.9240413 2.2
        vertex 4 4.8500004 2.2
    endloop
endfacet
facet normal 0 0 1
    outer loop
        vertex 3 1.5 2.2
        vertex 3.674719 3.2147024 2.2
        vertex 3.3989594 3.3989594 2.2
    endloop
endfacet
facet normal 0 0 1
    outer loop
        vertex 3 1.5 2.2
        vertex 4 3.15 2.2
        vertex 3.674719 3.2147024 2.2
    endloop
endfacet
facet normal 0 0 1
    outer loop
        vertex 4.7852974 4.3252807 2.2
        vertex 5.749142 5.293197 2.2
        vertex 5.5470147 5.402251 2.2
    endloop
endfacet
facet normal 0 0 1
    outer loop
        vertex 6.411808 5.3731713 2.2
        vertex 6.2028103 5.2779417 2.2
        vertex 6.893664 4.791651 2.2
    endloop
endfacet
facet normal 0 0 1
    outer loop
        vertex 6.893664 4.791651 2.2
        vertex 6.2028103 5.2779417 2.2
        vertex 5.974795 5.250424 2.2
    endloop
endfacet
facet normal 0 0 1
    outer loop
        vertex 7 4 2.2
        vertex 6.893664 4.791651 2.2
        vertex 5.974795 5.250424 2.2
    endloop
endfacet
facet normal 0 0 1
    outer loop
        vertex 3.2147024 4.3252807 2.2
        vertex 1.5 5.65831 2.2
        vertex 3.15 4 2.2
    endloop
endfacet
facet normal -0 0 0.99999994
    outer loop
        vertex 6.411808 5.3731713 2.2
        vertex 6.893664 4.791651 2.2
        vertex 6.58219 5.52718 2.2
    endloop
endfacet
facet normal 0 0 1
    outer loop
        vertex 4 3.15 2.2
        vertex 3 1.5 2.2
        vertex 5.65831 1.5 2.2
    endloop
endfacet
facet normal 0 0 1
    outer loop
        vertex 7 4 2.2
        vertex 4.8500004 4 2.2
        vertex 6.9547396 3.6343064 2.2
    endloop
endfacet
facet normal 0.55557013 0.83146971 -0
    outer loop
        vertex 2.4259748 1.6141807 2.2
        vertex 1.9393398 1.9393398 2.2
        vertex 2.4259748 1.6141807 5
    endloop
endfacet
facet normal 0.83146971 0.55557013 -0
    outer loop
        vertex 1.9393398 1.9393398 2.2
        vertex 1.6141807 2.4259748 2.2
        vertex 1.9393398 1.9393398 5
    endloop
endfacet
facet normal 0.83146971 0.55557013 -0
    outer loop
        vertex 1.6141807 2.4259748 2.2
        vertex 1.6141807 2.4259748 5
        vertex 1.9393398 1.9393398 5
    endloop
endfacet
facet normal 0.19509029 0.98078531 -0
    outer loop
        vertex 2.4259748 1.6141807 2.2
        vertex 2.4259748 1.6141807 5
        vertex 3 1.5 2.2
    endloop
endfacet
facet normal 0.98078531 0.19509029 0
    outer loop
        vertex 1.5 3 5
        vertex 1.6141807 2.4259748 5
        vertex 1.5 3 2.2
    endloop
endfacet
facet normal 0.98078531 0.19509029 0
    outer loop
        vertex 1.6141807 2.4259748 5
        vertex 1.6141807 2.4259748 2.2
        vertex 1.5 3 2.2
    endloop
endfacet
facet normal 0.19509029 0.98078531 0
    outer loop
        vertex 2.4259748 1.6141807 5
        vertex 3 1.5 5
        vertex 3 1.5 2.2
    endloop
endfacet
facet normal 0.55557013 0.83146971 -0
    outer loop
        vertex 1.9393398 1.9393398 2.2
        vertex 1.9393398 1.9393398 5
        vertex 2.4259748 1.6141807 5
    endloop
endfacet
facet normal -0.77717477 0.62928468 0
    outer loop
        vertex 1.5 5.65831 0.19999999
        vertex 1.5 5.65831 2.2
        vertex 1.8579662 6.100403 2.2
    endloop
endfacet
facet normal -0.77039725 0.63755685 -0.00304159
    outer loop
        vertex 1.9033749 6.1457314 0.19999999
        vertex 1.5 5.65831 0.19999999
        vertex 1.8579662 6.100403 2.2
    endloop
endfacet
facet normal -0.42151222 0.9067452 -0.01185991
    outer loop
        vertex 2.4 6.53772 0.19999999
        vertex 2.7893052 6.744853 2.2
        vertex 3.1252863 6.869647 -0.19999999
    endloop
endfacet
facet normal -0.48848662 0.87255865 0.0047174
    outer loop
        vertex 2.4 6.53772 0.19999999
        vertex 2.292948 6.466976 2.2
        vertex 2.7893052 6.744853 2.2
    endloop
endfacet
facet normal -0.64441395 0.76467198 0.00269976
    outer loop
        vertex 2.292948 6.466976 2.2
        vertex 1.9033749 6.1457314 0.19999999
        vertex 1.8579662 6.100403 2.2
    endloop
endfacet
facet normal -0.61955374 0.78493577 -0.0053975
    outer loop
        vertex 2.292948 6.466976 2.2
        vertex 2.4 6.53772 0.19999999
        vertex 1.9033749 6.1457314 0.19999999
    endloop
endfacet
facet normal -0.41614068 0.90930021 0
    outer loop
        vertex 2.4 6.53772 -0.19999999
        vertex 2.4 6.53772 0.19999999
        vertex 3.1252863 6.869647 -0.19999999
    endloop
endfacet
facet normal -0.31499872 0.94907755 0.00525232
    outer loop
        vertex 3.1252863 6.869647 -0.19999999
        vertex 2.7893052 6.744853 2.2
        vertex 3.3291917 6.9240413 2.2
    endloop
endfacet
facet normal -0.16181572 0.98678339 -0.00861677
    outer loop
        vertex 3.912405 6.998721 -0.19999999
        vertex 3.1252863 6.869647 -0.19999999
        vertex 3.3291917 6.9240413 2.2
    endloop
endfacet
facet normal -0.13018829 0.99148893 -0.00078471
    outer loop
        vertex 3.8931963 6.9980984 2.2
        vertex 3.912405 6.998721 -0.19999999
        vertex 3.3291917 6.9240413 2.2
    endloop
endfacet
facet normal 0.99112427 0.13293886 0
    outer loop
        vertex 7 4 2.2
        vertex 7 4 -0.19999999
        vertex 6.893964 4.7905517 -0.19999999
    endloop
endfacet
facet normal 0.991099 0.13312641 0.00006289
    outer loop
        vertex 6.893664 4.791651 2.2
        vertex 7 4 2.2
        vertex 6.893964 4.7905517 -0.19999999
    endloop
endfacet
facet normal 0.92084074 0.38993877 -0.0000635
    outer loop
        vertex 6.58219 5.52718 2.1
        vertex 6.893664 4.791651 2.2
        vertex 6.893964 4.7905517 -0.19999999
    endloop
endfacet
facet normal 0.9208377 0.38994613 -0
    outer loop
        vertex 6.58219 5.52718 2.1
        vertex 6.58219 5.52718 2.2
        vertex 6.893664 4.791651 2.2
    endloop
endfacet
facet normal 0.92106122 0.38941765 0.0001333
    outer loop
        vertex 6.583352 5.525219 -0.19999999
        vertex 6.58219 5.52718 2.1
        vertex 6.893964 4.7905517 -0.19999999
    endloop
endfacet
facet normal 0.42516813 0.90511441 -0
    outer loop
        vertex 5.52718 6.58219 2.1
        vertex 5.0123096 6.824045 2.2
        vertex 5.52718 6.58219 2.2
    endloop
endfacet
facet normal 0.79015017 0.61291331 -0.00012342
    outer loop
        vertex 6.583352 5.525219 -0.19999999
        vertex 6.1213202 6.1213202 2.1
        vertex 6.58219 5.52718 2.1
    endloop
endfacet
facet normal 0.78588492 0.61836809 -0.00239399
    outer loop
        vertex 6.583352 5.525219 -0.19999999
        vertex 6.0901213 6.1520667 -0.19999999
        vertex 6.1213202 6.1213202 2.1
    endloop
endfacet
facet normal 0.61291176 0.79014814 0.00224871
    outer loop
        vertex 6.1213202 6.1213202 2.1
        vertex 6.0901213 6.1520667 -0.19999999
        vertex 5.52718 6.58219 2.1
    endloop
endfacet
facet normal 0.59515297 0.80359924 -0.00461336
    outer loop
        vertex 5.52718 6.58219 2.1
        vertex 6.0901213 6.1520667 -0.19999999
        vertex 5.4491386 6.6267843 -0.19999999
    endloop
endfacet
facet normal 0.42565948 0.90487808 0.00310142
    outer loop
        vertex 5.0123096 6.824045 2.2
        vertex 5.52718 6.58219 2.1
        vertex 5.4491386 6.6267843 -0.19999999
    endloop
endfacet
facet normal 0.36233827 0.9319858 -0.01065184
    outer loop
        vertex 4.7057157 6.915813 -0.19999999
        vertex 5.0123096 6.824045 2.2
        vertex 5.4491386 6.6267843 -0.19999999
    endloop
endfacet
facet normal 0.24666488 0.96908498 0.00554368
    outer loop
        vertex 4.7057157 6.915813 -0.19999999
        vertex 4.461041 6.9643617 2.2
        vertex 5.0123096 6.824045 2.2
    endloop
endfacet
facet normal 0.10393825 0.99453813 -0.00952186
    outer loop
        vertex 4.7057157 6.915813 -0.19999999
        vertex 3.912405 6.998721 -0.19999999
        vertex 4.461041 6.9643617 2.2
    endloop
endfacet
facet normal 0.05930727 0.99823952 0.00073369
    outer loop
        vertex 3.912405 6.998721 -0.19999999
        vertex 3.8931963 6.9980984 2.2
        vertex 4.461041 6.9643617 2.2
    endloop
endfacet
facet normal -0.99578917 0.09167285 0
    outer loop
        vertex 1.0504235 4.5477214 -0.19999999
        vertex 1 4 -0.19999999
        vertex 1.0504235 4.5477214 0
    endloop
endfacet
facet normal -0.96231455 0.27193895 0
    outer loop
        vertex 1.2 5.07703 -0.19999999
        vertex 1.0504235 4.5477214 -0.19999999
        vertex 1.0504235 4.5477214 0
    endloop
endfacet
facet normal -0.99578917 0.09167285 0
    outer loop
        vertex 1.0504235 4.5477214 0
        vertex 1 4 -0.19999999
        vertex 1 4 0
    endloop
endfacet
facet normal -0.96231455 0.27193895 0
    outer loop
        vertex 1.2 5.07703 0
        vertex 1.2 5.07703 -0.19999999
        vertex 1.0504235 4.5477214 0
    endloop
endfacet
facet normal 0.96378887 -0.26638001 -0.01236227
    outer loop
        vertex 6.8764977 3.204971 1
        vertex 6.9094796 3.2686126 2.2
        vertex 6.7949553 2.9099424 1
    endloop
endfacet
facet normal 0.99229324 -0.12281216 0.01647435
    outer loop
        vertex 6.9547396 3.6343064 2.2
        vertex 6.9580398 3.5 1
        vertex 7 4 2.2
    endloop
endfacet
facet normal 0.99229336 -0.1228108 0.0164742
    outer loop
        vertex 6.9547396 3.6343064 2.2
        vertex 6.9094796 3.2686126 2.2
        vertex 6.9580398 3.5 1
    endloop
endfacet
facet normal 0.98019803 -0.13876443 -0.14126687
    outer loop
        vertex 6.9410563 3.5836394 -0.19999999
        vertex 6.9580398 3.5 0
        vertex 6.882113 3.1672785 -0.19999999
    endloop
endfacet
facet normal 0.8943783 -0.44731125 0
    outer loop
        vertex 6.53772 2.4 0
        vertex 6.53772 2.4 -0.19999999
        vertex 6.80238 2.9291754 0
    endloop
endfacet
facet normal 0.96232134 -0.26241955 0.07122872
    outer loop
        vertex 6.80238 2.9291754 0
        vertex 6.882113 3.1672785 -0.19999999
        vertex 6.8802104 3.2145877 0
    endloop
endfacet
facet normal 0.98984736 -0.14013168 -0.02377634
    outer loop
        vertex 6.9580398 3.5 1
        vertex 6.9410563 3.5836394 -0.19999999
        vertex 7 4 -0.19999999
    endloop
endfacet
facet normal 0.96378922 -0.26637834 -0.01236237
    outer loop
        vertex 6.9580398 3.5 1
        vertex 6.9094796 3.2686126 2.2
        vertex 6.8764977 3.204971 1
    endloop
endfacet
facet normal 0.9323712 -0.36100677 0.01891931
    outer loop
        vertex 6.7949553 2.9099424 1
        vertex 6.9094796 3.2686126 2.2
        vertex 6.6433816 2.581362 2.2
    endloop
endfacet
facet normal 0.96232224 -0.26241657 0.07122803
    outer loop
        vertex 6.8802104 3.2145877 0
        vertex 6.882113 3.1672785 -0.19999999
        vertex 6.9580398 3.5 0
    endloop
endfacet
facet normal 0.81625491 -0.57744223 0.01698604
    outer loop
        vertex 6.515487 2.3652751 1
        vertex 6.6433816 2.581362 2.2
        vertex 6.217764 1.9797217 2.2
    endloop
endfacet
facet normal 0.65090263 -0.75908613 0.01067649
    outer loop
        vertex 6.1312723 1.8886788 1
        vertex 6.217764 1.9797217 2.2
        vertex 5.65831 1.5 2.2
    endloop
endfacet
facet normal 0.77849424 -0.62759417 -0.00849602
    outer loop
        vertex 6.217764 1.9797217 2.2
        vertex 6.1312723 1.8886788 1
        vertex 6.515487 2.3652751 1
    endloop
endfacet
facet normal 0.90540189 -0.40638945 -0.12286151
    outer loop
        vertex 6.80238 2.9291754 0
        vertex 6.53772 2.4 -0.19999999
        vertex 6.882113 3.1672785 -0.19999999
    endloop
endfacet
facet normal 0.88964605 -0.45647624 -0.01261852
    outer loop
        vertex 6.7949553 2.9099424 1
        vertex 6.6433816 2.581362 2.2
        vertex 6.515487 2.3652751 1
    endloop
endfacet
facet normal 0.99649721 -0.08362652 0
    outer loop
        vertex 6.9580398 3.5 1
        vertex 7 4 -0.19999999
        vertex 7 4 2.2
    endloop
endfacet
facet normal 0.98000044 0.19899532 0
    outer loop
        vertex 6.9580398 3.5 1
        vertex 6.9580398 3.5 0
        vertex 6.9410563 3.5836394 -0.19999999
    endloop
endfacet
facet normal 0.63490915 -0.77258688 0
    outer loop
        vertex 5.65831 1.5 1
        vertex 6.1312723 1.8886788 1
        vertex 5.65831 1.5 2.2
    endloop
endfacet
facet normal -0.99574965 -0.0921022 -0
    outer loop
        vertex 1.050897 3.4497344 0
        vertex 1 4 0
        vertex 1.050897 3.4497344 -0.19999999
    endloop
endfacet
facet normal -0.96196306 -0.27317983 0
    outer loop
        vertex 1.2018601 2.91814 0
        vertex 1.050897 3.4497344 0
        vertex 1.050897 3.4497344 -0.19999999
    endloop
endfacet
facet normal -0.99574965 -0.0921022 0
    outer loop
        vertex 1.050897 3.4497344 -0.19999999
        vertex 1 4 0
        vertex 1 4 -0.19999999
    endloop
endfacet
facet normal -0.961963 -0.27317992 -0.00000027
    outer loop
        vertex 1.2018601 2.91814 0
        vertex 1.050897 3.4497344 -0.19999999
        vertex 1.1263785 3.1839373 -0.19999999
    endloop
endfacet
facet normal -0.96196306 -0.27317971 -0
    outer loop
        vertex 1.2018601 2.91814 0
        vertex 1.1263785 3.1839373 -0.19999999
        vertex 1.2018601 2.91814 -0.19999999
    endloop
endfacet
facet normal -0.27338713 -0.96190417 0
    outer loop
        vertex 3.1833012 1.1264974 -0.19999999
        vertex 3.4484625 1.0511347 0
        vertex 2.91814 1.2018601 -0.19999999
    endloop
endfacet
facet normal 0.0910285 -0.9958483 0
    outer loop
        vertex 4.546449 1.0501875 0
        vertex 3.997412 1.0000011 -0.19999999
        vertex 4.546449 1.0501875 -0.19999999
    endloop
endfacet
facet normal -0.09274665 -0.99568969 0
    outer loop
        vertex 3.997412 1.0000011 -0.19999999
        vertex 3.997412 1.0000011 0
        vertex 3.4484625 1.0511347 -0.19999999
    endloop
endfacet
facet normal 0.27173156 -0.96237314 0
    outer loop
        vertex 5.07703 1.2 0
        vertex 4.546449 1.0501875 -0.19999999
        vertex 5.07703 1.2 -0.19999999
    endloop
endfacet
facet normal 0.27173156 -0.96237314 0
    outer loop
        vertex 4.546449 1.0501875 -0.19999999
        vertex 5.07703 1.2 0
        vertex 4.546449 1.0501875 0
    endloop
endfacet
facet normal 0.0910285 -0.9958483 0
    outer loop
        vertex 3.997412 1.0000011 -0.19999999
        vertex 4.546449 1.0501875 0
        vertex 3.997412 1.0000011 0
    endloop
endfacet
facet normal -0.09274665 -0.99568969 0
    outer loop
        vertex 3.4484625 1.0511347 -0.19999999
        vertex 3.997412 1.0000011 0
        vertex 3.4484625 1.0511347 0
    endloop
endfacet
facet normal -0.27338713 -0.96190417 0
    outer loop
        vertex 2.91814 1.2018601 -0.19999999
        vertex 3.4484625 1.0511347 0
        vertex 2.91814 1.2018601 0
    endloop
endfacet
facet normal -0.27338713 -0.96190417 0
    outer loop
        vertex 3.4484625 1.0511347 -0.19999999
        vertex 3.4484625 1.0511347 0
        vertex 3.1833012 1.1264974 -0.19999999
    endloop
endfacet
facet normal 0 0 -1
    outer loop
        vertex 3.674719 4.7852974 -0.19999999
        vertex 2.4 6.53772 -0.19999999
        vertex 3.1252863 6.869647 -0.19999999
    endloop
endfacet
facet normal 0 0 -1
    outer loop
        vertex 3.674719 4.7852974 -0.19999999
        vertex 3.1252863 6.869647 -0.19999999
        vertex 4 4.8500004 -0.19999999
    endloop
endfacet
facet normal -0 0 -1
    outer loop
        vertex 3.3989594 4.601041 -0.19999999
        vertex 3.2147024 4.3252807 -0.19999999
        vertex 2.4 6.53772 -0.19999999
    endloop
endfacet
facet normal 0 0 -1
    outer loop
        vertex 2.4 3 -0.19999999
        vertex 2.4 6.53772 -0.19999999
        vertex 3.2147024 4.3252807 -0.19999999
    endloop
endfacet
facet normal 0 -0 -1
    outer loop
        vertex 3.2147024 3.674719 -0.19999999
        vertex 3.3989594 3.3989594 -0.19999999
        vertex 2.4 3 -0.19999999
    endloop
endfacet
facet normal 0 0 -1
    outer loop
        vertex 2.4 3 -0.19999999
        vertex 3.2147024 4.3252807 -0.19999999
        vertex 3.15 4 -0.19999999
    endloop
endfacet
facet normal 0 0 -0.99999994
    outer loop
        vertex 2.4456723 2.7703898 -0.19999999
        vertex 2.4 3 -0.19999999
        vertex 3.3989594 3.3989594 -0.19999999
    endloop
endfacet
facet normal 0 -0 -1
    outer loop
        vertex 4 3.15 -0.19999999
        vertex 4.3252807 3.2147024 -0.19999999
        vertex 3 2.4 -0.19999999
    endloop
endfacet
facet normal -0 0 -0.99999994
    outer loop
        vertex 4 3.15 -0.19999999
        vertex 3 2.4 -0.19999999
        vertex 3.674719 3.2147024 -0.19999999
    endloop
endfacet
facet normal 0 0 -1
    outer loop
        vertex 4.3252807 3.2147024 -0.19999999
        vertex 4.601041 3.3989594 -0.19999999
        vertex 6.53772 2.4 -0.19999999
    endloop
endfacet
facet normal 0 -0 -1
    outer loop
        vertex 4.3252807 3.2147024 -0.19999999
        vertex 6.53772 2.4 -0.19999999
        vertex 3 2.4 -0.19999999
    endloop
endfacet
facet normal 0 0 -1
    outer loop
        vertex 4.601041 3.3989594 -0.19999999
        vertex 4.7852974 3.674719 -0.19999999
        vertex 6.53772 2.4 -0.19999999
    endloop
endfacet
facet normal 0 0 -1
    outer loop
        vertex 4.7852974 3.674719 -0.19999999
        vertex 6.882113 3.1672785 -0.19999999
        vertex 6.53772 2.4 -0.19999999
    endloop
endfacet
facet normal 0 0 -0.99999994
    outer loop
        vertex 6.882113 3.1672785 -0.19999999
        vertex 4.7852974 3.674719 -0.19999999
        vertex 6.9410563 3.5836394 -0.19999999
    endloop
endfacet
facet normal 0 0 -0.99999994
    outer loop
        vertex 6.9410563 3.5836394 -0.19999999
        vertex 4.8500004 4 -0.19999999
        vertex 7 4 -0.19999999
    endloop
endfacet
facet normal 0 -0 -1
    outer loop
        vertex 6.0901213 6.1520667 -0.19999999
        vertex 6.583352 5.525219 -0.19999999
        vertex 4.601041 4.601041 -0.19999999
    endloop
endfacet
facet normal 0 0 -1
    outer loop
        vertex 6.583352 5.525219 -0.19999999
        vertex 4.7852974 4.3252807 -0.19999999
        vertex 4.601041 4.601041 -0.19999999
    endloop
endfacet
facet normal 0 -0 -1
    outer loop
        vertex 4.7057157 6.915813 -0.19999999
        vertex 5.4491386 6.6267843 -0.19999999
        vertex 4.3252807 4.7852974 -0.19999999
    endloop
endfacet
facet normal -0 0 -1
    outer loop
        vertex 3.674719 3.2147024 -0.19999999
        vertex 3 2.4 -0.19999999
        vertex 3.3989594 3.3989594 -0.19999999
    endloop
endfacet
facet normal 0 0 -1
    outer loop
        vertex 7 4 -0.19999999
        vertex 4.8500004 4 -0.19999999
        vertex 6.893964 4.7905517 -0.19999999
    endloop
endfacet
facet normal 0 0 -1
    outer loop
        vertex 4.8500004 4 -0.19999999
        vertex 4.7852974 4.3252807 -0.19999999
        vertex 6.893964 4.7905517 -0.19999999
    endloop
endfacet
facet normal 0 -0 -1
    outer loop
        vertex 6.583352 5.525219 -0.19999999
        vertex 6.893964 4.7905517 -0.19999999
        vertex 4.7852974 4.3252807 -0.19999999
    endloop
endfacet
facet normal 0 0 -1
    outer loop
        vertex 3.3989594 3.3989594 -0.19999999
        vertex 2.7703898 2.4456723 -0.19999999
        vertex 2.575736 2.575736 -0.19999999
    endloop
endfacet
facet normal 0 0 -0.99999994
    outer loop
        vertex 3 2.4 -0.19999999
        vertex 2.7703898 2.4456723 -0.19999999
        vertex 3.3989594 3.3989594 -0.19999999
    endloop
endfacet
facet normal 0 0 -0.99999994
    outer loop
        vertex 3.1252863 6.869647 -0.19999999
        vertex 3.912405 6.998721 -0.19999999
        vertex 4 4.8500004 -0.19999999
    endloop
endfacet
facet normal -0 0 -0.99999994
    outer loop
        vertex 3.2147024 3.674719 -0.19999999
        vertex 2.4 3 -0.19999999
        vertex 3.15 4 -0.19999999
    endloop
endfacet
facet normal 0 0 -1
    outer loop
        vertex 3.3989594 4.601041 -0.19999999
        vertex 2.4 6.53772 -0.19999999
        vertex 3.674719 4.7852974 -0.19999999
    endloop
endfacet
facet normal 0 0 -1
    outer loop
        vertex 3.912405 6.998721 -0.19999999
        vertex 4.7057157 6.915813 -0.19999999
        vertex 4 4.8500004 -0.19999999
    endloop
endfacet
facet normal 0 0 -0.99999994
    outer loop
        vertex 6.9410563 3.5836394 -0.19999999
        vertex 4.7852974 3.674719 -0.19999999
        vertex 4.8500004 4 -0.19999999
    endloop
endfacet
facet normal 0 0 -1
    outer loop
        vertex 4.7057157 6.915813 -0.19999999
        vertex 4.3252807 4.7852974 -0.19999999
        vertex 4 4.8500004 -0.19999999
    endloop
endfacet
facet normal 0 0 -1
    outer loop
        vertex 5.4491386 6.6267843 -0.19999999
        vertex 4.601041 4.601041 -0.19999999
        vertex 4.3252807 4.7852974 -0.19999999
    endloop
endfacet
facet normal -0 0 -1
    outer loop
        vertex 6.0901213 6.1520667 -0.19999999
        vertex 4.601041 4.601041 -0.19999999
        vertex 5.4491386 6.6267843 -0.19999999
    endloop
endfacet
facet normal 0 0 -1
    outer loop
        vertex 3.3989594 3.3989594 -0.19999999
        vertex 2.575736 2.575736 -0.19999999
        vertex 2.4456723 2.7703898 -0.19999999
    endloop
endfacet
facet normal 0 -0 -1
    outer loop
        vertex 1.2 4.5577726 -0.19999999
        vertex 1.2 4.038515 -0.19999999
        vertex 1.0504235 4.5477214 -0.19999999
    endloop
endfacet
facet normal 0 -0 -1
    outer loop
        vertex 1.2 3.5192575 -0.19999999
        vertex 1.2 3 -0.19999999
        vertex 1.1263785 3.1839373 -0.19999999
    endloop
endfacet
facet normal -0 0 -1
    outer loop
        vertex 1.2 3.5192575 -0.19999999
        vertex 1.050897 3.4497344 -0.19999999
        vertex 1 4 -0.19999999
    endloop
endfacet
facet normal 0 0 -0.99999994
    outer loop
        vertex 1 4 -0.19999999
        vertex 1.2 4.038515 -0.19999999
        vertex 1.2 3.5192575 -0.19999999
    endloop
endfacet
facet normal 0 0 -1
    outer loop
        vertex 1.2018601 2.91814 -0.19999999
        vertex 1.1263785 3.1839373 -0.19999999
        vertex 1.2 3 -0.19999999
    endloop
endfacet
facet normal 0 0 -1
    outer loop
        vertex 1.2 3.5192575 -0.19999999
        vertex 1.1263785 3.1839373 -0.19999999
        vertex 1.050897 3.4497344 -0.19999999
    endloop
endfacet
facet normal 0 -0 -0.99999994
    outer loop
        vertex 1.0504235 4.5477214 -0.19999999
        vertex 1.2 4.038515 -0.19999999
        vertex 1 4 -0.19999999
    endloop
endfacet
facet normal 0 -0 -1
    outer loop
        vertex 1.2 5.07703 -0.19999999
        vertex 1.2 4.5577726 -0.19999999
        vertex 1.0504235 4.5477214 -0.19999999
    endloop
endfacet
facet normal -0 0 -1
    outer loop
        vertex 4.5577726 1.2 -0.19999999
        vertex 4.546449 1.0501875 -0.19999999
        vertex 4.038515 1.2 -0.19999999
    endloop
endfacet
facet normal 0 0 -1
    outer loop
        vertex 3.4484625 1.0511347 -0.19999999
        vertex 3.1833012 1.1264974 -0.19999999
        vertex 3.5192575 1.2 -0.19999999
    endloop
endfacet
facet normal 0 0 -1
    outer loop
        vertex 3.1833012 1.1264974 -0.19999999
        vertex 2.91814 1.2018601 -0.19999999
        vertex 3 1.2 -0.19999999
    endloop
endfacet
facet normal 0 0 -1
    outer loop
        vertex 3 1.2 -0.19999999
        vertex 3.5192575 1.2 -0.19999999
        vertex 3.1833012 1.1264974 -0.19999999
    endloop
endfacet
facet normal 0 0 -1
    outer loop
        vertex 3.997412 1.0000011 -0.19999999
        vertex 4.038515 1.2 -0.19999999
        vertex 4.546449 1.0501875 -0.19999999
    endloop
endfacet
facet normal 0 -0 -1
    outer loop
        vertex 4.5577726 1.2 -0.19999999
        vertex 5.07703 1.2 -0.19999999
        vertex 4.546449 1.0501875 -0.19999999
    endloop
endfacet
facet normal 0 0 -1
    outer loop
        vertex 3.5192575 1.2 -0.19999999
        vertex 4.038515 1.2 -0.19999999
        vertex 3.997412 1.0000011 -0.19999999
    endloop
endfacet
facet normal 0 0 -1
    outer loop
        vertex 3.997412 1.0000011 -0.19999999
        vertex 3.4484625 1.0511347 -0.19999999
        vertex 3.5192575 1.2 -0.19999999
    endloop
endfacet
facet normal 0 0 1
    outer loop
        vertex 3.674719 50.7853 2.2
        vertex 3 52.5 2.2
        vertex 3.3989594 50.60104 2.2
    endloop
endfacet
facet normal 0 -0 1
    outer loop
        vertex 3.674719 50.7853 2.2
        vertex 4 50.85 2.2
        vertex 3 52.5 2.2
    endloop
endfacet
facet normal 0 0 1
    outer loop
        vertex 3.3989594 50.60104 2.2
        vertex 3 52.5 2.2
        vertex 2.4259748 52.38582 2.2
    endloop
endfacet
facet normal -0 0 1
    outer loop
        vertex 1.5 51 2.2
        vertex 3.3989594 50.60104 2.2
        vertex 1.6141807 51.574024 2.2
    endloop
endfacet
facet normal 0 0 0.99999994
    outer loop
        vertex 1.5 48.34169 2.2
        vertex 3.15 50 2.2
        vertex 1.5 51 2.2
    endloop
endfacet
facet normal 0 0 1
    outer loop
        vertex 3.3989594 49.39896 2.2
        vertex 1.5 48.34169 2.2
        vertex 1.8579662 47.899597 2.2
    endloop
endfacet
facet normal 0 0 0.99999994
    outer loop
        vertex 3.3989594 49.39896 2.2
        vertex 3.2147024 49.67472 2.2
        vertex 1.5 48.34169 2.2
    endloop
endfacet
facet normal 0 -0 1
    outer loop
        vertex 2.292948 47.533024 2.2
        vertex 3.3989594 49.39896 2.2
        vertex 1.8579662 47.899597 2.2
    endloop
endfacet
facet normal 0 0 1
    outer loop
        vertex 3.3291917 47.075962 2.2
        vertex 4 49.15 2.2
        vertex 3.674719 49.214703 2.2
    endloop
endfacet
facet normal -0 0 1
    outer loop
        vertex 2.7893052 47.255146 2.2
        vertex 3.3291917 47.075962 2.2
        vertex 3.674719 49.214703 2.2
    endloop
endfacet
facet normal 0 0 1
    outer loop
        vertex 3.8931963 47.001904 2.2
        vertex 4.461041 47.035637 2.2
        vertex 4 49.15 2.2
    endloop
endfacet
facet normal 0 0 1
    outer loop
        vertex 5.5470147 48.597748 2.2
        vertex 4.601041 49.39896 2.2
        vertex 5.387365 48.43264 2.2
    endloop
endfacet
facet normal 0 0 1
    outer loop
        vertex 5.387365 48.43264 2.2
        vertex 4.601041 49.39896 2.2
        vertex 4.3252807 49.214703 2.2
    endloop
endfacet
facet normal 0 0 1
    outer loop
        vertex 4 49.15 2.2
        vertex 4.461041 47.035637 2.2
        vertex 5.25 48 2.2
    endloop
endfacet
facet normal 0 0 1
    outer loop
        vertex 6.9547396 50.365692 2.2
        vertex 4.8500004 50 2.2
        vertex 7 50 2.2
    endloop
endfacet
facet normal 0 0 1
    outer loop
        vertex 7 50 2.2
        vertex 4.8500004 50 2.2
        vertex 5.974795 48.749577 2.2
    endloop
endfacet
facet normal 0 0 1
    outer loop
        vertex 6.9094796 50.731388 2.2
        vertex 6.6433816 51.41864 2.2
        vertex 4.7852974 50.325283 2.2
    endloop
endfacet
facet normal 0 0 1
    outer loop
        vertex 1.5 48.34169 2.2
        vertex 3.2147024 49.67472 2.2
        vertex 3.15 50 2.2
    endloop
endfacet
facet normal 0 0 1
    outer loop
        vertex 3.3989594 49.39896 2.2
        vertex 2.292948 47.533024 2.2
        vertex 3.674719 49.214703 2.2
    endloop
endfacet
facet normal -0 0 1
    outer loop
        vertex 1.9393398 52.06066 2.2
        vertex 3.3989594 50.60104 2.2
        vertex 2.4259748 52.38582 2.2
    endloop
endfacet
facet normal 0 -0 0.99999994
    outer loop
        vertex 6.58219 48.47282 2.2
        vertex 6.893664 49.20835 2.2
        vertex 6.411808 48.626827 2.2
    endloop
endfacet
facet normal 0 0 1
    outer loop
        vertex 5.974795 48.749577 2.2
        vertex 6.893664 49.20835 2.2
        vertex 7 50 2.2
    endloop
endfacet
facet normal 0 -0 1
    outer loop
        vertex 6.411808 48.626827 2.2
        vertex 6.893664 49.20835 2.2
        vertex 6.2028103 48.722057 2.2
    endloop
endfacet
facet normal 0 -0 1
    outer loop
        vertex 6.2028103 48.722057 2.2
        vertex 6.893664 49.20835 2.2
        vertex 5.974795 48.749577 2.2
    endloop
endfacet
facet normal 0 0 1
    outer loop
        vertex 6.9094796 50.731388 2.2
        vertex 4.7852974 50.325283 2.2
        vertex 4.8500004 50 2.2
    endloop
endfacet
facet normal 0 -0 1
    outer loop
        vertex 4.601041 50.60104 2.2
        vertex 5.65831 52.5 2.2
        vertex 4.3252807 50.7853 2.2
    endloop
endfacet
facet normal 0 0 1
    outer loop
        vertex 4.601041 50.60104 2.2
        vertex 6.217764 52.02028 2.2
        vertex 5.65831 52.5 2.2
    endloop
endfacet
facet normal 0 0 1
    outer loop
        vertex 4.601041 50.60104 2.2
        vertex 6.6433816 51.41864 2.2
        vertex 6.217764 52.02028 2.2
    endloop
endfacet
facet normal 0 -0 1
    outer loop
        vertex 2.7893052 47.255146 2.2
        vertex 3.674719 49.214703 2.2
        vertex 2.292948 47.533024 2.2
    endloop
endfacet
facet normal -0 0 0.99999994
    outer loop
        vertex 4.7852974 49.67472 2.2
        vertex 5.974795 48.749577 2.2
        vertex 4.8500004 50 2.2
    endloop
endfacet
facet normal 0 0 1
    outer loop
        vertex 5.65831 52.5 2.2
        vertex 3 52.5 2.2
        vertex 4 50.85 2.2
    endloop
endfacet
facet normal 0 0 1
    outer loop
        vertex 4 49.15 2.2
        vertex 3.3291917 47.075962 2.2
        vertex 3.8931963 47.001904 2.2
    endloop
endfacet
facet normal 0 -0 1
    outer loop
        vertex 4.7852974 50.325283 2.2
        vertex 6.6433816 51.41864 2.2
        vertex 4.601041 50.60104 2.2
    endloop
endfacet
facet normal 0 0 1
    outer loop
        vertex 5.5470147 48.597748 2.2
        vertex 4.7852974 49.67472 2.2
        vertex 4.601041 49.39896 2.2
    endloop
endfacet
facet normal 0 0 1
    outer loop
        vertex 5.3228316 47.677597 2.2
        vertex 5.0123096 47.175957 2.2
        vertex 5.52718 47.41781 2.2
    endloop
endfacet
facet normal 0 0 1
    outer loop
        vertex 5.25 48 2.2
        vertex 4.461041 47.035637 2.2
        vertex 5.0123096 47.175957 2.2
    endloop
endfacet
facet normal 0 0 1
    outer loop
        vertex 5.285166 48.226963 2.2
        vertex 4 49.15 2.2
        vertex 5.25 48 2.2
    endloop
endfacet
facet normal 0 -0 1
    outer loop
        vertex 5.285166 48.226963 2.2
        vertex 5.387365 48.43264 2.2
        vertex 4.3252807 49.214703 2.2
    endloop
endfacet
facet normal 0 0 1
    outer loop
        vertex 5.749142 48.706802 2.2
        vertex 4.7852974 49.67472 2.2
        vertex 5.5470147 48.597748 2.2
    endloop
endfacet
facet normal -0 0 1
    outer loop
        vertex 4 49.15 2.2
        vertex 5.285166 48.226963 2.2
        vertex 4.3252807 49.214703 2.2
    endloop
endfacet
facet normal 0 0 1
    outer loop
        vertex 5.25 48 2.2
        vertex 5.0123096 47.175957 2.2
        vertex 5.3228316 47.677597 2.2
    endloop
endfacet
facet normal 0 0 1
    outer loop
        vertex 3.3989594 50.60104 2.2
        vertex 1.9393398 52.06066 2.2
        vertex 1.6141807 51.574024 2.2
    endloop
endfacet
facet normal 0 0 1
    outer loop
        vertex 1.5 51 2.2
        vertex 3.15 50 2.2
        vertex 3.2147024 50.325283 2.2
    endloop
endfacet
facet normal 0 0 1
    outer loop
        vertex 1.5 51 2.2
        vertex 3.2147024 50.325283 2.2
        vertex 3.3989594 50.60104 2.2
    endloop
endfacet
facet normal 0 0 1
    outer loop
        vertex 4.7852974 49.67472 2.2
        vertex 5.749142 48.706802 2.2
        vertex 5.974795 48.749577 2.2
    endloop
endfacet
facet normal -0 0 1
    outer loop
        vertex 4 50.85 2.2
        vertex 4.3252807 50.7853 2.2
        vertex 5.65831 52.5 2.2
    endloop
endfacet
facet normal 0 0 0.99999994
    outer loop
        vertex 6.9094796 50.731388 2.2
        vertex 4.8500004 50 2.2
        vertex 6.9547396 50.365692 2.2
    endloop
endfacet
facet normal 0 0 1
    outer loop
        vertex 1.5 37.670845 0.19999999
        vertex 1.5 27 0.19999999
        vertex 2.4 37.23114 0.19999999
    endloop
endfacet
facet normal 0 0 1
    outer loop
        vertex 1.9033749 47.854267 0.19999999
        vertex 1.5 37.670845 0.19999999
        vertex 2.4 47.46228 0.19999999
    endloop
endfacet
facet normal 0 0 1
    outer loop
        vertex 1.9033749 47.854267 0.19999999
        vertex 1.5 48.34169 0.19999999
        vertex 1.5 37.670845 0.19999999
    endloop
endfacet
facet normal 0 0 1
    outer loop
        vertex 2.4 27 0.19999999
        vertex 1.5 27 0.19999999
        vertex 2.4 16.76886 0.19999999
    endloop
endfacet
facet normal 0 0 1
    outer loop
        vertex 2.4 16.76886 0.19999999
        vertex 1.5 27 0.19999999
        vertex 1.5 16.329155 0.19999999
    endloop
endfacet
facet normal 0 0 1
    outer loop
        vertex 2.4 6.53772 0.19999999
        vertex 1.5 16.329155 0.19999999
        vertex 1.9033749 6.1457314 0.19999999
    endloop
endfacet
facet normal 0 0 1
    outer loop
        vertex 1.5 5.65831 0.19999999
        vertex 1.9033749 6.1457314 0.19999999
        vertex 1.5 16.329155 0.19999999
    endloop
endfacet
facet normal -0 0 0.99999994
    outer loop
        vertex 1.5 16.329155 0.19999999
        vertex 2.4 6.53772 0.19999999
        vertex 2.4 16.76886 0.19999999
    endloop
endfacet
facet normal 0 0 1
    outer loop
        vertex 2.4 37.23114 0.19999999
        vertex 1.5 27 0.19999999
        vertex 2.4 27 0.19999999
    endloop
endfacet
facet normal 0 0 1
    outer loop
        vertex 2.4 47.46228 0.19999999
        vertex 1.5 37.670845 0.19999999
        vertex 2.4 37.23114 0.19999999
    endloop
endfacet
facet normal -0 0 -1
    outer loop
        vertex 3.674719 50.7853 -0.19999999
        vertex 3.3989594 50.60104 -0.19999999
        vertex 3 51.600002 -0.19999999
    endloop
endfacet
facet normal 0 0 -1
    outer loop
        vertex 3.674719 50.7853 -0.19999999
        vertex 3 51.600002 -0.19999999
        vertex 4 50.85 -0.19999999
    endloop
endfacet
facet normal 0 0 -1
    outer loop
        vertex 3.3989594 50.60104 -0.19999999
        vertex 2.7703898 51.554325 -0.19999999
        vertex 3 51.600002 -0.19999999
    endloop
endfacet
facet normal -0 0 -1
    outer loop
        vertex 3.2147024 50.325283 -0.19999999
        vertex 3.15 50 -0.19999999
        vertex 2.4 51 -0.19999999
    endloop
endfacet
facet normal 0 -0 -1
    outer loop
        vertex 3.2147024 49.67472 -0.19999999
        vertex 3.3989594 49.39896 -0.19999999
        vertex 2.4 47.46228 -0.19999999
    endloop
endfacet
facet normal -0 0 -0.99999994
    outer loop
        vertex 3.2147024 49.67472 -0.19999999
        vertex 2.4 47.46228 -0.19999999
        vertex 2.4 51 -0.19999999
    endloop
endfacet
facet normal 0 -0 -1
    outer loop
        vertex 3.3989594 49.39896 -0.19999999
        vertex 3.674719 49.214703 -0.19999999
        vertex 2.4 47.46228 -0.19999999
    endloop
endfacet
facet normal 0 0 -0.99999994
    outer loop
        vertex 3.674719 49.214703 -0.19999999
        vertex 3.1252863 47.130352 -0.19999999
        vertex 2.4 47.46228 -0.19999999
    endloop
endfacet
facet normal 0 0 -1
    outer loop
        vertex 3.1252863 47.130352 -0.19999999
        vertex 3.674719 49.214703 -0.19999999
        vertex 4 49.15 -0.19999999
    endloop
endfacet
facet normal 0 0 -0.99999994
    outer loop
        vertex 3.912405 47.00128 -0.19999999
        vertex 4 49.15 -0.19999999
        vertex 4.7057157 47.084187 -0.19999999
    endloop
endfacet
facet normal -0 0 -1
    outer loop
        vertex 6.0901213 47.847935 -0.19999999
        vertex 5.4491386 47.373215 -0.19999999
        vertex 4.601041 49.39896 -0.19999999
    endloop
endfacet
facet normal 0 0 -0.99999994
    outer loop
        vertex 5.4491386 47.373215 -0.19999999
        vertex 4.3252807 49.214703 -0.19999999
        vertex 4.601041 49.39896 -0.19999999
    endloop
endfacet
facet normal 0 0 -1
    outer loop
        vertex 6.0901213 47.847935 -0.19999999
        vertex 4.601041 49.39896 -0.19999999
        vertex 6.583352 48.47478 -0.19999999
    endloop
endfacet
facet normal -0 0 -1
    outer loop
        vertex 7 50 -0.19999999
        vertex 6.893964 49.20945 -0.19999999
        vertex 4.8500004 50 -0.19999999
    endloop
endfacet
facet normal 0 0 -1
    outer loop
        vertex 6.893964 49.20945 -0.19999999
        vertex 4.7852974 49.67472 -0.19999999
        vertex 4.8500004 50 -0.19999999
    endloop
endfacet
facet normal 0 0 -1
    outer loop
        vertex 7 50 -0.19999999
        vertex 4.8500004 50 -0.19999999
        vertex 6.9410563 50.416363 -0.19999999
    endloop
endfacet
facet normal 0 0 -0.99999994
    outer loop
        vertex 4.3252807 50.7853 -0.19999999
        vertex 6.53772 51.600002 -0.19999999
        vertex 4.601041 50.60104 -0.19999999
    endloop
endfacet
facet normal 0 0 -1
    outer loop
        vertex 6.53772 51.600002 -0.19999999
        vertex 4.7852974 50.325283 -0.19999999
        vertex 4.601041 50.60104 -0.19999999
    endloop
endfacet
facet normal -0 0 -1
    outer loop
        vertex 6.882113 50.83272 -0.19999999
        vertex 4.7852974 50.325283 -0.19999999
        vertex 6.53772 51.600002 -0.19999999
    endloop
endfacet
facet normal 0 0 -1
    outer loop
        vertex 4.8500004 50 -0.19999999
        vertex 4.7852974 50.325283 -0.19999999
        vertex 6.882113 50.83272 -0.19999999
    endloop
endfacet
facet normal 0 0 -1
    outer loop
        vertex 3.2147024 49.67472 -0.19999999
        vertex 2.4 51 -0.19999999
        vertex 3.15 50 -0.19999999
    endloop
endfacet
facet normal -0 0 -1
    outer loop
        vertex 3.3989594 50.60104 -0.19999999
        vertex 3.2147024 50.325283 -0.19999999
        vertex 2.4 51 -0.19999999
    endloop
endfacet
facet normal 0 0 -1
    outer loop
        vertex 6.583352 48.47478 -0.19999999
        vertex 4.7852974 49.67472 -0.19999999
        vertex 6.893964 49.20945 -0.19999999
    endloop
endfacet
facet normal 0 0 -1
    outer loop
        vertex 3.1252863 47.130352 -0.19999999
        vertex 4 49.15 -0.19999999
        vertex 3.912405 47.00128 -0.19999999
    endloop
endfacet
facet normal 0 0 -0.99999994
    outer loop
        vertex 4.7057157 47.084187 -0.19999999
        vertex 4 49.15 -0.19999999
        vertex 4.3252807 49.214703 -0.19999999
    endloop
endfacet
facet normal 0 0 -1
    outer loop
        vertex 6.583352 48.47478 -0.19999999
        vertex 4.601041 49.39896 -0.19999999
        vertex 4.7852974 49.67472 -0.19999999
    endloop
endfacet
facet normal 0 -0 -1
    outer loop
        vertex 2.7703898 51.554325 -0.19999999
        vertex 3.3989594 50.60104 -0.19999999
        vertex 2.575736 51.424263 -0.19999999
    endloop
endfacet
facet normal 0 0 -1
    outer loop
        vertex 3.3989594 50.60104 -0.19999999
        vertex 2.4456723 51.22961 -0.19999999
        vertex 2.575736 51.424263 -0.19999999
    endloop
endfacet
facet normal 0 0 -0.99999994
    outer loop
        vertex 3.3989594 50.60104 -0.19999999
        vertex 2.4 51 -0.19999999
        vertex 2.4456723 51.22961 -0.19999999
    endloop
endfacet
facet normal 0 0 -1
    outer loop
        vertex 4 50.85 -0.19999999
        vertex 3 51.600002 -0.19999999
        vertex 4.3252807 50.7853 -0.19999999
    endloop
endfacet
facet normal 0 0 -1
    outer loop
        vertex 3 51.600002 -0.19999999
        vertex 6.53772 51.600002 -0.19999999
        vertex 4.3252807 50.7853 -0.19999999
    endloop
endfacet
facet normal 0 0 -1
    outer loop
        vertex 4.7057157 47.084187 -0.19999999
        vertex 4.3252807 49.214703 -0.19999999
        vertex 5.4491386 47.373215 -0.19999999
    endloop
endfacet
facet normal -0 0 -1
    outer loop
        vertex 6.9410563 50.416363 -0.19999999
        vertex 4.8500004 50 -0.19999999
        vertex 6.882113 50.83272 -0.19999999
    endloop
endfacet
facet normal 0 0 -0.99999994
    outer loop
        vertex 1.2 49.442226 -0.19999999
        vertex 1.0504235 49.45228 -0.19999999
        vertex 1.2 49.961487 -0.19999999
    endloop
endfacet
facet normal 0 0 -1
    outer loop
        vertex 1.050897 50.550266 -0.19999999
        vertex 1.1263785 50.816063 -0.19999999
        vertex 1.2 50.480743 -0.19999999
    endloop
endfacet
facet normal 0 0 -1
    outer loop
        vertex 1.1263785 50.816063 -0.19999999
        vertex 1.2018601 51.08186 -0.19999999
        vertex 1.2 51 -0.19999999
    endloop
endfacet
facet normal 0 -0 -0.99999994
    outer loop
        vertex 1.2 51 -0.19999999
        vertex 1.2 50.480743 -0.19999999
        vertex 1.1263785 50.816063 -0.19999999
    endloop
endfacet
facet normal 0 0 -0.99999994
    outer loop
        vertex 1 50 -0.19999999
        vertex 1.2 49.961487 -0.19999999
        vertex 1.0504235 49.45228 -0.19999999
    endloop
endfacet
facet normal -0 -0 -1
    outer loop
        vertex 1.2 49.442226 -0.19999999
        vertex 1.2 48.92297 -0.19999999
        vertex 1.0504235 49.45228 -0.19999999
    endloop
endfacet
facet normal 0 -0 -1
    outer loop
        vertex 1.2 50.480743 -0.19999999
        vertex 1.2 49.961487 -0.19999999
        vertex 1 50 -0.19999999
    endloop
endfacet
facet normal -0 0 -1
    outer loop
        vertex 1.2 50.480743 -0.19999999
        vertex 1 50 -0.19999999
        vertex 1.050897 50.550266 -0.19999999
    endloop
endfacet
facet normal 0 0 -1
    outer loop
        vertex 4.5577726 52.8 -0.19999999
        vertex 4.038515 52.8 -0.19999999
        vertex 4.546449 52.949814 -0.19999999
    endloop
endfacet
facet normal 0 0 -1
    outer loop
        vertex 3.5192575 52.8 -0.19999999
        vertex 3 52.8 -0.19999999
        vertex 3.1833012 52.873505 -0.19999999
    endloop
endfacet
facet normal 0 0 -1
    outer loop
        vertex 3.5192575 52.8 -0.19999999
        vertex 3.4484625 52.948868 -0.19999999
        vertex 3.997412 53 -0.19999999
    endloop
endfacet
facet normal 0 -0 -1
    outer loop
        vertex 3.997412 53 -0.19999999
        vertex 4.038515 52.8 -0.19999999
        vertex 3.5192575 52.8 -0.19999999
    endloop
endfacet
facet normal 0 0 -1
    outer loop
        vertex 2.91814 52.79814 -0.19999999
        vertex 3.1833012 52.873505 -0.19999999
        vertex 3 52.8 -0.19999999
    endloop
endfacet
facet normal 0 0 -1
    outer loop
        vertex 3.5192575 52.8 -0.19999999
        vertex 3.1833012 52.873505 -0.19999999
        vertex 3.4484625 52.948868 -0.19999999
    endloop
endfacet
facet normal -0 0 -1
    outer loop
        vertex 4.546449 52.949814 -0.19999999
        vertex 4.038515 52.8 -0.19999999
        vertex 3.997412 53 -0.19999999
    endloop
endfacet
facet normal 0 0 -1
    outer loop
        vertex 4.546449 52.949814 -0.19999999
        vertex 5.07703 52.8 -0.19999999
        vertex 4.5577726 52.8 -0.19999999
    endloop
endfacet
facet normal 0.96378922 0.26637855 -0.01236257
    outer loop
        vertex 6.8764977 50.79503 1
        vertex 6.9094796 50.731388 2.2
        vertex 6.9580398 50.5 1
    endloop
endfacet
facet normal 0.96378887 0.26638001 -0.01236248
    outer loop
        vertex 6.8764977 50.79503 1
        vertex 6.7949553 51.090057 1
        vertex 6.9094796 50.731388 2.2
    endloop
endfacet
facet normal 0.96232122 0.26241997 0.07122976
    outer loop
        vertex 6.8802104 50.78541 0
        vertex 6.882113 50.83272 -0.19999999
        vertex 6.80238 51.070824 0
    endloop
endfacet
facet normal 0.97999948 -0.19900024 0
    outer loop
        vertex 6.9410563 50.416363 -0.19999999
        vertex 6.9580398 50.5 0
        vertex 6.9580398 50.5 1
    endloop
endfacet
facet normal 0.98019797 0.13876505 -0.14126565
    outer loop
        vertex 6.9410563 50.416363 -0.19999999
        vertex 6.882113 50.83272 -0.19999999
        vertex 6.9580398 50.5 0
    endloop
endfacet
facet normal 0.99229342 0.1228101 0.01647426
    outer loop
        vertex 6.9547396 50.365692 2.2
        vertex 6.9580398 50.5 1
        vertex 6.9094796 50.731388 2.2
    endloop
endfacet
facet normal 0.63490981 0.77258629 -0
    outer loop
        vertex 5.65831 52.5 1
        vertex 5.65831 52.5 2.2
        vertex 6.1312723 52.11132 1
    endloop
endfacet
facet normal 0.88964581 0.45647693 -0.01261965
    outer loop
        vertex 6.515487 51.634724 1
        vertex 6.6433816 51.41864 2.2
        vertex 6.7949553 51.090057 1
    endloop
endfacet
facet normal 0.81625426 0.57744324 0.01698468
    outer loop
        vertex 6.515487 51.634724 1
        vertex 6.217764 52.02028 2.2
        vertex 6.6433816 51.41864 2.2
    endloop
endfacet
facet normal 0.93237144 0.36100614 0.0189188
    outer loop
        vertex 6.7949553 51.090057 1
        vertex 6.6433816 51.41864 2.2
        vertex 6.9094796 50.731388 2.2
    endloop
endfacet
facet normal 0.99649721 0.08362652 0
    outer loop
        vertex 6.9580398 50.5 1
        vertex 7 50 2.2
        vertex 7 50 -0.19999999
    endloop
endfacet
facet normal 0.96232212 0.26241699 0.07122906
    outer loop
        vertex 6.9580398 50.5 0
        vertex 6.882113 50.83272 -0.19999999
        vertex 6.8802104 50.78541 0
    endloop
endfacet
facet normal 0.7784946 0.62759376 -0.00849675
    outer loop
        vertex 6.515487 51.634724 1
        vertex 6.1312723 52.11132 1
        vertex 6.217764 52.02028 2.2
    endloop
endfacet
facet normal 0.65090215 0.75908649 0.01067572
    outer loop
        vertex 6.217764 52.02028 2.2
        vertex 6.1312723 52.11132 1
        vertex 5.65831 52.5 2.2
    endloop
endfacet
facet normal 0.90540284 0.40638873 -0.12285784
    outer loop
        vertex 6.80238 51.070824 0
        vertex 6.882113 50.83272 -0.19999999
        vertex 6.53772 51.600002 -0.19999999
    endloop
endfacet
facet normal 0.98984748 0.14013098 -0.02377604
    outer loop
        vertex 6.9580398 50.5 1
        vertex 7 50 -0.19999999
        vertex 6.9410563 50.416363 -0.19999999
    endloop
endfacet
facet normal 0.99229312 0.12281263 0.01647455
    outer loop
        vertex 6.9580398 50.5 1
        vertex 6.9547396 50.365692 2.2
        vertex 7 50 2.2
    endloop
endfacet
facet normal 0.89437944 0.44730899 -0
    outer loop
        vertex 6.53772 51.600002 -0.19999999
        vertex 6.53772 51.600002 0
        vertex 6.80238 51.070824 0
    endloop
endfacet
facet normal -0.99574965 0.09210208 0
    outer loop
        vertex 1.050897 50.550266 -0.19999999
        vertex 1 50 -0.19999999
        vertex 1.050897 50.550266 0
    endloop
endfacet
facet normal -0.96196288 0.27318037 0
    outer loop
        vertex 1.1263785 50.816063 -0.19999999
        vertex 1.050897 50.550266 -0.19999999
        vertex 1.050897 50.550266 0
    endloop
endfacet
facet normal -0.96196288 0.27318037 0
    outer loop
        vertex 1.2018601 51.08186 0
        vertex 1.1263785 50.816063 -0.19999999
        vertex 1.050897 50.550266 0
    endloop
endfacet
facet normal -0.99574965 0.09210208 0
    outer loop
        vertex 1.050897 50.550266 0
        vertex 1 50 -0.19999999
        vertex 1 50 0
    endloop
endfacet
facet normal -0.96196288 0.27318037 0
    outer loop
        vertex 1.2018601 51.08186 0
        vertex 1.2018601 51.08186 -0.19999999
        vertex 1.1263785 50.816063 -0.19999999
    endloop
endfacet
facet normal 0.27173498 0.96237218 0
    outer loop
        vertex 5.07703 52.8 0
        vertex 5.07703 52.8 -0.19999999
        vertex 4.546449 52.949814 0
    endloop
endfacet
facet normal 0.09102807 0.9958483 0
    outer loop
        vertex 4.546449 52.949814 0
        vertex 4.546449 52.949814 -0.19999999
        vertex 3.997412 53 0
    endloop
endfacet
facet normal -0.09274409 0.99568999 0
    outer loop
        vertex 3.997412 53 0
        vertex 3.997412 53 -0.19999999
        vertex 3.4484625 52.948868 0
    endloop
endfacet
facet normal -0.09274409 0.99568999 0
    outer loop
        vertex 3.997412 53 -0.19999999
        vertex 3.4484625 52.948868 -0.19999999
        vertex 3.4484625 52.948868 0
    endloop
endfacet
facet normal -0.27338868 0.96190357 0
    outer loop
        vertex 3.1833012 52.873505 -0.19999999
        vertex 2.91814 52.79814 -0.19999999
        vertex 2.91814 52.79814 0
    endloop
endfacet
facet normal -0.27338868 0.96190357 0
    outer loop
        vertex 3.4484625 52.948868 0
        vertex 3.1833012 52.873505 -0.19999999
        vertex 2.91814 52.79814 0
    endloop
endfacet
facet normal -0.27338868 0.96190357 0
    outer loop
        vertex 3.4484625 52.948868 0
        vertex 3.4484625 52.948868 -0.19999999
        vertex 3.1833012 52.873505 -0.19999999
    endloop
endfacet
facet normal 0.09102807 0.9958483 0
    outer loop
        vertex 4.546449 52.949814 -0.19999999
        vertex 3.997412 53 -0.19999999
        vertex 3.997412 53 0
    endloop
endfacet
facet normal 0.27173498 0.96237218 -0
    outer loop
        vertex 4.546449 52.949814 -0.19999999
        vertex 4.546449 52.949814 0
        vertex 5.07703 52.8 -0.19999999
    endloop
endfacet
facet normal -0.4884879 -0.87255794 0.0047171
    outer loop
        vertex 2.4 47.46228 0.19999999
        vertex 2.7893052 47.255146 2.2
        vertex 2.292948 47.533024 2.2
    endloop
endfacet
facet normal -0.41614223 -0.90929961 -0
    outer loop
        vertex 2.4 47.46228 0.19999999
        vertex 2.4 47.46228 -0.19999999
        vertex 3.1252863 47.130352 -0.19999999
    endloop
endfacet
facet normal -0.7703982 -0.63755578 -0.00304118
    outer loop
        vertex 1.9033749 47.854267 0.19999999
        vertex 1.8579662 47.899597 2.2
        vertex 1.5 48.34169 0.19999999
    endloop
endfacet
facet normal -0.61955184 -0.7849372 -0.00539753
    outer loop
        vertex 2.292948 47.533024 2.2
        vertex 1.9033749 47.854267 0.19999999
        vertex 2.4 47.46228 0.19999999
    endloop
endfacet
facet normal -0.4215138 -0.90674448 -0.01186017
    outer loop
        vertex 2.7893052 47.255146 2.2
        vertex 2.4 47.46228 0.19999999
        vertex 3.1252863 47.130352 -0.19999999
    endloop
endfacet
facet normal -0.31499192 -0.94907981 0.00525339
    outer loop
        vertex 3.3291917 47.075962 2.2
        vertex 2.7893052 47.255146 2.2
        vertex 3.1252863 47.130352 -0.19999999
    endloop
endfacet
facet normal -0.16181105 -0.98678416 -0.00861542
    outer loop
        vertex 3.912405 47.00128 -0.19999999
        vertex 3.3291917 47.075962 2.2
        vertex 3.1252863 47.130352 -0.19999999
    endloop
endfacet
facet normal -0.13019076 -0.9914887 -0.00078512
    outer loop
        vertex 3.912405 47.00128 -0.19999999
        vertex 3.8931963 47.001904 2.2
        vertex 3.3291917 47.075962 2.2
    endloop
endfacet
facet normal 0.05930142 -0.99823987 0.00073325
    outer loop
        vertex 3.912405 47.00128 -0.19999999
        vertex 4.461041 47.035637 2.2
        vertex 3.8931963 47.001904 2.2
    endloop
endfacet
facet normal 0.24667038 -0.96908355 0.00554389
    outer loop
        vertex 4.461041 47.035637 2.2
        vertex 4.7057157 47.084187 -0.19999999
        vertex 5.0123096 47.175957 2.2
    endloop
endfacet
facet normal 0.10393412 -0.99453861 -0.00952269
    outer loop
        vertex 4.461041 47.035637 2.2
        vertex 3.912405 47.00128 -0.19999999
        vertex 4.7057157 47.084187 -0.19999999
    endloop
endfacet
facet normal 0.36233777 -0.93198603 -0.01065084
    outer loop
        vertex 5.0123096 47.175957 2.2
        vertex 4.7057157 47.084187 -0.19999999
        vertex 5.4491386 47.373215 -0.19999999
    endloop
endfacet
facet normal 0.7901516 -0.61291152 -0.00012329
    outer loop
        vertex 6.58219 48.47282 2.1
        vertex 6.1213202 47.878677 2.1
        vertex 6.583352 48.47478 -0.19999999
    endloop
endfacet
facet normal 0.42516333 -0.90511668 0
    outer loop
        vertex 5.52718 47.41781 2.2
        vertex 5.0123096 47.175957 2.2
        vertex 5.52718 47.41781 2.1
    endloop
endfacet
facet normal -0.77717477 -0.62928468 0
    outer loop
        vertex 1.8579662 47.899597 2.2
        vertex 1.5 48.34169 2.2
        vertex 1.5 48.34169 0.19999999
    endloop
endfacet
facet normal 0.99112427 -0.1329391 0
    outer loop
        vertex 7 50 -0.19999999
        vertex 7 50 2.2
        vertex 6.893964 49.20945 -0.19999999
    endloop
endfacet
facet normal 0.99109906 -0.13312674 0.00006292
    outer loop
        vertex 6.893964 49.20945 -0.19999999
        vertex 7 50 2.2
        vertex 6.893664 49.20835 2.2
    endloop
endfacet
facet normal 0.92084104 -0.38993818 -0.00006342
    outer loop
        vertex 6.58219 48.47282 2.1
        vertex 6.893964 49.20945 -0.19999999
        vertex 6.893664 49.20835 2.2
    endloop
endfacet
facet normal 0.92083794 -0.38994548 0
    outer loop
        vertex 6.58219 48.47282 2.2
        vertex 6.58219 48.47282 2.1
        vertex 6.893664 49.20835 2.2
    endloop
endfacet
facet normal 0.92106158 -0.38941705 0.00013338
    outer loop
        vertex 6.893964 49.20945 -0.19999999
        vertex 6.58219 48.47282 2.1
        vertex 6.583352 48.47478 -0.19999999
    endloop
endfacet
facet normal 0.78588426 -0.61836904 -0.00239498
    outer loop
        vertex 6.583352 48.47478 -0.19999999
        vertex 6.1213202 47.878677 2.1
        vertex 6.0901213 47.847935 -0.19999999
    endloop
endfacet
facet normal 0.61291099 -0.79014885 0.00224742
    outer loop
        vertex 6.0901213 47.847935 -0.19999999
        vertex 6.1213202 47.878677 2.1
        vertex 5.52718 47.41781 2.1
    endloop
endfacet
facet normal 0.59515494 -0.80359781 -0.00461362
    outer loop
        vertex 5.4491386 47.373215 -0.19999999
        vertex 6.0901213 47.847935 -0.19999999
        vertex 5.52718 47.41781 2.1
    endloop
endfacet
facet normal -0.64441395 -0.76467198 0.0027003
    outer loop
        vertex 1.9033749 47.854267 0.19999999
        vertex 2.292948 47.533024 2.2
        vertex 1.8579662 47.899597 2.2
    endloop
endfacet
facet normal 0.42565468 -0.90488034 0.00310144
    outer loop
        vertex 5.4491386 47.373215 -0.19999999
        vertex 5.52718 47.41781 2.1
        vertex 5.0123096 47.175957 2.2
    endloop
endfacet
facet normal -0.99578911 -0.09167276 -0
    outer loop
        vertex 1.0504235 49.45228 0
        vertex 1 50 0
        vertex 1.0504235 49.45228 -0.19999999
    endloop
endfacet
facet normal -0.96231449 -0.27193919 0
    outer loop
        vertex 1.2 48.92297 0
        vertex 1.0504235 49.45228 0
        vertex 1.0504235 49.45228 -0.19999999
    endloop
endfacet
facet normal -0.99578911 -0.09167276 0
    outer loop
        vertex 1.0504235 49.45228 -0.19999999
        vertex 1 50 0
        vertex 1 50 -0.19999999
    endloop
endfacet
facet normal -0.96231449 -0.27193919 -0
    outer loop
        vertex 1.2 48.92297 0
        vertex 1.0504235 49.45228 -0.19999999
        vertex 1.2 48.92297 -0.19999999
    endloop
endfacet
facet normal 0.83147073 -0.55556852 0
    outer loop
        vertex 1.6141807 51.574024 2.2
        vertex 1.9393398 52.06066 2.2
        vertex 1.6141807 51.574024 5
    endloop
endfacet
facet normal 0.55556786 -0.83147126 0
    outer loop
        vertex 1.9393398 52.06066 2.2
        vertex 2.4259748 52.38582 2.2
        vertex 1.9393398 52.06066 5
    endloop
endfacet
facet normal 0.55556786 -0.83147126 0
    outer loop
        vertex 2.4259748 52.38582 2.2
        vertex 2.4259748 52.38582 5
        vertex 1.9393398 52.06066 5
    endloop
endfacet
facet normal 0.98078519 -0.19509059 0
    outer loop
        vertex 1.6141807 51.574024 2.2
        vertex 1.6141807 51.574024 5
        vertex 1.5 51 2.2
    endloop
endfacet
facet normal 0.19509168 -0.98078501 0
    outer loop
        vertex 3 52.5 5
        vertex 2.4259748 52.38582 5
        vertex 3 52.5 2.2
    endloop
endfacet
facet normal 0.19509168 -0.98078501 0
    outer loop
        vertex 2.4259748 52.38582 5
        vertex 2.4259748 52.38582 2.2
        vertex 3 52.5 2.2
    endloop
endfacet
facet normal 0.98078519 -0.19509059 0
    outer loop
        vertex 1.6141807 51.574024 5
        vertex 1.5 51 5
        vertex 1.5 51 2.2
    endloop
endfacet
facet normal 0.83147073 -0.55556852 0
    outer loop
        vertex 1.9393398 52.06066 2.2
        vertex 1.9393398 52.06066 5
        vertex 1.6141807 51.574024 5
    endloop
endfacet
facet normal -0.96378839 -0.26638123 -0.01236832
    outer loop
        vertex 217.1235 3.204971 1
        vertex 217.09052 3.2686126 2.2
        vertex 217.04196 3.5 1
    endloop
endfacet
facet normal -0.96378833 -0.26638144 -0.01236831
    outer loop
        vertex 217.1235 3.204971 1
        vertex 217.20505 2.9099424 1
        vertex 217.09052 3.2686126 2.2
    endloop
endfacet
facet normal -0.96230674 -0.26248312 0.07119313
    outer loop
        vertex 217.11978 3.2145877 0
        vertex 217.11789 3.1672785 -0.19999999
        vertex 217.19763 2.9291754 0
    endloop
endfacet
facet normal -0.88964838 -0.45647198 -0.01261176
    outer loop
        vertex 217.35663 2.581362 2.2
        vertex 217.20505 2.9099424 1
        vertex 217.48451 2.3652751 1
    endloop
endfacet
facet normal -0.77849305 -0.62759554 -0.00850264
    outer loop
        vertex 217.78223 1.9797217 2.2
        vertex 217.48451 2.3652751 1
        vertex 217.86873 1.8886788 1
    endloop
endfacet
facet normal -0.99229425 -0.12280449 0.01646993
    outer loop
        vertex 217.09052 3.2686126 2.2
        vertex 217 4 2.2
        vertex 217.04196 3.5 1
    endloop
endfacet
facet normal -0.81626725 -0.57742447 0.01698865
    outer loop
        vertex 217.35663 2.581362 2.2
        vertex 217.48451 2.3652751 1
        vertex 217.78223 1.9797217 2.2
    endloop
endfacet
facet normal -0.65089631 -0.75909168 0.01067167
    outer loop
        vertex 218.34169 1.5 2.2
        vertex 217.78223 1.9797217 2.2
        vertex 217.86873 1.8886788 1
    endloop
endfacet
facet normal -0.99649692 -0.08362935 0
    outer loop
        vertex 217.04196 3.5 1
        vertex 217 4 2.2
        vertex 217 4 -0.19999999
    endloop
endfacet
facet normal -0.99649698 -0.08362935 0
    outer loop
        vertex 217.04196 3.5 0
        vertex 217.04196 3.5 1
        vertex 217 4 -0.19999999
    endloop
endfacet
facet normal -0.96233428 -0.26238772 0.07117084
    outer loop
        vertex 217.04196 3.5 0
        vertex 217.11789 3.1672785 -0.19999999
        vertex 217.11978 3.2145877 0
    endloop
endfacet
facet normal -0.93236428 -0.3610248 0.01891906
    outer loop
        vertex 217.09052 3.2686126 2.2
        vertex 217.20505 2.9099424 1
        vertex 217.35663 2.581362 2.2
    endloop
endfacet
facet normal -0.90540791 -0.40638989 -0.12281647
    outer loop
        vertex 217.11789 3.1672785 -0.19999999
        vertex 217.46228 2.4 -0.19999999
        vertex 217.19763 2.9291754 0
    endloop
endfacet
facet normal -0.63490987 -0.77258623 -0
    outer loop
        vertex 218.34169 1.5 2.2
        vertex 217.86873 1.8886788 1
        vertex 218.34169 1.5 1
    endloop
endfacet
facet normal -0.98019767 -0.13876779 -0.14126582
    outer loop
        vertex 217.11789 3.1672785 -0.19999999
        vertex 217.04196 3.5 0
        vertex 217 4 -0.19999999
    endloop
endfacet
facet normal -0.89438611 -0.44729581 -0
    outer loop
        vertex 217.46228 2.4 0
        vertex 217.19763 2.9291754 0
        vertex 217.46228 2.4 -0.19999999
    endloop
endfacet
facet normal -0.27173266 -0.96237272 0
    outer loop
        vertex 219.45355 1.0501875 -0.19999999
        vertex 219.45355 1.0501875 0
        vertex 218.92297 1.2 -0.19999999
    endloop
endfacet
facet normal 0.0927491 -0.99568957 0
    outer loop
        vertex 220.55153 1.0511347 0
        vertex 220.0026 1.0000011 -0.19999999
        vertex 220.55153 1.0511347 -0.19999999
    endloop
endfacet
facet normal -0.09102776 -0.9958483 0
    outer loop
        vertex 220.0026 1.0000011 -0.19999999
        vertex 220.0026 1.0000011 0
        vertex 219.45355 1.0501875 -0.19999999
    endloop
endfacet
facet normal 0.27338144 -0.96190572 0.00002088
    outer loop
        vertex 221.08185 1.2018601 0
        vertex 220.55153 1.0511347 -0.19999999
        vertex 220.8167 1.1264974 -0.19999999
    endloop
endfacet
facet normal 0.27338871 -0.96190369 0
    outer loop
        vertex 220.55153 1.0511347 -0.19999999
        vertex 221.08185 1.2018601 0
        vertex 220.55153 1.0511347 0
    endloop
endfacet
facet normal 0.0927491 -0.99568957 0
    outer loop
        vertex 220.0026 1.0000011 -0.19999999
        vertex 220.55153 1.0511347 0
        vertex 220.0026 1.0000011 0
    endloop
endfacet
facet normal -0.09102776 -0.9958483 0
    outer loop
        vertex 219.45355 1.0501875 -0.19999999
        vertex 220.0026 1.0000011 0
        vertex 219.45355 1.0501875 0
    endloop
endfacet
facet normal -0.27173266 -0.96237272 0
    outer loop
        vertex 218.92297 1.2 -0.19999999
        vertex 219.45355 1.0501875 0
        vertex 218.92297 1.2 0
    endloop
endfacet
facet normal 0.27339599 -0.96190161 0
    outer loop
        vertex 221.08185 1.2018601 0
        vertex 220.8167 1.1264974 -0.19999999
        vertex 221.08185 1.2018601 -0.19999999
    endloop
endfacet
facet normal 0.96195948 -0.27319205 0.00007307
    outer loop
        vertex 222.9491 3.4497344 0
        vertex 222.79814 2.91814 -0.19999999
        vertex 222.87363 3.1839373 -0.19999999
    endloop
endfacet
facet normal 0.99574846 -0.09211353 0
    outer loop
        vertex 223 4 -0.19999999
        vertex 223 4 0
        vertex 222.9491 3.4497344 -0.19999999
    endloop
endfacet
facet normal 0.99574846 -0.09211353 0
    outer loop
        vertex 222.9491 3.4497344 -0.19999999
        vertex 223 4 0
        vertex 222.9491 3.4497344 0
    endloop
endfacet
facet normal 0.96196675 -0.27316663 0
    outer loop
        vertex 222.79814 2.91814 -0.19999999
        vertex 222.9491 3.4497344 0
        vertex 222.79814 2.91814 0
    endloop
endfacet
facet normal 0.96197385 -0.27314118 0
    outer loop
        vertex 222.9491 3.4497344 0
        vertex 222.87363 3.1839373 -0.19999999
        vertex 222.9491 3.4497344 -0.19999999
    endloop
endfacet
facet normal -0.92084581 0.38992688 -0.00006148
    outer loop
        vertex 217.10603 4.7905517 -0.19999999
        vertex 217.10634 4.791651 2.2
        vertex 217.4178 5.52718 2.1
    endloop
endfacet
facet normal -0.79014587 0.61291885 -0.00012425
    outer loop
        vertex 217.41664 5.525219 -0.19999999
        vertex 217.4178 5.52718 2.1
        vertex 217.87868 6.1213202 2.1
    endloop
endfacet
facet normal -0.78588843 0.61836368 -0.00239067
    outer loop
        vertex 217.90987 6.1520667 -0.19999999
        vertex 217.41664 5.525219 -0.19999999
        vertex 217.87868 6.1213202 2.1
    endloop
endfacet
facet normal -0.59514785 0.80360305 -0.00461101
    outer loop
        vertex 218.55086 6.6267843 -0.19999999
        vertex 217.90987 6.1520667 -0.19999999
        vertex 218.47282 6.58219 2.1
    endloop
endfacet
facet normal -0.42566553 0.90487534 0.00310267
    outer loop
        vertex 218.98769 6.824045 2.2
        vertex 218.55086 6.6267843 -0.19999999
        vertex 218.47282 6.58219 2.1
    endloop
endfacet
facet normal -0.24666446 0.96908504 0.00554364
    outer loop
        vertex 219.53896 6.9643617 2.2
        vertex 219.29428 6.915813 -0.19999999
        vertex 218.98769 6.824045 2.2
    endloop
endfacet
facet normal -0.10393906 0.99453807 -0.00952178
    outer loop
        vertex 219.53896 6.9643617 2.2
        vertex 220.08759 6.998721 -0.19999999
        vertex 219.29428 6.915813 -0.19999999
    endloop
endfacet
facet normal -0.99112469 0.13293535 0
    outer loop
        vertex 217.10603 4.7905517 -0.19999999
        vertex 217 4 -0.19999999
        vertex 217 4 2.2
    endloop
endfacet
facet normal 0.13019039 0.9914887 -0.00078567
    outer loop
        vertex 220.08759 6.998721 -0.19999999
        vertex 220.10681 6.9980984 2.2
        vertex 220.6708 6.9240413 2.2
    endloop
endfacet
facet normal -0.05930611 0.99823964 0.00073412
    outer loop
        vertex 220.08759 6.998721 -0.19999999
        vertex 219.53896 6.9643617 2.2
        vertex 220.10681 6.9980984 2.2
    endloop
endfacet
facet normal 0.42151523 0.90674371 -0.01186079
    outer loop
        vertex 220.87471 6.869647 -0.19999999
        vertex 221.2107 6.744853 2.2
        vertex 221.59999 6.53772 0.19999999
    endloop
endfacet
facet normal 0.77718365 0.62927389 0
    outer loop
        vertex 222.14204 6.100403 2.2
        vertex 222.5 5.65831 2.2
        vertex 222.5 5.65831 0.19999999
    endloop
endfacet
facet normal 0.77039224 0.63756287 -0.00304777
    outer loop
        vertex 222.09662 6.1457314 0.19999999
        vertex 222.14204 6.100403 2.2
        vertex 222.5 5.65831 0.19999999
    endloop
endfacet
facet normal 0.64440042 0.76468354 0.00269495
    outer loop
        vertex 222.09662 6.1457314 0.19999999
        vertex 221.70705 6.466976 2.2
        vertex 222.14204 6.100403 2.2
    endloop
endfacet
facet normal 0.61955166 0.78493732 -0.00539844
    outer loop
        vertex 222.09662 6.1457314 0.19999999
        vertex 221.59999 6.53772 0.19999999
        vertex 221.70705 6.466976 2.2
    endloop
endfacet
facet normal 0.48848963 0.87255687 0.00471631
    outer loop
        vertex 221.70705 6.466976 2.2
        vertex 221.59999 6.53772 0.19999999
        vertex 221.2107 6.744853 2.2
    endloop
endfacet
facet normal 0.41614333 0.90929908 0
    outer loop
        vertex 220.87471 6.869647 -0.19999999
        vertex 221.59999 6.53772 0.19999999
        vertex 221.59999 6.53772 -0.19999999
    endloop
endfacet
facet normal -0.42517394 0.90511173 0
    outer loop
        vertex 218.98769 6.824045 2.2
        vertex 218.47282 6.58219 2.1
        vertex 218.47282 6.58219 2.2
    endloop
endfacet
facet normal 0.31499872 0.94907755 0.00525204
    outer loop
        vertex 220.87471 6.869647 -0.19999999
        vertex 220.6708 6.9240413 2.2
        vertex 221.2107 6.744853 2.2
    endloop
endfacet
facet normal 0.16181451 0.9867835 -0.00861702
    outer loop
        vertex 220.87471 6.869647 -0.19999999
        vertex 220.08759 6.998721 -0.19999999
        vertex 220.6708 6.9240413 2.2
    endloop
endfacet
facet normal -0.36233807 0.93198591 -0.01065196
    outer loop
        vertex 219.29428 6.915813 -0.19999999
        vertex 218.55086 6.6267843 -0.19999999
        vertex 218.98769 6.824045 2.2
    endloop
endfacet
facet normal -0.61290747 0.79015154 0.00225148
    outer loop
        vertex 217.90987 6.1520667 -0.19999999
        vertex 217.87868 6.1213202 2.1
        vertex 218.47282 6.58219 2.1
    endloop
endfacet
facet normal -0.92106301 0.38941363 0.00013235
    outer loop
        vertex 217.10603 4.7905517 -0.19999999
        vertex 217.4178 5.52718 2.1
        vertex 217.41664 5.525219 -0.19999999
    endloop
endfacet
facet normal -0.99109864 0.13312934 0.00006506
    outer loop
        vertex 217.10634 4.791651 2.2
        vertex 217.10603 4.7905517 -0.19999999
        vertex 217 4 2.2
    endloop
endfacet
facet normal -0.92084283 0.38993397 0
    outer loop
        vertex 217.4178 5.52718 2.1
        vertex 217.10634 4.791651 2.2
        vertex 217.4178 5.52718 2.2
    endloop
endfacet
facet normal 0.96231192 0.27194798 0
    outer loop
        vertex 222.94958 4.5477214 0
        vertex 222.94958 4.5477214 -0.19999999
        vertex 222.8 5.07703 0
    endloop
endfacet
facet normal 0.99579054 0.09165759 0
    outer loop
        vertex 222.94958 4.5477214 -0.19999999
        vertex 223 4 0
        vertex 223 4 -0.19999999
    endloop
endfacet
facet normal 0.99579054 0.09165759 -0
    outer loop
        vertex 222.94958 4.5477214 -0.19999999
        vertex 222.94958 4.5477214 0
        vertex 223 4 0
    endloop
endfacet
facet normal 0.96231192 0.27194798 -0
    outer loop
        vertex 222.8 5.07703 -0.19999999
        vertex 222.8 5.07703 0
        vertex 222.94958 4.5477214 -0.19999999
    endloop
endfacet
facet normal -0 0 -1
    outer loop
        vertex 219.67473 4.7852974 -0.19999999
        vertex 219.39896 4.601041 -0.19999999
        vertex 218.55086 6.6267843 -0.19999999
    endloop
endfacet
facet normal 0 0 -1
    outer loop
        vertex 219.67473 4.7852974 -0.19999999
        vertex 219.29428 6.915813 -0.19999999
        vertex 220 4.8500004 -0.19999999
    endloop
endfacet
facet normal 0 0 -1
    outer loop
        vertex 219.39896 4.601041 -0.19999999
        vertex 217.90987 6.1520667 -0.19999999
        vertex 218.55086 6.6267843 -0.19999999
    endloop
endfacet
facet normal 0 0 -0.99999994
    outer loop
        vertex 219.2147 4.3252807 -0.19999999
        vertex 217.41664 5.525219 -0.19999999
        vertex 219.39896 4.601041 -0.19999999
    endloop
endfacet
facet normal 0 0 -1
    outer loop
        vertex 217.10603 4.7905517 -0.19999999
        vertex 219.2147 4.3252807 -0.19999999
        vertex 219.15001 4 -0.19999999
    endloop
endfacet
facet normal 0 0 -1
    outer loop
        vertex 217 4 -0.19999999
        vertex 219.15001 4 -0.19999999
        vertex 217.11789 3.1672785 -0.19999999
    endloop
endfacet
facet normal -0 0 -1
    outer loop
        vertex 219.67473 3.2147024 -0.19999999
        vertex 217.46228 2.4 -0.19999999
        vertex 219.39896 3.3989594 -0.19999999
    endloop
endfacet
facet normal 0 0 -1
    outer loop
        vertex 217.46228 2.4 -0.19999999
        vertex 219.2147 3.674719 -0.19999999
        vertex 219.39896 3.3989594 -0.19999999
    endloop
endfacet
facet normal 0 0 -0.99999994
    outer loop
        vertex 221 2.4 -0.19999999
        vertex 217.46228 2.4 -0.19999999
        vertex 219.67473 3.2147024 -0.19999999
    endloop
endfacet
facet normal 0 0 -1
    outer loop
        vertex 220.32527 3.2147024 -0.19999999
        vertex 220.60104 3.3989594 -0.19999999
        vertex 221 2.4 -0.19999999
    endloop
endfacet
facet normal 0 -0 -0.99999994
    outer loop
        vertex 220.32527 3.2147024 -0.19999999
        vertex 221 2.4 -0.19999999
        vertex 220 3.15 -0.19999999
    endloop
endfacet
facet normal 0 0 -1
    outer loop
        vertex 220.60104 3.3989594 -0.19999999
        vertex 221.22961 2.4456723 -0.19999999
        vertex 221 2.4 -0.19999999
    endloop
endfacet
facet normal 0 0 -1
    outer loop
        vertex 220.85 4 -0.19999999
        vertex 220.78531 4.3252807 -0.19999999
        vertex 221.59999 3 -0.19999999
    endloop
endfacet
facet normal 0 -0 -1
    outer loop
        vertex 220.85 4 -0.19999999
        vertex 221.59999 3 -0.19999999
        vertex 220.78531 3.674719 -0.19999999
    endloop
endfacet
facet normal 0 0 -1
    outer loop
        vertex 220.78531 4.3252807 -0.19999999
        vertex 220.60104 4.601041 -0.19999999
        vertex 221.59999 6.53772 -0.19999999
    endloop
endfacet
facet normal 0 0 -0.99999994
    outer loop
        vertex 220.78531 4.3252807 -0.19999999
        vertex 221.59999 6.53772 -0.19999999
        vertex 221.59999 3 -0.19999999
    endloop
endfacet
facet normal 0 0 -1
    outer loop
        vertex 220.60104 4.601041 -0.19999999
        vertex 220.32527 4.7852974 -0.19999999
        vertex 221.59999 6.53772 -0.19999999
    endloop
endfacet
facet normal 0 0 -1
    outer loop
        vertex 220.32527 4.7852974 -0.19999999
        vertex 220.87471 6.869647 -0.19999999
        vertex 221.59999 6.53772 -0.19999999
    endloop
endfacet
facet normal 0 0 -1
    outer loop
        vertex 217.10603 4.7905517 -0.19999999
        vertex 217.41664 5.525219 -0.19999999
        vertex 219.2147 4.3252807 -0.19999999
    endloop
endfacet
facet normal 0 0 -1
    outer loop
        vertex 217.41664 5.525219 -0.19999999
        vertex 217.90987 6.1520667 -0.19999999
        vertex 219.39896 4.601041 -0.19999999
    endloop
endfacet
facet normal 0 0 -1
    outer loop
        vertex 220.87471 6.869647 -0.19999999
        vertex 220.32527 4.7852974 -0.19999999
        vertex 220 4.8500004 -0.19999999
    endloop
endfacet
facet normal -0 0 -0.99999994
    outer loop
        vertex 220.87471 6.869647 -0.19999999
        vertex 220 4.8500004 -0.19999999
        vertex 220.08759 6.998721 -0.19999999
    endloop
endfacet
facet normal 0 0 -1
    outer loop
        vertex 221.22961 2.4456723 -0.19999999
        vertex 220.60104 3.3989594 -0.19999999
        vertex 221.42427 2.575736 -0.19999999
    endloop
endfacet
facet normal 0 0 -1
    outer loop
        vertex 220.60104 3.3989594 -0.19999999
        vertex 221.55432 2.7703898 -0.19999999
        vertex 221.42427 2.575736 -0.19999999
    endloop
endfacet
facet normal 0 0 -1
    outer loop
        vertex 221.59999 3 -0.19999999
        vertex 220.60104 3.3989594 -0.19999999
        vertex 220.78531 3.674719 -0.19999999
    endloop
endfacet
facet normal 0 0 -1
    outer loop
        vertex 221 2.4 -0.19999999
        vertex 219.67473 3.2147024 -0.19999999
        vertex 220 3.15 -0.19999999
    endloop
endfacet
facet normal 0 0 -0.99999994
    outer loop
        vertex 219.2147 3.674719 -0.19999999
        vertex 217.46228 2.4 -0.19999999
        vertex 217.11789 3.1672785 -0.19999999
    endloop
endfacet
facet normal 0 -0 -1
    outer loop
        vertex 217.10603 4.7905517 -0.19999999
        vertex 219.15001 4 -0.19999999
        vertex 217 4 -0.19999999
    endloop
endfacet
facet normal -0 0 -1
    outer loop
        vertex 219.2147 3.674719 -0.19999999
        vertex 217.11789 3.1672785 -0.19999999
        vertex 219.15001 4 -0.19999999
    endloop
endfacet
facet normal 0 0 -1
    outer loop
        vertex 220.60104 3.3989594 -0.19999999
        vertex 221.59999 3 -0.19999999
        vertex 221.55432 2.7703898 -0.19999999
    endloop
endfacet
facet normal 0 -0 -0.99999994
    outer loop
        vertex 219.29428 6.915813 -0.19999999
        vertex 219.67473 4.7852974 -0.19999999
        vertex 218.55086 6.6267843 -0.19999999
    endloop
endfacet
facet normal 0 0 -0.99999994
    outer loop
        vertex 220 4.8500004 -0.19999999
        vertex 219.29428 6.915813 -0.19999999
        vertex 220.08759 6.998721 -0.19999999
    endloop
endfacet
facet normal 0 0 -1
    outer loop
        vertex 222.87363 3.1839373 -0.19999999
        vertex 222.79814 2.91814 -0.19999999
        vertex 222.8 3 -0.19999999
    endloop
endfacet
facet normal 0 0 -1
    outer loop
        vertex 222.8 4.5577726 -0.19999999
        vertex 222.94958 4.5477214 -0.19999999
        vertex 222.8 4.038515 -0.19999999
    endloop
endfacet
facet normal 0 0 -1
    outer loop
        vertex 223 4 -0.19999999
        vertex 222.9491 3.4497344 -0.19999999
        vertex 222.8 3.5192575 -0.19999999
    endloop
endfacet
facet normal -0 0 -1
    outer loop
        vertex 222.9491 3.4497344 -0.19999999
        vertex 222.87363 3.1839373 -0.19999999
        vertex 222.8 3.5192575 -0.19999999
    endloop
endfacet
facet normal 0 0 -0.99999994
    outer loop
        vertex 222.8 3 -0.19999999
        vertex 222.8 3.5192575 -0.19999999
        vertex 222.87363 3.1839373 -0.19999999
    endloop
endfacet
facet normal 0 0 -1
    outer loop
        vertex 222.8 4.038515 -0.19999999
        vertex 223 4 -0.19999999
        vertex 222.8 3.5192575 -0.19999999
    endloop
endfacet
facet normal 0 0 -1
    outer loop
        vertex 222.8 4.5577726 -0.19999999
        vertex 222.8 5.07703 -0.19999999
        vertex 222.94958 4.5477214 -0.19999999
    endloop
endfacet
facet normal 0 0 -1
    outer loop
        vertex 223 4 -0.19999999
        vertex 222.8 4.038515 -0.19999999
        vertex 222.94958 4.5477214 -0.19999999
    endloop
endfacet
facet normal 0 0 -1
    outer loop
        vertex 219.44223 1.2 -0.19999999
        vertex 219.96149 1.2 -0.19999999
        vertex 219.45355 1.0501875 -0.19999999
    endloop
endfacet
facet normal 0 0 -0.99999994
    outer loop
        vertex 220.48074 1.2 -0.19999999
        vertex 221 1.2 -0.19999999
        vertex 220.8167 1.1264974 -0.19999999
    endloop
endfacet
facet normal 0 -0 -1
    outer loop
        vertex 220.48074 1.2 -0.19999999
        vertex 220.55153 1.0511347 -0.19999999
        vertex 220.0026 1.0000011 -0.19999999
    endloop
endfacet
facet normal 0 0 -1
    outer loop
        vertex 220.0026 1.0000011 -0.19999999
        vertex 219.96149 1.2 -0.19999999
        vertex 220.48074 1.2 -0.19999999
    endloop
endfacet
facet normal 0 0 -1
    outer loop
        vertex 221.08185 1.2018601 -0.19999999
        vertex 220.8167 1.1264974 -0.19999999
        vertex 221 1.2 -0.19999999
    endloop
endfacet
facet normal 0 0 -0.99999994
    outer loop
        vertex 220.48074 1.2 -0.19999999
        vertex 220.8167 1.1264974 -0.19999999
        vertex 220.55153 1.0511347 -0.19999999
    endloop
endfacet
facet normal 0 0 -0.99999994
    outer loop
        vertex 219.45355 1.0501875 -0.19999999
        vertex 219.96149 1.2 -0.19999999
        vertex 220.0026 1.0000011 -0.19999999
    endloop
endfacet
facet normal 0 0 -1
    outer loop
        vertex 219.45355 1.0501875 -0.19999999
        vertex 218.92297 1.2 -0.19999999
        vertex 219.44223 1.2 -0.19999999
    endloop
endfacet
facet normal -0.83147722 0.55555886 0
    outer loop
        vertex 222.38582 2.4259748 2.2
        vertex 222.06067 1.9393398 2.2
        vertex 222.38582 2.4259748 4.6
    endloop
endfacet
facet normal -0.55555952 0.83147687 0
    outer loop
        vertex 222.06067 1.9393398 2.2
        vertex 221.57402 1.6141807 2.2
        vertex 222.06067 1.9393398 4.6
    endloop
endfacet
facet normal -0.55555952 0.83147687 0
    outer loop
        vertex 221.57402 1.6141807 2.2
        vertex 221.57402 1.6141807 4.6
        vertex 222.06067 1.9393398 4.6
    endloop
endfacet
facet normal -0.98078507 0.19509168 0
    outer loop
        vertex 222.38582 2.4259748 2.2
        vertex 222.38582 2.4259748 4.6
        vertex 222.5 3 2.2
    endloop
endfacet
facet normal -0.19509186 0.98078501 0
    outer loop
        vertex 221 1.5 4.6
        vertex 221.57402 1.6141807 4.6
        vertex 221 1.5 2.2
    endloop
endfacet
facet normal -0.19509186 0.98078501 0
    outer loop
        vertex 221.57402 1.6141807 4.6
        vertex 221.57402 1.6141807 2.2
        vertex 221 1.5 2.2
    endloop
endfacet
facet normal -0.98078507 0.19509168 0
    outer loop
        vertex 222.38582 2.4259748 4.6
        vertex 222.5 3 4.6
        vertex 222.5 3 2.2
    endloop
endfacet
facet normal -0.83147722 0.55555886 0
    outer loop
        vertex 222.06067 1.9393398 2.2
        vertex 222.06067 1.9393398 4.6
        vertex 222.38582 2.4259748 4.6
    endloop
endfacet
facet normal 0 0 1
    outer loop
        vertex 219.67473 4.7852974 2.2
        vertex 218.71483 5.773038 2.2
        vertex 218.61264 5.567359 2.2
    endloop
endfacet
facet normal 0 -0 1
    outer loop
        vertex 219.67473 4.7852974 2.2
        vertex 220 4.8500004 2.2
        vertex 218.71483 5.773038 2.2
    endloop
endfacet
facet normal 0 0 1
    outer loop
        vertex 219.39896 4.601041 2.2
        vertex 218.61264 5.567359 2.2
        vertex 218.45299 5.402251 2.2
    endloop
endfacet
facet normal 0 0 1
    outer loop
        vertex 219.2147 4.3252807 2.2
        vertex 218.45299 5.402251 2.2
        vertex 218.25085 5.293197 2.2
    endloop
endfacet
facet normal 0 -0 1
    outer loop
        vertex 217.09052 3.2686126 2.2
        vertex 219.15001 4 2.2
        vertex 217 4 2.2
    endloop
endfacet
facet normal 0 0 1
    outer loop
        vertex 217 4 2.2
        vertex 219.15001 4 2.2
        vertex 218.0252 5.250424 2.2
    endloop
endfacet
facet normal -0 0 1
    outer loop
        vertex 217.09052 3.2686126 2.2
        vertex 217.35663 2.581362 2.2
        vertex 219.2147 3.674719 2.2
    endloop
endfacet
facet normal -0 0 1
    outer loop
        vertex 217.78223 1.9797217 2.2
        vertex 218.34169 1.5 2.2
        vertex 219.39896 3.3989594 2.2
    endloop
endfacet
facet normal 0 0 0.99999994
    outer loop
        vertex 221 1.5 2.2
        vertex 220 3.15 2.2
        vertex 218.34169 1.5 2.2
    endloop
endfacet
facet normal 0 0 1
    outer loop
        vertex 220.60104 3.3989594 2.2
        vertex 221 1.5 2.2
        vertex 221.57402 1.6141807 2.2
    endloop
endfacet
facet normal 0 0 1
    outer loop
        vertex 220.60104 3.3989594 2.2
        vertex 220.32527 3.2147024 2.2
        vertex 221 1.5 2.2
    endloop
endfacet
facet normal 0 -0 1
    outer loop
        vertex 222.06067 1.9393398 2.2
        vertex 222.38582 2.4259748 2.2
        vertex 220.60104 3.3989594 2.2
    endloop
endfacet
facet normal 0 0 1
    outer loop
        vertex 220.60104 3.3989594 2.2
        vertex 222.38582 2.4259748 2.2
        vertex 222.5 3 2.2
    endloop
endfacet
facet normal 0 0 1
    outer loop
        vertex 220.60104 4.601041 2.2
        vertex 222.5 5.65831 2.2
        vertex 222.14204 6.100403 2.2
    endloop
endfacet
facet normal -0 0 1
    outer loop
        vertex 220.60104 4.601041 2.2
        vertex 220.78531 4.3252807 2.2
        vertex 222.5 5.65831 2.2
    endloop
endfacet
facet normal 0 0 1
    outer loop
        vertex 221.70705 6.466976 2.2
        vertex 220.60104 4.601041 2.2
        vertex 222.14204 6.100403 2.2
    endloop
endfacet
facet normal 0 0 1
    outer loop
        vertex 221.70705 6.466976 2.2
        vertex 220.32527 4.7852974 2.2
        vertex 220.60104 4.601041 2.2
    endloop
endfacet
facet normal -0 0 0.99999994
    outer loop
        vertex 218.0252 5.250424 2.2
        vertex 219.2147 4.3252807 2.2
        vertex 218.25085 5.293197 2.2
    endloop
endfacet
facet normal 0 0 1
    outer loop
        vertex 219.39896 4.601041 2.2
        vertex 218.45299 5.402251 2.2
        vertex 219.2147 4.3252807 2.2
    endloop
endfacet
facet normal 0 0 1
    outer loop
        vertex 218.0252 5.250424 2.2
        vertex 219.15001 4 2.2
        vertex 219.2147 4.3252807 2.2
    endloop
endfacet
facet normal 0 0 1
    outer loop
        vertex 222.5 3 2.2
        vertex 220.78531 3.674719 2.2
        vertex 220.60104 3.3989594 2.2
    endloop
endfacet
facet normal 0 -0 1
    outer loop
        vertex 222.5 3 2.2
        vertex 222.5 5.65831 2.2
        vertex 220.85 4 2.2
    endloop
endfacet
facet normal 0 0 1
    outer loop
        vertex 222.5 3 2.2
        vertex 220.85 4 2.2
        vertex 220.78531 3.674719 2.2
    endloop
endfacet
facet normal 0 -0 1
    outer loop
        vertex 217.78223 1.9797217 2.2
        vertex 219.39896 3.3989594 2.2
        vertex 217.35663 2.581362 2.2
    endloop
endfacet
facet normal 0 0 1
    outer loop
        vertex 220.60104 3.3989594 2.2
        vertex 221.57402 1.6141807 2.2
        vertex 222.06067 1.9393398 2.2
    endloop
endfacet
facet normal 0 0 1
    outer loop
        vertex 218.34169 1.5 2.2
        vertex 220 3.15 2.2
        vertex 219.67473 3.2147024 2.2
    endloop
endfacet
facet normal 0 0 1
    outer loop
        vertex 219.15001 4 2.2
        vertex 217.09052 3.2686126 2.2
        vertex 219.2147 3.674719 2.2
    endloop
endfacet
facet normal 0 0 1
    outer loop
        vertex 217.4178 5.52718 2.2
        vertex 217.10634 4.791651 2.2
        vertex 217.58818 5.3731713 2.2
    endloop
endfacet
facet normal 0 0 1
    outer loop
        vertex 217.58818 5.3731713 2.2
        vertex 217.10634 4.791651 2.2
        vertex 217.7972 5.2779417 2.2
    endloop
endfacet
facet normal 0 0 1
    outer loop
        vertex 217.7972 5.2779417 2.2
        vertex 217.10634 4.791651 2.2
        vertex 218.0252 5.250424 2.2
    endloop
endfacet
facet normal 0 0 1
    outer loop
        vertex 217 4 2.2
        vertex 218.0252 5.250424 2.2
        vertex 217.10634 4.791651 2.2
    endloop
endfacet
facet normal 0 0 0.99999994
    outer loop
        vertex 218.34169 1.5 2.2
        vertex 219.67473 3.2147024 2.2
        vertex 219.39896 3.3989594 2.2
    endloop
endfacet
facet normal 0 0 1
    outer loop
        vertex 219.39896 3.3989594 2.2
        vertex 219.2147 3.674719 2.2
        vertex 217.35663 2.581362 2.2
    endloop
endfacet
facet normal 0 0 1
    outer loop
        vertex 220.32527 4.7852974 2.2
        vertex 221.70705 6.466976 2.2
        vertex 221.2107 6.744853 2.2
    endloop
endfacet
facet normal -0 0 1
    outer loop
        vertex 220.78531 4.3252807 2.2
        vertex 220.85 4 2.2
        vertex 222.5 5.65831 2.2
    endloop
endfacet
facet normal 0 0 1
    outer loop
        vertex 221.2107 6.744853 2.2
        vertex 220.6708 6.9240413 2.2
        vertex 220.32527 4.7852974 2.2
    endloop
endfacet
facet normal 0 0 1
    outer loop
        vertex 219.67473 4.7852974 2.2
        vertex 218.61264 5.567359 2.2
        vertex 219.39896 4.601041 2.2
    endloop
endfacet
facet normal 0 0 1
    outer loop
        vertex 220.32527 3.2147024 2.2
        vertex 220 3.15 2.2
        vertex 221 1.5 2.2
    endloop
endfacet
facet normal 0 0 1
    outer loop
        vertex 218.75 6 2.2
        vertex 218.71483 5.773038 2.2
        vertex 220 4.8500004 2.2
    endloop
endfacet
facet normal 0 -0 1
    outer loop
        vertex 218.67717 6.322402 2.2
        vertex 218.98769 6.824045 2.2
        vertex 218.47282 6.58219 2.2
    endloop
endfacet
facet normal -0 0 1
    outer loop
        vertex 218.67717 6.322402 2.2
        vertex 218.75 6 2.2
        vertex 218.98769 6.824045 2.2
    endloop
endfacet
facet normal 0 0 1
    outer loop
        vertex 218.75 6 2.2
        vertex 219.53896 6.9643617 2.2
        vertex 218.98769 6.824045 2.2
    endloop
endfacet
facet normal -0 0 1
    outer loop
        vertex 218.75 6 2.2
        vertex 220 4.8500004 2.2
        vertex 219.53896 6.9643617 2.2
    endloop
endfacet
facet normal 0 0 1
    outer loop
        vertex 220 4.8500004 2.2
        vertex 220.6708 6.9240413 2.2
        vertex 220.10681 6.9980984 2.2
    endloop
endfacet
facet normal -0 0 1
    outer loop
        vertex 219.53896 6.9643617 2.2
        vertex 220 4.8500004 2.2
        vertex 220.10681 6.9980984 2.2
    endloop
endfacet
facet normal 0 0 1
    outer loop
        vertex 220.6708 6.9240413 2.2
        vertex 220 4.8500004 2.2
        vertex 220.32527 4.7852974 2.2
    endloop
endfacet
facet normal -0.96378833 0.26638144 -0.01236852
    outer loop
        vertex 217.1235 50.79503 1
        vertex 217.09052 50.731388 2.2
        vertex 217.20505 51.090057 1
    endloop
endfacet
facet normal -0.90540868 0.40638912 -0.12281281
    outer loop
        vertex 217.11789 50.83272 -0.19999999
        vertex 217.19763 51.070824 0
        vertex 217.46228 51.600002 -0.19999999
    endloop
endfacet
facet normal -0.98019779 0.13876776 -0.14126574
    outer loop
        vertex 217.11789 50.83272 -0.19999999
        vertex 217 50 -0.19999999
        vertex 217.04196 50.5 0
    endloop
endfacet
facet normal -0.96378833 0.26638141 -0.01236852
    outer loop
        vertex 217.09052 50.731388 2.2
        vertex 217.1235 50.79503 1
        vertex 217.04196 50.5 1
    endloop
endfacet
facet normal -0.89438725 0.44729352 0
    outer loop
        vertex 217.46228 51.600002 -0.19999999
        vertex 217.19763 51.070824 0
        vertex 217.46228 51.600002 0
    endloop
endfacet
facet normal -0.96230656 0.26248351 0.07119416
    outer loop
        vertex 217.11789 50.83272 -0.19999999
        vertex 217.11978 50.78541 0
        vertex 217.19763 51.070824 0
    endloop
endfacet
facet normal -0.96233422 0.26238814 0.07117187
    outer loop
        vertex 217.11789 50.83272 -0.19999999
        vertex 217.04196 50.5 0
        vertex 217.11978 50.78541 0
    endloop
endfacet
facet normal -0.93236446 0.36102411 0.01891855
    outer loop
        vertex 217.20505 51.090057 1
        vertex 217.09052 50.731388 2.2
        vertex 217.35663 51.41864 2.2
    endloop
endfacet
facet normal -0.99649692 0.08362935 0
    outer loop
        vertex 217.04196 50.5 1
        vertex 217 50 -0.19999999
        vertex 217 50 2.2
    endloop
endfacet
facet normal -0.81626666 0.57742554 0.01698731
    outer loop
        vertex 217.48451 51.634724 1
        vertex 217.35663 51.41864 2.2
        vertex 217.78223 52.02028 2.2
    endloop
endfacet
facet normal -0.77849334 0.62759513 -0.00850338
    outer loop
        vertex 217.86873 52.11132 1
        vertex 217.48451 51.634724 1
        vertex 217.78223 52.02028 2.2
    endloop
endfacet
facet normal -0.99649698 0.08362935 0
    outer loop
        vertex 217.04196 50.5 1
        vertex 217.04196 50.5 0
        vertex 217 50 -0.19999999
    endloop
endfacet
facet normal -0.63491052 0.77258563 0
    outer loop
        vertex 217.86873 52.11132 1
        vertex 218.34169 52.5 2.2
        vertex 218.34169 52.5 1
    endloop
endfacet
facet normal -0.65089583 0.75909209 0.01067091
    outer loop
        vertex 217.86873 52.11132 1
        vertex 217.78223 52.02028 2.2
        vertex 218.34169 52.5 2.2
    endloop
endfacet
facet normal -0.99229419 0.12280436 0.01646988
    outer loop
        vertex 217.09052 50.731388 2.2
        vertex 217.04196 50.5 1
        vertex 217 50 2.2
    endloop
endfacet
facet normal -0.88964802 0.45647258 -0.01261288
    outer loop
        vertex 217.48451 51.634724 1
        vertex 217.20505 51.090057 1
        vertex 217.35663 51.41864 2.2
    endloop
endfacet
facet normal 0.96196663 0.27316719 0
    outer loop
        vertex 222.9491 50.550266 0
        vertex 222.9491 50.550266 -0.19999999
        vertex 222.79814 51.08186 0
    endloop
endfacet
facet normal 0.99574852 0.09211341 0
    outer loop
        vertex 222.9491 50.550266 -0.19999999
        vertex 223 50 0
        vertex 223 50 -0.19999999
    endloop
endfacet
facet normal 0.99574852 0.09211341 -0
    outer loop
        vertex 222.9491 50.550266 -0.19999999
        vertex 222.9491 50.550266 0
        vertex 223 50 0
    endloop
endfacet
facet normal 0.96197379 0.27314162 0.00007341
    outer loop
        vertex 222.87363 50.816063 -0.19999999
        vertex 222.79814 51.08186 0
        vertex 222.9491 50.550266 -0.19999999
    endloop
endfacet
facet normal 0.9619593 0.27319273 -0
    outer loop
        vertex 222.79814 51.08186 -0.19999999
        vertex 222.79814 51.08186 0
        vertex 222.87363 50.816063 -0.19999999
    endloop
endfacet
facet normal 0.27339029 0.96190315 0
    outer loop
        vertex 221.08185 52.79814 0
        vertex 221.08185 52.79814 -0.19999999
        vertex 220.55153 52.948868 0
    endloop
endfacet
facet normal 0.09274653 0.99568975 0
    outer loop
        vertex 220.55153 52.948868 0
        vertex 220.55153 52.948868 -0.19999999
        vertex 220.0026 53 0
    endloop
endfacet
facet normal -0.09102733 0.99584842 0
    outer loop
        vertex 220.0026 53 0
        vertex 220.0026 53 -0.19999999
        vertex 219.45355 52.949814 0
    endloop
endfacet
facet normal -0.09102733 0.99584842 0
    outer loop
        vertex 220.0026 53 -0.19999999
        vertex 219.45355 52.949814 -0.19999999
        vertex 219.45355 52.949814 0
    endloop
endfacet
facet normal -0.27173609 0.96237183 0
    outer loop
        vertex 219.45355 52.949814 -0.19999999
        vertex 218.92297 52.8 -0.19999999
        vertex 218.92297 52.8 0
    endloop
endfacet
facet normal -0.27173609 0.96237183 0
    outer loop
        vertex 219.45355 52.949814 0
        vertex 219.45355 52.949814 -0.19999999
        vertex 218.92297 52.8 0
    endloop
endfacet
facet normal 0.09274653 0.99568975 0
    outer loop
        vertex 220.55153 52.948868 -0.19999999
        vertex 220.0026 53 -0.19999999
        vertex 220.0026 53 0
    endloop
endfacet
facet normal 0.27339756 0.96190113 0.00002088
    outer loop
        vertex 220.8167 52.873505 -0.19999999
        vertex 220.55153 52.948868 0
        vertex 221.08185 52.79814 -0.19999999
    endloop
endfacet
facet normal 0.27338302 0.9619053 -0
    outer loop
        vertex 220.55153 52.948868 -0.19999999
        vertex 220.55153 52.948868 0
        vertex 220.8167 52.873505 -0.19999999
    endloop
endfacet
facet normal -0.99109858 -0.13312967 0.00006508
    outer loop
        vertex 217.10634 49.20835 2.2
        vertex 217 50 2.2
        vertex 217.10603 49.20945 -0.19999999
    endloop
endfacet
facet normal -0.92084605 -0.38992625 -0.0000614
    outer loop
        vertex 217.4178 48.47282 2.1
        vertex 217.10634 49.20835 2.2
        vertex 217.10603 49.20945 -0.19999999
    endloop
endfacet
facet normal -0.92106324 -0.38941291 0.00013243
    outer loop
        vertex 217.4178 48.47282 2.1
        vertex 217.10603 49.20945 -0.19999999
        vertex 217.41664 48.47478 -0.19999999
    endloop
endfacet
facet normal -0.92084306 -0.38993332 0
    outer loop
        vertex 217.4178 48.47282 2.1
        vertex 217.4178 48.47282 2.2
        vertex 217.10634 49.20835 2.2
    endloop
endfacet
facet normal -0.78588772 -0.61836463 -0.00239168
    outer loop
        vertex 217.87868 47.878677 2.1
        vertex 217.41664 48.47478 -0.19999999
        vertex 217.90987 47.847935 -0.19999999
    endloop
endfacet
facet normal -0.59514982 -0.80360162 -0.00461127
    outer loop
        vertex 218.47282 47.41781 2.1
        vertex 217.90987 47.847935 -0.19999999
        vertex 218.55086 47.373215 -0.19999999
    endloop
endfacet
facet normal -0.61290663 -0.79015213 0.00225019
    outer loop
        vertex 218.47282 47.41781 2.1
        vertex 217.87868 47.878677 2.1
        vertex 217.90987 47.847935 -0.19999999
    endloop
endfacet
facet normal -0.42516914 -0.905114 0
    outer loop
        vertex 218.98769 47.175957 2.2
        vertex 218.47282 47.41781 2.2
        vertex 218.47282 47.41781 2.1
    endloop
endfacet
facet normal -0.36233756 -0.93198609 -0.01065096
    outer loop
        vertex 219.29428 47.084187 -0.19999999
        vertex 218.98769 47.175957 2.2
        vertex 218.55086 47.373215 -0.19999999
    endloop
endfacet
facet normal -0.24666999 -0.96908373 0.00554384
    outer loop
        vertex 219.29428 47.084187 -0.19999999
        vertex 219.53896 47.035637 2.2
        vertex 218.98769 47.175957 2.2
    endloop
endfacet
facet normal -0.05930026 -0.99823999 0.00073367
    outer loop
        vertex 220.08759 47.00128 -0.19999999
        vertex 220.10681 47.001904 2.2
        vertex 219.53896 47.035637 2.2
    endloop
endfacet
facet normal 0.13019286 -0.99148834 -0.00078608
    outer loop
        vertex 220.08759 47.00128 -0.19999999
        vertex 220.6708 47.075962 2.2
        vertex 220.10681 47.001904 2.2
    endloop
endfacet
facet normal 0.16180985 -0.98678428 -0.00861567
    outer loop
        vertex 220.08759 47.00128 -0.19999999
        vertex 220.87471 47.130352 -0.19999999
        vertex 220.6708 47.075962 2.2
    endloop
endfacet
facet normal 0.42151684 -0.90674305 -0.01186105
    outer loop
        vertex 220.87471 47.130352 -0.19999999
        vertex 221.59999 47.46228 0.19999999
        vertex 221.2107 47.255146 2.2
    endloop
endfacet
facet normal 0.77039319 -0.6375618 -0.00304736
    outer loop
        vertex 222.5 48.34169 0.19999999
        vertex 222.14204 47.899597 2.2
        vertex 222.09662 47.854267 0.19999999
    endloop
endfacet
facet normal 0.77718365 -0.62927389 0
    outer loop
        vertex 222.14204 47.899597 2.2
        vertex 222.5 48.34169 0.19999999
        vertex 222.5 48.34169 2.2
    endloop
endfacet
facet normal 0.41614482 -0.90929836 0
    outer loop
        vertex 221.59999 47.46228 0.19999999
        vertex 220.87471 47.130352 -0.19999999
        vertex 221.59999 47.46228 -0.19999999
    endloop
endfacet
facet normal 0.64440042 -0.76468354 0.00269549
    outer loop
        vertex 222.14204 47.899597 2.2
        vertex 221.70705 47.533024 2.2
        vertex 222.09662 47.854267 0.19999999
    endloop
endfacet
facet normal 0.61954981 -0.78493881 -0.00539847
    outer loop
        vertex 222.09662 47.854267 0.19999999
        vertex 221.70705 47.533024 2.2
        vertex 221.59999 47.46228 0.19999999
    endloop
endfacet
facet normal 0.48849094 -0.87255627 0.00471601
    outer loop
        vertex 221.59999 47.46228 0.19999999
        vertex 221.70705 47.533024 2.2
        vertex 221.2107 47.255146 2.2
    endloop
endfacet
facet normal 0.31499192 -0.94907981 0.0052531
    outer loop
        vertex 220.87471 47.130352 -0.19999999
        vertex 221.2107 47.255146 2.2
        vertex 220.6708 47.075962 2.2
    endloop
endfacet
facet normal -0.10393491 -0.99453849 -0.0095226
    outer loop
        vertex 220.08759 47.00128 -0.19999999
        vertex 219.53896 47.035637 2.2
        vertex 219.29428 47.084187 -0.19999999
    endloop
endfacet
facet normal -0.42566067 -0.90487748 0.00310268
    outer loop
        vertex 218.98769 47.175957 2.2
        vertex 218.47282 47.41781 2.1
        vertex 218.55086 47.373215 -0.19999999
    endloop
endfacet
facet normal -0.99112469 -0.13293558 0
    outer loop
        vertex 217.10603 49.20945 -0.19999999
        vertex 217 50 2.2
        vertex 217 50 -0.19999999
    endloop
endfacet
facet normal -0.79014724 -0.61291695 -0.00012412
    outer loop
        vertex 217.87868 47.878677 2.1
        vertex 217.4178 48.47282 2.1
        vertex 217.41664 48.47478 -0.19999999
    endloop
endfacet
facet normal 0.96231186 -0.27194819 0
    outer loop
        vertex 222.94958 49.45228 0
        vertex 222.8 48.92297 -0.19999999
        vertex 222.94958 49.45228 -0.19999999
    endloop
endfacet
facet normal 0.9957906 -0.09165751 0
    outer loop
        vertex 223 50 -0.19999999
        vertex 223 50 0
        vertex 222.94958 49.45228 -0.19999999
    endloop
endfacet
facet normal 0.9957906 -0.09165751 0
    outer loop
        vertex 222.94958 49.45228 -0.19999999
        vertex 223 50 0
        vertex 222.94958 49.45228 0
    endloop
endfacet
facet normal 0.96231186 -0.27194819 0
    outer loop
        vertex 222.8 48.92297 -0.19999999
        vertex 222.94958 49.45228 0
        vertex 222.8 48.92297 0
    endloop
endfacet
facet normal 0 0 1
    outer loop
        vertex 222.5 37.670845 0.19999999
        vertex 221.59999 37.23114 0.19999999
        vertex 222.5 27 0.19999999
    endloop
endfacet
facet normal 0 -0 1
    outer loop
        vertex 222.5 16.329155 0.19999999
        vertex 222.5 27 0.19999999
        vertex 221.59999 16.76886 0.19999999
    endloop
endfacet
facet normal 0 -0 1
    outer loop
        vertex 222.09662 6.1457314 0.19999999
        vertex 222.5 16.329155 0.19999999
        vertex 221.59999 6.53772 0.19999999
    endloop
endfacet
facet normal -0 0 1
    outer loop
        vertex 222.09662 6.1457314 0.19999999
        vertex 222.5 5.65831 0.19999999
        vertex 222.5 16.329155 0.19999999
    endloop
endfacet
facet normal 0 0 1
    outer loop
        vertex 221.59999 47.46228 0.19999999
        vertex 221.59999 37.23114 0.19999999
        vertex 222.5 37.670845 0.19999999
    endloop
endfacet
facet normal 0 0 1
    outer loop
        vertex 222.5 48.34169 0.19999999
        vertex 222.09662 47.854267 0.19999999
        vertex 222.5 37.670845 0.19999999
    endloop
endfacet
facet normal 0 0 1
    outer loop
        vertex 222.5 37.670845 0.19999999
        vertex 222.09662 47.854267 0.19999999
        vertex 221.59999 47.46228 0.19999999
    endloop
endfacet
facet normal 0 0 1
    outer loop
        vertex 222.5 27 0.19999999
        vertex 221.59999 37.23114 0.19999999
        vertex 221.59999 27 0.19999999
    endloop
endfacet
facet normal 0 0 1
    outer loop
        vertex 221.59999 16.76886 0.19999999
        vertex 222.5 27 0.19999999
        vertex 221.59999 27 0.19999999
    endloop
endfacet
facet normal 0 0 1
    outer loop
        vertex 221.59999 6.53772 0.19999999
        vertex 222.5 16.329155 0.19999999
        vertex 221.59999 16.76886 0.19999999
    endloop
endfacet
facet normal -0 0 -1
    outer loop
        vertex 219.67473 50.7853 -0.19999999
        vertex 219.39896 50.60104 -0.19999999
        vertex 217.46228 51.600002 -0.19999999
    endloop
endfacet
facet normal 0 0 -1
    outer loop
        vertex 219.67473 50.7853 -0.19999999
        vertex 221 51.600002 -0.19999999
        vertex 220 50.85 -0.19999999
    endloop
endfacet
facet normal -0 0 -1
    outer loop
        vertex 219.39896 50.60104 -0.19999999
        vertex 219.2147 50.325283 -0.19999999
        vertex 217.46228 51.600002 -0.19999999
    endloop
endfacet
facet normal 0 0 -1
    outer loop
        vertex 219.2147 50.325283 -0.19999999
        vertex 217.11789 50.83272 -0.19999999
        vertex 217.46228 51.600002 -0.19999999
    endloop
endfacet
facet normal 0 0 -1
    outer loop
        vertex 217.11789 50.83272 -0.19999999
        vertex 219.2147 50.325283 -0.19999999
        vertex 219.15001 50 -0.19999999
    endloop
endfacet
facet normal 0 0 -1
    outer loop
        vertex 217 50 -0.19999999
        vertex 219.15001 50 -0.19999999
        vertex 217.10603 49.20945 -0.19999999
    endloop
endfacet
facet normal 0 0 -1
    outer loop
        vertex 217.90987 47.847935 -0.19999999
        vertex 217.41664 48.47478 -0.19999999
        vertex 219.39896 49.39896 -0.19999999
    endloop
endfacet
facet normal 0 0 -1
    outer loop
        vertex 217.41664 48.47478 -0.19999999
        vertex 219.2147 49.67472 -0.19999999
        vertex 219.39896 49.39896 -0.19999999
    endloop
endfacet
facet normal 0 0 -0.99999994
    outer loop
        vertex 217.90987 47.847935 -0.19999999
        vertex 219.39896 49.39896 -0.19999999
        vertex 218.55086 47.373215 -0.19999999
    endloop
endfacet
facet normal 0 0 -1
    outer loop
        vertex 220.08759 47.00128 -0.19999999
        vertex 219.29428 47.084187 -0.19999999
        vertex 220 49.15 -0.19999999
    endloop
endfacet
facet normal 0 0 -0.99999994
    outer loop
        vertex 219.29428 47.084187 -0.19999999
        vertex 219.67473 49.214703 -0.19999999
        vertex 220 49.15 -0.19999999
    endloop
endfacet
facet normal 0 0 -1
    outer loop
        vertex 220.08759 47.00128 -0.19999999
        vertex 220 49.15 -0.19999999
        vertex 220.87471 47.130352 -0.19999999
    endloop
endfacet
facet normal 0 -0 -1
    outer loop
        vertex 220.78531 49.67472 -0.19999999
        vertex 221.59999 47.46228 -0.19999999
        vertex 220.60104 49.39896 -0.19999999
    endloop
endfacet
facet normal 0 0 -1
    outer loop
        vertex 221.59999 47.46228 -0.19999999
        vertex 220.32527 49.214703 -0.19999999
        vertex 220.60104 49.39896 -0.19999999
    endloop
endfacet
facet normal 0 -0 -0.99999994
    outer loop
        vertex 221.59999 51 -0.19999999
        vertex 221.59999 47.46228 -0.19999999
        vertex 220.78531 49.67472 -0.19999999
    endloop
endfacet
facet normal 0 0 -1
    outer loop
        vertex 220.78531 50.325283 -0.19999999
        vertex 220.60104 50.60104 -0.19999999
        vertex 221.59999 51 -0.19999999
    endloop
endfacet
facet normal 0 0 -1
    outer loop
        vertex 220.78531 50.325283 -0.19999999
        vertex 221.59999 51 -0.19999999
        vertex 220.85 50 -0.19999999
    endloop
endfacet
facet normal 0 0 -1
    outer loop
        vertex 220.60104 50.60104 -0.19999999
        vertex 221.55432 51.22961 -0.19999999
        vertex 221.59999 51 -0.19999999
    endloop
endfacet
facet normal 0 -0 -0.99999994
    outer loop
        vertex 219.15001 50 -0.19999999
        vertex 219.2147 49.67472 -0.19999999
        vertex 217.10603 49.20945 -0.19999999
    endloop
endfacet
facet normal 0 -0 -1
    outer loop
        vertex 219.39896 49.39896 -0.19999999
        vertex 219.67473 49.214703 -0.19999999
        vertex 218.55086 47.373215 -0.19999999
    endloop
endfacet
facet normal 0 0 -1
    outer loop
        vertex 219.67473 50.7853 -0.19999999
        vertex 217.46228 51.600002 -0.19999999
        vertex 221 51.600002 -0.19999999
    endloop
endfacet
facet normal 0 -0 -1
    outer loop
        vertex 217.11789 50.83272 -0.19999999
        vertex 219.15001 50 -0.19999999
        vertex 217 50 -0.19999999
    endloop
endfacet
facet normal 0 0 -1
    outer loop
        vertex 217.41664 48.47478 -0.19999999
        vertex 217.10603 49.20945 -0.19999999
        vertex 219.2147 49.67472 -0.19999999
    endloop
endfacet
facet normal -0 0 -0.99999994
    outer loop
        vertex 221.55432 51.22961 -0.19999999
        vertex 220.60104 50.60104 -0.19999999
        vertex 221.42427 51.424263 -0.19999999
    endloop
endfacet
facet normal 0 0 -1
    outer loop
        vertex 220.60104 50.60104 -0.19999999
        vertex 221.22961 51.554325 -0.19999999
        vertex 221.42427 51.424263 -0.19999999
    endloop
endfacet
facet normal 0 0 -0.99999994
    outer loop
        vertex 221 51.600002 -0.19999999
        vertex 220.60104 50.60104 -0.19999999
        vertex 220.32527 50.7853 -0.19999999
    endloop
endfacet
facet normal 0 0 -1
    outer loop
        vertex 221.59999 51 -0.19999999
        vertex 220.78531 49.67472 -0.19999999
        vertex 220.85 50 -0.19999999
    endloop
endfacet
facet normal 0 0 -1
    outer loop
        vertex 220.32527 49.214703 -0.19999999
        vertex 221.59999 47.46228 -0.19999999
        vertex 220.87471 47.130352 -0.19999999
    endloop
endfacet
facet normal 0 0 -1
    outer loop
        vertex 221 51.600002 -0.19999999
        vertex 220.32527 50.7853 -0.19999999
        vertex 220 50.85 -0.19999999
    endloop
endfacet
facet normal 0 -0 -1
    outer loop
        vertex 220.32527 49.214703 -0.19999999
        vertex 220.87471 47.130352 -0.19999999
        vertex 220 49.15 -0.19999999
    endloop
endfacet
facet normal 0 0 -1
    outer loop
        vertex 218.55086 47.373215 -0.19999999
        vertex 219.67473 49.214703 -0.19999999
        vertex 219.29428 47.084187 -0.19999999
    endloop
endfacet
facet normal -0 0 -1
    outer loop
        vertex 221.22961 51.554325 -0.19999999
        vertex 220.60104 50.60104 -0.19999999
        vertex 221 51.600002 -0.19999999
    endloop
endfacet
facet normal 0 0 -0.99999994
    outer loop
        vertex 222.8 49.442226 -0.19999999
        vertex 222.8 49.961487 -0.19999999
        vertex 222.94958 49.45228 -0.19999999
    endloop
endfacet
facet normal 0 0 -1
    outer loop
        vertex 222.8 50.480743 -0.19999999
        vertex 222.8 51 -0.19999999
        vertex 222.87363 50.816063 -0.19999999
    endloop
endfacet
facet normal 0 0 -1
    outer loop
        vertex 222.8 50.480743 -0.19999999
        vertex 222.9491 50.550266 -0.19999999
        vertex 223 50 -0.19999999
    endloop
endfacet
facet normal 0 0 -1
    outer loop
        vertex 222.8 48.92297 -0.19999999
        vertex 222.8 49.442226 -0.19999999
        vertex 222.94958 49.45228 -0.19999999
    endloop
endfacet
facet normal 0 0 -1
    outer loop
        vertex 222.8 49.961487 -0.19999999
        vertex 223 50 -0.19999999
        vertex 222.94958 49.45228 -0.19999999
    endloop
endfacet
facet normal -0 0 -1
    outer loop
        vertex 223 50 -0.19999999
        vertex 222.8 49.961487 -0.19999999
        vertex 222.8 50.480743 -0.19999999
    endloop
endfacet
facet normal 0 0 -1
    outer loop
        vertex 222.79814 51.08186 -0.19999999
        vertex 222.87363 50.816063 -0.19999999
        vertex 222.8 51 -0.19999999
    endloop
endfacet
facet normal 0 0 -1
    outer loop
        vertex 222.8 50.480743 -0.19999999
        vertex 222.87363 50.816063 -0.19999999
        vertex 222.9491 50.550266 -0.19999999
    endloop
endfacet
facet normal 0 0 -1
    outer loop
        vertex 219.44223 52.8 -0.19999999
        vertex 219.45355 52.949814 -0.19999999
        vertex 219.96149 52.8 -0.19999999
    endloop
endfacet
facet normal 0 -0 -1
    outer loop
        vertex 220.55153 52.948868 -0.19999999
        vertex 220.8167 52.873505 -0.19999999
        vertex 220.48074 52.8 -0.19999999
    endloop
endfacet
facet normal 0 0 -1
    outer loop
        vertex 220.8167 52.873505 -0.19999999
        vertex 221.08185 52.79814 -0.19999999
        vertex 221 52.8 -0.19999999
    endloop
endfacet
facet normal 0 0 -1
    outer loop
        vertex 221 52.8 -0.19999999
        vertex 220.48074 52.8 -0.19999999
        vertex 220.8167 52.873505 -0.19999999
    endloop
endfacet
facet normal 0 0 -1
    outer loop
        vertex 220.0026 53 -0.19999999
        vertex 219.96149 52.8 -0.19999999
        vertex 219.45355 52.949814 -0.19999999
    endloop
endfacet
facet normal 0 0 -1
    outer loop
        vertex 219.44223 52.8 -0.19999999
        vertex 218.92297 52.8 -0.19999999
        vertex 219.45355 52.949814 -0.19999999
    endloop
endfacet
facet normal 0 0 -1
    outer loop
        vertex 220.48074 52.8 -0.19999999
        vertex 219.96149 52.8 -0.19999999
        vertex 220.0026 53 -0.19999999
    endloop
endfacet
facet normal 0 0 -1
    outer loop
        vertex 220.0026 53 -0.19999999
        vertex 220.55153 52.948868 -0.19999999
        vertex 220.48074 52.8 -0.19999999
    endloop
endfacet
facet normal 0 0 1
    outer loop
        vertex 219.67473 50.7853 2.2
        vertex 218.34169 52.5 2.2
        vertex 219.39896 50.60104 2.2
    endloop
endfacet
facet normal 0 -0 1
    outer loop
        vertex 219.67473 50.7853 2.2
        vertex 220 50.85 2.2
        vertex 218.34169 52.5 2.2
    endloop
endfacet
facet normal 0 0 1
    outer loop
        vertex 219.39896 50.60104 2.2
        vertex 218.34169 52.5 2.2
        vertex 217.78223 52.02028 2.2
    endloop
endfacet
facet normal 0 -0 0.99999994
    outer loop
        vertex 219.2147 50.325283 2.2
        vertex 219.39896 50.60104 2.2
        vertex 217.35663 51.41864 2.2
    endloop
endfacet
facet normal 0 0 1
    outer loop
        vertex 217.09052 50.731388 2.2
        vertex 219.15001 50 2.2
        vertex 219.2147 50.325283 2.2
    endloop
endfacet
facet normal 0 0 0.99999994
    outer loop
        vertex 217.09052 50.731388 2.2
        vertex 217 50 2.2
        vertex 219.15001 50 2.2
    endloop
endfacet
facet normal 0 0 1
    outer loop
        vertex 219.15001 50 2.2
        vertex 218.0252 48.749577 2.2
        vertex 219.2147 49.67472 2.2
    endloop
endfacet
facet normal -0 0 1
    outer loop
        vertex 218.45299 48.597748 2.2
        vertex 218.61264 48.43264 2.2
        vertex 219.39896 49.39896 2.2
    endloop
endfacet
facet normal 0 0 1
    outer loop
        vertex 220.6708 47.075962 2.2
        vertex 220 49.15 2.2
        vertex 220.10681 47.001904 2.2
    endloop
endfacet
facet normal 0 -0 1
    outer loop
        vertex 219.53896 47.035637 2.2
        vertex 220 49.15 2.2
        vertex 218.75 48 2.2
    endloop
endfacet
facet normal 0 -0 1
    outer loop
        vertex 220.6708 47.075962 2.2
        vertex 221.2107 47.255146 2.2
        vertex 220.32527 49.214703 2.2
    endloop
endfacet
facet normal 0 0 0.99999994
    outer loop
        vertex 222.5 48.34169 2.2
        vertex 220.78531 49.67472 2.2
        vertex 220.60104 49.39896 2.2
    endloop
endfacet
facet normal 0 -0 1
    outer loop
        vertex 222.14204 47.899597 2.2
        vertex 222.5 48.34169 2.2
        vertex 220.60104 49.39896 2.2
    endloop
endfacet
facet normal -0 0 1
    outer loop
        vertex 220.78531 50.325283 2.2
        vertex 220.85 50 2.2
        vertex 222.5 51 2.2
    endloop
endfacet
facet normal 0 0 1
    outer loop
        vertex 222.5 51 2.2
        vertex 220.85 50 2.2
        vertex 222.5 48.34169 2.2
    endloop
endfacet
facet normal 0 0 1
    outer loop
        vertex 220.60104 50.60104 2.2
        vertex 222.5 51 2.2
        vertex 222.38582 51.574024 2.2
    endloop
endfacet
facet normal -0 0 1
    outer loop
        vertex 220.60104 50.60104 2.2
        vertex 220.78531 50.325283 2.2
        vertex 222.5 51 2.2
    endloop
endfacet
facet normal -0 0 1
    outer loop
        vertex 218.61264 48.43264 2.2
        vertex 218.71483 48.226963 2.2
        vertex 219.67473 49.214703 2.2
    endloop
endfacet
facet normal 0 0 1
    outer loop
        vertex 222.06067 52.06066 2.2
        vertex 221.57402 52.38582 2.2
        vertex 220.60104 50.60104 2.2
    endloop
endfacet
facet normal 0 0 1
    outer loop
        vertex 218.71483 48.226963 2.2
        vertex 220 49.15 2.2
        vertex 219.67473 49.214703 2.2
    endloop
endfacet
facet normal 0 0 1
    outer loop
        vertex 217.78223 52.02028 2.2
        vertex 217.35663 51.41864 2.2
        vertex 219.39896 50.60104 2.2
    endloop
endfacet
facet normal -0 0 1
    outer loop
        vertex 218.34169 52.5 2.2
        vertex 220 50.85 2.2
        vertex 221 52.5 2.2
    endloop
endfacet
facet normal 0 0 1
    outer loop
        vertex 221 52.5 2.2
        vertex 220.60104 50.60104 2.2
        vertex 221.57402 52.38582 2.2
    endloop
endfacet
facet normal 0 0 1
    outer loop
        vertex 221 52.5 2.2
        vertex 220 50.85 2.2
        vertex 220.32527 50.7853 2.2
    endloop
endfacet
facet normal 0 0 1
    outer loop
        vertex 221 52.5 2.2
        vertex 220.32527 50.7853 2.2
        vertex 220.60104 50.60104 2.2
    endloop
endfacet
facet normal -0 0 0.99999994
    outer loop
        vertex 218.71483 48.226963 2.2
        vertex 218.75 48 2.2
        vertex 220 49.15 2.2
    endloop
endfacet
facet normal 0 0 1
    outer loop
        vertex 221.70705 47.533024 2.2
        vertex 220.60104 49.39896 2.2
        vertex 220.32527 49.214703 2.2
    endloop
endfacet
facet normal -0 0 0.99999994
    outer loop
        vertex 220 49.15 2.2
        vertex 220.6708 47.075962 2.2
        vertex 220.32527 49.214703 2.2
    endloop
endfacet
facet normal -0 0 1
    outer loop
        vertex 218.47282 47.41781 2.2
        vertex 218.98769 47.175957 2.2
        vertex 218.67717 47.677597 2.2
    endloop
endfacet
facet normal 0 0 0.99999994
    outer loop
        vertex 218.75 48 2.2
        vertex 218.98769 47.175957 2.2
        vertex 219.53896 47.035637 2.2
    endloop
endfacet
facet normal -0 0 1
    outer loop
        vertex 218.67717 47.677597 2.2
        vertex 218.98769 47.175957 2.2
        vertex 218.75 48 2.2
    endloop
endfacet
facet normal 0 0 1
    outer loop
        vertex 220.10681 47.001904 2.2
        vertex 220 49.15 2.2
        vertex 219.53896 47.035637 2.2
    endloop
endfacet
facet normal 0 0 0.99999994
    outer loop
        vertex 222.14204 47.899597 2.2
        vertex 220.60104 49.39896 2.2
        vertex 221.70705 47.533024 2.2
    endloop
endfacet
facet normal 0 0 1
    outer loop
        vertex 221.70705 47.533024 2.2
        vertex 220.32527 49.214703 2.2
        vertex 221.2107 47.255146 2.2
    endloop
endfacet
facet normal 0 0 1
    outer loop
        vertex 219.2147 50.325283 2.2
        vertex 217.35663 51.41864 2.2
        vertex 217.09052 50.731388 2.2
    endloop
endfacet
facet normal 0 0 1
    outer loop
        vertex 222.06067 52.06066 2.2
        vertex 220.60104 50.60104 2.2
        vertex 222.38582 51.574024 2.2
    endloop
endfacet
facet normal 0 0 0.99999994
    outer loop
        vertex 218.61264 48.43264 2.2
        vertex 219.67473 49.214703 2.2
        vertex 219.39896 49.39896 2.2
    endloop
endfacet
facet normal -0 0 1
    outer loop
        vertex 218.0252 48.749577 2.2
        vertex 218.25085 48.706802 2.2
        vertex 219.2147 49.67472 2.2
    endloop
endfacet
facet normal 0 0 0.99999994
    outer loop
        vertex 219.2147 49.67472 2.2
        vertex 218.45299 48.597748 2.2
        vertex 219.39896 49.39896 2.2
    endloop
endfacet
facet normal 0 0 0.99999994
    outer loop
        vertex 219.15001 50 2.2
        vertex 217 50 2.2
        vertex 218.0252 48.749577 2.2
    endloop
endfacet
facet normal 0 0 1
    outer loop
        vertex 220.85 50 2.2
        vertex 220.78531 49.67472 2.2
        vertex 222.5 48.34169 2.2
    endloop
endfacet
facet normal 0 -0 1
    outer loop
        vertex 217.7972 48.722057 2.2
        vertex 218.0252 48.749577 2.2
        vertex 217.10634 49.20835 2.2
    endloop
endfacet
facet normal 0 0 1
    outer loop
        vertex 217.58818 48.626827 2.2
        vertex 217.10634 49.20835 2.2
        vertex 217.4178 48.47282 2.2
    endloop
endfacet
facet normal 0 0 1
    outer loop
        vertex 217.7972 48.722057 2.2
        vertex 217.10634 49.20835 2.2
        vertex 217.58818 48.626827 2.2
    endloop
endfacet
facet normal 0 0 0.99999994
    outer loop
        vertex 218.0252 48.749577 2.2
        vertex 217 50 2.2
        vertex 217.10634 49.20835 2.2
    endloop
endfacet
facet normal 0 -0 1
    outer loop
        vertex 218.45299 48.597748 2.2
        vertex 219.2147 49.67472 2.2
        vertex 218.25085 48.706802 2.2
    endloop
endfacet
facet normal -0.55555725 -0.8314783 0
    outer loop
        vertex 221.57402 52.38582 2.2
        vertex 222.06067 52.06066 2.2
        vertex 221.57402 52.38582 4.6
    endloop
endfacet
facet normal -0.83147836 -0.55555725 0
    outer loop
        vertex 222.06067 52.06066 2.2
        vertex 222.38582 51.574024 2.2
        vertex 222.06067 52.06066 4.6
    endloop
endfacet
facet normal -0.83147836 -0.55555725 0
    outer loop
        vertex 222.38582 51.574024 2.2
        vertex 222.38582 51.574024 4.6
        vertex 222.06067 52.06066 4.6
    endloop
endfacet
facet normal -0.19509323 -0.98078471 0
    outer loop
        vertex 221.57402 52.38582 2.2
        vertex 221.57402 52.38582 4.6
        vertex 221 52.5 2.2
    endloop
endfacet
facet normal -0.98078495 -0.19509198 -0
    outer loop
        vertex 222.5 51 4.6
        vertex 222.38582 51.574024 4.6
        vertex 222.5 51 2.2
    endloop
endfacet
facet normal -0.98078495 -0.19509198 -0
    outer loop
        vertex 222.38582 51.574024 4.6
        vertex 222.38582 51.574024 2.2
        vertex 222.5 51 2.2
    endloop
endfacet
facet normal -0.19509323 -0.98078471 0
    outer loop
        vertex 221.57402 52.38582 4.6
        vertex 221 52.5 4.6
        vertex 221 52.5 2.2
    endloop
endfacet
facet normal -0.55555725 -0.8314783 0
    outer loop
        vertex 222.06067 52.06066 2.2
        vertex 222.06067 52.06066 4.6
        vertex 221.57402 52.38582 4.6
    endloop
endfacet
facet normal 0.8314696 -0.55557019 0
    outer loop
        vertex 3.2147024 4.3252807 -0.19999999
        vertex 3.3989594 4.601041 -0.19999999
        vertex 3.2147024 4.3252807 2.2
    endloop
endfacet
facet normal 0.55556983 -0.83146983 0
    outer loop
        vertex 3.3989594 4.601041 -0.19999999
        vertex 3.674719 4.7852974 -0.19999999
        vertex 3.3989594 4.601041 2.2
    endloop
endfacet
facet normal 0.55556983 -0.83146983 0
    outer loop
        vertex 3.674719 4.7852974 -0.19999999
        vertex 3.674719 4.7852974 2.2
        vertex 3.3989594 4.601041 2.2
    endloop
endfacet
facet normal 0.19509204 -0.98078489 0
    outer loop
        vertex 4 4.8500004 -0.19999999
        vertex 4 4.8500004 2.2
        vertex 3.674719 4.7852974 2.2
    endloop
endfacet
facet normal -0.19509219 -0.98078489 0
    outer loop
        vertex 4.3252807 4.7852974 -0.19999999
        vertex 4 4.8500004 2.2
        vertex 4 4.8500004 -0.19999999
    endloop
endfacet
facet normal -0.55556917 -0.83147031 0
    outer loop
        vertex 4.601041 4.601041 -0.19999999
        vertex 4.3252807 4.7852974 2.2
        vertex 4.3252807 4.7852974 -0.19999999
    endloop
endfacet
facet normal -0.55556917 -0.83147031 -0
    outer loop
        vertex 4.601041 4.601041 2.2
        vertex 4.3252807 4.7852974 2.2
        vertex 4.601041 4.601041 -0.19999999
    endloop
endfacet
facet normal 0.98078537 -0.19509012 0
    outer loop
        vertex 3.2147024 4.3252807 -0.19999999
        vertex 3.2147024 4.3252807 2.2
        vertex 3.15 4 -0.19999999
    endloop
endfacet
facet normal -0.98078489 -0.19509219 -0
    outer loop
        vertex 4.8500004 4 2.2
        vertex 4.7852974 4.3252807 2.2
        vertex 4.8500004 4 -0.19999999
    endloop
endfacet
facet normal -0.98078489 -0.19509219 -0
    outer loop
        vertex 4.7852974 4.3252807 2.2
        vertex 4.7852974 4.3252807 -0.19999999
        vertex 4.8500004 4 -0.19999999
    endloop
endfacet
facet normal -0.83147031 -0.55556917 0
    outer loop
        vertex 4.601041 4.601041 2.2
        vertex 4.7852974 4.3252807 -0.19999999
        vertex 4.7852974 4.3252807 2.2
    endloop
endfacet
facet normal -0.83147031 -0.55556917 0
    outer loop
        vertex 4.601041 4.601041 -0.19999999
        vertex 4.7852974 4.3252807 -0.19999999
        vertex 4.601041 4.601041 2.2
    endloop
endfacet
facet normal -0.19509219 -0.98078489 0
    outer loop
        vertex 4.3252807 4.7852974 -0.19999999
        vertex 4.3252807 4.7852974 2.2
        vertex 4 4.8500004 2.2
    endloop
endfacet
facet normal 0.19509204 -0.98078489 0
    outer loop
        vertex 3.674719 4.7852974 -0.19999999
        vertex 4 4.8500004 -0.19999999
        vertex 3.674719 4.7852974 2.2
    endloop
endfacet
facet normal 0.98078537 -0.19509012 0
    outer loop
        vertex 3.2147024 4.3252807 2.2
        vertex 3.15 4 2.2
        vertex 3.15 4 -0.19999999
    endloop
endfacet
facet normal 0.8314696 -0.55557019 0
    outer loop
        vertex 3.3989594 4.601041 -0.19999999
        vertex 3.3989594 4.601041 2.2
        vertex 3.2147024 4.3252807 2.2
    endloop
endfacet
facet normal 0.55443418 0.82976818 -0.0639331
    outer loop
        vertex 3.4634638 3.3712687 0
        vertex 3.674719 3.2147024 -0.19999999
        vertex 3.3989594 3.3989594 -0.19999999
    endloop
endfacet
facet normal -0.23282084 0.9703626 -0.06473728
    outer loop
        vertex 4.192841 3.1962688 0
        vertex 4.385682 3.2425375 0
        vertex 4.3252807 3.2147024 -0.19999999
    endloop
endfacet
facet normal -0.64650321 0.75760674 0.08980823
    outer loop
        vertex 4.536536 3.3712687 0
        vertex 4.3252807 3.2147024 -0.19999999
        vertex 4.385682 3.2425375 0
    endloop
endfacet
facet normal -0.64902937 0.76056582 0.01733749
    outer loop
        vertex 4.385682 3.2425375 1
        vertex 4.601041 3.3989594 2.2
        vertex 4.68739 3.5 1
    endloop
endfacet
facet normal -0.64564252 0.75659585 -0.1034815
    outer loop
        vertex 4.68739 3.5 0
        vertex 4.601041 3.3989594 -0.19999999
        vertex 4.536536 3.3712687 0
    endloop
endfacet
facet normal -0.19509012 0.98078537 0
    outer loop
        vertex 4 3.15 1
        vertex 4 3.15 2.2
        vertex 4.3252807 3.2147024 2.2
    endloop
endfacet
facet normal 0.19508997 0.98078537 -0
    outer loop
        vertex 4 3.15 1
        vertex 3.674719 3.2147024 2.2
        vertex 4 3.15 2.2
    endloop
endfacet
facet normal 0.55554992 0.83143789 -0.00867725
    outer loop
        vertex 3.614318 3.2425375 1
        vertex 3.3989594 3.3989594 2.2
        vertex 3.674719 3.2147024 2.2
    endloop
endfacet
facet normal 0.87236738 0.48885074 0
    outer loop
        vertex 3.3126101 3.5 1
        vertex 3.2147024 3.674719 -0.19999999
        vertex 3.2147024 3.674719 2.2
    endloop
endfacet
facet normal 0.83139837 0.55552351 -0.01305016
    outer loop
        vertex 3.3126101 3.5 1
        vertex 3.2147024 3.674719 2.2
        vertex 3.3989594 3.3989594 2.2
    endloop
endfacet
facet normal 0.64564264 0.75659591 -0.10348074
    outer loop
        vertex 3.3126101 3.5 0
        vertex 3.4634638 3.3712687 0
        vertex 3.3989594 3.3989594 -0.19999999
    endloop
endfacet
facet normal 0.64902937 0.76056582 0.01733736
    outer loop
        vertex 3.3126101 3.5 1
        vertex 3.3989594 3.3989594 2.2
        vertex 3.614318 3.2425375 1
    endloop
endfacet
facet normal 0.19494334 0.98004818 -0.03876239
    outer loop
        vertex 3.807159 3.1962688 0
        vertex 4 3.15 -0.19999999
        vertex 3.674719 3.2147024 -0.19999999
    endloop
endfacet
facet normal 0.23331022 0.97240227 0
    outer loop
        vertex 4 3.15 0
        vertex 4 3.15 -0.19999999
        vertex 3.807159 3.1962688 0
    endloop
endfacet
facet normal -0.19494349 0.98004824 -0.03876226
    outer loop
        vertex 4.192841 3.1962688 0
        vertex 4.3252807 3.2147024 -0.19999999
        vertex 4 3.15 -0.19999999
    endloop
endfacet
facet normal -0.23331022 0.97240227 0
    outer loop
        vertex 4 3.15 0
        vertex 4.192841 3.1962688 0
        vertex 4 3.15 -0.19999999
    endloop
endfacet
facet normal -0.23329665 0.97234559 0.0108116
    outer loop
        vertex 4 3.15 1
        vertex 4.3252807 3.2147024 2.2
        vertex 4.385682 3.2425375 1
    endloop
endfacet
facet normal -0.87236798 0.48884985 0
    outer loop
        vertex 4.68739 3.5 0
        vertex 4.68739 3.5 1
        vertex 4.7852974 3.674719 -0.19999999
    endloop
endfacet
facet normal -0.55554926 0.8314383 -0.00867732
    outer loop
        vertex 4.385682 3.2425375 1
        vertex 4.3252807 3.2147024 2.2
        vertex 4.601041 3.3989594 2.2
    endloop
endfacet
facet normal -0.83139908 0.5555225 -0.01305013
    outer loop
        vertex 4.68739 3.5 1
        vertex 4.601041 3.3989594 2.2
        vertex 4.7852974 3.674719 2.2
    endloop
endfacet
facet normal 0.87236744 0.48885074 0
    outer loop
        vertex 3.3126101 3.5 1
        vertex 3.3126101 3.5 0
        vertex 3.2147024 3.674719 -0.19999999
    endloop
endfacet
facet normal 0.23282087 0.9703626 -0.06473757
    outer loop
        vertex 3.674719 3.2147024 -0.19999999
        vertex 3.614318 3.2425375 0
        vertex 3.807159 3.1962688 0
    endloop
endfacet
facet normal 0.64650327 0.75760686 0.08980746
    outer loop
        vertex 3.614318 3.2425375 0
        vertex 3.674719 3.2147024 -0.19999999
        vertex 3.4634638 3.3712687 0
    endloop
endfacet
facet normal 0.23329665 0.97234559 0.01081164
    outer loop
        vertex 4 3.15 1
        vertex 3.614318 3.2425375 1
        vertex 3.674719 3.2147024 2.2
    endloop
endfacet
facet normal -0.55443352 0.8297686 -0.0639335
    outer loop
        vertex 4.601041 3.3989594 -0.19999999
        vertex 4.3252807 3.2147024 -0.19999999
        vertex 4.536536 3.3712687 0
    endloop
endfacet
facet normal 0.98078537 0.19508997 0
    outer loop
        vertex 3.2147024 3.674719 2.2
        vertex 3.2147024 3.674719 -0.19999999
        vertex 3.15 4 2.2
    endloop
endfacet
facet normal -0.98078489 0.19509204 0
    outer loop
        vertex 4.8500004 4 -0.19999999
        vertex 4.7852974 3.674719 -0.19999999
        vertex 4.8500004 4 2.2
    endloop
endfacet
facet normal -0.98078489 0.19509204 0
    outer loop
        vertex 4.7852974 3.674719 -0.19999999
        vertex 4.7852974 3.674719 2.2
        vertex 4.8500004 4 2.2
    endloop
endfacet
facet normal -0.87236804 0.48884985 0
    outer loop
        vertex 4.68739 3.5 1
        vertex 4.7852974 3.674719 2.2
        vertex 4.7852974 3.674719 -0.19999999
    endloop
endfacet
facet normal -0.82893223 0.55387431 0.07806846
    outer loop
        vertex 4.68739 3.5 0
        vertex 4.7852974 3.674719 -0.19999999
        vertex 4.601041 3.3989594 -0.19999999
    endloop
endfacet
facet normal 0.98078537 0.19508997 0
    outer loop
        vertex 3.2147024 3.674719 -0.19999999
        vertex 3.15 4 -0.19999999
        vertex 3.15 4 2.2
    endloop
endfacet
facet normal 0.82893151 0.55387521 0.07806865
    outer loop
        vertex 3.3126101 3.5 0
        vertex 3.3989594 3.3989594 -0.19999999
        vertex 3.2147024 3.674719 -0.19999999
    endloop
endfacet
facet normal -0.554443 -0.82976335 -0.06392045
    outer loop
        vertex 4.536536 50.628735 0
        vertex 4.3252807 50.7853 -0.19999999
        vertex 4.601041 50.60104 -0.19999999
    endloop
endfacet
facet normal 0.23281963 -0.9703626 -0.06474138
    outer loop
        vertex 3.807159 50.803734 0
        vertex 3.614318 50.757465 0
        vertex 3.674719 50.7853 -0.19999999
    endloop
endfacet
facet normal 0.64650208 -0.75760823 0.08980419
    outer loop
        vertex 3.4634638 50.628735 0
        vertex 3.674719 50.7853 -0.19999999
        vertex 3.614318 50.757465 0
    endloop
endfacet
facet normal -0.23281963 -0.9703626 -0.0647411
    outer loop
        vertex 4.385682 50.757465 0
        vertex 4.192841 50.803734 0
        vertex 4.3252807 50.7853 -0.19999999
    endloop
endfacet
facet normal -0.2332909 -0.97240692 -0
    outer loop
        vertex 4 50.85 0
        vertex 4 50.85 -0.19999999
        vertex 4.192841 50.803734 0
    endloop
endfacet
facet normal 0.19492888 -0.98005134 -0.0387572
    outer loop
        vertex 3.807159 50.803734 0
        vertex 3.674719 50.7853 -0.19999999
        vertex 4 50.85 -0.19999999
    endloop
endfacet
facet normal 0.64565301 -0.75658852 -0.10346982
    outer loop
        vertex 3.4634638 50.628735 0
        vertex 3.3126101 50.5 0
        vertex 3.3989594 50.60104 -0.19999999
    endloop
endfacet
facet normal 0.87236488 -0.48885533 0
    outer loop
        vertex 3.3126101 50.5 0
        vertex 3.3126101 50.5 1
        vertex 3.2147024 50.325283 -0.19999999
    endloop
endfacet
facet normal 0.64903349 -0.76056224 0.01733631
    outer loop
        vertex 3.3126101 50.5 1
        vertex 3.614318 50.757465 1
        vertex 3.3989594 50.60104 2.2
    endloop
endfacet
facet normal 0.83139569 -0.55552751 -0.01304996
    outer loop
        vertex 3.3126101 50.5 1
        vertex 3.3989594 50.60104 2.2
        vertex 3.2147024 50.325283 2.2
    endloop
endfacet
facet normal 0.2332864 -0.97234803 0.01081279
    outer loop
        vertex 3.614318 50.757465 1
        vertex 4 50.85 1
        vertex 3.674719 50.7853 2.2
    endloop
endfacet
facet normal 0.5555588 -0.83143193 -0.00867734
    outer loop
        vertex 3.614318 50.757465 1
        vertex 3.674719 50.7853 2.2
        vertex 3.3989594 50.60104 2.2
    endloop
endfacet
facet normal 0.19507542 -0.98078817 0
    outer loop
        vertex 4 50.85 1
        vertex 4 50.85 2.2
        vertex 3.674719 50.7853 2.2
    endloop
endfacet
facet normal -0.19507557 -0.98078817 0
    outer loop
        vertex 4 50.85 1
        vertex 4.3252807 50.7853 2.2
        vertex 4 50.85 2.2
    endloop
endfacet
facet normal -0.19492902 -0.98005134 -0.03875707
    outer loop
        vertex 4.192841 50.803734 0
        vertex 4 50.85 -0.19999999
        vertex 4.3252807 50.7853 -0.19999999
    endloop
endfacet
facet normal -0.87236536 -0.48885441 0
    outer loop
        vertex 4.68739 50.5 1
        vertex 4.7852974 50.325283 -0.19999999
        vertex 4.7852974 50.325283 2.2
    endloop
endfacet
facet normal -0.8313964 -0.55552649 -0.01304993
    outer loop
        vertex 4.68739 50.5 1
        vertex 4.7852974 50.325283 2.2
        vertex 4.601041 50.60104 2.2
    endloop
endfacet
facet normal -0.64565295 -0.7565884 -0.10347056
    outer loop
        vertex 4.68739 50.5 0
        vertex 4.536536 50.628735 0
        vertex 4.601041 50.60104 -0.19999999
    endloop
endfacet
facet normal -0.64650202 -0.75760818 0.08980495
    outer loop
        vertex 4.385682 50.757465 0
        vertex 4.3252807 50.7853 -0.19999999
        vertex 4.536536 50.628735 0
    endloop
endfacet
facet normal 0.87236488 -0.48885533 0
    outer loop
        vertex 3.2147024 50.325283 -0.19999999
        vertex 3.3126101 50.5 1
        vertex 3.2147024 50.325283 2.2
    endloop
endfacet
facet normal 0.55444366 -0.82976288 -0.06392001
    outer loop
        vertex 3.674719 50.7853 -0.19999999
        vertex 3.4634638 50.628735 0
        vertex 3.3989594 50.60104 -0.19999999
    endloop
endfacet
facet normal 0.2332909 -0.97240692 0
    outer loop
        vertex 4 50.85 0
        vertex 3.807159 50.803734 0
        vertex 4 50.85 -0.19999999
    endloop
endfacet
facet normal -0.5555582 -0.8314324 -0.00867741
    outer loop
        vertex 4.601041 50.60104 2.2
        vertex 4.3252807 50.7853 2.2
        vertex 4.385682 50.757465 1
    endloop
endfacet
facet normal -0.64903349 -0.76056218 0.01733644
    outer loop
        vertex 4.601041 50.60104 2.2
        vertex 4.385682 50.757465 1
        vertex 4.68739 50.5 1
    endloop
endfacet
facet normal 0.98078561 -0.19508873 0
    outer loop
        vertex 3.2147024 50.325283 -0.19999999
        vertex 3.2147024 50.325283 2.2
        vertex 3.15 50 -0.19999999
    endloop
endfacet
facet normal -0.98078519 -0.19509082 -0
    outer loop
        vertex 4.8500004 50 2.2
        vertex 4.7852974 50.325283 2.2
        vertex 4.8500004 50 -0.19999999
    endloop
endfacet
facet normal -0.98078519 -0.19509082 -0
    outer loop
        vertex 4.7852974 50.325283 2.2
        vertex 4.7852974 50.325283 -0.19999999
        vertex 4.8500004 50 -0.19999999
    endloop
endfacet
facet normal -0.87236542 -0.48885441 0
    outer loop
        vertex 4.68739 50.5 0
        vertex 4.7852974 50.325283 -0.19999999
        vertex 4.68739 50.5 1
    endloop
endfacet
facet normal -0.82892966 -0.55387825 0.07806727
    outer loop
        vertex 4.601041 50.60104 -0.19999999
        vertex 4.7852974 50.325283 -0.19999999
        vertex 4.68739 50.5 0
    endloop
endfacet
facet normal -0.2332864 -0.97234803 0.01081275
    outer loop
        vertex 4.385682 50.757465 1
        vertex 4.3252807 50.7853 2.2
        vertex 4 50.85 1
    endloop
endfacet
facet normal 0.98078561 -0.19508873 0
    outer loop
        vertex 3.2147024 50.325283 2.2
        vertex 3.15 50 2.2
        vertex 3.15 50 -0.19999999
    endloop
endfacet
facet normal 0.82892895 -0.5538792 0.07806749
    outer loop
        vertex 3.3989594 50.60104 -0.19999999
        vertex 3.3126101 50.5 0
        vertex 3.2147024 50.325283 -0.19999999
    endloop
endfacet
facet normal 0.83147007 0.55556953 0
    outer loop
        vertex 3.2147024 49.67472 2.2
        vertex 3.3989594 49.39896 2.2
        vertex 3.2147024 49.67472 -0.19999999
    endloop
endfacet
facet normal 0.55557185 0.83146852 0
    outer loop
        vertex 3.3989594 49.39896 2.2
        vertex 3.674719 49.214703 2.2
        vertex 3.3989594 49.39896 -0.19999999
    endloop
endfacet
facet normal 0.55557185 0.83146852 0
    outer loop
        vertex 3.674719 49.214703 2.2
        vertex 3.674719 49.214703 -0.19999999
        vertex 3.3989594 49.39896 -0.19999999
    endloop
endfacet
facet normal 0.19508651 0.98078603 0
    outer loop
        vertex 4 49.15 2.2
        vertex 4 49.15 -0.19999999
        vertex 3.674719 49.214703 -0.19999999
    endloop
endfacet
facet normal -0.19508666 0.98078603 0
    outer loop
        vertex 4.3252807 49.214703 2.2
        vertex 4 49.15 -0.19999999
        vertex 4 49.15 2.2
    endloop
endfacet
facet normal -0.55557114 0.831469 0
    outer loop
        vertex 4.601041 49.39896 2.2
        vertex 4.3252807 49.214703 -0.19999999
        vertex 4.3252807 49.214703 2.2
    endloop
endfacet
facet normal -0.55557114 0.831469 0
    outer loop
        vertex 4.601041 49.39896 -0.19999999
        vertex 4.3252807 49.214703 -0.19999999
        vertex 4.601041 49.39896 2.2
    endloop
endfacet
facet normal 0.98078519 0.19509093 0
    outer loop
        vertex 3.2147024 49.67472 2.2
        vertex 3.2147024 49.67472 -0.19999999
        vertex 3.15 50 2.2
    endloop
endfacet
facet normal -0.98078471 0.19509299 0
    outer loop
        vertex 4.8500004 50 -0.19999999
        vertex 4.7852974 49.67472 -0.19999999
        vertex 4.8500004 50 2.2
    endloop
endfacet
facet normal -0.98078471 0.19509299 0
    outer loop
        vertex 4.7852974 49.67472 -0.19999999
        vertex 4.7852974 49.67472 2.2
        vertex 4.8500004 50 2.2
    endloop
endfacet
facet normal -0.83147073 0.55556846 0
    outer loop
        vertex 4.601041 49.39896 -0.19999999
        vertex 4.7852974 49.67472 2.2
        vertex 4.7852974 49.67472 -0.19999999
    endloop
endfacet
facet normal -0.83147073 0.55556846 0
    outer loop
        vertex 4.601041 49.39896 2.2
        vertex 4.7852974 49.67472 2.2
        vertex 4.601041 49.39896 -0.19999999
    endloop
endfacet
facet normal -0.19508666 0.98078603 0
    outer loop
        vertex 4.3252807 49.214703 2.2
        vertex 4.3252807 49.214703 -0.19999999
        vertex 4 49.15 -0.19999999
    endloop
endfacet
facet normal 0.19508651 0.98078603 0
    outer loop
        vertex 3.674719 49.214703 2.2
        vertex 4 49.15 2.2
        vertex 3.674719 49.214703 -0.19999999
    endloop
endfacet
facet normal 0.98078519 0.19509093 0
    outer loop
        vertex 3.2147024 49.67472 -0.19999999
        vertex 3.15 50 -0.19999999
        vertex 3.15 50 2.2
    endloop
endfacet
facet normal 0.83147007 0.55556953 0
    outer loop
        vertex 3.3989594 49.39896 2.2
        vertex 3.3989594 49.39896 -0.19999999
        vertex 3.2147024 49.67472 -0.19999999
    endloop
endfacet
facet normal 0.83147967 -0.55555528 0
    outer loop
        vertex 219.2147 4.3252807 -0.19999999
        vertex 219.39896 4.601041 -0.19999999
        vertex 219.2147 4.3252807 2.2
    endloop
endfacet
facet normal 0.55555254 -0.83148134 0
    outer loop
        vertex 219.39896 4.601041 -0.19999999
        vertex 219.67473 4.7852974 -0.19999999
        vertex 219.39896 4.601041 2.2
    endloop
endfacet
facet normal 0.55555254 -0.83148134 0
    outer loop
        vertex 219.67473 4.7852974 -0.19999999
        vertex 219.67473 4.7852974 2.2
        vertex 219.39896 4.601041 2.2
    endloop
endfacet
facet normal 0.1950974 -0.98078382 0
    outer loop
        vertex 220 4.8500004 -0.19999999
        vertex 220 4.8500004 2.2
        vertex 219.67473 4.7852974 2.2
    endloop
endfacet
facet normal -0.1950974 -0.98078382 0
    outer loop
        vertex 220.32527 4.7852974 -0.19999999
        vertex 220 4.8500004 2.2
        vertex 220 4.8500004 -0.19999999
    endloop
endfacet
facet normal -0.55555254 -0.83148134 0
    outer loop
        vertex 220.60104 4.601041 -0.19999999
        vertex 220.32527 4.7852974 2.2
        vertex 220.32527 4.7852974 -0.19999999
    endloop
endfacet
facet normal -0.55555254 -0.83148134 -0
    outer loop
        vertex 220.60104 4.601041 2.2
        vertex 220.32527 4.7852974 2.2
        vertex 220.60104 4.601041 -0.19999999
    endloop
endfacet
facet normal 0.98078817 -0.19507557 0
    outer loop
        vertex 219.2147 4.3252807 -0.19999999
        vertex 219.2147 4.3252807 2.2
        vertex 219.15001 4 -0.19999999
    endloop
endfacet
facet normal -0.98078817 -0.19507557 -0
    outer loop
        vertex 220.85 4 2.2
        vertex 220.78531 4.3252807 2.2
        vertex 220.85 4 -0.19999999
    endloop
endfacet
facet normal -0.98078817 -0.19507557 -0
    outer loop
        vertex 220.78531 4.3252807 2.2
        vertex 220.78531 4.3252807 -0.19999999
        vertex 220.85 4 -0.19999999
    endloop
endfacet
facet normal -0.83145833 -0.55558705 0
    outer loop
        vertex 220.60104 4.601041 2.2
        vertex 220.78531 4.3252807 -0.19999999
        vertex 220.78531 4.3252807 2.2
    endloop
endfacet
facet normal -0.83145833 -0.55558705 0
    outer loop
        vertex 220.60104 4.601041 -0.19999999
        vertex 220.78531 4.3252807 -0.19999999
        vertex 220.60104 4.601041 2.2
    endloop
endfacet
facet normal -0.1950974 -0.98078382 0
    outer loop
        vertex 220.32527 4.7852974 -0.19999999
        vertex 220.32527 4.7852974 2.2
        vertex 220 4.8500004 2.2
    endloop
endfacet
facet normal 0.1950974 -0.98078382 0
    outer loop
        vertex 219.67473 4.7852974 -0.19999999
        vertex 220 4.8500004 -0.19999999
        vertex 219.67473 4.7852974 2.2
    endloop
endfacet
facet normal 0.98078817 -0.19507557 0
    outer loop
        vertex 219.2147 4.3252807 2.2
        vertex 219.15001 4 2.2
        vertex 219.15001 4 -0.19999999
    endloop
endfacet
facet normal 0.83147967 -0.55555528 0
    outer loop
        vertex 219.39896 4.601041 -0.19999999
        vertex 219.39896 4.601041 2.2
        vertex 219.2147 4.3252807 2.2
    endloop
endfacet
facet normal 0.83147919 0.555556 0
    outer loop
        vertex 219.2147 3.674719 2.2
        vertex 219.39896 3.3989594 2.2
        vertex 219.2147 3.674719 -0.19999999
    endloop
endfacet
facet normal 0.55555356 0.83148074 0
    outer loop
        vertex 219.39896 3.3989594 2.2
        vertex 219.67473 3.2147024 2.2
        vertex 219.39896 3.3989594 -0.19999999
    endloop
endfacet
facet normal 0.55555356 0.83148074 0
    outer loop
        vertex 219.67473 3.2147024 2.2
        vertex 219.67473 3.2147024 -0.19999999
        vertex 219.39896 3.3989594 -0.19999999
    endloop
endfacet
facet normal 0.19509535 0.9807843 0
    outer loop
        vertex 220 3.15 2.2
        vertex 220 3.15 -0.19999999
        vertex 219.67473 3.2147024 -0.19999999
    endloop
endfacet
facet normal -0.19509535 0.9807843 0
    outer loop
        vertex 220.32527 3.2147024 2.2
        vertex 220 3.15 -0.19999999
        vertex 220 3.15 2.2
    endloop
endfacet
facet normal -0.55555356 0.83148074 0
    outer loop
        vertex 220.60104 3.3989594 2.2
        vertex 220.32527 3.2147024 -0.19999999
        vertex 220.32527 3.2147024 2.2
    endloop
endfacet
facet normal -0.55555356 0.83148074 0
    outer loop
        vertex 220.60104 3.3989594 -0.19999999
        vertex 220.32527 3.2147024 -0.19999999
        vertex 220.60104 3.3989594 2.2
    endloop
endfacet
facet normal 0.98078817 0.19507542 0
    outer loop
        vertex 219.2147 3.674719 2.2
        vertex 219.2147 3.674719 -0.19999999
        vertex 219.15001 4 2.2
    endloop
endfacet
facet normal -0.98078817 0.19507542 0
    outer loop
        vertex 220.85 4 -0.19999999
        vertex 220.78531 3.674719 -0.19999999
        vertex 220.85 4 2.2
    endloop
endfacet
facet normal -0.98078817 0.19507542 0
    outer loop
        vertex 220.78531 3.674719 -0.19999999
        vertex 220.78531 3.674719 2.2
        vertex 220.85 4 2.2
    endloop
endfacet
facet normal -0.83145797 0.55558777 0
    outer loop
        vertex 220.60104 3.3989594 -0.19999999
        vertex 220.78531 3.674719 2.2
        vertex 220.78531 3.674719 -0.19999999
    endloop
endfacet
facet normal -0.83145797 0.55558777 0
    outer loop
        vertex 220.60104 3.3989594 2.2
        vertex 220.78531 3.674719 2.2
        vertex 220.60104 3.3989594 -0.19999999
    endloop
endfacet
facet normal -0.19509535 0.9807843 0
    outer loop
        vertex 220.32527 3.2147024 2.2
        vertex 220.32527 3.2147024 -0.19999999
        vertex 220 3.15 -0.19999999
    endloop
endfacet
facet normal 0.19509535 0.9807843 0
    outer loop
        vertex 219.67473 3.2147024 2.2
        vertex 220 3.15 2.2
        vertex 219.67473 3.2147024 -0.19999999
    endloop
endfacet
facet normal 0.98078817 0.19507542 0
    outer loop
        vertex 219.2147 3.674719 -0.19999999
        vertex 219.15001 4 -0.19999999
        vertex 219.15001 4 2.2
    endloop
endfacet
facet normal 0.83147919 0.555556 0
    outer loop
        vertex 219.39896 3.3989594 2.2
        vertex 219.39896 3.3989594 -0.19999999
        vertex 219.2147 3.674719 -0.19999999
    endloop
endfacet
facet normal 0.83147645 -0.55555993 0
    outer loop
        vertex 219.2147 50.325283 -0.19999999
        vertex 219.39896 50.60104 -0.19999999
        vertex 219.2147 50.325283 2.2
    endloop
endfacet
facet normal 0.5555625 -0.83147478 0
    outer loop
        vertex 219.39896 50.60104 -0.19999999
        vertex 219.67473 50.7853 -0.19999999
        vertex 219.39896 50.60104 2.2
    endloop
endfacet
facet normal 0.5555625 -0.83147478 0
    outer loop
        vertex 219.67473 50.7853 -0.19999999
        vertex 219.67473 50.7853 2.2
        vertex 219.39896 50.60104 2.2
    endloop
endfacet
facet normal 0.1950808 -0.98078716 0
    outer loop
        vertex 220 50.85 -0.19999999
        vertex 220 50.85 2.2
        vertex 219.67473 50.7853 2.2
    endloop
endfacet
facet normal -0.1950808 -0.98078716 0
    outer loop
        vertex 220.32527 50.7853 -0.19999999
        vertex 220 50.85 2.2
        vertex 220 50.85 -0.19999999
    endloop
endfacet
facet normal -0.5555625 -0.83147478 0
    outer loop
        vertex 220.60104 50.60104 -0.19999999
        vertex 220.32527 50.7853 2.2
        vertex 220.32527 50.7853 -0.19999999
    endloop
endfacet
facet normal -0.5555625 -0.83147478 -0
    outer loop
        vertex 220.60104 50.60104 2.2
        vertex 220.32527 50.7853 2.2
        vertex 220.60104 50.60104 -0.19999999
    endloop
endfacet
facet normal 0.98078847 -0.1950742 0
    outer loop
        vertex 219.2147 50.325283 -0.19999999
        vertex 219.2147 50.325283 2.2
        vertex 219.15001 50 -0.19999999
    endloop
endfacet
facet normal -0.98078847 -0.1950742 -0
    outer loop
        vertex 220.85 50 2.2
        vertex 220.78531 50.325283 2.2
        vertex 220.85 50 -0.19999999
    endloop
endfacet
facet normal -0.98078847 -0.1950742 -0
    outer loop
        vertex 220.78531 50.325283 2.2
        vertex 220.78531 50.325283 -0.19999999
        vertex 220.85 50 -0.19999999
    endloop
endfacet
facet normal -0.83145523 -0.5555917 0
    outer loop
        vertex 220.60104 50.60104 2.2
        vertex 220.78531 50.325283 -0.19999999
        vertex 220.78531 50.325283 2.2
    endloop
endfacet
facet normal -0.83145523 -0.5555917 0
    outer loop
        vertex 220.60104 50.60104 -0.19999999
        vertex 220.78531 50.325283 -0.19999999
        vertex 220.60104 50.60104 2.2
    endloop
endfacet
facet normal -0.1950808 -0.98078716 0
    outer loop
        vertex 220.32527 50.7853 -0.19999999
        vertex 220.32527 50.7853 2.2
        vertex 220 50.85 2.2
    endloop
endfacet
facet normal 0.1950808 -0.98078716 0
    outer loop
        vertex 219.67473 50.7853 -0.19999999
        vertex 220 50.85 -0.19999999
        vertex 219.67473 50.7853 2.2
    endloop
endfacet
facet normal 0.98078847 -0.1950742 0
    outer loop
        vertex 219.2147 50.325283 2.2
        vertex 219.15001 50 2.2
        vertex 219.15001 50 -0.19999999
    endloop
endfacet
facet normal 0.83147645 -0.55555993 0
    outer loop
        vertex 219.39896 50.60104 -0.19999999
        vertex 219.39896 50.60104 2.2
        vertex 219.2147 50.325283 2.2
    endloop
endfacet
facet normal 0.83148003 0.55555463 0
    outer loop
        vertex 219.2147 49.67472 2.2
        vertex 219.39896 49.39896 2.2
        vertex 219.2147 49.67472 -0.19999999
    endloop
endfacet
facet normal 0.55555457 0.83148009 0
    outer loop
        vertex 219.39896 49.39896 2.2
        vertex 219.67473 49.214703 2.2
        vertex 219.39896 49.39896 -0.19999999
    endloop
endfacet
facet normal 0.55555457 0.83148009 0
    outer loop
        vertex 219.67473 49.214703 2.2
        vertex 219.67473 49.214703 -0.19999999
        vertex 219.39896 49.39896 -0.19999999
    endloop
endfacet
facet normal 0.19509187 0.98078495 0
    outer loop
        vertex 220 49.15 2.2
        vertex 220 49.15 -0.19999999
        vertex 219.67473 49.214703 -0.19999999
    endloop
endfacet
facet normal -0.19509187 0.98078495 0
    outer loop
        vertex 220.32527 49.214703 2.2
        vertex 220 49.15 -0.19999999
        vertex 220 49.15 2.2
    endloop
endfacet
facet normal -0.55555457 0.83148009 0
    outer loop
        vertex 220.60104 49.39896 2.2
        vertex 220.32527 49.214703 -0.19999999
        vertex 220.32527 49.214703 2.2
    endloop
endfacet
facet normal -0.55555457 0.83148009 0
    outer loop
        vertex 220.60104 49.39896 -0.19999999
        vertex 220.32527 49.214703 -0.19999999
        vertex 220.60104 49.39896 2.2
    endloop
endfacet
facet normal 0.98078811 0.19507641 0
    outer loop
        vertex 219.2147 49.67472 2.2
        vertex 219.2147 49.67472 -0.19999999
        vertex 219.15001 50 2.2
    endloop
endfacet
facet normal -0.98078811 0.19507641 0
    outer loop
        vertex 220.85 50 -0.19999999
        vertex 220.78531 49.67472 -0.19999999
        vertex 220.85 50 2.2
    endloop
endfacet
facet normal -0.98078811 0.19507641 0
    outer loop
        vertex 220.78531 49.67472 -0.19999999
        vertex 220.78531 49.67472 2.2
        vertex 220.85 50 2.2
    endloop
endfacet
facet normal -0.83145887 0.55558646 0
    outer loop
        vertex 220.60104 49.39896 -0.19999999
        vertex 220.78531 49.67472 2.2
        vertex 220.78531 49.67472 -0.19999999
    endloop
endfacet
facet normal -0.83145887 0.55558646 0
    outer loop
        vertex 220.60104 49.39896 2.2
        vertex 220.78531 49.67472 2.2
        vertex 220.60104 49.39896 -0.19999999
    endloop
endfacet
facet normal -0.19509187 0.98078495 0
    outer loop
        vertex 220.32527 49.214703 2.2
        vertex 220.32527 49.214703 -0.19999999
        vertex 220 49.15 -0.19999999
    endloop
endfacet
facet normal 0.19509187 0.98078495 0
    outer loop
        vertex 219.67473 49.214703 2.2
        vertex 220 49.15 2.2
        vertex 219.67473 49.214703 -0.19999999
    endloop
endfacet
facet normal 0.98078811 0.19507641 0
    outer loop
        vertex 219.2147 49.67472 -0.19999999
        vertex 219.15001 50 -0.19999999
        vertex 219.15001 50 2.2
    endloop
endfacet
facet normal 0.83148003 0.55555463 0
    outer loop
        vertex 219.39896 49.39896 2.2
        vertex 219.39896 49.39896 -0.19999999
        vertex 219.2147 49.67472 -0.19999999
    endloop
endfacet
facet normal -0.83146948 0.55557042 0
    outer loop
        vertex 4.614181 6.574025 2.5
        vertex 4.614181 6.574025 5
        vertex 4.93934 7.06066 2.5
    endloop
endfacet
facet normal -0.55557096 0.83146912 0
    outer loop
        vertex 4.93934 7.06066 2.5
        vertex 4.93934 7.06066 5
        vertex 5.425975 7.3858194 2.5
    endloop
endfacet
facet normal -0.55557096 0.83146912 0
    outer loop
        vertex 5.425975 7.3858194 2.5
        vertex 4.93934 7.06066 5
        vertex 5.425975 7.3858194 5
    endloop
endfacet
facet normal -0.1950901 0.98078531 0
    outer loop
        vertex 6 7.5 2.5
        vertex 5.425975 7.3858194 5
        vertex 6 7.5 5
    endloop
endfacet
facet normal 0.1950901 0.98078531 0
    outer loop
        vertex 6.574025 7.3858194 2.5
        vertex 6 7.5 2.5
        vertex 6 7.5 5
    endloop
endfacet
facet normal 0.55557096 0.83146912 0
    outer loop
        vertex 7.06066 7.06066 2.5
        vertex 6.574025 7.3858194 2.5
        vertex 6.574025 7.3858194 5
    endloop
endfacet
facet normal 0.55557096 0.83146912 0
    outer loop
        vertex 7.06066 7.06066 5
        vertex 7.06066 7.06066 2.5
        vertex 6.574025 7.3858194 5
    endloop
endfacet
facet normal -0.98078513 0.19509088 0
    outer loop
        vertex 4.614181 6.574025 2.5
        vertex 4.5 6 2.5
        vertex 4.614181 6.574025 5
    endloop
endfacet
facet normal 0.98078531 0.1950901 0
    outer loop
        vertex 7.5 6 5
        vertex 7.5 6 2.5
        vertex 7.3858194 6.574025 5
    endloop
endfacet
facet normal 0.98078531 0.1950901 0
    outer loop
        vertex 7.3858194 6.574025 5
        vertex 7.5 6 2.5
        vertex 7.3858194 6.574025 2.5
    endloop
endfacet
facet normal 0.83146912 0.55557096 0
    outer loop
        vertex 7.06066 7.06066 5
        vertex 7.3858194 6.574025 5
        vertex 7.3858194 6.574025 2.5
    endloop
endfacet
facet normal 0.83146912 0.55557096 -0
    outer loop
        vertex 7.06066 7.06066 2.5
        vertex 7.06066 7.06066 5
        vertex 7.3858194 6.574025 2.5
    endloop
endfacet
facet normal 0.1950901 0.98078531 -0
    outer loop
        vertex 6.574025 7.3858194 2.5
        vertex 6 7.5 5
        vertex 6.574025 7.3858194 5
    endloop
endfacet
facet normal -0.1950901 0.98078531 0
    outer loop
        vertex 5.425975 7.3858194 2.5
        vertex 5.425975 7.3858194 5
        vertex 6 7.5 2.5
    endloop
endfacet
facet normal -0.98078513 0.19509088 0
    outer loop
        vertex 4.614181 6.574025 5
        vertex 4.5 6 2.5
        vertex 4.5 6 5
    endloop
endfacet
facet normal -0.83146948 0.55557042 0
    outer loop
        vertex 4.93934 7.06066 2.5
        vertex 4.614181 6.574025 5
        vertex 4.93934 7.06066 5
    endloop
endfacet
facet normal -0 0 -1
    outer loop
        vertex 5.7129874 6.6929097 2.5
        vertex 5.46967 6.53033 2.5
        vertex 5.425975 7.3858194 2.5
    endloop
endfacet
facet normal 0 0 -0.99999994
    outer loop
        vertex 5.7129874 6.6929097 2.5
        vertex 5.425975 7.3858194 2.5
        vertex 6 6.75 2.5
    endloop
endfacet
facet normal -0 0 -1
    outer loop
        vertex 5.46967 6.53033 2.5
        vertex 5.3070903 6.2870126 2.5
        vertex 4.93934 7.06066 2.5
    endloop
endfacet
facet normal 0 0 -1
    outer loop
        vertex 4.614181 6.574025 2.5
        vertex 4.93934 7.06066 2.5
        vertex 5.3070903 6.2870126 2.5
    endloop
endfacet
facet normal 0 0 -0.99999994
    outer loop
        vertex 4.5 6 2.5
        vertex 4.614181 6.574025 2.5
        vertex 5.25 6 2.5
    endloop
endfacet
facet normal 0 0 -0.99999994
    outer loop
        vertex 4.5 6 2.5
        vertex 5.25 6 2.5
        vertex 5.3070903 5.7129874 2.5
    endloop
endfacet
facet normal 0 0 -1
    outer loop
        vertex 4.93934 4.93934 2.5
        vertex 4.614181 5.425975 2.5
        vertex 5.46967 5.46967 2.5
    endloop
endfacet
facet normal 0 0 -1
    outer loop
        vertex 5.425975 4.614181 2.5
        vertex 4.93934 4.93934 2.5
        vertex 5.7129874 5.3070903 2.5
    endloop
endfacet
facet normal 0 0 -0.99999994
    outer loop
        vertex 6 4.5 2.5
        vertex 5.425975 4.614181 2.5
        vertex 6 5.25 2.5
    endloop
endfacet
facet normal -0 0 -1
    outer loop
        vertex 6.574025 4.614181 2.5
        vertex 6 4.5 2.5
        vertex 6.2870126 5.3070903 2.5
    endloop
endfacet
facet normal -0 0 -1
    outer loop
        vertex 7.06066 4.93934 2.5
        vertex 6.574025 4.614181 2.5
        vertex 6.53033 5.46967 2.5
    endloop
endfacet
facet normal -0 0 -1
    outer loop
        vertex 7.3858194 5.425975 2.5
        vertex 7.06066 4.93934 2.5
        vertex 6.6929097 5.7129874 2.5
    endloop
endfacet
facet normal -0 0 -0.99999994
    outer loop
        vertex 7.5 6 2.5
        vertex 7.3858194 5.425975 2.5
        vertex 6.75 6 2.5
    endloop
endfacet
facet normal 0 -0 -0.99999994
    outer loop
        vertex 7.3858194 6.574025 2.5
        vertex 7.5 6 2.5
        vertex 6.6929097 6.2870126 2.5
    endloop
endfacet
facet normal 0 -0 -1
    outer loop
        vertex 7.06066 7.06066 2.5
        vertex 7.3858194 6.574025 2.5
        vertex 6.53033 6.53033 2.5
    endloop
endfacet
facet normal 0 0 -1
    outer loop
        vertex 4.614181 5.425975 2.5
        vertex 5.3070903 5.7129874 2.5
        vertex 5.46967 5.46967 2.5
    endloop
endfacet
facet normal 0 0 -1
    outer loop
        vertex 5.46967 6.53033 2.5
        vertex 4.93934 7.06066 2.5
        vertex 5.425975 7.3858194 2.5
    endloop
endfacet
facet normal 0 0 -1
    outer loop
        vertex 7.06066 7.06066 2.5
        vertex 6.53033 6.53033 2.5
        vertex 6.2870126 6.6929097 2.5
    endloop
endfacet
facet normal 0 0 -1
    outer loop
        vertex 7.3858194 6.574025 2.5
        vertex 6.6929097 6.2870126 2.5
        vertex 6.53033 6.53033 2.5
    endloop
endfacet
facet normal 0 -0 -0.99999994
    outer loop
        vertex 6.75 6 2.5
        vertex 7.3858194 5.425975 2.5
        vertex 6.6929097 5.7129874 2.5
    endloop
endfacet
facet normal 0 0 -0.99999994
    outer loop
        vertex 7.5 6 2.5
        vertex 6.75 6 2.5
        vertex 6.6929097 6.2870126 2.5
    endloop
endfacet
facet normal 0 0 -1
    outer loop
        vertex 6.53033 5.46967 2.5
        vertex 6.6929097 5.7129874 2.5
        vertex 7.06066 4.93934 2.5
    endloop
endfacet
facet normal -0 0 -1
    outer loop
        vertex 6 5.25 2.5
        vertex 5.425975 4.614181 2.5
        vertex 5.7129874 5.3070903 2.5
    endloop
endfacet
facet normal 0 0 -1
    outer loop
        vertex 6.2870126 5.3070903 2.5
        vertex 6.53033 5.46967 2.5
        vertex 6.574025 4.614181 2.5
    endloop
endfacet
facet normal 0 -0 -1
    outer loop
        vertex 5.46967 5.46967 2.5
        vertex 5.7129874 5.3070903 2.5
        vertex 4.93934 4.93934 2.5
    endloop
endfacet
facet normal 0 0 -1
    outer loop
        vertex 5.25 6 2.5
        vertex 4.614181 6.574025 2.5
        vertex 5.3070903 6.2870126 2.5
    endloop
endfacet
facet normal 0 0 -1
    outer loop
        vertex 4.5 6 2.5
        vertex 5.3070903 5.7129874 2.5
        vertex 4.614181 5.425975 2.5
    endloop
endfacet
facet normal 0 0 -0.99999994
    outer loop
        vertex 5.425975 7.3858194 2.5
        vertex 6 7.5 2.5
        vertex 6 6.75 2.5
    endloop
endfacet
facet normal 0 0 -0.99999994
    outer loop
        vertex 6 6.75 2.5
        vertex 6.574025 7.3858194 2.5
        vertex 6.2870126 6.6929097 2.5
    endloop
endfacet
facet normal 0 0 -0.99999994
    outer loop
        vertex 6 7.5 2.5
        vertex 6.574025 7.3858194 2.5
        vertex 6 6.75 2.5
    endloop
endfacet
facet normal 0 -0 -1
    outer loop
        vertex 6.574025 7.3858194 2.5
        vertex 7.06066 7.06066 2.5
        vertex 6.2870126 6.6929097 2.5
    endloop
endfacet
facet normal 0 0 -0.99999994
    outer loop
        vertex 6 4.5 2.5
        vertex 6 5.25 2.5
        vertex 6.2870126 5.3070903 2.5
    endloop
endfacet
facet normal -0.83146948 -0.55557042 -0
    outer loop
        vertex 4.614181 5.425975 5
        vertex 4.614181 5.425975 2.5
        vertex 4.93934 4.93934 5
    endloop
endfacet
facet normal -0.83146948 -0.55557042 -0
    outer loop
        vertex 4.93934 4.93934 5
        vertex 4.614181 5.425975 2.5
        vertex 4.93934 4.93934 2.5
    endloop
endfacet
facet normal -0.55557042 -0.83146948 -0
    outer loop
        vertex 5.425975 4.614181 5
        vertex 4.93934 4.93934 2.5
        vertex 5.425975 4.614181 2.5
    endloop
endfacet
facet normal -0.19509088 -0.98078513 -0
    outer loop
        vertex 6 4.5 5
        vertex 5.425975 4.614181 2.5
        vertex 6 4.5 2.5
    endloop
endfacet
facet normal 0.19509088 -0.98078513 0
    outer loop
        vertex 6.574025 4.614181 5
        vertex 6 4.5 5
        vertex 6 4.5 2.5
    endloop
endfacet
facet normal 0.55557042 -0.83146948 0
    outer loop
        vertex 7.06066 4.93934 5
        vertex 6.574025 4.614181 5
        vertex 6.574025 4.614181 2.5
    endloop
endfacet
facet normal 0.55557042 -0.83146948 0
    outer loop
        vertex 7.06066 4.93934 2.5
        vertex 7.06066 4.93934 5
        vertex 6.574025 4.614181 2.5
    endloop
endfacet
facet normal -0.98078513 -0.19509088 0
    outer loop
        vertex 4.614181 5.425975 5
        vertex 4.5 6 5
        vertex 4.5 6 2.5
    endloop
endfacet
facet normal 0.98078531 -0.1950901 0
    outer loop
        vertex 7.5 6 2.5
        vertex 7.5 6 5
        vertex 7.3858194 5.425975 2.5
    endloop
endfacet
facet normal 0.98078531 -0.1950901 0
    outer loop
        vertex 7.3858194 5.425975 2.5
        vertex 7.5 6 5
        vertex 7.3858194 5.425975 5
    endloop
endfacet
facet normal 0.83146912 -0.55557096 0
    outer loop
        vertex 7.06066 4.93934 2.5
        vertex 7.3858194 5.425975 2.5
        vertex 7.3858194 5.425975 5
    endloop
endfacet
facet normal 0.83146912 -0.55557096 0
    outer loop
        vertex 7.06066 4.93934 5
        vertex 7.06066 4.93934 2.5
        vertex 7.3858194 5.425975 5
    endloop
endfacet
facet normal 0.19509088 -0.98078513 0
    outer loop
        vertex 6.574025 4.614181 5
        vertex 6 4.5 2.5
        vertex 6.574025 4.614181 2.5
    endloop
endfacet
facet normal -0.19509088 -0.98078513 -0
    outer loop
        vertex 5.425975 4.614181 5
        vertex 5.425975 4.614181 2.5
        vertex 6 4.5 5
    endloop
endfacet
facet normal -0.98078513 -0.19509088 0
    outer loop
        vertex 4.614181 5.425975 2.5
        vertex 4.614181 5.425975 5
        vertex 4.5 6 2.5
    endloop
endfacet
facet normal -0.55557042 -0.83146948 0
    outer loop
        vertex 5.425975 4.614181 5
        vertex 4.93934 4.93934 5
        vertex 4.93934 4.93934 2.5
    endloop
endfacet
facet normal -0.8314687 0.5555715 0
    outer loop
        vertex 4.614181 48.574028 2.5
        vertex 4.614181 48.574028 5
        vertex 4.93934 49.06066 2.5
    endloop
endfacet
facet normal -0.55556816 0.83147103 0
    outer loop
        vertex 4.93934 49.06066 2.5
        vertex 4.93934 49.06066 5
        vertex 5.425975 49.38582 2.5
    endloop
endfacet
facet normal -0.55556816 0.83147103 0
    outer loop
        vertex 5.425975 49.38582 2.5
        vertex 4.93934 49.06066 5
        vertex 5.425975 49.38582 5
    endloop
endfacet
facet normal -0.19509168 0.98078507 0
    outer loop
        vertex 6 49.5 2.5
        vertex 5.425975 49.38582 5
        vertex 6 49.5 5
    endloop
endfacet
facet normal 0.19509168 0.98078507 0
    outer loop
        vertex 6.574025 49.38582 2.5
        vertex 6 49.5 2.5
        vertex 6 49.5 5
    endloop
endfacet
facet normal 0.55556816 0.83147103 0
    outer loop
        vertex 7.06066 49.06066 2.5
        vertex 6.574025 49.38582 2.5
        vertex 6.574025 49.38582 5
    endloop
endfacet
facet normal 0.55556816 0.83147103 0
    outer loop
        vertex 7.06066 49.06066 5
        vertex 7.06066 49.06066 2.5
        vertex 6.574025 49.38582 5
    endloop
endfacet
facet normal -0.98078531 0.19508994 0
    outer loop
        vertex 4.614181 48.574028 2.5
        vertex 4.5 48 2.5
        vertex 4.614181 48.574028 5
    endloop
endfacet
facet normal 0.98078549 0.19508916 0
    outer loop
        vertex 7.5 48 5
        vertex 7.5 48 2.5
        vertex 7.3858194 48.574028 5
    endloop
endfacet
facet normal 0.98078549 0.19508916 0
    outer loop
        vertex 7.3858194 48.574028 5
        vertex 7.5 48 2.5
        vertex 7.3858194 48.574028 2.5
    endloop
endfacet
facet normal 0.83146834 0.55557209 0
    outer loop
        vertex 7.06066 49.06066 5
        vertex 7.3858194 48.574028 5
        vertex 7.3858194 48.574028 2.5
    endloop
endfacet
facet normal 0.83146834 0.55557209 -0
    outer loop
        vertex 7.06066 49.06066 2.5
        vertex 7.06066 49.06066 5
        vertex 7.3858194 48.574028 2.5
    endloop
endfacet
facet normal 0.19509168 0.98078507 -0
    outer loop
        vertex 6.574025 49.38582 2.5
        vertex 6 49.5 5
        vertex 6.574025 49.38582 5
    endloop
endfacet
facet normal -0.19509168 0.98078507 0
    outer loop
        vertex 5.425975 49.38582 2.5
        vertex 5.425975 49.38582 5
        vertex 6 49.5 2.5
    endloop
endfacet
facet normal -0.98078531 0.19508994 0
    outer loop
        vertex 4.614181 48.574028 5
        vertex 4.5 48 2.5
        vertex 4.5 48 5
    endloop
endfacet
facet normal -0.8314687 0.5555715 0
    outer loop
        vertex 4.93934 49.06066 2.5
        vertex 4.614181 48.574028 5
        vertex 4.93934 49.06066 5
    endloop
endfacet
facet normal -0 0 -0.99999994
    outer loop
        vertex 5.7129874 48.69291 2.5
        vertex 5.46967 48.53033 2.5
        vertex 5.425975 49.38582 2.5
    endloop
endfacet
facet normal 0 0 -0.99999994
    outer loop
        vertex 5.7129874 48.69291 2.5
        vertex 5.425975 49.38582 2.5
        vertex 6 48.75 2.5
    endloop
endfacet
facet normal -0 0 -0.99999994
    outer loop
        vertex 5.46967 48.53033 2.5
        vertex 5.3070903 48.28701 2.5
        vertex 4.93934 49.06066 2.5
    endloop
endfacet
facet normal 0 0 -1
    outer loop
        vertex 4.614181 48.574028 2.5
        vertex 4.93934 49.06066 2.5
        vertex 5.3070903 48.28701 2.5
    endloop
endfacet
facet normal 0 0 -1
    outer loop
        vertex 4.5 48 2.5
        vertex 4.614181 48.574028 2.5
        vertex 5.25 48 2.5
    endloop
endfacet
facet normal 0 0 -0.99999994
    outer loop
        vertex 4.5 48 2.5
        vertex 5.25 48 2.5
        vertex 5.3070903 47.71299 2.5
    endloop
endfacet
facet normal 0 0 -1
    outer loop
        vertex 4.93934 46.93934 2.5
        vertex 4.614181 47.425976 2.5
        vertex 5.46967 47.46967 2.5
    endloop
endfacet
facet normal 0 0 -1
    outer loop
        vertex 5.425975 46.61418 2.5
        vertex 4.93934 46.93934 2.5
        vertex 5.7129874 47.30709 2.5
    endloop
endfacet
facet normal 0 0 -0.99999994
    outer loop
        vertex 6 46.5 2.5
        vertex 5.425975 46.61418 2.5
        vertex 6 47.25 2.5
    endloop
endfacet
facet normal -0 0 -0.99999994
    outer loop
        vertex 6.574025 46.61418 2.5
        vertex 6 46.5 2.5
        vertex 6.2870126 47.30709 2.5
    endloop
endfacet
facet normal -0 0 -1
    outer loop
        vertex 7.06066 46.93934 2.5
        vertex 6.574025 46.61418 2.5
        vertex 6.53033 47.46967 2.5
    endloop
endfacet
facet normal -0 0 -1
    outer loop
        vertex 7.3858194 47.425976 2.5
        vertex 7.06066 46.93934 2.5
        vertex 6.6929097 47.71299 2.5
    endloop
endfacet
facet normal -0 0 -1
    outer loop
        vertex 7.5 48 2.5
        vertex 7.3858194 47.425976 2.5
        vertex 6.75 48 2.5
    endloop
endfacet
facet normal 0 -0 -1
    outer loop
        vertex 7.3858194 48.574028 2.5
        vertex 7.5 48 2.5
        vertex 6.6929097 48.28701 2.5
    endloop
endfacet
facet normal 0 -0 -1
    outer loop
        vertex 7.06066 49.06066 2.5
        vertex 7.3858194 48.574028 2.5
        vertex 6.53033 48.53033 2.5
    endloop
endfacet
facet normal 0 0 -1
    outer loop
        vertex 4.614181 47.425976 2.5
        vertex 5.3070903 47.71299 2.5
        vertex 5.46967 47.46967 2.5
    endloop
endfacet
facet normal 0 0 -1
    outer loop
        vertex 5.46967 48.53033 2.5
        vertex 4.93934 49.06066 2.5
        vertex 5.425975 49.38582 2.5
    endloop
endfacet
facet normal 0 0 -1
    outer loop
        vertex 7.06066 49.06066 2.5
        vertex 6.53033 48.53033 2.5
        vertex 6.2870126 48.69291 2.5
    endloop
endfacet
facet normal 0 0 -1
    outer loop
        vertex 7.3858194 48.574028 2.5
        vertex 6.6929097 48.28701 2.5
        vertex 6.53033 48.53033 2.5
    endloop
endfacet
facet normal 0 -0 -1
    outer loop
        vertex 6.75 48 2.5
        vertex 7.3858194 47.425976 2.5
        vertex 6.6929097 47.71299 2.5
    endloop
endfacet
facet normal 0 0 -0.99999994
    outer loop
        vertex 7.5 48 2.5
        vertex 6.75 48 2.5
        vertex 6.6929097 48.28701 2.5
    endloop
endfacet
facet normal 0 0 -0.99999994
    outer loop
        vertex 6.53033 47.46967 2.5
        vertex 6.6929097 47.71299 2.5
        vertex 7.06066 46.93934 2.5
    endloop
endfacet
facet normal -0 0 -0.99999994
    outer loop
        vertex 6 47.25 2.5
        vertex 5.425975 46.61418 2.5
        vertex 5.7129874 47.30709 2.5
    endloop
endfacet
facet normal 0 0 -0.99999994
    outer loop
        vertex 6.2870126 47.30709 2.5
        vertex 6.53033 47.46967 2.5
        vertex 6.574025 46.61418 2.5
    endloop
endfacet
facet normal 0 -0 -1
    outer loop
        vertex 5.46967 47.46967 2.5
        vertex 5.7129874 47.30709 2.5
        vertex 4.93934 46.93934 2.5
    endloop
endfacet
facet normal 0 0 -1
    outer loop
        vertex 5.25 48 2.5
        vertex 4.614181 48.574028 2.5
        vertex 5.3070903 48.28701 2.5
    endloop
endfacet
facet normal 0 0 -1
    outer loop
        vertex 4.5 48 2.5
        vertex 5.3070903 47.71299 2.5
        vertex 4.614181 47.425976 2.5
    endloop
endfacet
facet normal 0 0 -0.99999994
    outer loop
        vertex 5.425975 49.38582 2.5
        vertex 6 49.5 2.5
        vertex 6 48.75 2.5
    endloop
endfacet
facet normal 0 0 -0.99999994
    outer loop
        vertex 6 48.75 2.5
        vertex 6.574025 49.38582 2.5
        vertex 6.2870126 48.69291 2.5
    endloop
endfacet
facet normal 0 0 -0.99999994
    outer loop
        vertex 6 49.5 2.5
        vertex 6.574025 49.38582 2.5
        vertex 6 48.75 2.5
    endloop
endfacet
facet normal 0 -0 -1
    outer loop
        vertex 6.574025 49.38582 2.5
        vertex 7.06066 49.06066 2.5
        vertex 6.2870126 48.69291 2.5
    endloop
endfacet
facet normal 0 0 -0.99999994
    outer loop
        vertex 6 46.5 2.5
        vertex 6 47.25 2.5
        vertex 6.2870126 47.30709 2.5
    endloop
endfacet
facet normal -0.83147085 -0.55556858 -0
    outer loop
        vertex 4.614181 47.425976 5
        vertex 4.614181 47.425976 2.5
        vertex 4.93934 46.93934 5
    endloop
endfacet
facet normal -0.83147085 -0.55556858 -0
    outer loop
        vertex 4.93934 46.93934 5
        vertex 4.614181 47.425976 2.5
        vertex 4.93934 46.93934 2.5
    endloop
endfacet
facet normal -0.55556816 -0.83147103 -0
    outer loop
        vertex 5.425975 46.61418 5
        vertex 4.93934 46.93934 2.5
        vertex 5.425975 46.61418 2.5
    endloop
endfacet
facet normal -0.19509168 -0.98078507 -0
    outer loop
        vertex 6 46.5 5
        vertex 5.425975 46.61418 2.5
        vertex 6 46.5 2.5
    endloop
endfacet
facet normal 0.19509168 -0.98078507 0
    outer loop
        vertex 6.574025 46.61418 5
        vertex 6 46.5 5
        vertex 6 46.5 2.5
    endloop
endfacet
facet normal 0.55556816 -0.83147103 0
    outer loop
        vertex 7.06066 46.93934 5
        vertex 6.574025 46.61418 5
        vertex 6.574025 46.61418 2.5
    endloop
endfacet
facet normal 0.55556816 -0.83147103 0
    outer loop
        vertex 7.06066 46.93934 2.5
        vertex 7.06066 46.93934 5
        vertex 6.574025 46.61418 2.5
    endloop
endfacet
facet normal -0.98078507 -0.19509119 0
    outer loop
        vertex 4.614181 47.425976 5
        vertex 4.5 48 5
        vertex 4.5 48 2.5
    endloop
endfacet
facet normal 0.98078531 -0.19509041 0
    outer loop
        vertex 7.5 48 2.5
        vertex 7.5 48 5
        vertex 7.3858194 47.425976 2.5
    endloop
endfacet
facet normal 0.98078531 -0.19509041 0
    outer loop
        vertex 7.3858194 47.425976 2.5
        vertex 7.5 48 5
        vertex 7.3858194 47.425976 5
    endloop
endfacet
facet normal 0.83147037 -0.55556911 0
    outer loop
        vertex 7.06066 46.93934 2.5
        vertex 7.3858194 47.425976 2.5
        vertex 7.3858194 47.425976 5
    endloop
endfacet
facet normal 0.83147037 -0.55556911 0
    outer loop
        vertex 7.06066 46.93934 5
        vertex 7.06066 46.93934 2.5
        vertex 7.3858194 47.425976 5
    endloop
endfacet
facet normal 0.19509168 -0.98078507 0
    outer loop
        vertex 6.574025 46.61418 5
        vertex 6 46.5 2.5
        vertex 6.574025 46.61418 2.5
    endloop
endfacet
facet normal -0.19509168 -0.98078507 -0
    outer loop
        vertex 5.425975 46.61418 5
        vertex 5.425975 46.61418 2.5
        vertex 6 46.5 5
    endloop
endfacet
facet normal -0.98078507 -0.19509119 0
    outer loop
        vertex 4.614181 47.425976 2.5
        vertex 4.614181 47.425976 5
        vertex 4.5 48 2.5
    endloop
endfacet
facet normal -0.55556816 -0.83147103 0
    outer loop
        vertex 5.425975 46.61418 5
        vertex 4.93934 46.93934 5
        vertex 4.93934 46.93934 2.5
    endloop
endfacet
facet normal -0.83146495 0.5555771 0
    outer loop
        vertex 216.61418 6.574025 2.5
        vertex 216.61418 6.574025 5
        vertex 216.93935 7.06066 2.5
    endloop
endfacet
facet normal -0.55557209 0.83146834 0
    outer loop
        vertex 216.93935 7.06066 2.5
        vertex 216.93935 7.06066 5
        vertex 217.42598 7.3858194 2.5
    endloop
endfacet
facet normal -0.55557209 0.83146834 0
    outer loop
        vertex 217.42598 7.3858194 2.5
        vertex 216.93935 7.06066 5
        vertex 217.42598 7.3858194 5
    endloop
endfacet
facet normal -0.19509166 0.98078507 0
    outer loop
        vertex 218 7.5 2.5
        vertex 217.42598 7.3858194 5
        vertex 218 7.5 5
    endloop
endfacet
facet normal 0.19508667 0.98078603 0
    outer loop
        vertex 218.57404 7.3858194 2.5
        vertex 218 7.5 2.5
        vertex 218 7.5 5
    endloop
endfacet
facet normal 0.55558413 0.8314603 0
    outer loop
        vertex 219.06065 7.06066 2.5
        vertex 218.57404 7.3858194 2.5
        vertex 218.57404 7.3858194 5
    endloop
endfacet
facet normal 0.55558413 0.8314603 0
    outer loop
        vertex 219.06065 7.06066 5
        vertex 219.06065 7.06066 2.5
        vertex 218.57404 7.3858194 5
    endloop
endfacet
facet normal -0.98078507 0.19509168 0
    outer loop
        vertex 216.61418 6.574025 2.5
        vertex 216.5 6 2.5
        vertex 216.61418 6.574025 5
    endloop
endfacet
facet normal 0.98078507 0.19509168 0
    outer loop
        vertex 219.5 6 5
        vertex 219.5 6 2.5
        vertex 219.38582 6.574025 5
    endloop
endfacet
facet normal 0.98078507 0.19509168 0
    outer loop
        vertex 219.38582 6.574025 5
        vertex 219.5 6 2.5
        vertex 219.38582 6.574025 2.5
    endloop
endfacet
facet normal 0.83146495 0.5555771 0
    outer loop
        vertex 219.06065 7.06066 5
        vertex 219.38582 6.574025 5
        vertex 219.38582 6.574025 2.5
    endloop
endfacet
facet normal 0.83146495 0.5555771 -0
    outer loop
        vertex 219.06065 7.06066 2.5
        vertex 219.06065 7.06066 5
        vertex 219.38582 6.574025 2.5
    endloop
endfacet
facet normal 0.19508667 0.98078603 -0
    outer loop
        vertex 218.57404 7.3858194 2.5
        vertex 218 7.5 5
        vertex 218.57404 7.3858194 5
    endloop
endfacet
facet normal -0.19509166 0.98078507 0
    outer loop
        vertex 217.42598 7.3858194 2.5
        vertex 217.42598 7.3858194 5
        vertex 218 7.5 2.5
    endloop
endfacet
facet normal -0.98078507 0.19509168 0
    outer loop
        vertex 216.61418 6.574025 5
        vertex 216.5 6 2.5
        vertex 216.5 6 5
    endloop
endfacet
facet normal -0.83146495 0.5555771 0
    outer loop
        vertex 216.93935 7.06066 2.5
        vertex 216.61418 6.574025 5
        vertex 216.93935 7.06066 5
    endloop
endfacet
facet normal -0 0 -1
    outer loop
        vertex 217.71298 6.6929097 2.5
        vertex 217.46968 6.53033 2.5
        vertex 217.42598 7.3858194 2.5
    endloop
endfacet
facet normal 0 0 -1
    outer loop
        vertex 217.71298 6.6929097 2.5
        vertex 217.42598 7.3858194 2.5
        vertex 218 6.75 2.5
    endloop
endfacet
facet normal -0 0 -0.99999994
    outer loop
        vertex 217.46968 6.53033 2.5
        vertex 217.3071 6.2870126 2.5
        vertex 216.93935 7.06066 2.5
    endloop
endfacet
facet normal 0 0 -1
    outer loop
        vertex 216.61418 6.574025 2.5
        vertex 216.93935 7.06066 2.5
        vertex 217.3071 6.2870126 2.5
    endloop
endfacet
facet normal 0 0 -0.99999994
    outer loop
        vertex 216.5 6 2.5
        vertex 216.61418 6.574025 2.5
        vertex 217.25 6 2.5
    endloop
endfacet
facet normal 0 0 -0.99999994
    outer loop
        vertex 216.5 6 2.5
        vertex 217.25 6 2.5
        vertex 217.3071 5.7129874 2.5
    endloop
endfacet
facet normal 0 0 -1
    outer loop
        vertex 216.93935 4.93934 2.5
        vertex 216.61418 5.425975 2.5
        vertex 217.46968 5.46967 2.5
    endloop
endfacet
facet normal 0 0 -1
    outer loop
        vertex 217.42598 4.614181 2.5
        vertex 216.93935 4.93934 2.5
        vertex 217.71298 5.3070903 2.5
    endloop
endfacet
facet normal 0 0 -0.99999994
    outer loop
        vertex 218 4.5 2.5
        vertex 217.42598 4.614181 2.5
        vertex 218 5.25 2.5
    endloop
endfacet
facet normal -0 0 -1
    outer loop
        vertex 218.57404 4.614181 2.5
        vertex 218 4.5 2.5
        vertex 218.287 5.3070903 2.5
    endloop
endfacet
facet normal -0 0 -1
    outer loop
        vertex 219.06065 4.93934 2.5
        vertex 218.57404 4.614181 2.5
        vertex 218.53033 5.46967 2.5
    endloop
endfacet
facet normal -0 0 -0.99999994
    outer loop
        vertex 219.38582 5.425975 2.5
        vertex 219.06065 4.93934 2.5
        vertex 218.69292 5.7129874 2.5
    endloop
endfacet
facet normal -0 0 -0.99999994
    outer loop
        vertex 219.5 6 2.5
        vertex 219.38582 5.425975 2.5
        vertex 218.75 6 2.5
    endloop
endfacet
facet normal 0 -0 -1
    outer loop
        vertex 219.38582 6.574025 2.5
        vertex 219.5 6 2.5
        vertex 218.69292 6.2870126 2.5
    endloop
endfacet
facet normal 0 -0 -0.99999994
    outer loop
        vertex 219.06065 7.06066 2.5
        vertex 219.38582 6.574025 2.5
        vertex 218.53033 6.53033 2.5
    endloop
endfacet
facet normal 0 0 -1
    outer loop
        vertex 216.61418 5.425975 2.5
        vertex 217.3071 5.7129874 2.5
        vertex 217.46968 5.46967 2.5
    endloop
endfacet
facet normal 0 0 -0.99999994
    outer loop
        vertex 217.46968 6.53033 2.5
        vertex 216.93935 7.06066 2.5
        vertex 217.42598 7.3858194 2.5
    endloop
endfacet
facet normal 0 0 -1
    outer loop
        vertex 219.06065 7.06066 2.5
        vertex 218.53033 6.53033 2.5
        vertex 218.287 6.6929097 2.5
    endloop
endfacet
facet normal 0 0 -1
    outer loop
        vertex 219.38582 6.574025 2.5
        vertex 218.69292 6.2870126 2.5
        vertex 218.53033 6.53033 2.5
    endloop
endfacet
facet normal 0 -0 -1
    outer loop
        vertex 218.75 6 2.5
        vertex 219.38582 5.425975 2.5
        vertex 218.69292 5.7129874 2.5
    endloop
endfacet
facet normal 0 0 -0.99999994
    outer loop
        vertex 219.5 6 2.5
        vertex 218.75 6 2.5
        vertex 218.69292 6.2870126 2.5
    endloop
endfacet
facet normal 0 0 -1
    outer loop
        vertex 218.53033 5.46967 2.5
        vertex 218.69292 5.7129874 2.5
        vertex 219.06065 4.93934 2.5
    endloop
endfacet
facet normal -0 0 -1
    outer loop
        vertex 218 5.25 2.5
        vertex 217.42598 4.614181 2.5
        vertex 217.71298 5.3070903 2.5
    endloop
endfacet
facet normal 0 0 -1
    outer loop
        vertex 218.287 5.3070903 2.5
        vertex 218.53033 5.46967 2.5
        vertex 218.57404 4.614181 2.5
    endloop
endfacet
facet normal 0 -0 -1
    outer loop
        vertex 217.46968 5.46967 2.5
        vertex 217.71298 5.3070903 2.5
        vertex 216.93935 4.93934 2.5
    endloop
endfacet
facet normal 0 0 -1
    outer loop
        vertex 217.25 6 2.5
        vertex 216.61418 6.574025 2.5
        vertex 217.3071 6.2870126 2.5
    endloop
endfacet
facet normal 0 0 -0.99999994
    outer loop
        vertex 216.5 6 2.5
        vertex 217.3071 5.7129874 2.5
        vertex 216.61418 5.425975 2.5
    endloop
endfacet
facet normal 0 0 -0.99999994
    outer loop
        vertex 217.42598 7.3858194 2.5
        vertex 218 7.5 2.5
        vertex 218 6.75 2.5
    endloop
endfacet
facet normal 0 0 -1
    outer loop
        vertex 218 6.75 2.5
        vertex 218.57404 7.3858194 2.5
        vertex 218.287 6.6929097 2.5
    endloop
endfacet
facet normal 0 0 -0.99999994
    outer loop
        vertex 218 7.5 2.5
        vertex 218.57404 7.3858194 2.5
        vertex 218 6.75 2.5
    endloop
endfacet
facet normal 0 -0 -0.99999994
    outer loop
        vertex 218.57404 7.3858194 2.5
        vertex 219.06065 7.06066 2.5
        vertex 218.287 6.6929097 2.5
    endloop
endfacet
facet normal 0 0 -0.99999994
    outer loop
        vertex 218 4.5 2.5
        vertex 218 5.25 2.5
        vertex 218.287 5.3070903 2.5
    endloop
endfacet
facet normal -0.83146495 -0.5555771 -0
    outer loop
        vertex 216.61418 5.425975 5
        vertex 216.61418 5.425975 2.5
        vertex 216.93935 4.93934 5
    endloop
endfacet
facet normal -0.83146495 -0.5555771 -0
    outer loop
        vertex 216.93935 4.93934 5
        vertex 216.61418 5.425975 2.5
        vertex 216.93935 4.93934 2.5
    endloop
endfacet
facet normal -0.5555715 -0.8314687 -0
    outer loop
        vertex 217.42598 4.614181 5
        vertex 216.93935 4.93934 2.5
        vertex 217.42598 4.614181 2.5
    endloop
endfacet
facet normal -0.19509244 -0.98078489 -0
    outer loop
        vertex 218 4.5 5
        vertex 217.42598 4.614181 2.5
        vertex 218 4.5 2.5
    endloop
endfacet
facet normal 0.19508746 -0.98078591 0
    outer loop
        vertex 218.57404 4.614181 5
        vertex 218 4.5 5
        vertex 218 4.5 2.5
    endloop
endfacet
facet normal 0.5555836 -0.83146071 0
    outer loop
        vertex 219.06065 4.93934 5
        vertex 218.57404 4.614181 5
        vertex 218.57404 4.614181 2.5
    endloop
endfacet
facet normal 0.5555836 -0.83146071 0
    outer loop
        vertex 219.06065 4.93934 2.5
        vertex 219.06065 4.93934 5
        vertex 218.57404 4.614181 2.5
    endloop
endfacet
facet normal -0.98078507 -0.19509168 0
    outer loop
        vertex 216.61418 5.425975 5
        vertex 216.5 6 5
        vertex 216.5 6 2.5
    endloop
endfacet
facet normal 0.98078507 -0.19509168 0
    outer loop
        vertex 219.5 6 2.5
        vertex 219.5 6 5
        vertex 219.38582 5.425975 2.5
    endloop
endfacet
facet normal 0.98078507 -0.19509168 0
    outer loop
        vertex 219.38582 5.425975 2.5
        vertex 219.5 6 5
        vertex 219.38582 5.425975 5
    endloop
endfacet
facet normal 0.83146495 -0.5555771 0
    outer loop
        vertex 219.06065 4.93934 2.5
        vertex 219.38582 5.425975 2.5
        vertex 219.38582 5.425975 5
    endloop
endfacet
facet normal 0.83146495 -0.5555771 0
    outer loop
        vertex 219.06065 4.93934 5
        vertex 219.06065 4.93934 2.5
        vertex 219.38582 5.425975 5
    endloop
endfacet
facet normal 0.19508746 -0.98078591 0
    outer loop
        vertex 218.57404 4.614181 5
        vertex 218 4.5 2.5
        vertex 218.57404 4.614181 2.5
    endloop
endfacet
facet normal -0.19509244 -0.98078489 -0
    outer loop
        vertex 217.42598 4.614181 5
        vertex 217.42598 4.614181 2.5
        vertex 218 4.5 5
    endloop
endfacet
facet normal -0.98078507 -0.19509168 0
    outer loop
        vertex 216.61418 5.425975 2.5
        vertex 216.61418 5.425975 5
        vertex 216.5 6 2.5
    endloop
endfacet
facet normal -0.5555715 -0.8314687 0
    outer loop
        vertex 217.42598 4.614181 5
        vertex 216.93935 4.93934 5
        vertex 216.93935 4.93934 2.5
    endloop
endfacet
facet normal -0.83146429 0.55557835 0
    outer loop
        vertex 216.61418 48.574028 2.5
        vertex 216.61418 48.574028 5
        vertex 216.93935 49.06066 2.5
    endloop
endfacet
facet normal -0.55556929 0.83147025 0
    outer loop
        vertex 216.93935 49.06066 2.5
        vertex 216.93935 49.06066 5
        vertex 217.42598 49.38582 2.5
    endloop
endfacet
facet normal -0.55556929 0.83147025 0
    outer loop
        vertex 217.42598 49.38582 2.5
        vertex 216.93935 49.06066 5
        vertex 217.42598 49.38582 5
    endloop
endfacet
facet normal -0.19509323 0.98078471 0
    outer loop
        vertex 218 49.5 2.5
        vertex 217.42598 49.38582 5
        vertex 218 49.5 5
    endloop
endfacet
facet normal 0.19508824 0.98078573 0
    outer loop
        vertex 218.57404 49.38582 2.5
        vertex 218 49.5 2.5
        vertex 218 49.5 5
    endloop
endfacet
facet normal 0.55558127 0.83146214 0
    outer loop
        vertex 219.06065 49.06066 2.5
        vertex 218.57404 49.38582 2.5
        vertex 218.57404 49.38582 5
    endloop
endfacet
facet normal 0.55558127 0.83146214 0
    outer loop
        vertex 219.06065 49.06066 5
        vertex 219.06065 49.06066 2.5
        vertex 218.57404 49.38582 5
    endloop
endfacet
facet normal -0.98078519 0.19509073 0
    outer loop
        vertex 216.61418 48.574028 2.5
        vertex 216.5 48 2.5
        vertex 216.61418 48.574028 5
    endloop
endfacet
facet normal 0.98078519 0.19509073 0
    outer loop
        vertex 219.5 48 5
        vertex 219.5 48 2.5
        vertex 219.38582 48.574028 5
    endloop
endfacet
facet normal 0.98078519 0.19509073 0
    outer loop
        vertex 219.38582 48.574028 5
        vertex 219.5 48 2.5
        vertex 219.38582 48.574028 2.5
    endloop
endfacet
facet normal 0.83146429 0.55557835 0
    outer loop
        vertex 219.06065 49.06066 5
        vertex 219.38582 48.574028 5
        vertex 219.38582 48.574028 2.5
    endloop
endfacet
facet normal 0.83146429 0.55557835 -0
    outer loop
        vertex 219.06065 49.06066 2.5
        vertex 219.06065 49.06066 5
        vertex 219.38582 48.574028 2.5
    endloop
endfacet
facet normal 0.19508824 0.98078573 -0
    outer loop
        vertex 218.57404 49.38582 2.5
        vertex 218 49.5 5
        vertex 218.57404 49.38582 5
    endloop
endfacet
facet normal -0.19509323 0.98078471 0
    outer loop
        vertex 217.42598 49.38582 2.5
        vertex 217.42598 49.38582 5
        vertex 218 49.5 2.5
    endloop
endfacet
facet normal -0.98078519 0.19509073 0
    outer loop
        vertex 216.61418 48.574028 5
        vertex 216.5 48 2.5
        vertex 216.5 48 5
    endloop
endfacet
facet normal -0.83146429 0.55557835 0
    outer loop
        vertex 216.93935 49.06066 2.5
        vertex 216.61418 48.574028 5
        vertex 216.93935 49.06066 5
    endloop
endfacet
facet normal -0 0 -0.99999994
    outer loop
        vertex 217.71298 48.69291 2.5
        vertex 217.46968 48.53033 2.5
        vertex 217.42598 49.38582 2.5
    endloop
endfacet
facet normal 0 0 -1
    outer loop
        vertex 217.71298 48.69291 2.5
        vertex 217.42598 49.38582 2.5
        vertex 218 48.75 2.5
    endloop
endfacet
facet normal -0 0 -1
    outer loop
        vertex 217.46968 48.53033 2.5
        vertex 217.3071 48.28701 2.5
        vertex 216.93935 49.06066 2.5
    endloop
endfacet
facet normal 0 0 -1
    outer loop
        vertex 216.61418 48.574028 2.5
        vertex 216.93935 49.06066 2.5
        vertex 217.3071 48.28701 2.5
    endloop
endfacet
facet normal 0 0 -1
    outer loop
        vertex 216.5 48 2.5
        vertex 216.61418 48.574028 2.5
        vertex 217.25 48 2.5
    endloop
endfacet
facet normal 0 0 -0.99999994
    outer loop
        vertex 216.5 48 2.5
        vertex 217.25 48 2.5
        vertex 217.3071 47.71299 2.5
    endloop
endfacet
facet normal 0 0 -1
    outer loop
        vertex 216.93935 46.93934 2.5
        vertex 216.61418 47.425976 2.5
        vertex 217.46968 47.46967 2.5
    endloop
endfacet
facet normal 0 0 -1
    outer loop
        vertex 217.42598 46.61418 2.5
        vertex 216.93935 46.93934 2.5
        vertex 217.71298 47.30709 2.5
    endloop
endfacet
facet normal 0 0 -0.99999994
    outer loop
        vertex 218 46.5 2.5
        vertex 217.42598 46.61418 2.5
        vertex 218 47.25 2.5
    endloop
endfacet
facet normal -0 0 -1
    outer loop
        vertex 218.57404 46.61418 2.5
        vertex 218 46.5 2.5
        vertex 218.287 47.30709 2.5
    endloop
endfacet
facet normal -0 0 -0.99999994
    outer loop
        vertex 219.06065 46.93934 2.5
        vertex 218.57404 46.61418 2.5
        vertex 218.53033 47.46967 2.5
    endloop
endfacet
facet normal -0 0 -1
    outer loop
        vertex 219.38582 47.425976 2.5
        vertex 219.06065 46.93934 2.5
        vertex 218.69292 47.71299 2.5
    endloop
endfacet
facet normal -0 0 -1
    outer loop
        vertex 219.5 48 2.5
        vertex 219.38582 47.425976 2.5
        vertex 218.75 48 2.5
    endloop
endfacet
facet normal 0 -0 -1
    outer loop
        vertex 219.38582 48.574028 2.5
        vertex 219.5 48 2.5
        vertex 218.69292 48.28701 2.5
    endloop
endfacet
facet normal 0 -0 -1
    outer loop
        vertex 219.06065 49.06066 2.5
        vertex 219.38582 48.574028 2.5
        vertex 218.53033 48.53033 2.5
    endloop
endfacet
facet normal 0 0 -1
    outer loop
        vertex 216.61418 47.425976 2.5
        vertex 217.3071 47.71299 2.5
        vertex 217.46968 47.46967 2.5
    endloop
endfacet
facet normal 0 0 -1
    outer loop
        vertex 217.46968 48.53033 2.5
        vertex 216.93935 49.06066 2.5
        vertex 217.42598 49.38582 2.5
    endloop
endfacet
facet normal 0 0 -1
    outer loop
        vertex 219.06065 49.06066 2.5
        vertex 218.53033 48.53033 2.5
        vertex 218.287 48.69291 2.5
    endloop
endfacet
facet normal 0 0 -1
    outer loop
        vertex 219.38582 48.574028 2.5
        vertex 218.69292 48.28701 2.5
        vertex 218.53033 48.53033 2.5
    endloop
endfacet
facet normal 0 -0 -1
    outer loop
        vertex 218.75 48 2.5
        vertex 219.38582 47.425976 2.5
        vertex 218.69292 47.71299 2.5
    endloop
endfacet
facet normal 0 0 -0.99999994
    outer loop
        vertex 219.5 48 2.5
        vertex 218.75 48 2.5
        vertex 218.69292 48.28701 2.5
    endloop
endfacet
facet normal 0 0 -1
    outer loop
        vertex 218.53033 47.46967 2.5
        vertex 218.69292 47.71299 2.5
        vertex 219.06065 46.93934 2.5
    endloop
endfacet
facet normal -0 0 -1
    outer loop
        vertex 218 47.25 2.5
        vertex 217.42598 46.61418 2.5
        vertex 217.71298 47.30709 2.5
    endloop
endfacet
facet normal 0 0 -1
    outer loop
        vertex 218.287 47.30709 2.5
        vertex 218.53033 47.46967 2.5
        vertex 218.57404 46.61418 2.5
    endloop
endfacet
facet normal 0 -0 -1
    outer loop
        vertex 217.46968 47.46967 2.5
        vertex 217.71298 47.30709 2.5
        vertex 216.93935 46.93934 2.5
    endloop
endfacet
facet normal 0 0 -1
    outer loop
        vertex 217.25 48 2.5
        vertex 216.61418 48.574028 2.5
        vertex 217.3071 48.28701 2.5
    endloop
endfacet
facet normal 0 0 -1
    outer loop
        vertex 216.5 48 2.5
        vertex 217.3071 47.71299 2.5
        vertex 216.61418 47.425976 2.5
    endloop
endfacet
facet normal 0 0 -0.99999994
    outer loop
        vertex 217.42598 49.38582 2.5
        vertex 218 49.5 2.5
        vertex 218 48.75 2.5
    endloop
endfacet
facet normal 0 0 -1
    outer loop
        vertex 218 48.75 2.5
        vertex 218.57404 49.38582 2.5
        vertex 218.287 48.69291 2.5
    endloop
endfacet
facet normal 0 0 -0.99999994
    outer loop
        vertex 218 49.5 2.5
        vertex 218.57404 49.38582 2.5
        vertex 218 48.75 2.5
    endloop
endfacet
facet normal 0 -0 -0.99999994
    outer loop
        vertex 218.57404 49.38582 2.5
        vertex 219.06065 49.06066 2.5
        vertex 218.287 48.69291 2.5
    endloop
endfacet
facet normal 0 0 -0.99999994
    outer loop
        vertex 218 46.5 2.5
        vertex 218 47.25 2.5
        vertex 218.287 47.30709 2.5
    endloop
endfacet
facet normal -0.83146626 -0.55557531 -0
    outer loop
        vertex 216.61418 47.425976 5
        vertex 216.61418 47.425976 2.5
        vertex 216.93935 46.93934 5
    endloop
endfacet
facet normal -0.83146626 -0.55557531 -0
    outer loop
        vertex 216.93935 46.93934 5
        vertex 216.61418 47.425976 2.5
        vertex 216.93935 46.93934 2.5
    endloop
endfacet
facet normal -0.55556929 -0.83147025 -0
    outer loop
        vertex 217.42598 46.61418 5
        vertex 216.93935 46.93934 2.5
        vertex 217.42598 46.61418 2.5
    endloop
endfacet
facet normal -0.19509323 -0.98078471 -0
    outer loop
        vertex 218 46.5 5
        vertex 217.42598 46.61418 2.5
        vertex 218 46.5 2.5
    endloop
endfacet
facet normal 0.19508824 -0.98078573 0
    outer loop
        vertex 218.57404 46.61418 5
        vertex 218 46.5 5
        vertex 218 46.5 2.5
    endloop
endfacet
facet normal 0.55558127 -0.83146214 0
    outer loop
        vertex 219.06065 46.93934 5
        vertex 218.57404 46.61418 5
        vertex 218.57404 46.61418 2.5
    endloop
endfacet
facet normal 0.55558127 -0.83146214 0
    outer loop
        vertex 219.06065 46.93934 2.5
        vertex 219.06065 46.93934 5
        vertex 218.57404 46.61418 2.5
    endloop
endfacet
facet normal -0.98078489 -0.19509196 0
    outer loop
        vertex 216.61418 47.425976 5
        vertex 216.5 48 5
        vertex 216.5 48 2.5
    endloop
endfacet
facet normal 0.98078489 -0.19509196 0
    outer loop
        vertex 219.5 48 2.5
        vertex 219.5 48 5
        vertex 219.38582 47.425976 2.5
    endloop
endfacet
facet normal 0.98078489 -0.19509196 0
    outer loop
        vertex 219.38582 47.425976 2.5
        vertex 219.5 48 5
        vertex 219.38582 47.425976 5
    endloop
endfacet
facet normal 0.83146626 -0.55557531 0
    outer loop
        vertex 219.06065 46.93934 2.5
        vertex 219.38582 47.425976 2.5
        vertex 219.38582 47.425976 5
    endloop
endfacet
facet normal 0.83146626 -0.55557531 0
    outer loop
        vertex 219.06065 46.93934 5
        vertex 219.06065 46.93934 2.5
        vertex 219.38582 47.425976 5
    endloop
endfacet
facet normal 0.19508824 -0.98078573 0
    outer loop
        vertex 218.57404 46.61418 5
        vertex 218 46.5 2.5
        vertex 218.57404 46.61418 2.5
    endloop
endfacet
facet normal -0.19509323 -0.98078471 -0
    outer loop
        vertex 217.42598 46.61418 5
        vertex 217.42598 46.61418 2.5
        vertex 218 46.5 5
    endloop
endfacet
facet normal -0.98078489 -0.19509196 0
    outer loop
        vertex 216.61418 47.425976 2.5
        vertex 216.61418 47.425976 5
        vertex 216.5 48 2.5
    endloop
endfacet
facet normal -0.55556929 -0.83147025 0
    outer loop
        vertex 217.42598 46.61418 5
        vertex 216.93935 46.93934 5
        vertex 216.93935 46.93934 2.5
    endloop
endfacet
facet normal 0 1 0
    outer loop
        vertex 4.68739 3.5 1
        vertex 4.68739 3.5 0
        vertex 4 3.5 1
    endloop
endfacet
facet normal 0 1 0
    outer loop
        vertex 4 3.5 1
        vertex 4 3.5 0
        vertex 3.3126101 3.5 1
    endloop
endfacet
facet normal 0 1 0
    outer loop
        vertex 4 3.5 0
        vertex 3.3126101 3.5 0
        vertex 3.3126101 3.5 1
    endloop
endfacet
facet normal 0 1 0
    outer loop
        vertex 4 3.5 0
        vertex 4 3.5 1
        vertex 4.68739 3.5 0
    endloop
endfacet
facet normal 0 1 0
    outer loop
        vertex 112 3.5 1
        vertex 217.04196 3.5 0
        vertex 6.9580398 3.5 1
    endloop
endfacet
facet normal 0 0.99999994 0
    outer loop
        vertex 6.9580398 3.5 1
        vertex 217.04196 3.5 0
        vertex 190.78148 3.5 0
    endloop
endfacet
facet normal 0 1 0
    outer loop
        vertex 217.04196 3.5 1
        vertex 217.04196 3.5 0
        vertex 112 3.5 1
    endloop
endfacet
facet normal 0 1 0
    outer loop
        vertex 6.9580398 3.5 1
        vertex 112 3.5 0
        vertex 59.47902 3.5 0
    endloop
endfacet
facet normal 0 1 0
    outer loop
        vertex 6.9580398 3.5 1
        vertex 164.52098 3.5 0
        vertex 138.26048 3.5 0
    endloop
endfacet
facet normal 0 1 0
    outer loop
        vertex 6.9580398 3.5 1
        vertex 190.78148 3.5 0
        vertex 164.52098 3.5 0
    endloop
endfacet
facet normal 0 0.99999994 0
    outer loop
        vertex 6.9580398 3.5 1
        vertex 138.26048 3.5 0
        vertex 112 3.5 0
    endloop
endfacet
facet normal 0 1 0
    outer loop
        vertex 6.9580398 3.5 1
        vertex 59.47902 3.5 0
        vertex 33.21853 3.5 0
    endloop
endfacet
facet normal 0 1 0
    outer loop
        vertex 6.9580398 3.5 1
        vertex 33.21853 3.5 0
        vertex 6.9580398 3.5 0
    endloop
endfacet
facet normal -0 0 1
    outer loop
        vertex 112 3.5 1
        vertex 112 1.5 1
        vertex 217.04196 3.5 1
    endloop
endfacet
facet normal 0 0 0.99999994
    outer loop
        vertex 217.1235 3.204971 1
        vertex 112 1.5 1
        vertex 217.20505 2.9099424 1
    endloop
endfacet
facet normal 0 0 1
    outer loop
        vertex 217.20505 2.9099424 1
        vertex 112 1.5 1
        vertex 217.48451 2.3652751 1
    endloop
endfacet
facet normal 0 0 1
    outer loop
        vertex 217.1235 3.204971 1
        vertex 217.04196 3.5 1
        vertex 112 1.5 1
    endloop
endfacet
facet normal 0 0 1
    outer loop
        vertex 217.48451 2.3652751 1
        vertex 112 1.5 1
        vertex 217.86873 1.8886788 1
    endloop
endfacet
facet normal 0 0 1
    outer loop
        vertex 217.86873 1.8886788 1
        vertex 112 1.5 1
        vertex 218.34169 1.5 1
    endloop
endfacet
facet normal 0 0 1
    outer loop
        vertex 112 1.5 1
        vertex 6.515487 2.3652751 1
        vertex 6.1312723 1.8886788 1
    endloop
endfacet
facet normal 0 0 1
    outer loop
        vertex 112 1.5 1
        vertex 6.1312723 1.8886788 1
        vertex 5.65831 1.5 1
    endloop
endfacet
facet normal -0 0 1
    outer loop
        vertex 6.9580398 3.5 1
        vertex 112 1.5 1
        vertex 112 3.5 1
    endloop
endfacet
facet normal 0 0 1
    outer loop
        vertex 6.9580398 3.5 1
        vertex 6.8764977 3.204971 1
        vertex 112 1.5 1
    endloop
endfacet
facet normal -0 0 1
    outer loop
        vertex 6.515487 2.3652751 1
        vertex 112 1.5 1
        vertex 6.7949553 2.9099424 1
    endloop
endfacet
facet normal 0 0 1
    outer loop
        vertex 6.8764977 3.204971 1
        vertex 6.7949553 2.9099424 1
        vertex 112 1.5 1
    endloop
endfacet
facet normal -0 0 1
    outer loop
        vertex 4 3.5 1
        vertex 4.385682 3.2425375 1
        vertex 4.68739 3.5 1
    endloop
endfacet
facet normal -0 0 1
    outer loop
        vertex 3.614318 3.2425375 1
        vertex 4 3.15 1
        vertex 4 3.5 1
    endloop
endfacet
facet normal 0 0 1
    outer loop
        vertex 4 3.5 1
        vertex 3.3126101 3.5 1
        vertex 3.614318 3.2425375 1
    endloop
endfacet
facet normal 0 0 1
    outer loop
        vertex 4 3.5 1
        vertex 4 3.15 1
        vertex 4.385682 3.2425375 1
    endloop
endfacet
facet normal 0 -0 -1
    outer loop
        vertex 33.21853 3.5 0
        vertex 59.26886 2.4 0
        vertex 32.90329 2.4 0
    endloop
endfacet
facet normal 0 -0 -1
    outer loop
        vertex 59.47902 3.5 0
        vertex 112 2.4 0
        vertex 59.26886 2.4 0
    endloop
endfacet
facet normal -0 0 -1
    outer loop
        vertex 138.26048 3.5 0
        vertex 112 2.4 0
        vertex 112 3.5 0
    endloop
endfacet
facet normal -0 0 -0.99999994
    outer loop
        vertex 190.78148 3.5 0
        vertex 164.73114 2.4 0
        vertex 164.52098 3.5 0
    endloop
endfacet
facet normal 0 -0 -0.99999994
    outer loop
        vertex 164.52098 3.5 0
        vertex 164.73114 2.4 0
        vertex 138.36557 2.4 0
    endloop
endfacet
facet normal 0 -0 -1
    outer loop
        vertex 138.26048 3.5 0
        vertex 138.36557 2.4 0
        vertex 112 2.4 0
    endloop
endfacet
facet normal 0 -0 -1
    outer loop
        vertex 217.11978 3.2145877 0
        vertex 217.19763 2.9291754 0
        vertex 191.09671 2.4 0
    endloop
endfacet
facet normal 0 -0 -1
    outer loop
        vertex 217.19763 2.9291754 0
        vertex 217.46228 2.4 0
        vertex 191.09671 2.4 0
    endloop
endfacet
facet normal -0 0 -0.99999994
    outer loop
        vertex 217.11978 3.2145877 0
        vertex 191.09671 2.4 0
        vertex 217.04196 3.5 0
    endloop
endfacet
facet normal -0 0 -1
    outer loop
        vertex 217.04196 3.5 0
        vertex 191.09671 2.4 0
        vertex 190.78148 3.5 0
    endloop
endfacet
facet normal 0 0 -1
    outer loop
        vertex 191.09671 2.4 0
        vertex 164.73114 2.4 0
        vertex 190.78148 3.5 0
    endloop
endfacet
facet normal -0 0 -0.99999994
    outer loop
        vertex 164.52098 3.5 0
        vertex 138.36557 2.4 0
        vertex 138.26048 3.5 0
    endloop
endfacet
facet normal -0 -0 -1
    outer loop
        vertex 112 3.5 0
        vertex 112 2.4 0
        vertex 59.47902 3.5 0
    endloop
endfacet
facet normal 0 0 -1
    outer loop
        vertex 6.9580398 3.5 0
        vertex 33.21853 3.5 0
        vertex 32.90329 2.4 0
    endloop
endfacet
facet normal 0 -0 -1
    outer loop
        vertex 6.9580398 3.5 0
        vertex 32.90329 2.4 0
        vertex 6.8802104 3.2145877 0
    endloop
endfacet
facet normal 0 0 -1
    outer loop
        vertex 6.53772 2.4 0
        vertex 6.80238 2.9291754 0
        vertex 32.90329 2.4 0
    endloop
endfacet
facet normal 0 0 -1
    outer loop
        vertex 33.21853 3.5 0
        vertex 59.47902 3.5 0
        vertex 59.26886 2.4 0
    endloop
endfacet
facet normal 0 -0 -0.99999994
    outer loop
        vertex 6.8802104 3.2145877 0
        vertex 32.90329 2.4 0
        vertex 6.80238 2.9291754 0
    endloop
endfacet
facet normal 0 0 -1
    outer loop
        vertex 4.536536 3.3712687 0
        vertex 4 3.5 0
        vertex 4.68739 3.5 0
    endloop
endfacet
facet normal 0 0 -1
    outer loop
        vertex 4 3.5 0
        vertex 4.536536 3.3712687 0
        vertex 4.385682 3.2425375 0
    endloop
endfacet
facet normal -0 0 -1
    outer loop
        vertex 4.385682 3.2425375 0
        vertex 4.192841 3.1962688 0
        vertex 4 3.5 0
    endloop
endfacet
facet normal 0 0 -1
    outer loop
        vertex 3.614318 3.2425375 0
        vertex 4 3.5 0
        vertex 3.807159 3.1962688 0
    endloop
endfacet
facet normal 0 -0 -1
    outer loop
        vertex 4 3.5 0
        vertex 4 3.15 0
        vertex 3.807159 3.1962688 0
    endloop
endfacet
facet normal 0 0 -1
    outer loop
        vertex 3.4634638 3.3712687 0
        vertex 3.3126101 3.5 0
        vertex 4 3.5 0
    endloop
endfacet
facet normal 0 0 -1
    outer loop
        vertex 4 3.5 0
        vertex 3.614318 3.2425375 0
        vertex 3.4634638 3.3712687 0
    endloop
endfacet
facet normal 0 0 -1
    outer loop
        vertex 4 3.5 0
        vertex 4.192841 3.1962688 0
        vertex 4 3.15 0
    endloop
endfacet
facet normal 0 -1 0
    outer loop
        vertex 3.3126101 50.5 1
        vertex 3.3126101 50.5 0
        vertex 4 50.5 1
    endloop
endfacet
facet normal 0 -1 0
    outer loop
        vertex 4 50.5 1
        vertex 4 50.5 0
        vertex 4.68739 50.5 1
    endloop
endfacet
facet normal 0 -1 0
    outer loop
        vertex 4 50.5 0
        vertex 4.68739 50.5 0
        vertex 4.68739 50.5 1
    endloop
endfacet
facet normal 0 -1 0
    outer loop
        vertex 4 50.5 0
        vertex 4 50.5 1
        vertex 3.3126101 50.5 0
    endloop
endfacet
facet normal 0 -0.99999994 -0
    outer loop
        vertex 170.77097 50.5 1
        vertex 124.5 50.5 0
        vertex 217.04196 50.5 1
    endloop
endfacet
facet normal 0 -0.99999994 0
    outer loop
        vertex 217.04196 50.5 1
        vertex 124.5 50.5 0
        vertex 136.06775 50.5 0
    endloop
endfacet
facet normal 0 -1 -0
    outer loop
        vertex 147.63548 50.5 1
        vertex 124.5 50.5 0
        vertex 170.77097 50.5 1
    endloop
endfacet
facet normal 0 -1 -0
    outer loop
        vertex 136.06775 50.5 1
        vertex 124.5 50.5 0
        vertex 147.63548 50.5 1
    endloop
endfacet
facet normal 0 -0.99999994 0
    outer loop
        vertex 124.5 50.5 1
        vertex 124.5 50.5 0
        vertex 136.06775 50.5 1
    endloop
endfacet
facet normal 0 -0.99999994 0
    outer loop
        vertex 217.04196 50.5 1
        vertex 170.77097 50.5 0
        vertex 193.90646 50.5 0
    endloop
endfacet
facet normal 0 -1 0
    outer loop
        vertex 217.04196 50.5 1
        vertex 147.63548 50.5 0
        vertex 170.77097 50.5 0
    endloop
endfacet
facet normal 0 -1 0
    outer loop
        vertex 217.04196 50.5 1
        vertex 136.06775 50.5 0
        vertex 147.63548 50.5 0
    endloop
endfacet
facet normal 0 -0.99999994 -0
    outer loop
        vertex 217.04196 50.5 1
        vertex 193.90646 50.5 0
        vertex 217.04196 50.5 0
    endloop
endfacet
facet normal 1 0 -0
    outer loop
        vertex 74.5 51.600002 0.19999999
        vertex 74.5 52.5 1
        vertex 74.5 50.5 1
    endloop
endfacet
facet normal 1 0 0
    outer loop
        vertex 74.5 51.600002 0.19999999
        vertex 74.5 50.5 1
        vertex 74.5 50.5 0
    endloop
endfacet
facet normal 1 0 0
    outer loop
        vertex 74.5 52.5 1
        vertex 74.5 51.600002 0.19999999
        vertex 74.5 52.5 0.19999999
    endloop
endfacet
facet normal 1 0 -0
    outer loop
        vertex 74.5 51.600002 0
        vertex 74.5 51.600002 0.19999999
        vertex 74.5 50.5 0
    endloop
endfacet
facet normal 0 0 -1
    outer loop
        vertex 57.61451 50.5 0
        vertex 40.72902 50.5 0
        vertex 57.50943 51.600002 0
    endloop
endfacet
facet normal 0 0 -1
    outer loop
        vertex 40.72902 50.5 0
        vertex 6.9580398 50.5 0
        vertex 40.51886 51.600002 0
    endloop
endfacet
facet normal 0 0 -1
    outer loop
        vertex 6.8802104 50.78541 0
        vertex 6.80238 51.070824 0
        vertex 40.51886 51.600002 0
    endloop
endfacet
facet normal 0 0 -1
    outer loop
        vertex 6.80238 51.070824 0
        vertex 6.53772 51.600002 0
        vertex 40.51886 51.600002 0
    endloop
endfacet
facet normal 0 0 -1
    outer loop
        vertex 6.8802104 50.78541 0
        vertex 40.51886 51.600002 0
        vertex 6.9580398 50.5 0
    endloop
endfacet
facet normal -0 0 -1
    outer loop
        vertex 74.5 51.600002 0
        vertex 57.61451 50.5 0
        vertex 57.50943 51.600002 0
    endloop
endfacet
facet normal 0 0 -1
    outer loop
        vertex 74.5 50.5 0
        vertex 57.61451 50.5 0
        vertex 74.5 51.600002 0
    endloop
endfacet
facet normal -0 0 -1
    outer loop
        vertex 57.50943 51.600002 0
        vertex 40.72902 50.5 0
        vertex 40.51886 51.600002 0
    endloop
endfacet
facet normal 0 -0 -1
    outer loop
        vertex 3.4634638 50.628735 0
        vertex 4 50.5 0
        vertex 3.3126101 50.5 0
    endloop
endfacet
facet normal 0 0 -1
    outer loop
        vertex 4 50.5 0
        vertex 3.4634638 50.628735 0
        vertex 3.614318 50.757465 0
    endloop
endfacet
facet normal 0 0 -1
    outer loop
        vertex 3.614318 50.757465 0
        vertex 3.807159 50.803734 0
        vertex 4 50.5 0
    endloop
endfacet
facet normal -0 0 -1
    outer loop
        vertex 4.385682 50.757465 0
        vertex 4 50.5 0
        vertex 4.192841 50.803734 0
    endloop
endfacet
facet normal 0 0 -1
    outer loop
        vertex 4 50.5 0
        vertex 4 50.85 0
        vertex 4.192841 50.803734 0
    endloop
endfacet
facet normal 0 -0 -1
    outer loop
        vertex 4.536536 50.628735 0
        vertex 4.68739 50.5 0
        vertex 4 50.5 0
    endloop
endfacet
facet normal 0 0 -1
    outer loop
        vertex 4 50.5 0
        vertex 4.385682 50.757465 0
        vertex 4.536536 50.628735 0
    endloop
endfacet
facet normal 0 0 -1
    outer loop
        vertex 4 50.5 0
        vertex 3.807159 50.803734 0
        vertex 4 50.85 0
    endloop
endfacet
facet normal 0 -0 1
    outer loop
        vertex 99.5 51.600002 0.19999999
        vertex 99.5 52.5 0.19999999
        vertex 74.5 51.600002 0.19999999
    endloop
endfacet
facet normal 0 0 1
    outer loop
        vertex 124.5 51.600002 0.19999999
        vertex 99.5 52.5 0.19999999
        vertex 99.5 51.600002 0.19999999
    endloop
endfacet
facet normal 0 -0 1
    outer loop
        vertex 124.5 51.600002 0.19999999
        vertex 124.5 52.5 0.19999999
        vertex 99.5 52.5 0.19999999
    endloop
endfacet
facet normal 0 0 1
    outer loop
        vertex 74.5 51.600002 0.19999999
        vertex 99.5 52.5 0.19999999
        vertex 74.5 52.5 0.19999999
    endloop
endfacet
facet normal -1 0 0
    outer loop
        vertex 124.5 52.5 0.19999999
        vertex 124.5 51.600002 0.19999999
        vertex 124.5 52.5 1
    endloop
endfacet
facet normal -1 -0 0
    outer loop
        vertex 124.5 51.600002 0.19999999
        vertex 124.5 50.5 0
        vertex 124.5 50.5 1
    endloop
endfacet
facet normal -1 0 0
    outer loop
        vertex 124.5 51.600002 0.19999999
        vertex 124.5 50.5 1
        vertex 124.5 52.5 1
    endloop
endfacet
facet normal -1 0 0
    outer loop
        vertex 124.5 50.5 0
        vertex 124.5 51.600002 0.19999999
        vertex 124.5 51.600002 0
    endloop
endfacet
facet normal 0 0 1
    outer loop
        vertex 57.61451 50.5 1
        vertex 57.289577 52.5 1
        vertex 40.72902 50.5 1
    endloop
endfacet
facet normal 0 0 1
    outer loop
        vertex 40.72902 50.5 1
        vertex 40.079155 52.5 1
        vertex 6.9580398 50.5 1
    endloop
endfacet
facet normal 0 -0 1
    outer loop
        vertex 6.8764977 50.79503 1
        vertex 40.079155 52.5 1
        vertex 6.7949553 51.090057 1
    endloop
endfacet
facet normal 0 -0 1
    outer loop
        vertex 6.7949553 51.090057 1
        vertex 40.079155 52.5 1
        vertex 6.515487 51.634724 1
    endloop
endfacet
facet normal -0 0 0.99999994
    outer loop
        vertex 6.8764977 50.79503 1
        vertex 6.9580398 50.5 1
        vertex 40.079155 52.5 1
    endloop
endfacet
facet normal 0 -0 1
    outer loop
        vertex 6.515487 51.634724 1
        vertex 40.079155 52.5 1
        vertex 6.1312723 52.11132 1
    endloop
endfacet
facet normal 0 -0 1
    outer loop
        vertex 6.1312723 52.11132 1
        vertex 40.079155 52.5 1
        vertex 5.65831 52.5 1
    endloop
endfacet
facet normal 0 0 1
    outer loop
        vertex 74.5 52.5 1
        vertex 65.89479 52.5 1
        vertex 74.5 50.5 1
    endloop
endfacet
facet normal 0 0 1
    outer loop
        vertex 74.5 50.5 1
        vertex 65.89479 52.5 1
        vertex 57.61451 50.5 1
    endloop
endfacet
facet normal 0 0 1
    outer loop
        vertex 65.89479 52.5 1
        vertex 57.289577 52.5 1
        vertex 57.61451 50.5 1
    endloop
endfacet
facet normal -0 0 1
    outer loop
        vertex 40.079155 52.5 1
        vertex 40.72902 50.5 1
        vertex 57.289577 52.5 1
    endloop
endfacet
facet normal 0 0 1
    outer loop
        vertex 4 50.5 1
        vertex 3.614318 50.757465 1
        vertex 3.3126101 50.5 1
    endloop
endfacet
facet normal 0 0 1
    outer loop
        vertex 4.385682 50.757465 1
        vertex 4 50.85 1
        vertex 4 50.5 1
    endloop
endfacet
facet normal 0 0 1
    outer loop
        vertex 4 50.5 1
        vertex 4.68739 50.5 1
        vertex 4.385682 50.757465 1
    endloop
endfacet
facet normal 0 -0 1
    outer loop
        vertex 4 50.5 1
        vertex 4 50.85 1
        vertex 3.614318 50.757465 1
    endloop
endfacet
facet normal 0 0 1
    outer loop
        vertex 136.06775 50.5 1
        vertex 147.63548 50.5 1
        vertex 136.23021 52.5 1
    endloop
endfacet
facet normal 0 0 1
    outer loop
        vertex 147.63548 50.5 1
        vertex 170.77097 50.5 1
        vertex 147.96042 52.5 1
    endloop
endfacet
facet normal 0 0 0.99999994
    outer loop
        vertex 136.06775 50.5 1
        vertex 124.5 52.5 1
        vertex 124.5 50.5 1
    endloop
endfacet
facet normal 0 0 1
    outer loop
        vertex 171.42084 52.5 1
        vertex 217.48451 51.634724 1
        vertex 217.86873 52.11132 1
    endloop
endfacet
facet normal -0 0 1
    outer loop
        vertex 171.42084 52.5 1
        vertex 217.86873 52.11132 1
        vertex 218.34169 52.5 1
    endloop
endfacet
facet normal -0 0 1
    outer loop
        vertex 124.5 52.5 1
        vertex 136.06775 50.5 1
        vertex 136.23021 52.5 1
    endloop
endfacet
facet normal -0 0 1
    outer loop
        vertex 136.23021 52.5 1
        vertex 147.63548 50.5 1
        vertex 147.96042 52.5 1
    endloop
endfacet
facet normal 0 -0 1
    outer loop
        vertex 217.04196 50.5 1
        vertex 217.1235 50.79503 1
        vertex 171.42084 52.5 1
    endloop
endfacet
facet normal 0 0 1
    outer loop
        vertex 171.42084 52.5 1
        vertex 147.96042 52.5 1
        vertex 170.77097 50.5 1
    endloop
endfacet
facet normal 0 0 0.99999994
    outer loop
        vertex 217.04196 50.5 1
        vertex 171.42084 52.5 1
        vertex 170.77097 50.5 1
    endloop
endfacet
facet normal 0 0 1
    outer loop
        vertex 171.42084 52.5 1
        vertex 217.1235 50.79503 1
        vertex 217.20505 51.090057 1
    endloop
endfacet
facet normal 0 -0 1
    outer loop
        vertex 217.20505 51.090057 1
        vertex 217.48451 51.634724 1
        vertex 171.42084 52.5 1
    endloop
endfacet
facet normal 0 0 -1
    outer loop
        vertex 193.90646 50.5 0
        vertex 170.98114 51.600002 0
        vertex 194.22171 51.600002 0
    endloop
endfacet
facet normal 0 0 -0.99999994
    outer loop
        vertex 136.06775 50.5 0
        vertex 136.12029 51.600002 0
        vertex 147.63548 50.5 0
    endloop
endfacet
facet normal 0 0 -1
    outer loop
        vertex 147.63548 50.5 0
        vertex 147.74057 51.600002 0
        vertex 170.77097 50.5 0
    endloop
endfacet
facet normal 0 0 -1
    outer loop
        vertex 136.06775 50.5 0
        vertex 124.5 51.600002 0
        vertex 136.12029 51.600002 0
    endloop
endfacet
facet normal 0 0 -1
    outer loop
        vertex 147.63548 50.5 0
        vertex 136.12029 51.600002 0
        vertex 147.74057 51.600002 0
    endloop
endfacet
facet normal 0 0 -1
    outer loop
        vertex 194.22171 51.600002 0
        vertex 217.46228 51.600002 0
        vertex 217.19763 51.070824 0
    endloop
endfacet
facet normal 0 0 -1
    outer loop
        vertex 124.5 51.600002 0
        vertex 136.06775 50.5 0
        vertex 124.5 50.5 0
    endloop
endfacet
facet normal 0 0 -1
    outer loop
        vertex 147.74057 51.600002 0
        vertex 170.98114 51.600002 0
        vertex 170.77097 50.5 0
    endloop
endfacet
facet normal 0 0 -1
    outer loop
        vertex 217.04196 50.5 0
        vertex 194.22171 51.600002 0
        vertex 217.11978 50.78541 0
    endloop
endfacet
facet normal 0 0 -1
    outer loop
        vertex 193.90646 50.5 0
        vertex 170.77097 50.5 0
        vertex 170.98114 51.600002 0
    endloop
endfacet
facet normal 0 0 -1
    outer loop
        vertex 217.04196 50.5 0
        vertex 193.90646 50.5 0
        vertex 194.22171 51.600002 0
    endloop
endfacet
facet normal 0 0 -1
    outer loop
        vertex 194.22171 51.600002 0
        vertex 217.19763 51.070824 0
        vertex 217.11978 50.78541 0
    endloop
endfacet
facet normal 0 -1 0
    outer loop
        vertex 6.9580398 50.5 1
        vertex 6.9580398 50.5 0
        vertex 40.72902 50.5 1
    endloop
endfacet
facet normal 0 -1 0
    outer loop
        vertex 40.72902 50.5 1
        vertex 40.72902 50.5 0
        vertex 57.61451 50.5 1
    endloop
endfacet
facet normal 0 -1 -0
    outer loop
        vertex 57.61451 50.5 1
        vertex 40.72902 50.5 0
        vertex 57.61451 50.5 0
    endloop
endfacet
facet normal 0 -1 -0
    outer loop
        vertex 74.5 50.5 1
        vertex 57.61451 50.5 0
        vertex 74.5 50.5 0
    endloop
endfacet
facet normal 0 -1 0
    outer loop
        vertex 57.61451 50.5 0
        vertex 74.5 50.5 1
        vertex 57.61451 50.5 1
    endloop
endfacet
facet normal 0 -1 0
    outer loop
        vertex 40.72902 50.5 0
        vertex 40.72902 50.5 1
        vertex 6.9580398 50.5 0
    endloop
endfacet
facet normal 0 0 -1
    outer loop
        vertex 6.53033 5.46967 5.4
        vertex 6.75 6 5.4
        vertex 6.6929097 5.7129874 5.4
    endloop
endfacet
facet normal -0 0 -1
    outer loop
        vertex 6.2870126 5.3070903 5.4
        vertex 6 5.25 5.4
        vertex 6.75 6 5.4
    endloop
endfacet
facet normal 0 0 -1
    outer loop
        vertex 6.2870126 5.3070903 5.4
        vertex 6.75 6 5.4
        vertex 6.53033 5.46967 5.4
    endloop
endfacet
facet normal 0 0 -1
    outer loop
        vertex 6.75 6 5.4
        vertex 6 5.25 5.4
        vertex 5.7129874 5.3070903 5.4
    endloop
endfacet
facet normal 0 0 -0.99999994
    outer loop
        vertex 5.3070903 5.7129874 5.4
        vertex 5.25 6 5.4
        vertex 6.75 6 5.4
    endloop
endfacet
facet normal 0 0 -1
    outer loop
        vertex 6.75 6 5.4
        vertex 5.7129874 5.3070903 5.4
        vertex 5.46967 5.46967 5.4
    endloop
endfacet
facet normal 0 0 -0.99999994
    outer loop
        vertex 6.75 6 5.4
        vertex 5.25 6 5.4
        vertex 5.3070903 6.2870126 5.4
    endloop
endfacet
facet normal 0 -0 -1
    outer loop
        vertex 5.7129874 6.6929097 5.4
        vertex 6.75 6 5.4
        vertex 5.46967 6.53033 5.4
    endloop
endfacet
facet normal 0 0 -1
    outer loop
        vertex 6.75 6 5.4
        vertex 5.3070903 6.2870126 5.4
        vertex 5.46967 6.53033 5.4
    endloop
endfacet
facet normal 0 0 -1
    outer loop
        vertex 5.7129874 6.6929097 5.4
        vertex 6 6.75 5.4
        vertex 6.75 6 5.4
    endloop
endfacet
facet normal 0 0 -1
    outer loop
        vertex 6.75 6 5.4
        vertex 6.2870126 6.6929097 5.4
        vertex 6.53033 6.53033 5.4
    endloop
endfacet
facet normal 0 0 -1
    outer loop
        vertex 6 6.75 5.4
        vertex 6.2870126 6.6929097 5.4
        vertex 6.75 6 5.4
    endloop
endfacet
facet normal 0 0 -1
    outer loop
        vertex 6.75 6 5.4
        vertex 6.53033 6.53033 5.4
        vertex 6.6929097 6.2870126 5.4
    endloop
endfacet
facet normal 0 0 -1
    outer loop
        vertex 5.3070903 5.7129874 5.4
        vertex 6.75 6 5.4
        vertex 5.46967 5.46967 5.4
    endloop
endfacet
facet normal 0 -0 1
    outer loop
        vertex 6.411808 5.3731713 2.1
        vertex 6.58219 5.52718 2.1
        vertex 6.1213202 6.1213202 2.1
    endloop
endfacet
facet normal 0 0 1
    outer loop
        vertex 5.52718 6.58219 2.1
        vertex 5.3228316 6.322402 2.1
        vertex 6.1213202 6.1213202 2.1
    endloop
endfacet
facet normal 0 0 1
    outer loop
        vertex 5.3228316 6.322402 2.1
        vertex 5.25 6 2.1
        vertex 6.1213202 6.1213202 2.1
    endloop
endfacet
facet normal 0 -0 1
    outer loop
        vertex 6.2028103 5.2779417 2.1
        vertex 6.411808 5.3731713 2.1
        vertex 6.1213202 6.1213202 2.1
    endloop
endfacet
facet normal 0 0 1
    outer loop
        vertex 5.974795 5.250424 2.1
        vertex 6.2028103 5.2779417 2.1
        vertex 6.1213202 6.1213202 2.1
    endloop
endfacet
facet normal 0 -0 1
    outer loop
        vertex 5.749142 5.293197 2.1
        vertex 6.1213202 6.1213202 2.1
        vertex 5.5470147 5.402251 2.1
    endloop
endfacet
facet normal -0 0 1
    outer loop
        vertex 5.749142 5.293197 2.1
        vertex 5.974795 5.250424 2.1
        vertex 6.1213202 6.1213202 2.1
    endloop
endfacet
facet normal 0 -0 1
    outer loop
        vertex 5.5470147 5.402251 2.1
        vertex 6.1213202 6.1213202 2.1
        vertex 5.387365 5.567359 2.1
    endloop
endfacet
facet normal -0 0 1
    outer loop
        vertex 5.285166 5.773038 2.1
        vertex 5.387365 5.567359 2.1
        vertex 6.1213202 6.1213202 2.1
    endloop
endfacet
facet normal 0 0 1
    outer loop
        vertex 6.1213202 6.1213202 2.1
        vertex 5.25 6 2.1
        vertex 5.285166 5.773038 2.1
    endloop
endfacet
facet normal 0.83146971 0.55557001 0
    outer loop
        vertex 5.3070903 5.7129874 5.4
        vertex 5.46967 5.46967 5.4
        vertex 5.3070903 5.7129874 2.5
    endloop
endfacet
facet normal 0.55557001 0.83146971 0
    outer loop
        vertex 5.46967 5.46967 5.4
        vertex 5.7129874 5.3070903 5.4
        vertex 5.46967 5.46967 2.5
    endloop
endfacet
facet normal 0.55557001 0.83146971 0
    outer loop
        vertex 5.7129874 5.3070903 5.4
        vertex 5.7129874 5.3070903 2.5
        vertex 5.46967 5.46967 2.5
    endloop
endfacet
facet normal 0.1950901 0.98078537 0
    outer loop
        vertex 6 5.25 5.4
        vertex 6 5.25 2.5
        vertex 5.7129874 5.3070903 2.5
    endloop
endfacet
facet normal -0.1950901 0.98078537 0
    outer loop
        vertex 6.2870126 5.3070903 5.4
        vertex 6 5.25 2.5
        vertex 6 5.25 5.4
    endloop
endfacet
facet normal -0.55557001 0.83146971 0
    outer loop
        vertex 6.53033 5.46967 5.4
        vertex 6.2870126 5.3070903 2.5
        vertex 6.2870126 5.3070903 5.4
    endloop
endfacet
facet normal -0.55557001 0.83146971 0
    outer loop
        vertex 6.53033 5.46967 2.5
        vertex 6.2870126 5.3070903 2.5
        vertex 6.53033 5.46967 5.4
    endloop
endfacet
facet normal 0.98078537 0.1950901 0
    outer loop
        vertex 5.3070903 5.7129874 5.4
        vertex 5.3070903 5.7129874 2.5
        vertex 5.25 6 5.4
    endloop
endfacet
facet normal -0.98078537 0.1950901 0
    outer loop
        vertex 6.75 6 2.5
        vertex 6.6929097 5.7129874 2.5
        vertex 6.75 6 5.4
    endloop
endfacet
facet normal -0.98078537 0.1950901 0
    outer loop
        vertex 6.6929097 5.7129874 2.5
        vertex 6.6929097 5.7129874 5.4
        vertex 6.75 6 5.4
    endloop
endfacet
facet normal -0.83146971 0.55557001 0
    outer loop
        vertex 6.53033 5.46967 2.5
        vertex 6.6929097 5.7129874 5.4
        vertex 6.6929097 5.7129874 2.5
    endloop
endfacet
facet normal -0.83146971 0.55557001 0
    outer loop
        vertex 6.53033 5.46967 5.4
        vertex 6.6929097 5.7129874 5.4
        vertex 6.53033 5.46967 2.5
    endloop
endfacet
facet normal -0.1950901 0.98078537 0
    outer loop
        vertex 6.2870126 5.3070903 5.4
        vertex 6.2870126 5.3070903 2.5
        vertex 6 5.25 2.5
    endloop
endfacet
facet normal 0.1950901 0.98078537 0
    outer loop
        vertex 5.7129874 5.3070903 5.4
        vertex 6 5.25 5.4
        vertex 5.7129874 5.3070903 2.5
    endloop
endfacet
facet normal 0.98078537 0.1950901 0
    outer loop
        vertex 5.3070903 5.7129874 2.5
        vertex 5.25 6 2.5
        vertex 5.25 6 5.4
    endloop
endfacet
facet normal 0.83146971 0.55557001 0
    outer loop
        vertex 5.46967 5.46967 5.4
        vertex 5.46967 5.46967 2.5
        vertex 5.3070903 5.7129874 2.5
    endloop
endfacet
facet normal 0.98820847 0.15311424 0
    outer loop
        vertex 5.285166 5.773038 2.2
        vertex 5.25 6 2.15
        vertex 5.25 6 2.2
    endloop
endfacet
facet normal 0.89553976 0.44498155 0
    outer loop
        vertex 5.387365 5.567359 2.2
        vertex 5.285166 5.773038 2.1
        vertex 5.285166 5.773038 2.2
    endloop
endfacet
facet normal 0.71888989 0.69512391 -0
    outer loop
        vertex 5.5470147 5.402251 2.1
        vertex 5.387365 5.567359 2.1
        vertex 5.5470147 5.402251 2.2
    endloop
endfacet
facet normal 0.18623719 0.98250484 0
    outer loop
        vertex 5.974795 5.250424 2.2
        vertex 5.974795 5.250424 2.1
        vertex 5.749142 5.293197 2.1
    endloop
endfacet
facet normal 0.47482789 0.88007867 -0
    outer loop
        vertex 5.749142 5.293197 2.1
        vertex 5.5470147 5.402251 2.1
        vertex 5.749142 5.293197 2.2
    endloop
endfacet
facet normal -0.11981455 0.9927963 0
    outer loop
        vertex 6.2028103 5.2779417 2.2
        vertex 6.2028103 5.2779417 2.1
        vertex 5.974795 5.250424 2.1
    endloop
endfacet
facet normal -0.41463512 0.90998781 0
    outer loop
        vertex 6.411808 5.3731713 2.2
        vertex 6.411808 5.3731713 2.1
        vertex 6.2028103 5.2779417 2.1
    endloop
endfacet
facet normal -0.67056298 0.74185258 0
    outer loop
        vertex 6.58219 5.52718 2.2
        vertex 6.58219 5.52718 2.1
        vertex 6.411808 5.3731713 2.1
    endloop
endfacet
facet normal -0.67056298 0.74185258 0
    outer loop
        vertex 6.411808 5.3731713 2.1
        vertex 6.411808 5.3731713 2.2
        vertex 6.58219 5.52718 2.2
    endloop
endfacet
facet normal -0.41463512 0.90998781 0
    outer loop
        vertex 6.2028103 5.2779417 2.1
        vertex 6.2028103 5.2779417 2.2
        vertex 6.411808 5.3731713 2.2
    endloop
endfacet
facet normal -0.11981455 0.9927963 0
    outer loop
        vertex 5.974795 5.250424 2.1
        vertex 5.974795 5.250424 2.2
        vertex 6.2028103 5.2779417 2.2
    endloop
endfacet
facet normal 0.18623719 0.98250484 -0
    outer loop
        vertex 5.749142 5.293197 2.1
        vertex 5.749142 5.293197 2.2
        vertex 5.974795 5.250424 2.2
    endloop
endfacet
facet normal 0.47482789 0.88007867 -0
    outer loop
        vertex 5.5470147 5.402251 2.1
        vertex 5.5470147 5.402251 2.2
        vertex 5.749142 5.293197 2.2
    endloop
endfacet
facet normal 0.71888989 0.69512391 -0
    outer loop
        vertex 5.387365 5.567359 2.1
        vertex 5.387365 5.567359 2.2
        vertex 5.5470147 5.402251 2.2
    endloop
endfacet
facet normal 0.89553976 0.44498155 0
    outer loop
        vertex 5.285166 5.773038 2.1
        vertex 5.387365 5.567359 2.2
        vertex 5.387365 5.567359 2.1
    endloop
endfacet
facet normal 0.98820847 0.15311424 0
    outer loop
        vertex 5.285166 5.773038 2.2
        vertex 5.285166 5.773038 2.1
        vertex 5.25 6 2.15
    endloop
endfacet
facet normal 0.98820853 0.15311424 0
    outer loop
        vertex 5.25 6 2.15
        vertex 5.285166 5.773038 2.1
        vertex 5.25 6 2.1
    endloop
endfacet
facet normal 0.83146971 -0.55557001 0
    outer loop
        vertex 5.3070903 6.2870126 2.5
        vertex 5.46967 6.53033 2.5
        vertex 5.3070903 6.2870126 5.4
    endloop
endfacet
facet normal 0.55557001 -0.83146971 0
    outer loop
        vertex 5.46967 6.53033 2.5
        vertex 5.7129874 6.6929097 2.5
        vertex 5.46967 6.53033 5.4
    endloop
endfacet
facet normal 0.55557001 -0.83146971 0
    outer loop
        vertex 5.7129874 6.6929097 2.5
        vertex 5.7129874 6.6929097 5.4
        vertex 5.46967 6.53033 5.4
    endloop
endfacet
facet normal 0.1950901 -0.98078537 0
    outer loop
        vertex 6 6.75 2.5
        vertex 6 6.75 5.4
        vertex 5.7129874 6.6929097 5.4
    endloop
endfacet
facet normal -0.1950901 -0.98078537 0
    outer loop
        vertex 6.2870126 6.6929097 2.5
        vertex 6 6.75 5.4
        vertex 6 6.75 2.5
    endloop
endfacet
facet normal -0.55557001 -0.83146971 0
    outer loop
        vertex 6.53033 6.53033 2.5
        vertex 6.2870126 6.6929097 5.4
        vertex 6.2870126 6.6929097 2.5
    endloop
endfacet
facet normal -0.55557001 -0.83146971 -0
    outer loop
        vertex 6.53033 6.53033 5.4
        vertex 6.2870126 6.6929097 5.4
        vertex 6.53033 6.53033 2.5
    endloop
endfacet
facet normal 0.98078537 -0.1950901 0
    outer loop
        vertex 5.3070903 6.2870126 2.5
        vertex 5.3070903 6.2870126 5.4
        vertex 5.25 6 2.5
    endloop
endfacet
facet normal -0.98078537 -0.1950901 -0
    outer loop
        vertex 6.75 6 5.4
        vertex 6.6929097 6.2870126 5.4
        vertex 6.75 6 2.5
    endloop
endfacet
facet normal -0.98078537 -0.1950901 -0
    outer loop
        vertex 6.6929097 6.2870126 5.4
        vertex 6.6929097 6.2870126 2.5
        vertex 6.75 6 2.5
    endloop
endfacet
facet normal -0.83146971 -0.55557001 0
    outer loop
        vertex 6.53033 6.53033 5.4
        vertex 6.6929097 6.2870126 2.5
        vertex 6.6929097 6.2870126 5.4
    endloop
endfacet
facet normal -0.83146971 -0.55557001 0
    outer loop
        vertex 6.53033 6.53033 2.5
        vertex 6.6929097 6.2870126 2.5
        vertex 6.53033 6.53033 5.4
    endloop
endfacet
facet normal -0.1950901 -0.98078537 0
    outer loop
        vertex 6.2870126 6.6929097 2.5
        vertex 6.2870126 6.6929097 5.4
        vertex 6 6.75 5.4
    endloop
endfacet
facet normal 0.1950901 -0.98078537 0
    outer loop
        vertex 5.7129874 6.6929097 2.5
        vertex 6 6.75 2.5
        vertex 5.7129874 6.6929097 5.4
    endloop
endfacet
facet normal 0.98078537 -0.1950901 0
    outer loop
        vertex 5.3070903 6.2870126 5.4
        vertex 5.25 6 5.4
        vertex 5.25 6 2.5
    endloop
endfacet
facet normal 0.83146971 -0.55557001 0
    outer loop
        vertex 5.46967 6.53033 2.5
        vertex 5.46967 6.53033 5.4
        vertex 5.3070903 6.2870126 5.4
    endloop
endfacet
facet normal 0.97542077 -0.22035062 0
    outer loop
        vertex 5.3228316 6.322402 2.1
        vertex 5.25 6 2.15
        vertex 5.25 6 2.1
    endloop
endfacet
facet normal 0.78598106 -0.61825055 0
    outer loop
        vertex 5.52718 6.58219 2.1
        vertex 5.52718 6.58219 2.2
        vertex 5.3228316 6.322402 2.2
    endloop
endfacet
facet normal 0.78598106 -0.61825055 0
    outer loop
        vertex 5.3228316 6.322402 2.2
        vertex 5.3228316 6.322402 2.1
        vertex 5.52718 6.58219 2.1
    endloop
endfacet
facet normal 0.97542065 -0.22035062 0
    outer loop
        vertex 5.3228316 6.322402 2.1
        vertex 5.3228316 6.322402 2.2
        vertex 5.25 6 2.15
    endloop
endfacet
facet normal 0.97542077 -0.22035062 0
    outer loop
        vertex 5.25 6 2.15
        vertex 5.3228316 6.322402 2.2
        vertex 5.25 6 2.2
    endloop
endfacet
facet normal 0 0 -1
    outer loop
        vertex 6.53033 47.46967 5.4
        vertex 6.75 48 5.4
        vertex 6.6929097 47.71299 5.4
    endloop
endfacet
facet normal -0 0 -1
    outer loop
        vertex 6.2870126 47.30709 5.4
        vertex 6 47.25 5.4
        vertex 6.75 48 5.4
    endloop
endfacet
facet normal 0 0 -1
    outer loop
        vertex 6.2870126 47.30709 5.4
        vertex 6.75 48 5.4
        vertex 6.53033 47.46967 5.4
    endloop
endfacet
facet normal 0 0 -1
    outer loop
        vertex 6.75 48 5.4
        vertex 6 47.25 5.4
        vertex 5.7129874 47.30709 5.4
    endloop
endfacet
facet normal 0 0 -0.99999994
    outer loop
        vertex 5.3070903 47.71299 5.4
        vertex 5.25 48 5.4
        vertex 6.75 48 5.4
    endloop
endfacet
facet normal 0 0 -1
    outer loop
        vertex 6.75 48 5.4
        vertex 5.7129874 47.30709 5.4
        vertex 5.46967 47.46967 5.4
    endloop
endfacet
facet normal 0 0 -0.99999994
    outer loop
        vertex 6.75 48 5.4
        vertex 5.25 48 5.4
        vertex 5.3070903 48.28701 5.4
    endloop
endfacet
facet normal 0 -0 -1
    outer loop
        vertex 5.7129874 48.69291 5.4
        vertex 6.75 48 5.4
        vertex 5.46967 48.53033 5.4
    endloop
endfacet
facet normal 0 0 -1
    outer loop
        vertex 6.75 48 5.4
        vertex 5.3070903 48.28701 5.4
        vertex 5.46967 48.53033 5.4
    endloop
endfacet
facet normal 0 0 -1
    outer loop
        vertex 5.7129874 48.69291 5.4
        vertex 6 48.75 5.4
        vertex 6.75 48 5.4
    endloop
endfacet
facet normal 0 0 -1
    outer loop
        vertex 6.75 48 5.4
        vertex 6.2870126 48.69291 5.4
        vertex 6.53033 48.53033 5.4
    endloop
endfacet
facet normal 0 0 -1
    outer loop
        vertex 6 48.75 5.4
        vertex 6.2870126 48.69291 5.4
        vertex 6.75 48 5.4
    endloop
endfacet
facet normal 0 0 -1
    outer loop
        vertex 6.75 48 5.4
        vertex 6.53033 48.53033 5.4
        vertex 6.6929097 48.28701 5.4
    endloop
endfacet
facet normal 0 0 -1
    outer loop
        vertex 5.3070903 47.71299 5.4
        vertex 6.75 48 5.4
        vertex 5.46967 47.46967 5.4
    endloop
endfacet
facet normal 0 0 1
    outer loop
        vertex 6.411808 48.626827 2.1
        vertex 6.1213202 47.878677 2.1
        vertex 6.58219 48.47282 2.1
    endloop
endfacet
facet normal 0 0 1
    outer loop
        vertex 6.411808 48.626827 2.1
        vertex 6.2028103 48.722057 2.1
        vertex 6.1213202 47.878677 2.1
    endloop
endfacet
facet normal 0 0 0.99999994
    outer loop
        vertex 6.1213202 47.878677 2.1
        vertex 5.3228316 47.677597 2.1
        vertex 5.52718 47.41781 2.1
    endloop
endfacet
facet normal 0 0 1
    outer loop
        vertex 5.25 48 2.1
        vertex 5.3228316 47.677597 2.1
        vertex 6.1213202 47.878677 2.1
    endloop
endfacet
facet normal -0 0 1
    outer loop
        vertex 5.285166 48.226963 2.1
        vertex 6.1213202 47.878677 2.1
        vertex 5.387365 48.43264 2.1
    endloop
endfacet
facet normal 0 0 1
    outer loop
        vertex 5.285166 48.226963 2.1
        vertex 5.25 48 2.1
        vertex 6.1213202 47.878677 2.1
    endloop
endfacet
facet normal 0 0 1
    outer loop
        vertex 6.1213202 47.878677 2.1
        vertex 5.749142 48.706802 2.1
        vertex 5.5470147 48.597748 2.1
    endloop
endfacet
facet normal 0 0 1
    outer loop
        vertex 5.974795 48.749577 2.1
        vertex 6.1213202 47.878677 2.1
        vertex 6.2028103 48.722057 2.1
    endloop
endfacet
facet normal 0 0 0.99999994
    outer loop
        vertex 5.974795 48.749577 2.1
        vertex 5.749142 48.706802 2.1
        vertex 6.1213202 47.878677 2.1
    endloop
endfacet
facet normal 0 0 1
    outer loop
        vertex 6.1213202 47.878677 2.1
        vertex 5.5470147 48.597748 2.1
        vertex 5.387365 48.43264 2.1
    endloop
endfacet
facet normal 0.83147275 0.55556554 0
    outer loop
        vertex 5.3070903 47.71299 5.4
        vertex 5.46967 47.46967 5.4
        vertex 5.3070903 47.71299 2.5
    endloop
endfacet
facet normal 0.55556774 0.83147126 0
    outer loop
        vertex 5.46967 47.46967 5.4
        vertex 5.7129874 47.30709 5.4
        vertex 5.46967 47.46967 2.5
    endloop
endfacet
facet normal 0.55556774 0.83147126 0
    outer loop
        vertex 5.7129874 47.30709 5.4
        vertex 5.7129874 47.30709 2.5
        vertex 5.46967 47.46967 2.5
    endloop
endfacet
facet normal 0.19509168 0.98078507 0
    outer loop
        vertex 6 47.25 5.4
        vertex 6 47.25 2.5
        vertex 5.7129874 47.30709 2.5
    endloop
endfacet
facet normal -0.19509168 0.98078507 0
    outer loop
        vertex 6.2870126 47.30709 5.4
        vertex 6 47.25 2.5
        vertex 6 47.25 5.4
    endloop
endfacet
facet normal -0.55556774 0.83147126 0
    outer loop
        vertex 6.53033 47.46967 5.4
        vertex 6.2870126 47.30709 2.5
        vertex 6.2870126 47.30709 5.4
    endloop
endfacet
facet normal -0.55556774 0.83147126 0
    outer loop
        vertex 6.53033 47.46967 2.5
        vertex 6.2870126 47.30709 2.5
        vertex 6.53033 47.46967 5.4
    endloop
endfacet
facet normal 0.98078507 0.19509166 0
    outer loop
        vertex 5.3070903 47.71299 5.4
        vertex 5.3070903 47.71299 2.5
        vertex 5.25 48 5.4
    endloop
endfacet
facet normal -0.98078507 0.19509166 0
    outer loop
        vertex 6.75 48 2.5
        vertex 6.6929097 47.71299 2.5
        vertex 6.75 48 5.4
    endloop
endfacet
facet normal -0.98078507 0.19509166 0
    outer loop
        vertex 6.6929097 47.71299 2.5
        vertex 6.6929097 47.71299 5.4
        vertex 6.75 48 5.4
    endloop
endfacet
facet normal -0.83147275 0.55556554 0
    outer loop
        vertex 6.53033 47.46967 2.5
        vertex 6.6929097 47.71299 5.4
        vertex 6.6929097 47.71299 2.5
    endloop
endfacet
facet normal -0.83147275 0.55556554 0
    outer loop
        vertex 6.53033 47.46967 5.4
        vertex 6.6929097 47.71299 5.4
        vertex 6.53033 47.46967 2.5
    endloop
endfacet
facet normal -0.19509168 0.98078507 0
    outer loop
        vertex 6.2870126 47.30709 5.4
        vertex 6.2870126 47.30709 2.5
        vertex 6 47.25 2.5
    endloop
endfacet
facet normal 0.19509168 0.98078507 0
    outer loop
        vertex 5.7129874 47.30709 5.4
        vertex 6 47.25 5.4
        vertex 5.7129874 47.30709 2.5
    endloop
endfacet
facet normal 0.98078507 0.19509166 0
    outer loop
        vertex 5.3070903 47.71299 2.5
        vertex 5.25 48 2.5
        vertex 5.25 48 5.4
    endloop
endfacet
facet normal 0.83147275 0.55556554 0
    outer loop
        vertex 5.46967 47.46967 5.4
        vertex 5.46967 47.46967 2.5
        vertex 5.3070903 47.71299 2.5
    endloop
endfacet
facet normal 0.97542095 0.22035003 0
    outer loop
        vertex 5.3228316 47.677597 2.2
        vertex 5.25 48 2.15
        vertex 5.25 48 2.2
    endloop
endfacet
facet normal 0.7859816 0.61824989 0
    outer loop
        vertex 5.52718 47.41781 2.2
        vertex 5.52718 47.41781 2.1
        vertex 5.3228316 47.677597 2.1
    endloop
endfacet
facet normal 0.7859816 0.61824989 -0
    outer loop
        vertex 5.3228316 47.677597 2.1
        vertex 5.3228316 47.677597 2.2
        vertex 5.52718 47.41781 2.2
    endloop
endfacet
facet normal 0.97542089 0.22035001 0
    outer loop
        vertex 5.3228316 47.677597 2.2
        vertex 5.3228316 47.677597 2.1
        vertex 5.25 48 2.15
    endloop
endfacet
facet normal 0.97542083 0.22035 0
    outer loop
        vertex 5.25 48 2.15
        vertex 5.3228316 47.677597 2.1
        vertex 5.25 48 2.1
    endloop
endfacet
facet normal 0.83147275 -0.55556554 0
    outer loop
        vertex 5.3070903 48.28701 2.5
        vertex 5.46967 48.53033 2.5
        vertex 5.3070903 48.28701 5.4
    endloop
endfacet
facet normal 0.55556774 -0.83147126 0
    outer loop
        vertex 5.46967 48.53033 2.5
        vertex 5.7129874 48.69291 2.5
        vertex 5.46967 48.53033 5.4
    endloop
endfacet
facet normal 0.55556774 -0.83147126 0
    outer loop
        vertex 5.7129874 48.69291 2.5
        vertex 5.7129874 48.69291 5.4
        vertex 5.46967 48.53033 5.4
    endloop
endfacet
facet normal 0.19509168 -0.98078507 0
    outer loop
        vertex 6 48.75 2.5
        vertex 6 48.75 5.4
        vertex 5.7129874 48.69291 5.4
    endloop
endfacet
facet normal -0.19509168 -0.98078507 0
    outer loop
        vertex 6.2870126 48.69291 2.5
        vertex 6 48.75 5.4
        vertex 6 48.75 2.5
    endloop
endfacet
facet normal -0.55556774 -0.83147126 0
    outer loop
        vertex 6.53033 48.53033 2.5
        vertex 6.2870126 48.69291 5.4
        vertex 6.2870126 48.69291 2.5
    endloop
endfacet
facet normal -0.55556774 -0.83147126 -0
    outer loop
        vertex 6.53033 48.53033 5.4
        vertex 6.2870126 48.69291 5.4
        vertex 6.53033 48.53033 2.5
    endloop
endfacet
facet normal 0.98078507 -0.19509166 0
    outer loop
        vertex 5.3070903 48.28701 2.5
        vertex 5.3070903 48.28701 5.4
        vertex 5.25 48 2.5
    endloop
endfacet
facet normal -0.98078507 -0.19509166 -0
    outer loop
        vertex 6.75 48 5.4
        vertex 6.6929097 48.28701 5.4
        vertex 6.75 48 2.5
    endloop
endfacet
facet normal -0.98078507 -0.19509166 -0
    outer loop
        vertex 6.6929097 48.28701 5.4
        vertex 6.6929097 48.28701 2.5
        vertex 6.75 48 2.5
    endloop
endfacet
facet normal -0.83147275 -0.55556554 0
    outer loop
        vertex 6.53033 48.53033 5.4
        vertex 6.6929097 48.28701 2.5
        vertex 6.6929097 48.28701 5.4
    endloop
endfacet
facet normal -0.83147275 -0.55556554 0
    outer loop
        vertex 6.53033 48.53033 2.5
        vertex 6.6929097 48.28701 2.5
        vertex 6.53033 48.53033 5.4
    endloop
endfacet
facet normal -0.19509168 -0.98078507 0
    outer loop
        vertex 6.2870126 48.69291 2.5
        vertex 6.2870126 48.69291 5.4
        vertex 6 48.75 5.4
    endloop
endfacet
facet normal 0.19509168 -0.98078507 0
    outer loop
        vertex 5.7129874 48.69291 2.5
        vertex 6 48.75 2.5
        vertex 5.7129874 48.69291 5.4
    endloop
endfacet
facet normal 0.98078507 -0.19509166 0
    outer loop
        vertex 5.3070903 48.28701 5.4
        vertex 5.25 48 5.4
        vertex 5.25 48 2.5
    endloop
endfacet
facet normal 0.83147275 -0.55556554 0
    outer loop
        vertex 5.46967 48.53033 2.5
        vertex 5.46967 48.53033 5.4
        vertex 5.3070903 48.28701 5.4
    endloop
endfacet
facet normal 0.98820859 -0.15311362 0
    outer loop
        vertex 5.285166 48.226963 2.1
        vertex 5.25 48 2.15
        vertex 5.25 48 2.1
    endloop
endfacet
facet normal 0.89553815 -0.44498491 0
    outer loop
        vertex 5.387365 48.43264 2.1
        vertex 5.285166 48.226963 2.2
        vertex 5.285166 48.226963 2.1
    endloop
endfacet
facet normal 0.71888888 -0.69512498 0
    outer loop
        vertex 5.5470147 48.597748 2.2
        vertex 5.387365 48.43264 2.2
        vertex 5.5470147 48.597748 2.1
    endloop
endfacet
facet normal 0.18624119 -0.98250407 0
    outer loop
        vertex 5.974795 48.749577 2.1
        vertex 5.974795 48.749577 2.2
        vertex 5.749142 48.706802 2.2
    endloop
endfacet
facet normal 0.4748311 -0.88007689 0
    outer loop
        vertex 5.749142 48.706802 2.2
        vertex 5.5470147 48.597748 2.2
        vertex 5.749142 48.706802 2.1
    endloop
endfacet
facet normal -0.11982069 -0.99279553 0
    outer loop
        vertex 6.2028103 48.722057 2.1
        vertex 6.2028103 48.722057 2.2
        vertex 5.974795 48.749577 2.2
    endloop
endfacet
facet normal -0.41463682 -0.90998697 0
    outer loop
        vertex 6.411808 48.626827 2.1
        vertex 6.411808 48.626827 2.2
        vertex 6.2028103 48.722057 2.2
    endloop
endfacet
facet normal -0.67055839 -0.74185669 0
    outer loop
        vertex 6.58219 48.47282 2.1
        vertex 6.58219 48.47282 2.2
        vertex 6.411808 48.626827 2.2
    endloop
endfacet
facet normal -0.67055839 -0.74185669 -0
    outer loop
        vertex 6.411808 48.626827 2.2
        vertex 6.411808 48.626827 2.1
        vertex 6.58219 48.47282 2.1
    endloop
endfacet
facet normal -0.41463682 -0.90998697 -0
    outer loop
        vertex 6.2028103 48.722057 2.2
        vertex 6.2028103 48.722057 2.1
        vertex 6.411808 48.626827 2.1
    endloop
endfacet
facet normal -0.11982069 -0.99279553 -0
    outer loop
        vertex 5.974795 48.749577 2.2
        vertex 5.974795 48.749577 2.1
        vertex 6.2028103 48.722057 2.1
    endloop
endfacet
facet normal 0.18624119 -0.98250407 0
    outer loop
        vertex 5.749142 48.706802 2.2
        vertex 5.749142 48.706802 2.1
        vertex 5.974795 48.749577 2.1
    endloop
endfacet
facet normal 0.4748311 -0.88007689 0
    outer loop
        vertex 5.5470147 48.597748 2.2
        vertex 5.5470147 48.597748 2.1
        vertex 5.749142 48.706802 2.1
    endloop
endfacet
facet normal 0.71888888 -0.69512498 0
    outer loop
        vertex 5.387365 48.43264 2.2
        vertex 5.387365 48.43264 2.1
        vertex 5.5470147 48.597748 2.1
    endloop
endfacet
facet normal 0.89553815 -0.44498491 0
    outer loop
        vertex 5.285166 48.226963 2.2
        vertex 5.387365 48.43264 2.1
        vertex 5.387365 48.43264 2.2
    endloop
endfacet
facet normal 0.98820859 -0.15311362 0
    outer loop
        vertex 5.285166 48.226963 2.1
        vertex 5.285166 48.226963 2.2
        vertex 5.25 48 2.15
    endloop
endfacet
facet normal 0.98820865 -0.15311362 0
    outer loop
        vertex 5.25 48 2.15
        vertex 5.285166 48.226963 2.2
        vertex 5.25 48 2.2
    endloop
endfacet
facet normal 0 0 1
    outer loop
        vertex 217.87868 6.1213202 2.1
        vertex 218.71483 5.773038 2.1
        vertex 218.75 6 2.1
    endloop
endfacet
facet normal 0 0 1
    outer loop
        vertex 217.87868 6.1213202 2.1
        vertex 218.61264 5.567359 2.1
        vertex 218.71483 5.773038 2.1
    endloop
endfacet
facet normal 0 -0 1
    outer loop
        vertex 218.25085 5.293197 2.1
        vertex 218.45299 5.402251 2.1
        vertex 217.87868 6.1213202 2.1
    endloop
endfacet
facet normal 0 0 0.99999994
    outer loop
        vertex 217.87868 6.1213202 2.1
        vertex 218.45299 5.402251 2.1
        vertex 218.61264 5.567359 2.1
    endloop
endfacet
facet normal 0 -0 1
    outer loop
        vertex 218.0252 5.250424 2.1
        vertex 218.25085 5.293197 2.1
        vertex 217.87868 6.1213202 2.1
    endloop
endfacet
facet normal -0 0 1
    outer loop
        vertex 217.7972 5.2779417 2.1
        vertex 218.0252 5.250424 2.1
        vertex 217.87868 6.1213202 2.1
    endloop
endfacet
facet normal 0 -0 1
    outer loop
        vertex 217.58818 5.3731713 2.1
        vertex 217.87868 6.1213202 2.1
        vertex 217.4178 5.52718 2.1
    endloop
endfacet
facet normal 0 0 1
    outer loop
        vertex 218.67717 6.322402 2.1
        vertex 218.47282 6.58219 2.1
        vertex 217.87868 6.1213202 2.1
    endloop
endfacet
facet normal 0 0 1
    outer loop
        vertex 218.75 6 2.1
        vertex 218.67717 6.322402 2.1
        vertex 217.87868 6.1213202 2.1
    endloop
endfacet
facet normal 0 0 1
    outer loop
        vertex 217.87868 6.1213202 2.1
        vertex 217.58818 5.3731713 2.1
        vertex 217.7972 5.2779417 2.1
    endloop
endfacet
facet normal 0 0 -1
    outer loop
        vertex 218.53033 5.46967 5.4
        vertex 218.75 6 5.4
        vertex 218.69292 5.7129874 5.4
    endloop
endfacet
facet normal -0 0 -1
    outer loop
        vertex 218.287 5.3070903 5.4
        vertex 218 5.25 5.4
        vertex 218.75 6 5.4
    endloop
endfacet
facet normal 0 0 -1
    outer loop
        vertex 218.287 5.3070903 5.4
        vertex 218.75 6 5.4
        vertex 218.53033 5.46967 5.4
    endloop
endfacet
facet normal 0 0 -1
    outer loop
        vertex 218.75 6 5.4
        vertex 218 5.25 5.4
        vertex 217.71298 5.3070903 5.4
    endloop
endfacet
facet normal 0 0 -0.99999994
    outer loop
        vertex 217.3071 5.7129874 5.4
        vertex 217.25 6 5.4
        vertex 218.75 6 5.4
    endloop
endfacet
facet normal 0 0 -1
    outer loop
        vertex 218.75 6 5.4
        vertex 217.71298 5.3070903 5.4
        vertex 217.46968 5.46967 5.4
    endloop
endfacet
facet normal 0 0 -0.99999994
    outer loop
        vertex 218.75 6 5.4
        vertex 217.25 6 5.4
        vertex 217.3071 6.2870126 5.4
    endloop
endfacet
facet normal 0 -0 -1
    outer loop
        vertex 217.71298 6.6929097 5.4
        vertex 218.75 6 5.4
        vertex 217.46968 6.53033 5.4
    endloop
endfacet
facet normal 0 0 -1
    outer loop
        vertex 218.75 6 5.4
        vertex 217.3071 6.2870126 5.4
        vertex 217.46968 6.53033 5.4
    endloop
endfacet
facet normal 0 0 -1
    outer loop
        vertex 217.71298 6.6929097 5.4
        vertex 218 6.75 5.4
        vertex 218.75 6 5.4
    endloop
endfacet
facet normal 0 0 -1
    outer loop
        vertex 218.75 6 5.4
        vertex 218.287 6.6929097 5.4
        vertex 218.53033 6.53033 5.4
    endloop
endfacet
facet normal 0 0 -1
    outer loop
        vertex 218 6.75 5.4
        vertex 218.287 6.6929097 5.4
        vertex 218.75 6 5.4
    endloop
endfacet
facet normal 0 0 -1
    outer loop
        vertex 218.75 6 5.4
        vertex 218.53033 6.53033 5.4
        vertex 218.69292 6.2870126 5.4
    endloop
endfacet
facet normal 0 0 -1
    outer loop
        vertex 217.3071 5.7129874 5.4
        vertex 218.75 6 5.4
        vertex 217.46968 5.46967 5.4
    endloop
endfacet
facet normal 0.83146518 0.5555768 0
    outer loop
        vertex 217.3071 5.7129874 5.4
        vertex 217.46968 5.46967 5.4
        vertex 217.3071 5.7129874 2.5
    endloop
endfacet
facet normal 0.55559564 0.83145267 0
    outer loop
        vertex 217.46968 5.46967 5.4
        vertex 217.71298 5.3070903 5.4
        vertex 217.46968 5.46967 2.5
    endloop
endfacet
facet normal 0.55559564 0.83145267 0
    outer loop
        vertex 217.71298 5.3070903 5.4
        vertex 217.71298 5.3070903 2.5
        vertex 217.46968 5.46967 2.5
    endloop
endfacet
facet normal 0.19508667 0.98078603 0
    outer loop
        vertex 218 5.25 5.4
        vertex 218 5.25 2.5
        vertex 217.71298 5.3070903 2.5
    endloop
endfacet
facet normal -0.19509664 0.980784 0
    outer loop
        vertex 218.287 5.3070903 5.4
        vertex 218 5.25 2.5
        vertex 218 5.25 5.4
    endloop
endfacet
facet normal -0.55554748 0.83148491 0
    outer loop
        vertex 218.53033 5.46967 5.4
        vertex 218.287 5.3070903 2.5
        vertex 218.287 5.3070903 5.4
    endloop
endfacet
facet normal -0.55554748 0.83148491 0
    outer loop
        vertex 218.53033 5.46967 2.5
        vertex 218.287 5.3070903 2.5
        vertex 218.53033 5.46967 5.4
    endloop
endfacet
facet normal 0.98078001 0.19511674 0
    outer loop
        vertex 217.3071 5.7129874 5.4
        vertex 217.3071 5.7129874 2.5
        vertex 217.25 6 5.4
    endloop
endfacet
facet normal -0.98079002 0.19506659 0
    outer loop
        vertex 218.75 6 2.5
        vertex 218.69292 5.7129874 2.5
        vertex 218.75 6 5.4
    endloop
endfacet
facet normal -0.98079002 0.19506659 0
    outer loop
        vertex 218.69292 5.7129874 2.5
        vertex 218.69292 5.7129874 5.4
        vertex 218.75 6 5.4
    endloop
endfacet
facet normal -0.83146518 0.5555768 0
    outer loop
        vertex 218.53033 5.46967 2.5
        vertex 218.69292 5.7129874 5.4
        vertex 218.69292 5.7129874 2.5
    endloop
endfacet
facet normal -0.83146518 0.5555768 0
    outer loop
        vertex 218.53033 5.46967 5.4
        vertex 218.69292 5.7129874 5.4
        vertex 218.53033 5.46967 2.5
    endloop
endfacet
facet normal -0.19509664 0.980784 0
    outer loop
        vertex 218.287 5.3070903 5.4
        vertex 218.287 5.3070903 2.5
        vertex 218 5.25 2.5
    endloop
endfacet
facet normal 0.19508667 0.98078603 0
    outer loop
        vertex 217.71298 5.3070903 5.4
        vertex 218 5.25 5.4
        vertex 217.71298 5.3070903 2.5
    endloop
endfacet
facet normal 0.98078001 0.19511674 0
    outer loop
        vertex 217.3071 5.7129874 2.5
        vertex 217.25 6 2.5
        vertex 217.25 6 5.4
    endloop
endfacet
facet normal 0.83146518 0.5555768 0
    outer loop
        vertex 217.46968 5.46967 5.4
        vertex 217.46968 5.46967 2.5
        vertex 217.3071 5.7129874 2.5
    endloop
endfacet
facet normal 0.67056817 0.74184793 -0
    outer loop
        vertex 217.58818 5.3731713 2.1
        vertex 217.4178 5.52718 2.1
        vertex 217.58818 5.3731713 2.2
    endloop
endfacet
facet normal 0.11981629 0.99279612 0
    outer loop
        vertex 218.0252 5.250424 2.2
        vertex 218.0252 5.250424 2.1
        vertex 217.7972 5.2779417 2.1
    endloop
endfacet
facet normal 0.4146069 0.91000062 -0
    outer loop
        vertex 217.7972 5.2779417 2.1
        vertex 217.58818 5.3731713 2.1
        vertex 217.7972 5.2779417 2.2
    endloop
endfacet
facet normal -0.18624175 0.98250401 0
    outer loop
        vertex 218.25085 5.293197 2.2
        vertex 218.25085 5.293197 2.1
        vertex 218.0252 5.250424 2.1
    endloop
endfacet
facet normal -0.47481748 0.88008428 0
    outer loop
        vertex 218.45299 5.402251 2.2
        vertex 218.45299 5.402251 2.1
        vertex 218.25085 5.293197 2.1
    endloop
endfacet
facet normal -0.71888363 0.69513035 0
    outer loop
        vertex 218.61264 5.567359 2.2
        vertex 218.61264 5.567359 2.1
        vertex 218.45299 5.402251 2.1
    endloop
endfacet
facet normal -0.89555883 0.44494325 0
    outer loop
        vertex 218.71483 5.773038 2.2
        vertex 218.71483 5.773038 2.1
        vertex 218.61264 5.567359 2.1
    endloop
endfacet
facet normal -0.98820466 0.15313856 0
    outer loop
        vertex 218.75 6 2.15
        vertex 218.71483 5.773038 2.2
        vertex 218.75 6 2.2
    endloop
endfacet
facet normal -0.98820472 0.15313858 0
    outer loop
        vertex 218.75 6 2.1
        vertex 218.71483 5.773038 2.1
        vertex 218.75 6 2.15
    endloop
endfacet
facet normal -0.98820472 0.15313858 0
    outer loop
        vertex 218.71483 5.773038 2.1
        vertex 218.71483 5.773038 2.2
        vertex 218.75 6 2.15
    endloop
endfacet
facet normal -0.89555883 0.44494325 0
    outer loop
        vertex 218.61264 5.567359 2.1
        vertex 218.61264 5.567359 2.2
        vertex 218.71483 5.773038 2.2
    endloop
endfacet
facet normal -0.71888363 0.69513035 0
    outer loop
        vertex 218.45299 5.402251 2.1
        vertex 218.45299 5.402251 2.2
        vertex 218.61264 5.567359 2.2
    endloop
endfacet
facet normal -0.47481748 0.88008428 0
    outer loop
        vertex 218.25085 5.293197 2.1
        vertex 218.25085 5.293197 2.2
        vertex 218.45299 5.402251 2.2
    endloop
endfacet
facet normal -0.18624175 0.98250401 0
    outer loop
        vertex 218.0252 5.250424 2.1
        vertex 218.0252 5.250424 2.2
        vertex 218.25085 5.293197 2.2
    endloop
endfacet
facet normal 0.11981629 0.99279612 -0
    outer loop
        vertex 217.7972 5.2779417 2.1
        vertex 217.7972 5.2779417 2.2
        vertex 218.0252 5.250424 2.2
    endloop
endfacet
facet normal 0.4146069 0.91000062 -0
    outer loop
        vertex 217.58818 5.3731713 2.1
        vertex 217.58818 5.3731713 2.2
        vertex 217.7972 5.2779417 2.2
    endloop
endfacet
facet normal 0.67056817 0.74184793 -0
    outer loop
        vertex 217.4178 5.52718 2.1
        vertex 217.4178 5.52718 2.2
        vertex 217.58818 5.3731713 2.2
    endloop
endfacet
facet normal 0.83146518 -0.5555768 0
    outer loop
        vertex 217.3071 6.2870126 2.5
        vertex 217.46968 6.53033 2.5
        vertex 217.3071 6.2870126 5.4
    endloop
endfacet
facet normal 0.55559564 -0.83145267 0
    outer loop
        vertex 217.46968 6.53033 2.5
        vertex 217.71298 6.6929097 2.5
        vertex 217.46968 6.53033 5.4
    endloop
endfacet
facet normal 0.55559564 -0.83145267 0
    outer loop
        vertex 217.71298 6.6929097 2.5
        vertex 217.71298 6.6929097 5.4
        vertex 217.46968 6.53033 5.4
    endloop
endfacet
facet normal 0.19508667 -0.98078603 0
    outer loop
        vertex 218 6.75 2.5
        vertex 218 6.75 5.4
        vertex 217.71298 6.6929097 5.4
    endloop
endfacet
facet normal -0.19509664 -0.980784 0
    outer loop
        vertex 218.287 6.6929097 2.5
        vertex 218 6.75 5.4
        vertex 218 6.75 2.5
    endloop
endfacet
facet normal -0.55554748 -0.83148491 0
    outer loop
        vertex 218.53033 6.53033 2.5
        vertex 218.287 6.6929097 5.4
        vertex 218.287 6.6929097 2.5
    endloop
endfacet
facet normal -0.55554748 -0.83148491 -0
    outer loop
        vertex 218.53033 6.53033 5.4
        vertex 218.287 6.6929097 5.4
        vertex 218.53033 6.53033 2.5
    endloop
endfacet
facet normal 0.98078001 -0.19511674 0
    outer loop
        vertex 217.3071 6.2870126 2.5
        vertex 217.3071 6.2870126 5.4
        vertex 217.25 6 2.5
    endloop
endfacet
facet normal -0.98079002 -0.19506659 -0
    outer loop
        vertex 218.75 6 5.4
        vertex 218.69292 6.2870126 5.4
        vertex 218.75 6 2.5
    endloop
endfacet
facet normal -0.98079002 -0.19506659 -0
    outer loop
        vertex 218.69292 6.2870126 5.4
        vertex 218.69292 6.2870126 2.5
        vertex 218.75 6 2.5
    endloop
endfacet
facet normal -0.83146518 -0.5555768 0
    outer loop
        vertex 218.53033 6.53033 5.4
        vertex 218.69292 6.2870126 2.5
        vertex 218.69292 6.2870126 5.4
    endloop
endfacet
facet normal -0.83146518 -0.5555768 0
    outer loop
        vertex 218.53033 6.53033 2.5
        vertex 218.69292 6.2870126 2.5
        vertex 218.53033 6.53033 5.4
    endloop
endfacet
facet normal -0.19509664 -0.980784 0
    outer loop
        vertex 218.287 6.6929097 2.5
        vertex 218.287 6.6929097 5.4
        vertex 218 6.75 5.4
    endloop
endfacet
facet normal 0.19508667 -0.98078603 0
    outer loop
        vertex 217.71298 6.6929097 2.5
        vertex 218 6.75 2.5
        vertex 217.71298 6.6929097 5.4
    endloop
endfacet
facet normal 0.98078001 -0.19511674 0
    outer loop
        vertex 217.3071 6.2870126 5.4
        vertex 217.25 6 5.4
        vertex 217.25 6 2.5
    endloop
endfacet
facet normal 0.83146518 -0.5555768 0
    outer loop
        vertex 217.46968 6.53033 2.5
        vertex 217.46968 6.53033 5.4
        vertex 217.3071 6.2870126 5.4
    endloop
endfacet
facet normal -0.78598529 -0.61824524 -0
    outer loop
        vertex 218.67717 6.322402 2.2
        vertex 218.47282 6.58219 2.2
        vertex 218.67717 6.322402 2.1
    endloop
endfacet
facet normal -0.97542161 -0.2203465 0
    outer loop
        vertex 218.67717 6.322402 2.1
        vertex 218.75 6 2.1
        vertex 218.75 6 2.15
    endloop
endfacet
facet normal -0.97542173 -0.22034653 0
    outer loop
        vertex 218.67717 6.322402 2.1
        vertex 218.75 6 2.15
        vertex 218.67717 6.322402 2.2
    endloop
endfacet
facet normal -0.97542161 -0.22034648 0
    outer loop
        vertex 218.75 6 2.15
        vertex 218.75 6 2.2
        vertex 218.67717 6.322402 2.2
    endloop
endfacet
facet normal -0.78598529 -0.61824524 0
    outer loop
        vertex 218.47282 6.58219 2.1
        vertex 218.67717 6.322402 2.1
        vertex 218.47282 6.58219 2.2
    endloop
endfacet
facet normal 0 0 1
    outer loop
        vertex 217.87868 47.878677 2.1
        vertex 218.75 48 2.1
        vertex 218.71483 48.226963 2.1
    endloop
endfacet
facet normal 0 0 0.99999994
    outer loop
        vertex 217.58818 48.626827 2.1
        vertex 217.4178 48.47282 2.1
        vertex 217.87868 47.878677 2.1
    endloop
endfacet
facet normal 0 -0 1
    outer loop
        vertex 218.67717 47.677597 2.1
        vertex 218.75 48 2.1
        vertex 217.87868 47.878677 2.1
    endloop
endfacet
facet normal 0 0 1
    outer loop
        vertex 217.7972 48.722057 2.1
        vertex 217.58818 48.626827 2.1
        vertex 217.87868 47.878677 2.1
    endloop
endfacet
facet normal -0 0 1
    outer loop
        vertex 217.7972 48.722057 2.1
        vertex 217.87868 47.878677 2.1
        vertex 218.0252 48.749577 2.1
    endloop
endfacet
facet normal 0 0 1
    outer loop
        vertex 218.0252 48.749577 2.1
        vertex 217.87868 47.878677 2.1
        vertex 218.25085 48.706802 2.1
    endloop
endfacet
facet normal 0 0 1
    outer loop
        vertex 217.87868 47.878677 2.1
        vertex 218.61264 48.43264 2.1
        vertex 218.45299 48.597748 2.1
    endloop
endfacet
facet normal 0 0 1
    outer loop
        vertex 218.25085 48.706802 2.1
        vertex 217.87868 47.878677 2.1
        vertex 218.45299 48.597748 2.1
    endloop
endfacet
facet normal 0 0 1
    outer loop
        vertex 217.87868 47.878677 2.1
        vertex 218.71483 48.226963 2.1
        vertex 218.61264 48.43264 2.1
    endloop
endfacet
facet normal 0 0 1
    outer loop
        vertex 217.87868 47.878677 2.1
        vertex 218.47282 47.41781 2.1
        vertex 218.67717 47.677597 2.1
    endloop
endfacet
facet normal 0 0 -1
    outer loop
        vertex 218.53033 47.46967 5.4
        vertex 218.75 48 5.4
        vertex 218.69292 47.71299 5.4
    endloop
endfacet
facet normal -0 0 -1
    outer loop
        vertex 218.287 47.30709 5.4
        vertex 218 47.25 5.4
        vertex 218.75 48 5.4
    endloop
endfacet
facet normal 0 0 -0.99999994
    outer loop
        vertex 218.287 47.30709 5.4
        vertex 218.75 48 5.4
        vertex 218.53033 47.46967 5.4
    endloop
endfacet
facet normal 0 0 -1
    outer loop
        vertex 218.75 48 5.4
        vertex 218 47.25 5.4
        vertex 217.71298 47.30709 5.4
    endloop
endfacet
facet normal 0 0 -0.99999994
    outer loop
        vertex 217.3071 47.71299 5.4
        vertex 217.25 48 5.4
        vertex 218.75 48 5.4
    endloop
endfacet
facet normal 0 0 -1
    outer loop
        vertex 218.75 48 5.4
        vertex 217.71298 47.30709 5.4
        vertex 217.46968 47.46967 5.4
    endloop
endfacet
facet normal 0 0 -0.99999994
    outer loop
        vertex 218.75 48 5.4
        vertex 217.25 48 5.4
        vertex 217.3071 48.28701 5.4
    endloop
endfacet
facet normal 0 -0 -1
    outer loop
        vertex 217.71298 48.69291 5.4
        vertex 218.75 48 5.4
        vertex 217.46968 48.53033 5.4
    endloop
endfacet
facet normal 0 0 -1
    outer loop
        vertex 218.75 48 5.4
        vertex 217.3071 48.28701 5.4
        vertex 217.46968 48.53033 5.4
    endloop
endfacet
facet normal 0 0 -1
    outer loop
        vertex 217.71298 48.69291 5.4
        vertex 218 48.75 5.4
        vertex 218.75 48 5.4
    endloop
endfacet
facet normal 0 0 -1
    outer loop
        vertex 218.75 48 5.4
        vertex 218.287 48.69291 5.4
        vertex 218.53033 48.53033 5.4
    endloop
endfacet
facet normal 0 0 -1
    outer loop
        vertex 218 48.75 5.4
        vertex 218.287 48.69291 5.4
        vertex 218.75 48 5.4
    endloop
endfacet
facet normal 0 0 -1
    outer loop
        vertex 218.75 48 5.4
        vertex 218.53033 48.53033 5.4
        vertex 218.69292 48.28701 5.4
    endloop
endfacet
facet normal 0 0 -0.99999994
    outer loop
        vertex 217.3071 47.71299 5.4
        vertex 218.75 48 5.4
        vertex 217.46968 47.46967 5.4
    endloop
endfacet
facet normal 0.83146828 0.55557233 0
    outer loop
        vertex 217.3071 47.71299 5.4
        vertex 217.46968 47.46967 5.4
        vertex 217.3071 47.71299 2.5
    endloop
endfacet
facet normal 0.55559331 0.8314541 0
    outer loop
        vertex 217.46968 47.46967 5.4
        vertex 217.71298 47.30709 5.4
        vertex 217.46968 47.46967 2.5
    endloop
endfacet
facet normal 0.55559331 0.8314541 0
    outer loop
        vertex 217.71298 47.30709 5.4
        vertex 217.71298 47.30709 2.5
        vertex 217.46968 47.46967 2.5
    endloop
endfacet
facet normal 0.19508825 0.98078573 0
    outer loop
        vertex 218 47.25 5.4
        vertex 218 47.25 2.5
        vertex 217.71298 47.30709 2.5
    endloop
endfacet
facet normal -0.19509822 0.9807837 0
    outer loop
        vertex 218.287 47.30709 5.4
        vertex 218 47.25 2.5
        vertex 218 47.25 5.4
    endloop
endfacet
facet normal -0.55554515 0.83148634 0
    outer loop
        vertex 218.53033 47.46967 5.4
        vertex 218.287 47.30709 2.5
        vertex 218.287 47.30709 5.4
    endloop
endfacet
facet normal -0.55554515 0.83148634 0
    outer loop
        vertex 218.53033 47.46967 2.5
        vertex 218.287 47.30709 2.5
        vertex 218.53033 47.46967 5.4
    endloop
endfacet
facet normal 0.98077971 0.19511831 0
    outer loop
        vertex 217.3071 47.71299 5.4
        vertex 217.3071 47.71299 2.5
        vertex 217.25 48 5.4
    endloop
endfacet
facet normal -0.98078972 0.19506815 0
    outer loop
        vertex 218.75 48 2.5
        vertex 218.69292 47.71299 2.5
        vertex 218.75 48 5.4
    endloop
endfacet
facet normal -0.98078972 0.19506815 0
    outer loop
        vertex 218.69292 47.71299 2.5
        vertex 218.69292 47.71299 5.4
        vertex 218.75 48 5.4
    endloop
endfacet
facet normal -0.83146828 0.55557233 0
    outer loop
        vertex 218.53033 47.46967 2.5
        vertex 218.69292 47.71299 5.4
        vertex 218.69292 47.71299 2.5
    endloop
endfacet
facet normal -0.83146828 0.55557233 0
    outer loop
        vertex 218.53033 47.46967 5.4
        vertex 218.69292 47.71299 5.4
        vertex 218.53033 47.46967 2.5
    endloop
endfacet
facet normal -0.19509822 0.9807837 0
    outer loop
        vertex 218.287 47.30709 5.4
        vertex 218.287 47.30709 2.5
        vertex 218 47.25 2.5
    endloop
endfacet
facet normal 0.19508825 0.98078573 0
    outer loop
        vertex 217.71298 47.30709 5.4
        vertex 218 47.25 5.4
        vertex 217.71298 47.30709 2.5
    endloop
endfacet
facet normal 0.98077971 0.19511831 0
    outer loop
        vertex 217.3071 47.71299 2.5
        vertex 217.25 48 2.5
        vertex 217.25 48 5.4
    endloop
endfacet
facet normal 0.83146828 0.55557233 0
    outer loop
        vertex 217.46968 47.46967 5.4
        vertex 217.46968 47.46967 2.5
        vertex 217.3071 47.71299 2.5
    endloop
endfacet
facet normal -0.78598577 0.61824447 0
    outer loop
        vertex 218.67717 47.677597 2.2
        vertex 218.67717 47.677597 2.1
        vertex 218.47282 47.41781 2.1
    endloop
endfacet
facet normal -0.97542179 0.22034588 0
    outer loop
        vertex 218.75 48 2.15
        vertex 218.67717 47.677597 2.2
        vertex 218.75 48 2.2
    endloop
endfacet
facet normal -0.97542179 0.2203459 0
    outer loop
        vertex 218.75 48 2.1
        vertex 218.67717 47.677597 2.1
        vertex 218.75 48 2.15
    endloop
endfacet
facet normal -0.97542173 0.22034587 0
    outer loop
        vertex 218.67717 47.677597 2.1
        vertex 218.67717 47.677597 2.2
        vertex 218.75 48 2.15
    endloop
endfacet
facet normal -0.78598577 0.61824447 0
    outer loop
        vertex 218.47282 47.41781 2.1
        vertex 218.47282 47.41781 2.2
        vertex 218.67717 47.677597 2.2
    endloop
endfacet
facet normal 0.83146828 -0.55557233 0
    outer loop
        vertex 217.3071 48.28701 2.5
        vertex 217.46968 48.53033 2.5
        vertex 217.3071 48.28701 5.4
    endloop
endfacet
facet normal 0.55559331 -0.8314541 0
    outer loop
        vertex 217.46968 48.53033 2.5
        vertex 217.71298 48.69291 2.5
        vertex 217.46968 48.53033 5.4
    endloop
endfacet
facet normal 0.55559331 -0.8314541 0
    outer loop
        vertex 217.71298 48.69291 2.5
        vertex 217.71298 48.69291 5.4
        vertex 217.46968 48.53033 5.4
    endloop
endfacet
facet normal 0.19508825 -0.98078573 0
    outer loop
        vertex 218 48.75 2.5
        vertex 218 48.75 5.4
        vertex 217.71298 48.69291 5.4
    endloop
endfacet
facet normal -0.19509822 -0.9807837 0
    outer loop
        vertex 218.287 48.69291 2.5
        vertex 218 48.75 5.4
        vertex 218 48.75 2.5
    endloop
endfacet
facet normal -0.55554515 -0.83148634 0
    outer loop
        vertex 218.53033 48.53033 2.5
        vertex 218.287 48.69291 5.4
        vertex 218.287 48.69291 2.5
    endloop
endfacet
facet normal -0.55554515 -0.83148634 -0
    outer loop
        vertex 218.53033 48.53033 5.4
        vertex 218.287 48.69291 5.4
        vertex 218.53033 48.53033 2.5
    endloop
endfacet
facet normal 0.98077971 -0.19511831 0
    outer loop
        vertex 217.3071 48.28701 2.5
        vertex 217.3071 48.28701 5.4
        vertex 217.25 48 2.5
    endloop
endfacet
facet normal -0.98078972 -0.19506815 -0
    outer loop
        vertex 218.75 48 5.4
        vertex 218.69292 48.28701 5.4
        vertex 218.75 48 2.5
    endloop
endfacet
facet normal -0.98078972 -0.19506815 -0
    outer loop
        vertex 218.69292 48.28701 5.4
        vertex 218.69292 48.28701 2.5
        vertex 218.75 48 2.5
    endloop
endfacet
facet normal -0.83146828 -0.55557233 0
    outer loop
        vertex 218.53033 48.53033 5.4
        vertex 218.69292 48.28701 2.5
        vertex 218.69292 48.28701 5.4
    endloop
endfacet
facet normal -0.83146828 -0.55557233 0
    outer loop
        vertex 218.53033 48.53033 2.5
        vertex 218.69292 48.28701 2.5
        vertex 218.53033 48.53033 5.4
    endloop
endfacet
facet normal -0.19509822 -0.9807837 0
    outer loop
        vertex 218.287 48.69291 2.5
        vertex 218.287 48.69291 5.4
        vertex 218 48.75 5.4
    endloop
endfacet
facet normal 0.19508825 -0.98078573 0
    outer loop
        vertex 217.71298 48.69291 2.5
        vertex 218 48.75 2.5
        vertex 217.71298 48.69291 5.4
    endloop
endfacet
facet normal 0.98077971 -0.19511831 0
    outer loop
        vertex 217.3071 48.28701 5.4
        vertex 217.25 48 5.4
        vertex 217.25 48 2.5
    endloop
endfacet
facet normal 0.83146828 -0.55557233 0
    outer loop
        vertex 217.46968 48.53033 2.5
        vertex 217.46968 48.53033 5.4
        vertex 217.3071 48.28701 5.4
    endloop
endfacet
facet normal -0.89555705 -0.44494653 -0
    outer loop
        vertex 218.71483 48.226963 2.2
        vertex 218.61264 48.43264 2.2
        vertex 218.71483 48.226963 2.1
    endloop
endfacet
facet normal -0.71888262 -0.69513142 -0
    outer loop
        vertex 218.61264 48.43264 2.2
        vertex 218.45299 48.597748 2.2
        vertex 218.61264 48.43264 2.1
    endloop
endfacet
facet normal -0.4748207 -0.88008249 -0
    outer loop
        vertex 218.45299 48.597748 2.2
        vertex 218.25085 48.706802 2.2
        vertex 218.45299 48.597748 2.1
    endloop
endfacet
facet normal -0.18624575 -0.98250324 -0
    outer loop
        vertex 218.25085 48.706802 2.2
        vertex 218.0252 48.749577 2.2
        vertex 218.25085 48.706802 2.1
    endloop
endfacet
facet normal 0.11982243 -0.99279535 0
    outer loop
        vertex 218.0252 48.749577 2.2
        vertex 217.7972 48.722057 2.2
        vertex 218.0252 48.749577 2.1
    endloop
endfacet
facet normal 0.4146086 -0.90999979 0
    outer loop
        vertex 217.7972 48.722057 2.2
        vertex 217.58818 48.626827 2.2
        vertex 217.7972 48.722057 2.1
    endloop
endfacet
facet normal 0.4146086 -0.90999979 0
    outer loop
        vertex 217.58818 48.626827 2.1
        vertex 217.7972 48.722057 2.1
        vertex 217.58818 48.626827 2.2
    endloop
endfacet
facet normal 0.67056358 -0.74185205 0
    outer loop
        vertex 217.4178 48.47282 2.1
        vertex 217.58818 48.626827 2.1
        vertex 217.4178 48.47282 2.2
    endloop
endfacet
facet normal 0.67056358 -0.74185205 0
    outer loop
        vertex 217.58818 48.626827 2.1
        vertex 217.58818 48.626827 2.2
        vertex 217.4178 48.47282 2.2
    endloop
endfacet
facet normal 0.11982243 -0.99279535 0
    outer loop
        vertex 217.7972 48.722057 2.1
        vertex 218.0252 48.749577 2.1
        vertex 217.7972 48.722057 2.2
    endloop
endfacet
facet normal -0.18624575 -0.98250324 0
    outer loop
        vertex 218.0252 48.749577 2.1
        vertex 218.25085 48.706802 2.1
        vertex 218.0252 48.749577 2.2
    endloop
endfacet
facet normal -0.98820484 -0.15313795 0
    outer loop
        vertex 218.71483 48.226963 2.1
        vertex 218.75 48 2.1
        vertex 218.75 48 2.15
    endloop
endfacet
facet normal -0.98820484 -0.15313795 0
    outer loop
        vertex 218.71483 48.226963 2.1
        vertex 218.75 48 2.15
        vertex 218.71483 48.226963 2.2
    endloop
endfacet
facet normal -0.98820472 -0.15313794 0
    outer loop
        vertex 218.75 48 2.15
        vertex 218.75 48 2.2
        vertex 218.71483 48.226963 2.2
    endloop
endfacet
facet normal -0.4748207 -0.88008249 -0
    outer loop
        vertex 218.25085 48.706802 2.2
        vertex 218.25085 48.706802 2.1
        vertex 218.45299 48.597748 2.1
    endloop
endfacet
facet normal -0.89555705 -0.44494653 0
    outer loop
        vertex 218.61264 48.43264 2.1
        vertex 218.71483 48.226963 2.1
        vertex 218.61264 48.43264 2.2
    endloop
endfacet
facet normal -0.71888262 -0.69513142 0
    outer loop
        vertex 218.45299 48.597748 2.1
        vertex 218.61264 48.43264 2.1
        vertex 218.45299 48.597748 2.2
    endloop
endfacet
facet normal 1 0 0
    outer loop
        vertex 220 54 7
        vertex 220 -0 7
        vertex 220 52.5 5
    endloop
endfacet
facet normal 1 0 0
    outer loop
        vertex 220 54 7
        vertex 220 52.5 5
        vertex 220 54 4.6
    endloop
endfacet
facet normal 1 0 0
    outer loop
        vertex 220 -0 7
        vertex 220 -0 4.6
        vertex 220 1.5 5
    endloop
endfacet
facet normal 1 0 -0
    outer loop
        vertex 220 46.125 5
        vertex 220 52.5 5
        vertex 220 -0 7
    endloop
endfacet
facet normal 1 0 0
    outer loop
        vertex 220 1.5 5
        vertex 220 -0 4.6
        vertex 220 1.5 4.6
    endloop
endfacet
facet normal 1 0 0
    outer loop
        vertex 220 54 4.6
        vertex 220 52.5 5
        vertex 220 52.5 4.6
    endloop
endfacet
facet normal 1 0 -0
    outer loop
        vertex 220 14.25 5
        vertex 220 27 5
        vertex 220 -0 7
    endloop
endfacet
facet normal 1 0 -0
    outer loop
        vertex 220 7.875 5
        vertex 220 14.25 5
        vertex 220 -0 7
    endloop
endfacet
facet normal 1 0 -0
    outer loop
        vertex 220 1.5 5
        vertex 220 7.875 5
        vertex 220 -0 7
    endloop
endfacet
facet normal 1 0 -0
    outer loop
        vertex 220 27 5
        vertex 220 39.75 5
        vertex 220 -0 7
    endloop
endfacet
facet normal 1 0 -0
    outer loop
        vertex 220 39.75 5
        vertex 220 46.125 5
        vertex 220 -0 7
    endloop
endfacet
facet normal -0 0 1
    outer loop
        vertex 222.5 3 4.6
        vertex 223.94235 2.4147289 4.6
        vertex 224 3 4.6
    endloop
endfacet
facet normal 0 0 1
    outer loop
        vertex 222.38582 2.4259748 4.6
        vertex 223.77164 1.8519497 4.6
        vertex 223.94235 2.4147289 4.6
    endloop
endfacet
facet normal 0 0 1
    outer loop
        vertex 222.38582 2.4259748 4.6
        vertex 223.49442 1.3332893 4.6
        vertex 223.77164 1.8519497 4.6
    endloop
endfacet
facet normal 0 0 1
    outer loop
        vertex 222.38582 2.4259748 4.6
        vertex 222.06067 1.9393398 4.6
        vertex 223.49442 1.3332893 4.6
    endloop
endfacet
facet normal -0 0 1
    outer loop
        vertex 221.57402 1.6141807 4.6
        vertex 222.66672 0.50559115 4.6
        vertex 222.06067 1.9393398 4.6
    endloop
endfacet
facet normal 0 0 1
    outer loop
        vertex 223.49442 1.3332893 4.6
        vertex 222.06067 1.9393398 4.6
        vertex 223.12132 0.8786797 4.6
    endloop
endfacet
facet normal 0 0 1
    outer loop
        vertex 221.57402 1.6141807 4.6
        vertex 222.14804 0.2283614 4.6
        vertex 222.66672 0.50559115 4.6
    endloop
endfacet
facet normal 0 0 1
    outer loop
        vertex 221.57402 1.6141807 4.6
        vertex 221.58527 0.05764416 4.6
        vertex 222.14804 0.2283614 4.6
    endloop
endfacet
facet normal 0 0 1
    outer loop
        vertex 221.58527 0.05764416 4.6
        vertex 221.57402 1.6141807 4.6
        vertex 221 1.5 4.6
    endloop
endfacet
facet normal 0 -0 1
    outer loop
        vertex 221 -0 4.6
        vertex 221 1.5 4.6
        vertex 220 -0 4.6
    endloop
endfacet
facet normal 0 0 1
    outer loop
        vertex 221 -0 4.6
        vertex 221.58527 0.05764416 4.6
        vertex 221 1.5 4.6
    endloop
endfacet
facet normal 0 0 1
    outer loop
        vertex 223.12132 0.8786797 4.6
        vertex 222.06067 1.9393398 4.6
        vertex 222.66672 0.50559115 4.6
    endloop
endfacet
facet normal 0 0 1
    outer loop
        vertex 220 -0 4.6
        vertex 221 1.5 4.6
        vertex 220 1.5 4.6
    endloop
endfacet
facet normal 0 0 1
    outer loop
        vertex 222.5 3 4.6
        vertex 224 3 4.6
        vertex 222.5 27 4.6
    endloop
endfacet
facet normal 0 0 1
    outer loop
        vertex 222.5 51 4.6
        vertex 224 51 4.6
        vertex 223.94235 51.585274 4.6
    endloop
endfacet
facet normal -0 0 1
    outer loop
        vertex 222.5 51 4.6
        vertex 222.5 27 4.6
        vertex 224 51 4.6
    endloop
endfacet
facet normal 0 0 1
    outer loop
        vertex 223.49442 52.666714 4.6
        vertex 222.06067 52.06066 4.6
        vertex 222.38582 51.574024 4.6
    endloop
endfacet
facet normal 0 0 0.99999994
    outer loop
        vertex 223.12132 53.121323 4.6
        vertex 222.66672 53.494408 4.6
        vertex 222.06067 52.06066 4.6
    endloop
endfacet
facet normal 0 0 1
    outer loop
        vertex 223.94235 51.585274 4.6
        vertex 223.77164 52.148052 4.6
        vertex 222.38582 51.574024 4.6
    endloop
endfacet
facet normal -0 0 1
    outer loop
        vertex 220 54 4.6
        vertex 220 52.5 4.6
        vertex 221 54 4.6
    endloop
endfacet
facet normal 0 0 1
    outer loop
        vertex 221 54 4.6
        vertex 220 52.5 4.6
        vertex 221 52.5 4.6
    endloop
endfacet
facet normal 0 0 1
    outer loop
        vertex 221 54 4.6
        vertex 221 52.5 4.6
        vertex 221.58527 53.942356 4.6
    endloop
endfacet
facet normal 0 0 1
    outer loop
        vertex 221.58527 53.942356 4.6
        vertex 221 52.5 4.6
        vertex 221.57402 52.38582 4.6
    endloop
endfacet
facet normal 0 0 0.99999994
    outer loop
        vertex 222.14804 53.771637 4.6
        vertex 221.58527 53.942356 4.6
        vertex 221.57402 52.38582 4.6
    endloop
endfacet
facet normal 0 0 0.99999994
    outer loop
        vertex 222.66672 53.494408 4.6
        vertex 222.14804 53.771637 4.6
        vertex 221.57402 52.38582 4.6
    endloop
endfacet
facet normal 0 -0 1
    outer loop
        vertex 222.06067 52.06066 4.6
        vertex 222.66672 53.494408 4.6
        vertex 221.57402 52.38582 4.6
    endloop
endfacet
facet normal 0 0 1
    outer loop
        vertex 224 51 4.6
        vertex 222.5 27 4.6
        vertex 224 27 4.6
    endloop
endfacet
facet normal 0 0 1
    outer loop
        vertex 223.49442 52.666714 4.6
        vertex 222.38582 51.574024 4.6
        vertex 223.77164 52.148052 4.6
    endloop
endfacet
facet normal -0 0 1
    outer loop
        vertex 222.38582 51.574024 4.6
        vertex 222.5 51 4.6
        vertex 223.94235 51.585274 4.6
    endloop
endfacet
facet normal -0 0 1
    outer loop
        vertex 222.5 27 4.6
        vertex 224 3 4.6
        vertex 224 27 4.6
    endloop
endfacet
facet normal 0 0 1
    outer loop
        vertex 223.12132 53.121323 4.6
        vertex 222.06067 52.06066 4.6
        vertex 223.49442 52.666714 4.6
    endloop
endfacet
facet normal 0 0 1
    outer loop
        vertex 222.5 3 4.6
        vertex 222.38582 2.4259748 4.6
        vertex 223.94235 2.4147289 4.6
    endloop
endfacet
facet normal 0 0 -1
    outer loop
        vertex 223.77164 1.8519497 7
        vertex 224 3 7
        vertex 223.94235 2.4147289 7
    endloop
endfacet
facet normal 0 0 -1
    outer loop
        vertex 223.49442 1.3332893 7
        vertex 224 3 7
        vertex 223.77164 1.8519497 7
    endloop
endfacet
facet normal 0 0 -1
    outer loop
        vertex 223.12132 0.8786797 7
        vertex 224 3 7
        vertex 223.49442 1.3332893 7
    endloop
endfacet
facet normal 0 0 -1
    outer loop
        vertex 222.66672 0.50559115 7
        vertex 224 3 7
        vertex 223.12132 0.8786797 7
    endloop
endfacet
facet normal -0 0 -1
    outer loop
        vertex 222.14804 0.2283614 7
        vertex 221.58527 0.05764416 7
        vertex 224 3 7
    endloop
endfacet
facet normal 0 0 -1
    outer loop
        vertex 222.14804 0.2283614 7
        vertex 224 3 7
        vertex 222.66672 0.50559115 7
    endloop
endfacet
facet normal -0 0 -1
    outer loop
        vertex 221.58527 0.05764416 7
        vertex 221 -0 7
        vertex 224 3 7
    endloop
endfacet
facet normal 0 0 -1
    outer loop
        vertex 221 -0 7
        vertex 220 -0 7
        vertex 224 3 7
    endloop
endfacet
facet normal 0 0 -1
    outer loop
        vertex 220 54 7
        vertex 221 54 7
        vertex 224 51 7
    endloop
endfacet
facet normal 0 0 -0.99999994
    outer loop
        vertex 221 54 7
        vertex 221.58527 53.942356 7
        vertex 224 51 7
    endloop
endfacet
facet normal 0 0 -1
    outer loop
        vertex 224 51 7
        vertex 221.58527 53.942356 7
        vertex 222.14804 53.771637 7
    endloop
endfacet
facet normal 0 0 -0.99999994
    outer loop
        vertex 224 51 7
        vertex 222.14804 53.771637 7
        vertex 222.66672 53.494408 7
    endloop
endfacet
facet normal 0 0 -1
    outer loop
        vertex 224 51 7
        vertex 222.66672 53.494408 7
        vertex 223.12132 53.121323 7
    endloop
endfacet
facet normal 0 0 -1
    outer loop
        vertex 224 51 7
        vertex 223.12132 53.121323 7
        vertex 223.49442 52.666714 7
    endloop
endfacet
facet normal 0 0 -1
    outer loop
        vertex 224 51 7
        vertex 223.49442 52.666714 7
        vertex 223.77164 52.148052 7
    endloop
endfacet
facet normal -0 -0 -1
    outer loop
        vertex 224 51 7
        vertex 224 3 7
        vertex 220 54 7
    endloop
endfacet
facet normal -0 -0 -1
    outer loop
        vertex 223.94235 51.585274 7
        vertex 224 51 7
        vertex 223.77164 52.148052 7
    endloop
endfacet
facet normal 0 0 -1
    outer loop
        vertex 220 54 7
        vertex 224 3 7
        vertex 220 -0 7
    endloop
endfacet
facet normal 0.99518412 -0.09802309 0
    outer loop
        vertex 223.94235 2.4147289 7
        vertex 224 3 7
        vertex 223.94235 2.4147289 8
    endloop
endfacet
facet normal 0.95694119 -0.29028177 0
    outer loop
        vertex 223.77164 1.8519497 7
        vertex 223.94235 2.4147289 7
        vertex 223.94235 2.4147289 8
    endloop
endfacet
facet normal 0.88192695 -0.47138602 0
    outer loop
        vertex 223.49442 1.3332893 7
        vertex 223.77164 1.8519497 7
        vertex 223.77164 1.8519497 8
    endloop
endfacet
facet normal 0.77300692 -0.63439751 0
    outer loop
        vertex 223.12132 0.8786797 8
        vertex 223.12132 0.8786797 7
        vertex 223.49442 1.3332893 8
    endloop
endfacet
facet normal 0.63439715 -0.77300733 0
    outer loop
        vertex 222.66672 0.50559115 8
        vertex 222.66672 0.50559115 7
        vertex 223.12132 0.8786797 8
    endloop
endfacet
facet normal 0.29028687 -0.95693964 0
    outer loop
        vertex 221.58527 0.05764416 7
        vertex 222.14804 0.2283614 8
        vertex 221.58527 0.05764416 8
    endloop
endfacet
facet normal 0.47138518 -0.88192749 0
    outer loop
        vertex 222.14804 0.2283614 8
        vertex 222.14804 0.2283614 7
        vertex 222.66672 0.50559115 8
    endloop
endfacet
facet normal 0.09801795 -0.99518466 0
    outer loop
        vertex 221 -0 8
        vertex 221 -0 7
        vertex 221.58527 0.05764416 8
    endloop
endfacet
facet normal 0.09801795 -0.99518466 0
    outer loop
        vertex 221.58527 0.05764416 8
        vertex 221 -0 7
        vertex 221.58527 0.05764416 7
    endloop
endfacet
facet normal 0.29028687 -0.95693964 0
    outer loop
        vertex 222.14804 0.2283614 8
        vertex 221.58527 0.05764416 7
        vertex 222.14804 0.2283614 7
    endloop
endfacet
facet normal 0.47138518 -0.88192749 0
    outer loop
        vertex 222.66672 0.50559115 8
        vertex 222.14804 0.2283614 7
        vertex 222.66672 0.50559115 7
    endloop
endfacet
facet normal 0.63439715 -0.77300733 0
    outer loop
        vertex 223.12132 0.8786797 8
        vertex 222.66672 0.50559115 7
        vertex 223.12132 0.8786797 7
    endloop
endfacet
facet normal 0.77300692 -0.63439751 0
    outer loop
        vertex 223.49442 1.3332893 8
        vertex 223.12132 0.8786797 7
        vertex 223.49442 1.3332893 7
    endloop
endfacet
facet normal 0.88192695 -0.47138602 0
    outer loop
        vertex 223.77164 1.8519497 8
        vertex 223.49442 1.3332893 8
        vertex 223.49442 1.3332893 7
    endloop
endfacet
facet normal 0.95694119 -0.29028177 0
    outer loop
        vertex 223.94235 2.4147289 8
        vertex 223.77164 1.8519497 8
        vertex 223.77164 1.8519497 7
    endloop
endfacet
facet normal 0.99518412 -0.09802309 0
    outer loop
        vertex 224 3 7
        vertex 224 3 8
        vertex 223.94235 2.4147289 8
    endloop
endfacet
facet normal 0 0 -1
    outer loop
        vertex 219.06065 46.93934 5
        vertex 219.38582 47.425976 5
        vertex 220 46.125 5
    endloop
endfacet
facet normal 0 0 -1
    outer loop
        vertex 220 7.875 5
        vertex 219.5 6 5
        vertex 219.38582 6.574025 5
    endloop
endfacet
facet normal 0 -0 -1
    outer loop
        vertex 220 14.25 5
        vertex 220 7.875 5
        vertex 218 7.5 5
    endloop
endfacet
facet normal 0 -0 -1
    outer loop
        vertex 219.06065 46.93934 5
        vertex 220 46.125 5
        vertex 218.57404 46.61418 5
    endloop
endfacet
facet normal 0 0 -0.99999994
    outer loop
        vertex 220 7.875 5
        vertex 219.38582 6.574025 5
        vertex 219.06065 7.06066 5
    endloop
endfacet
facet normal 0 0 -1
    outer loop
        vertex 207.67644 33.52452 5
        vertex 187.33846 35.720013 5
        vertex 216.5 48 5
    endloop
endfacet
facet normal 0 0 -1
    outer loop
        vertex 207.67644 33.52452 5
        vertex 216.5 48 5
        vertex 211.57356 35.77452 5
    endloop
endfacet
facet normal 0 0 -1
    outer loop
        vertex 207.45642 33.331573 5
        vertex 187.53142 35.5 5
        vertex 207.67644 33.52452 5
    endloop
endfacet
facet normal 0 0 -1
    outer loop
        vertex 187.53142 35.5 5
        vertex 187.33846 35.720013 5
        vertex 207.67644 33.52452 5
    endloop
endfacet
facet normal 0 0 -1
    outer loop
        vertex 187.62547 35.222897 5
        vertex 187.53142 35.5 5
        vertex 207.45642 33.331573 5
    endloop
endfacet
facet normal -0 0 -1
    outer loop
        vertex 207.45642 33.331573 5
        vertex 207.327 33.069115 5
        vertex 187.62547 35.222897 5
    endloop
endfacet
facet normal -0 0 -1
    outer loop
        vertex 207.327 33.069115 5
        vertex 207.30786 32.777103 5
        vertex 187.60634 34.930885 5
    endloop
endfacet
facet normal -0 -0 -1
    outer loop
        vertex 207.85733 32.150555 5
        vertex 216.61418 6.574025 5
        vertex 207.59488 32.279987 5
    endloop
endfacet
facet normal 0 0 -1
    outer loop
        vertex 216.61418 6.574025 5
        vertex 183.35979 32.22548 5
        vertex 207.59488 32.279987 5
    endloop
endfacet
facet normal -0 0 -1
    outer loop
        vertex 220 14.25 5
        vertex 216.93935 7.06066 5
        vertex 207.85733 32.150555 5
    endloop
endfacet
facet normal -0 0 -1
    outer loop
        vertex 216.93935 7.06066 5
        vertex 216.61418 6.574025 5
        vertex 207.85733 32.150555 5
    endloop
endfacet
facet normal 0 0 -1
    outer loop
        vertex 220 14.25 5
        vertex 207.85733 32.150555 5
        vertex 208.14932 32.131416 5
    endloop
endfacet
facet normal -0 0 -1
    outer loop
        vertex 218 7.5 5
        vertex 217.42598 7.3858194 5
        vertex 220 14.25 5
    endloop
endfacet
facet normal 0 0 -1
    outer loop
        vertex 207.30786 32.777103 5
        vertex 187.4769 34.668427 5
        vertex 187.60634 34.930885 5
    endloop
endfacet
facet normal 0 -0 -1
    outer loop
        vertex 212.69214 35.222897 5
        vertex 220 39.75 5
        vertex 212.673 34.930885 5
    endloop
endfacet
facet normal 0 -0 -1
    outer loop
        vertex 220 39.75 5
        vertex 220 27 5
        vertex 212.673 34.930885 5
    endloop
endfacet
facet normal 0 0 -1
    outer loop
        vertex 212.59808 35.5 5
        vertex 220 39.75 5
        vertex 212.69214 35.222897 5
    endloop
endfacet
facet normal -0 -0 -1
    outer loop
        vertex 218 46.5 5
        vertex 220 39.75 5
        vertex 217.42598 46.61418 5
    endloop
endfacet
facet normal 0 0 -1
    outer loop
        vertex 212.59808 35.5 5
        vertex 212.40514 35.720013 5
        vertex 220 39.75 5
    endloop
endfacet
facet normal 0 0 -1
    outer loop
        vertex 220 7.875 5
        vertex 218.57404 7.3858194 5
        vertex 218 7.5 5
    endloop
endfacet
facet normal 0 0 -1
    outer loop
        vertex 187.25688 34.47548 5
        vertex 207.40192 32.5 5
        vertex 207.59488 32.279987 5
    endloop
endfacet
facet normal 0 -0 -1
    outer loop
        vertex 216.61418 47.425976 5
        vertex 216.93935 46.93934 5
        vertex 211.85068 35.868584 5
    endloop
endfacet
facet normal 0 0 -0.99999994
    outer loop
        vertex 182.60979 33.52452 5
        vertex 170.96194 43.80866 5
        vertex 171 44 5
    endloop
endfacet
facet normal 0 0 -1
    outer loop
        vertex 182.60979 33.52452 5
        vertex 171 44 5
        vertex 186.5069 35.77452 5
    endloop
endfacet
facet normal 0 0 -1
    outer loop
        vertex 170.4641 42 5
        vertex 170.52682 42.18474 5
        vertex 182.60979 33.52452 5
    endloop
endfacet
facet normal -0 0 -1
    outer loop
        vertex 182.60979 33.52452 5
        vertex 182.38977 33.331573 5
        vertex 170.4641 42 5
    endloop
endfacet
facet normal 0 0 -1
    outer loop
        vertex 182.38977 33.331573 5
        vertex 170.33546 41.853325 5
        vertex 170.4641 42 5
    endloop
endfacet
facet normal 0 0 -1
    outer loop
        vertex 162.19022 34.47548 5
        vertex 162.41023 34.668427 5
        vertex 182.33525 32.5 5
    endloop
endfacet
facet normal 0 0 -0.99999994
    outer loop
        vertex 162.41023 34.668427 5
        vertex 182.2412 32.777103 5
        vertex 182.33525 32.5 5
    endloop
endfacet
facet normal -0 0 -1
    outer loop
        vertex 182.79066 32.150555 5
        vertex 158.016 32.131416 5
        vertex 158.2931 32.22548 5
    endloop
endfacet
facet normal 0 0 -1
    outer loop
        vertex 182.79066 32.150555 5
        vertex 158.2931 32.22548 5
        vertex 182.52821 32.279987 5
    endloop
endfacet
facet normal 0 0 -1
    outer loop
        vertex 183.08267 32.131416 5
        vertex 216.5 6 5
        vertex 216.61418 5.425975 5
    endloop
endfacet
facet normal -0 -0 -1
    outer loop
        vertex 183.08267 32.131416 5
        vertex 216.61418 5.425975 5
        vertex 182.79066 32.150555 5
    endloop
endfacet
facet normal 0 -0 -1
    outer loop
        vertex 183.35979 32.22548 5
        vertex 216.5 6 5
        vertex 183.08267 32.131416 5
    endloop
endfacet
facet normal 0 0 -1
    outer loop
        vertex 216.61418 5.425975 5
        vertex 158.016 32.131416 5
        vertex 182.79066 32.150555 5
    endloop
endfacet
facet normal -0 0 -1
    outer loop
        vertex 216.61418 6.574025 5
        vertex 216.5 6 5
        vertex 183.35979 32.22548 5
    endloop
endfacet
facet normal -0 0 -0.99999994
    outer loop
        vertex 217.42598 7.3858194 5
        vertex 216.93935 7.06066 5
        vertex 220 14.25 5
    endloop
endfacet
facet normal 0 0 -0.99999994
    outer loop
        vertex 182.26033 33.069115 5
        vertex 169.14667 40.66453 5
        vertex 170.33546 41.853325 5
    endloop
endfacet
facet normal -0 -0 -1
    outer loop
        vertex 207.30786 32.777103 5
        vertex 207.40192 32.5 5
        vertex 187.4769 34.668427 5
    endloop
endfacet
facet normal 0 0 -1
    outer loop
        vertex 211.57356 35.77452 5
        vertex 216.5 48 5
        vertex 216.61418 47.425976 5
    endloop
endfacet
facet normal 0 0 -1
    outer loop
        vertex 183.35979 32.22548 5
        vertex 187.25688 34.47548 5
        vertex 207.59488 32.279987 5
    endloop
endfacet
facet normal 0 0 -1
    outer loop
        vertex 187.33846 35.720013 5
        vertex 187.076 35.849445 5
        vertex 216.61418 48.574028 5
    endloop
endfacet
facet normal 0 0 -1
    outer loop
        vertex 207.40192 32.5 5
        vertex 187.25688 34.47548 5
        vertex 187.4769 34.668427 5
    endloop
endfacet
facet normal 0 0 -1
    outer loop
        vertex 157.5431 33.52452 5
        vertex 156.61731 49.076122 5
        vertex 157 49 5
    endloop
endfacet
facet normal 0 0 -1
    outer loop
        vertex 157.5431 33.52452 5
        vertex 163.03806 43.80866 5
        vertex 161.44022 35.77452 5
    endloop
endfacet
facet normal 0 0 -1
    outer loop
        vertex 156.29291 49.292892 5
        vertex 157.5431 33.52452 5
        vertex 157.32309 33.331573 5
    endloop
endfacet
facet normal 0 0 -0.99999994
    outer loop
        vertex 137.473 34.930885 5
        vertex 137.49216 35.222897 5
        vertex 157.19366 33.069115 5
    endloop
endfacet
facet normal 0 0 -1
    outer loop
        vertex 137.49216 35.222897 5
        vertex 157.32309 33.331573 5
        vertex 157.19366 33.069115 5
    endloop
endfacet
facet normal 0 0 -1
    outer loop
        vertex 137.473 34.930885 5
        vertex 157.19366 33.069115 5
        vertex 157.17453 32.777103 5
    endloop
endfacet
facet normal -0 0 -1
    outer loop
        vertex 157.724 32.150555 5
        vertex 111.5 1.5 5
        vertex 133.22644 32.22548 5
    endloop
endfacet
facet normal 0 0 -0.99999994
    outer loop
        vertex 157.724 32.150555 5
        vertex 133.22644 32.22548 5
        vertex 157.46153 32.279987 5
    endloop
endfacet
facet normal -0 0 -1
    outer loop
        vertex 158.016 32.131416 5
        vertex 111.5 1.5 5
        vertex 157.724 32.150555 5
    endloop
endfacet
facet normal -0 0 -1
    outer loop
        vertex 216.93935 4.93934 5
        vertex 111.5 1.5 5
        vertex 158.016 32.131416 5
    endloop
endfacet
facet normal 0 -0 -1
    outer loop
        vertex 208.42645 32.22548 5
        vertex 220 27 5
        vertex 208.14932 32.131416 5
    endloop
endfacet
facet normal 0 0 -1
    outer loop
        vertex 220 27 5
        vertex 208.42645 32.22548 5
        vertex 212.32356 34.47548 5
    endloop
endfacet
facet normal 0 0 -1
    outer loop
        vertex 220 7.875 5
        vertex 219.06065 7.06066 5
        vertex 218.57404 7.3858194 5
    endloop
endfacet
facet normal -0 0 -1
    outer loop
        vertex 182.52821 32.279987 5
        vertex 158.2931 32.22548 5
        vertex 162.19022 34.47548 5
    endloop
endfacet
facet normal 0 0 -1
    outer loop
        vertex 162.53966 34.930885 5
        vertex 162.5588 35.222897 5
        vertex 167 40 5
    endloop
endfacet
facet normal 0 0 -1
    outer loop
        vertex 162.53966 34.930885 5
        vertex 167 40 5
        vertex 167.19135 40.03806 5
    endloop
endfacet
facet normal 0 0 -1
    outer loop
        vertex 162.5588 35.222897 5
        vertex 166.80867 40.03806 5
        vertex 167 40 5
    endloop
endfacet
facet normal 0 -0 -0.99999994
    outer loop
        vertex 156.29291 49.292892 5
        vertex 157.32309 33.331573 5
        vertex 137.39809 35.5 5
    endloop
endfacet
facet normal 0 0 -1
    outer loop
        vertex 182.52821 32.279987 5
        vertex 162.19022 34.47548 5
        vertex 182.33525 32.5 5
    endloop
endfacet
facet normal 0 0 -1
    outer loop
        vertex 132.47644 33.52452 5
        vertex 125.06249 52.5 5
        vertex 136.93935 48.93934 5
    endloop
endfacet
facet normal 0 0 -1
    outer loop
        vertex 132.47644 33.52452 5
        vertex 136.93935 48.93934 5
        vertex 136.37357 35.77452 5
    endloop
endfacet
facet normal 0 0 -1
    outer loop
        vertex 125.06249 52.5 5
        vertex 132.47644 33.52452 5
        vertex 132.25642 33.331573 5
    endloop
endfacet
facet normal 0 0 -1
    outer loop
        vertex 112.33141 35.5 5
        vertex 132.25642 33.331573 5
        vertex 112.425476 35.222897 5
    endloop
endfacet
facet normal 0 0 -1
    outer loop
        vertex 112.406334 34.930885 5
        vertex 132.127 33.069115 5
        vertex 132.10785 32.777103 5
    endloop
endfacet
facet normal 0 -0 -1
    outer loop
        vertex 112.425476 35.222897 5
        vertex 132.127 33.069115 5
        vertex 112.406334 34.930885 5
    endloop
endfacet
facet normal 0 -0 -1
    outer loop
        vertex 132.65732 32.150555 5
        vertex 132.94934 32.131416 5
        vertex 111.5 1.5 5
    endloop
endfacet
facet normal -0 0 -1
    outer loop
        vertex 132.65732 32.150555 5
        vertex 111.5 1.5 5
        vertex 132.39487 32.279987 5
    endloop
endfacet
facet normal 0 -0 -1
    outer loop
        vertex 132.94934 32.131416 5
        vertex 133.22644 32.22548 5
        vertex 111.5 1.5 5
    endloop
endfacet
facet normal 0 0 -1
    outer loop
        vertex 216.93935 4.93934 5
        vertex 158.016 32.131416 5
        vertex 216.61418 5.425975 5
    endloop
endfacet
facet normal 0 0 -1
    outer loop
        vertex 161.71733 35.868584 5
        vertex 164.85332 40.66453 5
        vertex 162.00932 35.849445 5
    endloop
endfacet
facet normal 0 -0 -1
    outer loop
        vertex 164.85332 40.66453 5
        vertex 165 40.5359 5
        vertex 162.00932 35.849445 5
    endloop
endfacet
facet normal 0 0 -1
    outer loop
        vertex 133.22644 32.22548 5
        vertex 137.12355 34.47548 5
        vertex 157.46153 32.279987 5
    endloop
endfacet
facet normal 0 -0 -1
    outer loop
        vertex 163.66454 41.853325 5
        vertex 164.85332 40.66453 5
        vertex 161.71733 35.868584 5
    endloop
endfacet
facet normal 0 0 -1
    outer loop
        vertex 157.46153 32.279987 5
        vertex 137.12355 34.47548 5
        vertex 157.26859 32.5 5
    endloop
endfacet
facet normal 0 0 -1
    outer loop
        vertex 161.71733 35.868584 5
        vertex 163.53589 42 5
        vertex 163.66454 41.853325 5
    endloop
endfacet
facet normal 0 0 -1
    outer loop
        vertex 139.06065 48.93934 5
        vertex 137.20514 35.720013 5
        vertex 138.57402 48.61418 5
    endloop
endfacet
facet normal 0 0 -1
    outer loop
        vertex 137.39809 35.5 5
        vertex 137.20514 35.720013 5
        vertex 139.06065 48.93934 5
    endloop
endfacet
facet normal 0 -0 -0.99999994
    outer loop
        vertex 137.473 34.930885 5
        vertex 157.17453 32.777103 5
        vertex 137.34357 34.668427 5
    endloop
endfacet
facet normal 0 0 -1
    outer loop
        vertex 161.44022 35.77452 5
        vertex 163.53589 42 5
        vertex 161.71733 35.868584 5
    endloop
endfacet
facet normal 0 0 -0.99999994
    outer loop
        vertex 107.40978 33.52452 5
        vertex 87.26474 35.5 5
        vertex 111.5 52.5 5
    endloop
endfacet
facet normal 0 0 -1
    outer loop
        vertex 107.40978 33.52452 5
        vertex 111.5 52.5 5
        vertex 111.30689 35.77452 5
    endloop
endfacet
facet normal 0 0 -1
    outer loop
        vertex 107.06033 33.069115 5
        vertex 87.3588 35.222897 5
        vertex 107.189766 33.331573 5
    endloop
endfacet
facet normal 0 0 -1
    outer loop
        vertex 87.3588 35.222897 5
        vertex 87.26474 35.5 5
        vertex 107.189766 33.331573 5
    endloop
endfacet
facet normal 0 0 -0.99999994
    outer loop
        vertex 87.33966 34.930885 5
        vertex 87.3588 35.222897 5
        vertex 107.06033 33.069115 5
    endloop
endfacet
facet normal -0 0 -1
    outer loop
        vertex 107.06033 33.069115 5
        vertex 107.0412 32.777103 5
        vertex 87.33966 34.930885 5
    endloop
endfacet
facet normal -0 -0 -1
    outer loop
        vertex 107.59067 32.150555 5
        vertex 111.5 1.5 5
        vertex 107.32821 32.279987 5
    endloop
endfacet
facet normal 0 0 -0.99999994
    outer loop
        vertex 111.5 1.5 5
        vertex 83.09311 32.22548 5
        vertex 107.32821 32.279987 5
    endloop
endfacet
facet normal 0 0 -1
    outer loop
        vertex 107.88267 32.131416 5
        vertex 108.15978 32.22548 5
        vertex 111.5 1.5 5
    endloop
endfacet
facet normal 0 0 -1
    outer loop
        vertex 108.15978 32.22548 5
        vertex 112.05689 34.47548 5
        vertex 111.5 1.5 5
    endloop
endfacet
facet normal 0 0 -1
    outer loop
        vertex 87.26474 35.5 5
        vertex 107.40978 33.52452 5
        vertex 107.189766 33.331573 5
    endloop
endfacet
facet normal 0 0 -1
    outer loop
        vertex 112.05689 34.47548 5
        vertex 112.2769 34.668427 5
        vertex 132.20192 32.5 5
    endloop
endfacet
facet normal -0 0 -1
    outer loop
        vertex 137.42598 48.61418 5
        vertex 136.37357 35.77452 5
        vertex 136.93935 48.93934 5
    endloop
endfacet
facet normal 0 0 -1
    outer loop
        vertex 132.25642 33.331573 5
        vertex 112.33141 35.5 5
        vertex 125.06249 52.5 5
    endloop
endfacet
facet normal 0 0 -0.99999994
    outer loop
        vertex 112.2769 34.668427 5
        vertex 112.406334 34.930885 5
        vertex 132.10785 32.777103 5
    endloop
endfacet
facet normal 0 0 -1
    outer loop
        vertex 112.2769 34.668427 5
        vertex 132.10785 32.777103 5
        vertex 132.20192 32.5 5
    endloop
endfacet
facet normal 0 0 -1
    outer loop
        vertex 112.05689 34.47548 5
        vertex 132.20192 32.5 5
        vertex 132.39487 32.279987 5
    endloop
endfacet
facet normal 0 0 -1
    outer loop
        vertex 86.99022 34.47548 5
        vertex 107.13526 32.5 5
        vertex 107.32821 32.279987 5
    endloop
endfacet
facet normal 0 0 -1
    outer loop
        vertex 107.0412 32.777103 5
        vertex 87.210236 34.668427 5
        vertex 87.33966 34.930885 5
    endloop
endfacet
facet normal 0 0 -1
    outer loop
        vertex 82.34311 33.52452 5
        vertex 70.8125 52.5 5
        vertex 84.375 52.5 5
    endloop
endfacet
facet normal 0 0 -1
    outer loop
        vertex 82.34311 33.52452 5
        vertex 84.375 52.5 5
        vertex 86.24022 35.77452 5
    endloop
endfacet
facet normal 0 0 -1
    outer loop
        vertex 81.99367 33.069115 5
        vertex 57.25 52.5 5
        vertex 70.8125 52.5 5
    endloop
endfacet
facet normal 0 0 -1
    outer loop
        vertex 81.99367 33.069115 5
        vertex 70.8125 52.5 5
        vertex 82.12309 33.331573 5
    endloop
endfacet
facet normal 0 0 -1
    outer loop
        vertex 70.8125 52.5 5
        vertex 82.34311 33.52452 5
        vertex 82.12309 33.331573 5
    endloop
endfacet
facet normal 0 0 -1
    outer loop
        vertex 82.068596 32.5 5
        vertex 57.25 52.5 5
        vertex 81.974525 32.777103 5
    endloop
endfacet
facet normal 0 0 -1
    outer loop
        vertex 82.26154 32.279987 5
        vertex 7.3858194 5.425975 5
        vertex 7.5 6 5
    endloop
endfacet
facet normal -0 0 -1
    outer loop
        vertex 82.26154 32.279987 5
        vertex 7.5 6 5
        vertex 82.068596 32.5 5
    endloop
endfacet
facet normal 0 0 -1
    outer loop
        vertex 7.3858194 5.425975 5
        vertex 82.26154 32.279987 5
        vertex 82.523994 32.150555 5
    endloop
endfacet
facet normal 0 0 -1
    outer loop
        vertex 107.59067 32.150555 5
        vertex 107.88267 32.131416 5
        vertex 111.5 1.5 5
    endloop
endfacet
facet normal 0 -0 -0.99999994
    outer loop
        vertex 83.09311 32.22548 5
        vertex 111.5 1.5 5
        vertex 82.816 32.131416 5
    endloop
endfacet
facet normal -0 0 -1
    outer loop
        vertex 132.39487 32.279987 5
        vertex 111.5 1.5 5
        vertex 112.05689 34.47548 5
    endloop
endfacet
facet normal -0 0 -1
    outer loop
        vertex 107.32821 32.279987 5
        vertex 83.09311 32.22548 5
        vertex 86.99022 34.47548 5
    endloop
endfacet
facet normal 0 0 -0.99999994
    outer loop
        vertex 57.25 52.5 5
        vertex 81.99367 33.069115 5
        vertex 81.974525 32.777103 5
    endloop
endfacet
facet normal 0 0 -1
    outer loop
        vertex 125.06249 52.5 5
        vertex 112.33141 35.5 5
        vertex 112.138466 35.720013 5
    endloop
endfacet
facet normal 0 0 -1
    outer loop
        vertex 87.26474 35.5 5
        vertex 87.07179 35.720013 5
        vertex 111.5 52.5 5
    endloop
endfacet
facet normal 0 0 -1
    outer loop
        vertex 87.210236 34.668427 5
        vertex 107.0412 32.777103 5
        vertex 107.13526 32.5 5
    endloop
endfacet
facet normal 0 0 -1
    outer loop
        vertex 87.07179 35.720013 5
        vertex 84.375 52.5 5
        vertex 111.5 52.5 5
    endloop
endfacet
facet normal 0 0 -1
    outer loop
        vertex 84.375 52.5 5
        vertex 87.07179 35.720013 5
        vertex 86.80933 35.849445 5
    endloop
endfacet
facet normal 0 -0 -1
    outer loop
        vertex 87.210236 34.668427 5
        vertex 107.13526 32.5 5
        vertex 86.99022 34.47548 5
    endloop
endfacet
facet normal 0 0 -1
    outer loop
        vertex 84.375 52.5 5
        vertex 86.80933 35.849445 5
        vertex 86.51733 35.868584 5
    endloop
endfacet
facet normal 0 0 -1
    outer loop
        vertex 137.42598 51.38582 5
        vertex 138.625 52.5 5
        vertex 138 51.5 5
    endloop
endfacet
facet normal -0 0 -1
    outer loop
        vertex 136.93935 51.06066 5
        vertex 136.61417 50.574028 5
        vertex 125.06249 52.5 5
    endloop
endfacet
facet normal 0 0 -0.99999994
    outer loop
        vertex 136.93935 51.06066 5
        vertex 125.06249 52.5 5
        vertex 138.625 52.5 5
    endloop
endfacet
facet normal -0 0 -1
    outer loop
        vertex 136.61417 50.574028 5
        vertex 136.5 50 5
        vertex 125.06249 52.5 5
    endloop
endfacet
facet normal -0 -0 -1
    outer loop
        vertex 136.5 50 5
        vertex 136.61417 49.425976 5
        vertex 125.06249 52.5 5
    endloop
endfacet
facet normal 0 0 -1
    outer loop
        vertex 136.93935 51.06066 5
        vertex 138.625 52.5 5
        vertex 137.42598 51.38582 5
    endloop
endfacet
facet normal 0 0 -1
    outer loop
        vertex 136.93935 48.93934 5
        vertex 125.06249 52.5 5
        vertex 136.61417 49.425976 5
    endloop
endfacet
facet normal 0 0 -1
    outer loop
        vertex 111.5 52.5 5
        vertex 125.06249 52.5 5
        vertex 112.138466 35.720013 5
    endloop
endfacet
facet normal 0 0 -1
    outer loop
        vertex 111.5 52.5 5
        vertex 112.138466 35.720013 5
        vertex 111.87601 35.849445 5
    endloop
endfacet
facet normal -0 0 -1
    outer loop
        vertex 136.65067 35.868584 5
        vertex 136.37357 35.77452 5
        vertex 137.42598 48.61418 5
    endloop
endfacet
facet normal 0 0 -0.99999994
    outer loop
        vertex 137.34357 34.668427 5
        vertex 157.17453 32.777103 5
        vertex 157.26859 32.5 5
    endloop
endfacet
facet normal 0 0 -1
    outer loop
        vertex 137.20514 35.720013 5
        vertex 136.94267 35.849445 5
        vertex 138.57402 48.61418 5
    endloop
endfacet
facet normal 0 0 -1
    outer loop
        vertex 112.425476 35.222897 5
        vertex 132.25642 33.331573 5
        vertex 132.127 33.069115 5
    endloop
endfacet
facet normal 0 0 -1
    outer loop
        vertex 136.94267 35.849445 5
        vertex 136.65067 35.868584 5
        vertex 138 48.5 5
    endloop
endfacet
facet normal 0 -0 -1
    outer loop
        vertex 139.38582 49.425976 5
        vertex 156.29291 49.292892 5
        vertex 139.06065 48.93934 5
    endloop
endfacet
facet normal 0 0 -0.99999994
    outer loop
        vertex 139.5 50 5
        vertex 156 50 5
        vertex 156.07611 49.617317 5
    endloop
endfacet
facet normal 0 0 -1
    outer loop
        vertex 111.5 52.5 5
        vertex 111.87601 35.849445 5
        vertex 111.58399 35.868584 5
    endloop
endfacet
facet normal 0 0 -1
    outer loop
        vertex 137.39809 35.5 5
        vertex 139.06065 48.93934 5
        vertex 156.29291 49.292892 5
    endloop
endfacet
facet normal -0 0 -1
    outer loop
        vertex 156.61731 50.92388 5
        vertex 156.29291 50.707104 5
        vertex 138.625 52.5 5
    endloop
endfacet
facet normal 0 0 -1
    outer loop
        vertex 156.61731 50.92388 5
        vertex 138.625 52.5 5
        vertex 157 51 5
    endloop
endfacet
facet normal -0 0 -1
    outer loop
        vertex 156.29291 50.707104 5
        vertex 156.07611 50.382687 5
        vertex 138.625 52.5 5
    endloop
endfacet
facet normal 0 0 -1
    outer loop
        vertex 139.38582 50.574028 5
        vertex 139.06065 51.06066 5
        vertex 138.625 52.5 5
    endloop
endfacet
facet normal 0 0 -1
    outer loop
        vertex 139.06065 51.06066 5
        vertex 138.57402 51.38582 5
        vertex 138.625 52.5 5
    endloop
endfacet
facet normal 0 0 -1
    outer loop
        vertex 138 51.5 5
        vertex 138.625 52.5 5
        vertex 138.57402 51.38582 5
    endloop
endfacet
facet normal 0 0 -1
    outer loop
        vertex 139.38582 50.574028 5
        vertex 138.625 52.5 5
        vertex 156.07611 50.382687 5
    endloop
endfacet
facet normal 0 0 -1
    outer loop
        vertex 157.5431 33.52452 5
        vertex 156.29291 49.292892 5
        vertex 156.61731 49.076122 5
    endloop
endfacet
facet normal -0 0 -0.99999994
    outer loop
        vertex 163.47319 42.18474 5
        vertex 161.44022 35.77452 5
        vertex 163.03806 43.80866 5
    endloop
endfacet
facet normal -0 0 -1
    outer loop
        vertex 163.03806 43.80866 5
        vertex 157.5431 33.52452 5
        vertex 157 49 5
    endloop
endfacet
facet normal 0 0 -1
    outer loop
        vertex 163.03806 43.80866 5
        vertex 157 49 5
        vertex 163 44 5
    endloop
endfacet
facet normal 0 0 -1
    outer loop
        vertex 139.38582 50.574028 5
        vertex 156.07611 50.382687 5
        vertex 139.5 50 5
    endloop
endfacet
facet normal -0 0 -1
    outer loop
        vertex 163.47319 45.81526 5
        vertex 163.03806 44.19134 5
        vertex 157.38268 49.076122 5
    endloop
endfacet
facet normal 0 0 -1
    outer loop
        vertex 157.7071 50.707104 5
        vertex 165.75 52.5 5
        vertex 157.92387 50.382687 5
    endloop
endfacet
facet normal 0 0 -1
    outer loop
        vertex 165.75 52.5 5
        vertex 158 50 5
        vertex 157.92387 50.382687 5
    endloop
endfacet
facet normal 0 0 -1
    outer loop
        vertex 157.38268 50.92388 5
        vertex 157 51 5
        vertex 165.75 52.5 5
    endloop
endfacet
facet normal 0 0 -1
    outer loop
        vertex 157.38268 50.92388 5
        vertex 165.75 52.5 5
        vertex 157.7071 50.707104 5
    endloop
endfacet
facet normal 0 0 -1
    outer loop
        vertex 164.85332 47.33547 5
        vertex 158 50 5
        vertex 165.75 52.5 5
    endloop
endfacet
facet normal 0 -0 -1
    outer loop
        vertex 157.38268 49.076122 5
        vertex 163 44 5
        vertex 157 49 5
    endloop
endfacet
facet normal -0 0 -1
    outer loop
        vertex 170.09636 42.74572 5
        vertex 169.90169 42.73296 5
        vertex 170.30867 43.53806 5
    endloop
endfacet
facet normal 0 0 -0.99999994
    outer loop
        vertex 170.09636 42.74572 5
        vertex 170.5 43.5 5
        vertex 170.2811 42.68301 5
    endloop
endfacet
facet normal 0 0 -1
    outer loop
        vertex 169.90169 42.73296 5
        vertex 170.14645 43.646446 5
        vertex 170.30867 43.53806 5
    endloop
endfacet
facet normal 0 -0 -1
    outer loop
        vertex 170 44 5
        vertex 170.03806 43.80866 5
        vertex 169.72672 42.646675 5
    endloop
endfacet
facet normal 0 0 -0.99999994
    outer loop
        vertex 169.53537 42.31526 5
        vertex 168.68474 41.46463 5
        vertex 168.5 41.40192 5
    endloop
endfacet
facet normal -0 0 -1
    outer loop
        vertex 169.53537 42.31526 5
        vertex 168.5 41.40192 5
        vertex 169.59807 42.5 5
    endloop
endfacet
facet normal 0 0 -1
    outer loop
        vertex 169.54813 42.12059 5
        vertex 168.87941 41.451874 5
        vertex 168.68474 41.46463 5
    endloop
endfacet
facet normal 0 0 -1
    outer loop
        vertex 168.5 41.40192 5
        vertex 170 44 5
        vertex 169.59807 42.5 5
    endloop
endfacet
facet normal -0 0 -1
    outer loop
        vertex 169.63441 41.94562 5
        vertex 168.87941 41.451874 5
        vertex 169.54813 42.12059 5
    endloop
endfacet
facet normal 0 -0 -0.99999994
    outer loop
        vertex 170.03806 43.80866 5
        vertex 170.14645 43.646446 5
        vertex 169.72672 42.646675 5
    endloop
endfacet
facet normal 0 0 -1
    outer loop
        vertex 169.05437 41.365585 5
        vertex 169.63441 41.94562 5
        vertex 169.78108 41.81699 5
    endloop
endfacet
facet normal 0 0 -1
    outer loop
        vertex 169.24573 41.034172 5
        vertex 169.18301 41.21891 5
        vertex 169.96582 41.75428 5
    endloop
endfacet
facet normal 0 0 -1
    outer loop
        vertex 168.81528 40.47319 5
        vertex 169 40.5359 5
        vertex 182.2412 32.777103 5
    endloop
endfacet
facet normal 0 -0 -1
    outer loop
        vertex 168.81528 40.47319 5
        vertex 182.2412 32.777103 5
        vertex 162.53966 34.930885 5
    endloop
endfacet
facet normal 0 0 -0.99999994
    outer loop
        vertex 216.61418 47.425976 5
        vertex 211.85068 35.868584 5
        vertex 211.57356 35.77452 5
    endloop
endfacet
facet normal 0 0 -1
    outer loop
        vertex 170.4641 46 5
        vertex 216.61418 48.574028 5
        vertex 187.076 35.849445 5
    endloop
endfacet
facet normal 0 0 -1
    outer loop
        vertex 169 40.5359 5
        vertex 169.14667 40.66453 5
        vertex 182.26033 33.069115 5
    endloop
endfacet
facet normal 0 0 -0.99999994
    outer loop
        vertex 169.05437 41.365585 5
        vertex 169.78108 41.81699 5
        vertex 169.18301 41.21891 5
    endloop
endfacet
facet normal 0 0 -0.99999994
    outer loop
        vertex 170.2811 42.68301 5
        vertex 170.5 43.5 5
        vertex 170.42776 42.55438 5
    endloop
endfacet
facet normal 0 -0 -1
    outer loop
        vertex 170.5 43.5 5
        vertex 170.69135 43.53806 5
        vertex 170.42776 42.55438 5
    endloop
endfacet
facet normal 0 0 -0.99999994
    outer loop
        vertex 168.35332 41.27329 5
        vertex 167.35356 40.853554 5
        vertex 167.19135 40.96194 5
    endloop
endfacet
facet normal -0 0 -1
    outer loop
        vertex 168.35332 41.27329 5
        vertex 167 41 5
        vertex 168.5 41.40192 5
    endloop
endfacet
facet normal 0 0 -1
    outer loop
        vertex 168.26704 41.09832 5
        vertex 167.46194 40.69134 5
        vertex 167.35356 40.853554 5
    endloop
endfacet
facet normal -0 0 -1
    outer loop
        vertex 168.25427 40.90365 5
        vertex 167.46194 40.69134 5
        vertex 168.26704 41.09832 5
    endloop
endfacet
facet normal 0 0 -1
    outer loop
        vertex 167.5 40.5 5
        vertex 168.25427 40.90365 5
        vertex 168.31699 40.71891 5
    endloop
endfacet
facet normal 0 0 -0.99999994
    outer loop
        vertex 167.46194 40.30866 5
        vertex 167.5 40.5 5
        vertex 168.44562 40.572235 5
    endloop
endfacet
facet normal -0 0 -1
    outer loop
        vertex 166.80867 40.03806 5
        vertex 162.46474 35.5 5
        vertex 165.18474 40.47319 5
    endloop
endfacet
facet normal 0 0 -1
    outer loop
        vertex 162.46474 35.5 5
        vertex 162.2718 35.720013 5
        vertex 165.18474 40.47319 5
    endloop
endfacet
facet normal 0 0 -1
    outer loop
        vertex 162.53966 34.930885 5
        vertex 167.19135 40.03806 5
        vertex 168.81528 40.47319 5
    endloop
endfacet
facet normal 0 -0 -1
    outer loop
        vertex 162.53966 34.930885 5
        vertex 182.2412 32.777103 5
        vertex 162.41023 34.668427 5
    endloop
endfacet
facet normal 0 0 -1
    outer loop
        vertex 169 40.5359 5
        vertex 182.26033 33.069115 5
        vertex 182.2412 32.777103 5
    endloop
endfacet
facet normal -0 0 -1
    outer loop
        vertex 168.81528 40.47319 5
        vertex 167.19135 40.03806 5
        vertex 168.62059 40.485947 5
    endloop
endfacet
facet normal 0 0 -1
    outer loop
        vertex 169.23297 40.8395 5
        vertex 169.24573 41.034172 5
        vertex 170.1605 41.76704 5
    endloop
endfacet
facet normal 0 0 -1
    outer loop
        vertex 169.23297 40.8395 5
        vertex 170.1605 41.76704 5
        vertex 170.33546 41.853325 5
    endloop
endfacet
facet normal 0 0 -1
    outer loop
        vertex 169.24573 41.034172 5
        vertex 169.96582 41.75428 5
        vertex 170.1605 41.76704 5
    endloop
endfacet
facet normal 0 0 -1
    outer loop
        vertex 167.5 40.5 5
        vertex 168.31699 40.71891 5
        vertex 168.44562 40.572235 5
    endloop
endfacet
facet normal 0 0 -1
    outer loop
        vertex 167.19135 40.03806 5
        vertex 167.35356 40.146446 5
        vertex 168.62059 40.485947 5
    endloop
endfacet
facet normal 0 0 -1
    outer loop
        vertex 167.35356 40.146446 5
        vertex 168.44562 40.572235 5
        vertex 168.62059 40.485947 5
    endloop
endfacet
facet normal -0 0 -1
    outer loop
        vertex 166.80867 40.96194 5
        vertex 166.64645 40.853554 5
        vertex 165.64667 41.27329 5
    endloop
endfacet
facet normal 0 0 -1
    outer loop
        vertex 166.80867 40.96194 5
        vertex 165.64667 41.27329 5
        vertex 167 41 5
    endloop
endfacet
facet normal -0 0 -1
    outer loop
        vertex 166.64645 40.853554 5
        vertex 166.53806 40.69134 5
        vertex 165.73297 41.09832 5
    endloop
endfacet
facet normal 0 0 -1
    outer loop
        vertex 166.53806 40.69134 5
        vertex 165.74573 40.90365 5
        vertex 165.73297 41.09832 5
    endloop
endfacet
facet normal 0 0 -1
    outer loop
        vertex 165.68301 40.71891 5
        vertex 165.74573 40.90365 5
        vertex 166.5 40.5 5
    endloop
endfacet
facet normal 0 0 -0.99999994
    outer loop
        vertex 165.55437 40.572235 5
        vertex 166.5 40.5 5
        vertex 166.53806 40.30866 5
    endloop
endfacet
facet normal 0 -0 -1
    outer loop
        vertex 163.47319 42.18474 5
        vertex 163.53589 42 5
        vertex 161.44022 35.77452 5
    endloop
endfacet
facet normal 0 0 -1
    outer loop
        vertex 137.12355 34.47548 5
        vertex 137.34357 34.668427 5
        vertex 157.26859 32.5 5
    endloop
endfacet
facet normal 0 0 -1
    outer loop
        vertex 162.2718 35.720013 5
        vertex 162.00932 35.849445 5
        vertex 165 40.5359 5
    endloop
endfacet
facet normal -0 0 -0.99999994
    outer loop
        vertex 182.38977 33.331573 5
        vertex 182.26033 33.069115 5
        vertex 170.33546 41.853325 5
    endloop
endfacet
facet normal 0 0 -1
    outer loop
        vertex 162.2718 35.720013 5
        vertex 165 40.5359 5
        vertex 165.18474 40.47319 5
    endloop
endfacet
facet normal 0 0 -1
    outer loop
        vertex 166.80867 40.03806 5
        vertex 162.5588 35.222897 5
        vertex 162.46474 35.5 5
    endloop
endfacet
facet normal 0 0 -1
    outer loop
        vertex 166.80867 40.03806 5
        vertex 165.18474 40.47319 5
        vertex 165.37941 40.485947 5
    endloop
endfacet
facet normal 0 0 -1
    outer loop
        vertex 170.14645 43.646446 5
        vertex 169.90169 42.73296 5
        vertex 169.72672 42.646675 5
    endloop
endfacet
facet normal 0 0 -1
    outer loop
        vertex 169.63441 41.94562 5
        vertex 169.05437 41.365585 5
        vertex 168.87941 41.451874 5
    endloop
endfacet
facet normal 0 0 -0.99999994
    outer loop
        vertex 167.5 40.5 5
        vertex 167.46194 40.69134 5
        vertex 168.25427 40.90365 5
    endloop
endfacet
facet normal 0 0 -1
    outer loop
        vertex 165.55437 40.572235 5
        vertex 165.68301 40.71891 5
        vertex 166.5 40.5 5
    endloop
endfacet
facet normal 0 0 -1
    outer loop
        vertex 166.80867 40.03806 5
        vertex 165.37941 40.485947 5
        vertex 166.64645 40.146446 5
    endloop
endfacet
facet normal -0 0 -1
    outer loop
        vertex 165.31528 41.46463 5
        vertex 165.12059 41.451874 5
        vertex 164.46463 42.31526 5
    endloop
endfacet
facet normal 0 0 -1
    outer loop
        vertex 165.31528 41.46463 5
        vertex 164.46463 42.31526 5
        vertex 165.5 41.40192 5
    endloop
endfacet
facet normal -0 0 -1
    outer loop
        vertex 165.12059 41.451874 5
        vertex 164.94562 41.365585 5
        vertex 164.45187 42.12059 5
    endloop
endfacet
facet normal 0 0 -1
    outer loop
        vertex 164.94562 41.365585 5
        vertex 164.36559 41.94562 5
        vertex 164.45187 42.12059 5
    endloop
endfacet
facet normal 0 0 -1
    outer loop
        vertex 164.2189 41.81699 5
        vertex 164.36559 41.94562 5
        vertex 164.81699 41.21891 5
    endloop
endfacet
facet normal 0 0 -1
    outer loop
        vertex 164.03418 41.75428 5
        vertex 164.2189 41.81699 5
        vertex 164.75427 41.034172 5
    endloop
endfacet
facet normal 0 -0 -1
    outer loop
        vertex 137.42598 48.61418 5
        vertex 138 48.5 5
        vertex 136.65067 35.868584 5
    endloop
endfacet
facet normal 0 0 -1
    outer loop
        vertex 138.57402 48.61418 5
        vertex 136.94267 35.849445 5
        vertex 138 48.5 5
    endloop
endfacet
facet normal 0 0 -1
    outer loop
        vertex 137.39809 35.5 5
        vertex 157.32309 33.331573 5
        vertex 137.49216 35.222897 5
    endloop
endfacet
facet normal -0 0 -1
    outer loop
        vertex 169.72672 42.646675 5
        vertex 169.59807 42.5 5
        vertex 170 44 5
    endloop
endfacet
facet normal 0 -0 -0.99999994
    outer loop
        vertex 169.23297 40.8395 5
        vertex 170.33546 41.853325 5
        vertex 169.14667 40.66453 5
    endloop
endfacet
facet normal -0 0 -1
    outer loop
        vertex 169.96582 41.75428 5
        vertex 169.18301 41.21891 5
        vertex 169.78108 41.81699 5
    endloop
endfacet
facet normal 0 0 -1
    outer loop
        vertex 168.35332 41.27329 5
        vertex 168.26704 41.09832 5
        vertex 167.35356 40.853554 5
    endloop
endfacet
facet normal 0 0 -1
    outer loop
        vertex 164.2189 41.81699 5
        vertex 164.81699 41.21891 5
        vertex 164.75427 41.034172 5
    endloop
endfacet
facet normal 0 0 -1
    outer loop
        vertex 166.64645 40.853554 5
        vertex 165.73297 41.09832 5
        vertex 165.64667 41.27329 5
    endloop
endfacet
facet normal 0 0 -0.99999994
    outer loop
        vertex 165.74573 40.90365 5
        vertex 166.53806 40.69134 5
        vertex 166.5 40.5 5
    endloop
endfacet
facet normal 0 0 -1
    outer loop
        vertex 164.27328 42.646675 5
        vertex 163.85356 43.646446 5
        vertex 163.96194 43.80866 5
    endloop
endfacet
facet normal 0 0 -1
    outer loop
        vertex 164.27328 42.646675 5
        vertex 164 44 5
        vertex 164.40192 42.5 5
    endloop
endfacet
facet normal 0 0 -1
    outer loop
        vertex 164.09833 42.73296 5
        vertex 163.69135 43.53806 5
        vertex 163.85356 43.646446 5
    endloop
endfacet
facet normal 0 0 -0.99999994
    outer loop
        vertex 163.90364 42.74572 5
        vertex 163.69135 43.53806 5
        vertex 164.09833 42.73296 5
    endloop
endfacet
facet normal 0 0 -0.99999994
    outer loop
        vertex 163.5 43.5 5
        vertex 163.90364 42.74572 5
        vertex 163.7189 42.68301 5
    endloop
endfacet
facet normal 0 0 -0.99999994
    outer loop
        vertex 163.30867 43.53806 5
        vertex 163.5 43.5 5
        vertex 163.57224 42.55438 5
    endloop
endfacet
facet normal -0 0 -1
    outer loop
        vertex 163.03806 44.19134 5
        vertex 163 44 5
        vertex 157.38268 49.076122 5
    endloop
endfacet
facet normal 0 0 -1
    outer loop
        vertex 157.38268 49.076122 5
        vertex 157.7071 49.292892 5
        vertex 163.47319 45.81526 5
    endloop
endfacet
facet normal 0 0 -1
    outer loop
        vertex 139.5 50 5
        vertex 156.07611 50.382687 5
        vertex 156 50 5
    endloop
endfacet
facet normal -0 -0 -0.99999994
    outer loop
        vertex 163.83951 41.76704 5
        vertex 164.85332 40.66453 5
        vertex 163.66454 41.853325 5
    endloop
endfacet
facet normal 0 0 -0.99999994
    outer loop
        vertex 170.85356 43.646446 5
        vertex 170.51405 42.37941 5
        vertex 170.42776 42.55438 5
    endloop
endfacet
facet normal 0 0 -1
    outer loop
        vertex 164.85332 40.66453 5
        vertex 163.83951 41.76704 5
        vertex 164.76704 40.8395 5
    endloop
endfacet
facet normal -0 0 -1
    outer loop
        vertex 169.54813 42.12059 5
        vertex 168.68474 41.46463 5
        vertex 169.53537 42.31526 5
    endloop
endfacet
facet normal 0 0 -1
    outer loop
        vertex 163.83951 41.76704 5
        vertex 164.03418 41.75428 5
        vertex 164.76704 40.8395 5
    endloop
endfacet
facet normal 0 0 -1
    outer loop
        vertex 164.03418 41.75428 5
        vertex 164.75427 41.034172 5
        vertex 164.76704 40.8395 5
    endloop
endfacet
facet normal 0 0 -0.99999994
    outer loop
        vertex 163.5 43.5 5
        vertex 163.7189 42.68301 5
        vertex 163.57224 42.55438 5
    endloop
endfacet
facet normal 0 0 -0.99999994
    outer loop
        vertex 167 41 5
        vertex 170 44 5
        vertex 168.5 41.40192 5
    endloop
endfacet
facet normal 0 0 -1
    outer loop
        vertex 163.14645 43.646446 5
        vertex 163.57224 42.55438 5
        vertex 163.48595 42.37941 5
    endloop
endfacet
facet normal 0 0 -1
    outer loop
        vertex 163.96194 44.19134 5
        vertex 163.85356 44.353554 5
        vertex 164.27328 45.353325 5
    endloop
endfacet
facet normal 0 0 -1
    outer loop
        vertex 163.96194 44.19134 5
        vertex 164.27328 45.353325 5
        vertex 164 44 5
    endloop
endfacet
facet normal 0 0 -1
    outer loop
        vertex 163.85356 44.353554 5
        vertex 163.69135 44.46194 5
        vertex 164.09833 45.267036 5
    endloop
endfacet
facet normal 0 0 -1
    outer loop
        vertex 163.69135 44.46194 5
        vertex 163.90364 45.25428 5
        vertex 164.09833 45.267036 5
    endloop
endfacet
facet normal 0 -0 -0.99999994
    outer loop
        vertex 163.7189 45.31699 5
        vertex 163.90364 45.25428 5
        vertex 163.5 44.5 5
    endloop
endfacet
facet normal 0 0 -0.99999994
    outer loop
        vertex 163.57224 45.44562 5
        vertex 163.5 44.5 5
        vertex 163.30867 44.46194 5
    endloop
endfacet
facet normal -0 0 -1
    outer loop
        vertex 163.66454 46.146675 5
        vertex 163.53589 46 5
        vertex 157.92387 49.617317 5
    endloop
endfacet
facet normal 0 0 -1
    outer loop
        vertex 163.66454 46.146675 5
        vertex 157.92387 49.617317 5
        vertex 158 50 5
    endloop
endfacet
facet normal -0 0 -0.99999994
    outer loop
        vertex 163.53589 46 5
        vertex 163.47319 45.81526 5
        vertex 157.7071 49.292892 5
    endloop
endfacet
facet normal 0 -0 -1
    outer loop
        vertex 139.5 50 5
        vertex 156.07611 49.617317 5
        vertex 139.38582 49.425976 5
    endloop
endfacet
facet normal 0 0 -1
    outer loop
        vertex 163.48595 42.37941 5
        vertex 163.03806 43.80866 5
        vertex 163.14645 43.646446 5
    endloop
endfacet
facet normal 0 0 -0.99999994
    outer loop
        vertex 163.47319 42.18474 5
        vertex 163.03806 43.80866 5
        vertex 163.48595 42.37941 5
    endloop
endfacet
facet normal -0 0 -1
    outer loop
        vertex 170 44 5
        vertex 167 41 5
        vertex 164 44 5
    endloop
endfacet
facet normal 0 -0 -1
    outer loop
        vertex 164.46463 42.31526 5
        vertex 165.12059 41.451874 5
        vertex 164.45187 42.12059 5
    endloop
endfacet
facet normal -0 -0 -1
    outer loop
        vertex 163.30867 43.53806 5
        vertex 163.57224 42.55438 5
        vertex 163.14645 43.646446 5
    endloop
endfacet
facet normal 0 0 -0.99999994
    outer loop
        vertex 164 44 5
        vertex 167 41 5
        vertex 165.5 41.40192 5
    endloop
endfacet
facet normal 0 0 -1
    outer loop
        vertex 164.46463 42.31526 5
        vertex 164.40192 42.5 5
        vertex 165.5 41.40192 5
    endloop
endfacet
facet normal 0 -0 -0.99999994
    outer loop
        vertex 163.57224 45.44562 5
        vertex 163.7189 45.31699 5
        vertex 163.5 44.5 5
    endloop
endfacet
facet normal 0 0 -1
    outer loop
        vertex 164.46463 45.684734 5
        vertex 164.45187 45.87941 5
        vertex 165.31528 46.53537 5
    endloop
endfacet
facet normal 0 -0 -1
    outer loop
        vertex 164.46463 45.684734 5
        vertex 165.31528 46.53537 5
        vertex 164.40192 45.5 5
    endloop
endfacet
facet normal 0 0 -1
    outer loop
        vertex 164.45187 45.87941 5
        vertex 164.36559 46.05438 5
        vertex 165.12059 46.548126 5
    endloop
endfacet
facet normal 0 0 -1
    outer loop
        vertex 164.36559 46.05438 5
        vertex 164.94562 46.634415 5
        vertex 165.12059 46.548126 5
    endloop
endfacet
facet normal 0 -0 -1
    outer loop
        vertex 164.81699 46.78109 5
        vertex 164.94562 46.634415 5
        vertex 164.2189 46.18301 5
    endloop
endfacet
facet normal 0 -0 -1
    outer loop
        vertex 164.75427 46.965828 5
        vertex 164.81699 46.78109 5
        vertex 164.03418 46.245724 5
    endloop
endfacet
facet normal 0 0 -1
    outer loop
        vertex 157.7071 49.292892 5
        vertex 157.92387 49.617317 5
        vertex 163.53589 46 5
    endloop
endfacet
facet normal 0 0 -1
    outer loop
        vertex 158 50 5
        vertex 164.85332 47.33547 5
        vertex 163.66454 46.146675 5
    endloop
endfacet
facet normal 0 0 -1
    outer loop
        vertex 157 51 5
        vertex 138.625 52.5 5
        vertex 165.75 52.5 5
    endloop
endfacet
facet normal 0 0 -1
    outer loop
        vertex 165.55437 40.572235 5
        vertex 166.53806 40.30866 5
        vertex 166.64645 40.146446 5
    endloop
endfacet
facet normal -0 0 -0.99999994
    outer loop
        vertex 163.48595 45.62059 5
        vertex 163.03806 44.19134 5
        vertex 163.47319 45.81526 5
    endloop
endfacet
facet normal 0 0 -1
    outer loop
        vertex 163.66454 46.146675 5
        vertex 164.85332 47.33547 5
        vertex 164.76704 47.1605 5
    endloop
endfacet
facet normal 0 0 -1
    outer loop
        vertex 163.14645 44.353554 5
        vertex 163.57224 45.44562 5
        vertex 163.30867 44.46194 5
    endloop
endfacet
facet normal 0 -0 -1
    outer loop
        vertex 163.48595 45.62059 5
        vertex 163.57224 45.44562 5
        vertex 163.14645 44.353554 5
    endloop
endfacet
facet normal 0 0 -1
    outer loop
        vertex 164.27328 45.353325 5
        vertex 163.85356 44.353554 5
        vertex 164.09833 45.267036 5
    endloop
endfacet
facet normal 0 0 -1
    outer loop
        vertex 163.96194 43.80866 5
        vertex 164 44 5
        vertex 164.27328 42.646675 5
    endloop
endfacet
facet normal 0 0 -1
    outer loop
        vertex 170 44 5
        vertex 164 44 5
        vertex 167 47 5
    endloop
endfacet
facet normal 0 0 -1
    outer loop
        vertex 164.03418 46.245724 5
        vertex 164.81699 46.78109 5
        vertex 164.2189 46.18301 5
    endloop
endfacet
facet normal 0 0 -1
    outer loop
        vertex 163.5 44.5 5
        vertex 163.90364 45.25428 5
        vertex 163.69135 44.46194 5
    endloop
endfacet
facet normal 0 0 -1
    outer loop
        vertex 164.76704 47.1605 5
        vertex 164.75427 46.965828 5
        vertex 163.83951 46.232964 5
    endloop
endfacet
facet normal 0 0 -1
    outer loop
        vertex 164.36559 46.05438 5
        vertex 164.2189 46.18301 5
        vertex 164.94562 46.634415 5
    endloop
endfacet
facet normal -0 0 -1
    outer loop
        vertex 165.31528 46.53537 5
        vertex 164.45187 45.87941 5
        vertex 165.12059 46.548126 5
    endloop
endfacet
facet normal 0 0 -1
    outer loop
        vertex 165.5 46.59808 5
        vertex 164.40192 45.5 5
        vertex 165.31528 46.53537 5
    endloop
endfacet
facet normal 0 0 -1
    outer loop
        vertex 167 47 5
        vertex 164.40192 45.5 5
        vertex 165.5 46.59808 5
    endloop
endfacet
facet normal 0 -0 -1
    outer loop
        vertex 165.73297 46.90168 5
        vertex 166.64645 47.146446 5
        vertex 165.64667 46.72671 5
    endloop
endfacet
facet normal -0 0 -1
    outer loop
        vertex 166.64645 47.146446 5
        vertex 165.73297 46.90168 5
        vertex 166.53806 47.30866 5
    endloop
endfacet
facet normal -0 0 -0.99999994
    outer loop
        vertex 166.53806 47.30866 5
        vertex 165.74573 47.09635 5
        vertex 166.5 47.5 5
    endloop
endfacet
facet normal 0 0 -0.99999994
    outer loop
        vertex 166.53806 47.69134 5
        vertex 166.5 47.5 5
        vertex 165.55437 47.427765 5
    endloop
endfacet
facet normal -0 0 -0.99999994
    outer loop
        vertex 165.18474 47.526814 5
        vertex 165 47.4641 5
        vertex 165.75 52.5 5
    endloop
endfacet
facet normal 0 0 -1
    outer loop
        vertex 165.18474 47.526814 5
        vertex 166.80867 47.96194 5
        vertex 165.37941 47.514053 5
    endloop
endfacet
facet normal -0 0 -1
    outer loop
        vertex 165 47.4641 5
        vertex 164.85332 47.33547 5
        vertex 165.75 52.5 5
    endloop
endfacet
facet normal 0 0 -1
    outer loop
        vertex 165.5 41.40192 5
        vertex 167 41 5
        vertex 165.64667 41.27329 5
    endloop
endfacet
facet normal 0 0 -0.99999994
    outer loop
        vertex 163.03806 44.19134 5
        vertex 163.48595 45.62059 5
        vertex 163.14645 44.353554 5
    endloop
endfacet
facet normal -0 0 -1
    outer loop
        vertex 163.83951 46.232964 5
        vertex 163.66454 46.146675 5
        vertex 164.76704 47.1605 5
    endloop
endfacet
facet normal 0 0 -1
    outer loop
        vertex 164 44 5
        vertex 164.40192 45.5 5
        vertex 167 47 5
    endloop
endfacet
facet normal 0 0 -1
    outer loop
        vertex 164.75427 46.965828 5
        vertex 164.03418 46.245724 5
        vertex 163.83951 46.232964 5
    endloop
endfacet
facet normal 0 0 -1
    outer loop
        vertex 166.64645 47.85355 5
        vertex 166.53806 47.69134 5
        vertex 165.55437 47.427765 5
    endloop
endfacet
facet normal 0 0 -1
    outer loop
        vertex 166.64645 47.85355 5
        vertex 165.55437 47.427765 5
        vertex 165.37941 47.514053 5
    endloop
endfacet
facet normal 0 0 -1
    outer loop
        vertex 165.55437 47.427765 5
        vertex 166.5 47.5 5
        vertex 165.68301 47.28109 5
    endloop
endfacet
facet normal -0 0 -0.99999994
    outer loop
        vertex 167 47 5
        vertex 165.64667 46.72671 5
        vertex 166.80867 47.03806 5
    endloop
endfacet
facet normal -0 -0 -0.99999994
    outer loop
        vertex 168.5 46.59808 5
        vertex 170 44 5
        vertex 167 47 5
    endloop
endfacet
facet normal 0 0 -1
    outer loop
        vertex 166.53806 47.30866 5
        vertex 165.73297 46.90168 5
        vertex 165.74573 47.09635 5
    endloop
endfacet
facet normal 0 0 -1
    outer loop
        vertex 167.35356 47.146446 5
        vertex 168.26704 46.90168 5
        vertex 168.35332 46.72671 5
    endloop
endfacet
facet normal 0 0 -1
    outer loop
        vertex 168.26704 46.90168 5
        vertex 167.35356 47.146446 5
        vertex 167.46194 47.30866 5
    endloop
endfacet
facet normal 0 0 -0.99999994
    outer loop
        vertex 168.25427 47.09635 5
        vertex 167.46194 47.30866 5
        vertex 167.5 47.5 5
    endloop
endfacet
facet normal 0 0 -1
    outer loop
        vertex 168.44562 47.427765 5
        vertex 167.5 47.5 5
        vertex 167.46194 47.69134 5
    endloop
endfacet
facet normal 0 0 -1
    outer loop
        vertex 167.19135 47.96194 5
        vertex 167 48 5
        vertex 165.75 52.5 5
    endloop
endfacet
facet normal 0 0 -1
    outer loop
        vertex 167.19135 47.96194 5
        vertex 165.75 52.5 5
        vertex 168.81528 47.526814 5
    endloop
endfacet
facet normal -0 0 -1
    outer loop
        vertex 167 48 5
        vertex 166.80867 47.96194 5
        vertex 165.75 52.5 5
    endloop
endfacet
facet normal 0 0 -1
    outer loop
        vertex 167.19135 47.96194 5
        vertex 168.81528 47.526814 5
        vertex 168.62059 47.514053 5
    endloop
endfacet
facet normal -0 0 -1
    outer loop
        vertex 166.80867 47.96194 5
        vertex 165.18474 47.526814 5
        vertex 165.75 52.5 5
    endloop
endfacet
facet normal 0 0 -1
    outer loop
        vertex 168.25427 47.09635 5
        vertex 167.5 47.5 5
        vertex 168.31699 47.28109 5
    endloop
endfacet
facet normal 0 0 -1
    outer loop
        vertex 166.5 47.5 5
        vertex 165.74573 47.09635 5
        vertex 165.68301 47.28109 5
    endloop
endfacet
facet normal 0 0 -1
    outer loop
        vertex 168.31699 47.28109 5
        vertex 167.5 47.5 5
        vertex 168.44562 47.427765 5
    endloop
endfacet
facet normal 0 0 -1
    outer loop
        vertex 167.35356 47.85355 5
        vertex 168.44562 47.427765 5
        vertex 167.46194 47.69134 5
    endloop
endfacet
facet normal -0 0 -0.99999994
    outer loop
        vertex 168.62059 47.514053 5
        vertex 168.44562 47.427765 5
        vertex 167.35356 47.85355 5
    endloop
endfacet
facet normal 0 0 -1
    outer loop
        vertex 168.26704 46.90168 5
        vertex 167.46194 47.30866 5
        vertex 168.25427 47.09635 5
    endloop
endfacet
facet normal 0 0 -1
    outer loop
        vertex 167 47 5
        vertex 165.5 46.59808 5
        vertex 165.64667 46.72671 5
    endloop
endfacet
facet normal 0 0 -1
    outer loop
        vertex 167 47 5
        vertex 168.35332 46.72671 5
        vertex 168.5 46.59808 5
    endloop
endfacet
facet normal 0 -0 -0.99999994
    outer loop
        vertex 167.35356 47.146446 5
        vertex 168.35332 46.72671 5
        vertex 167.19135 47.03806 5
    endloop
endfacet
facet normal 0 0 -1
    outer loop
        vertex 168.35332 46.72671 5
        vertex 167 47 5
        vertex 167.19135 47.03806 5
    endloop
endfacet
facet normal 0 0 -1
    outer loop
        vertex 168.87941 46.548126 5
        vertex 169.54813 45.87941 5
        vertex 169.53537 45.684734 5
    endloop
endfacet
facet normal 0 0 -1
    outer loop
        vertex 169.54813 45.87941 5
        vertex 168.87941 46.548126 5
        vertex 169.05437 46.634415 5
    endloop
endfacet
facet normal 0 0 -1
    outer loop
        vertex 169.63441 46.05438 5
        vertex 169.05437 46.634415 5
        vertex 169.18301 46.78109 5
    endloop
endfacet
facet normal -0 0 -1
    outer loop
        vertex 169.96582 46.245724 5
        vertex 169.78108 46.18301 5
        vertex 169.24573 46.965828 5
    endloop
endfacet
facet normal 0 0 -1
    outer loop
        vertex 169.14667 47.33547 5
        vertex 169 47.4641 5
        vertex 165.75 52.5 5
    endloop
endfacet
facet normal 0 0 -1
    outer loop
        vertex 169.14667 47.33547 5
        vertex 165.75 52.5 5
        vertex 170.33546 46.146675 5
    endloop
endfacet
facet normal 0 0 -1
    outer loop
        vertex 169 47.4641 5
        vertex 168.81528 47.526814 5
        vertex 165.75 52.5 5
    endloop
endfacet
facet normal 0 0 -1
    outer loop
        vertex 165.37941 47.514053 5
        vertex 166.80867 47.96194 5
        vertex 166.64645 47.85355 5
    endloop
endfacet
facet normal 0 0 -1
    outer loop
        vertex 169.14667 47.33547 5
        vertex 170.33546 46.146675 5
        vertex 170.1605 46.232964 5
    endloop
endfacet
facet normal 0 0 -1
    outer loop
        vertex 169.63441 46.05438 5
        vertex 169.18301 46.78109 5
        vertex 169.78108 46.18301 5
    endloop
endfacet
facet normal 0 0 -1
    outer loop
        vertex 170 44 5
        vertex 168.5 46.59808 5
        vertex 169.59807 45.5 5
    endloop
endfacet
facet normal 0 0 -1
    outer loop
        vertex 169.23297 47.1605 5
        vertex 169.96582 46.245724 5
        vertex 169.24573 46.965828 5
    endloop
endfacet
facet normal 0 0 -1
    outer loop
        vertex 170.1605 46.232964 5
        vertex 169.96582 46.245724 5
        vertex 169.23297 47.1605 5
    endloop
endfacet
facet normal 0 -0 -1
    outer loop
        vertex 169.24573 46.965828 5
        vertex 169.78108 46.18301 5
        vertex 169.18301 46.78109 5
    endloop
endfacet
facet normal 0 0 -1
    outer loop
        vertex 169.59807 45.5 5
        vertex 169.72672 45.353325 5
        vertex 170 44 5
    endloop
endfacet
facet normal -0 -0 -1
    outer loop
        vertex 168.68474 46.53537 5
        vertex 169.59807 45.5 5
        vertex 168.5 46.59808 5
    endloop
endfacet
facet normal 0 0 -1
    outer loop
        vertex 169.72672 45.353325 5
        vertex 170.03806 44.19134 5
        vertex 170 44 5
    endloop
endfacet
facet normal -0 -0 -1
    outer loop
        vertex 169.90169 45.267036 5
        vertex 170.14645 44.353554 5
        vertex 169.72672 45.353325 5
    endloop
endfacet
facet normal -0 0 -1
    outer loop
        vertex 169.63441 46.05438 5
        vertex 169.54813 45.87941 5
        vertex 169.05437 46.634415 5
    endloop
endfacet
facet normal 0 0 -1
    outer loop
        vertex 170.14645 44.353554 5
        vertex 169.90169 45.267036 5
        vertex 170.30867 44.46194 5
    endloop
endfacet
facet normal 0 0 -1
    outer loop
        vertex 170.30867 44.46194 5
        vertex 170.09636 45.25428 5
        vertex 170.5 44.5 5
    endloop
endfacet
facet normal 0 0 -1
    outer loop
        vertex 170.69135 44.46194 5
        vertex 170.5 44.5 5
        vertex 170.42776 45.44562 5
    endloop
endfacet
facet normal 0 0 -1
    outer loop
        vertex 170.4641 46 5
        vertex 186.784 35.868584 5
        vertex 170.52682 45.81526 5
    endloop
endfacet
facet normal -0 0 -1
    outer loop
        vertex 186.784 35.868584 5
        vertex 186.5069 35.77452 5
        vertex 170.96194 44.19134 5
    endloop
endfacet
facet normal 0 0 -1
    outer loop
        vertex 186.784 35.868584 5
        vertex 170.96194 44.19134 5
        vertex 170.52682 45.81526 5
    endloop
endfacet
facet normal 0 0 -1
    outer loop
        vertex 216.93935 49.06066 5
        vertex 170.4641 46 5
        vertex 170.33546 46.146675 5
    endloop
endfacet
facet normal 0 0 -1
    outer loop
        vertex 169.23297 47.1605 5
        vertex 169.14667 47.33547 5
        vertex 170.1605 46.232964 5
    endloop
endfacet
facet normal 0 0 -0.99999994
    outer loop
        vertex 170.5 44.5 5
        vertex 170.09636 45.25428 5
        vertex 170.2811 45.31699 5
    endloop
endfacet
facet normal 0 -0 -1
    outer loop
        vertex 170.52682 45.81526 5
        vertex 170.96194 44.19134 5
        vertex 170.51405 45.62059 5
    endloop
endfacet
facet normal 0 0 -0.99999994
    outer loop
        vertex 170.2811 45.31699 5
        vertex 170.42776 45.44562 5
        vertex 170.5 44.5 5
    endloop
endfacet
facet normal 0 0 -1
    outer loop
        vertex 170.85356 44.353554 5
        vertex 170.69135 44.46194 5
        vertex 170.42776 45.44562 5
    endloop
endfacet
facet normal 0 0 -1
    outer loop
        vertex 169.90169 45.267036 5
        vertex 170.09636 45.25428 5
        vertex 170.30867 44.46194 5
    endloop
endfacet
facet normal 0 0 -0.99999994
    outer loop
        vertex 170.03806 44.19134 5
        vertex 169.72672 45.353325 5
        vertex 170.14645 44.353554 5
    endloop
endfacet
facet normal 0 -0 -1
    outer loop
        vertex 166.64645 47.146446 5
        vertex 166.80867 47.03806 5
        vertex 165.64667 46.72671 5
    endloop
endfacet
facet normal 0 0 -1
    outer loop
        vertex 169.53537 45.684734 5
        vertex 168.68474 46.53537 5
        vertex 168.87941 46.548126 5
    endloop
endfacet
facet normal 0 0 -1
    outer loop
        vertex 163.85356 43.646446 5
        vertex 164.27328 42.646675 5
        vertex 164.09833 42.73296 5
    endloop
endfacet
facet normal 0 0 -1
    outer loop
        vertex 165.5 41.40192 5
        vertex 164.40192 42.5 5
        vertex 164 44 5
    endloop
endfacet
facet normal 0 0 -1
    outer loop
        vertex 163.90364 42.74572 5
        vertex 163.5 43.5 5
        vertex 163.69135 43.53806 5
    endloop
endfacet
facet normal 0 0 -0.99999994
    outer loop
        vertex 166.64645 40.146446 5
        vertex 165.37941 40.485947 5
        vertex 165.55437 40.572235 5
    endloop
endfacet
facet normal 0 0 -1
    outer loop
        vertex 167 41 5
        vertex 168.35332 41.27329 5
        vertex 167.19135 40.96194 5
    endloop
endfacet
facet normal 0 -0 -0.99999994
    outer loop
        vertex 167.46194 40.30866 5
        vertex 168.44562 40.572235 5
        vertex 167.35356 40.146446 5
    endloop
endfacet
facet normal 0 -0 -1
    outer loop
        vertex 170.30867 43.53806 5
        vertex 170.5 43.5 5
        vertex 170.09636 42.74572 5
    endloop
endfacet
facet normal 0 0 -1
    outer loop
        vertex 186.5069 35.77452 5
        vertex 171 44 5
        vertex 170.96194 44.19134 5
    endloop
endfacet
facet normal 0 0 -1
    outer loop
        vertex 170.4641 46 5
        vertex 187.076 35.849445 5
        vertex 186.784 35.868584 5
    endloop
endfacet
facet normal 0 0 -1
    outer loop
        vertex 169.59807 45.5 5
        vertex 168.68474 46.53537 5
        vertex 169.53537 45.684734 5
    endloop
endfacet
facet normal 0 -0 -1
    outer loop
        vertex 170.69135 43.53806 5
        vertex 170.85356 43.646446 5
        vertex 170.42776 42.55438 5
    endloop
endfacet
facet normal 0 0 -1
    outer loop
        vertex 164 44 5
        vertex 164.27328 45.353325 5
        vertex 164.40192 45.5 5
    endloop
endfacet
facet normal -0 0 -1
    outer loop
        vertex 217.42598 49.38582 5
        vertex 216.93935 49.06066 5
        vertex 220 52.5 5
    endloop
endfacet
facet normal 0 0 -1
    outer loop
        vertex 217.42598 49.38582 5
        vertex 220 52.5 5
        vertex 218 49.5 5
    endloop
endfacet
facet normal 0 0 -1
    outer loop
        vertex 167.35356 47.85355 5
        vertex 167.19135 47.96194 5
        vertex 168.62059 47.514053 5
    endloop
endfacet
facet normal 0 0 -1
    outer loop
        vertex 216.93935 49.06066 5
        vertex 165.75 52.5 5
        vertex 220 52.5 5
    endloop
endfacet
facet normal 0 0 -1
    outer loop
        vertex 170.42776 45.44562 5
        vertex 170.51405 45.62059 5
        vertex 170.85356 44.353554 5
    endloop
endfacet
facet normal 0 0 -1
    outer loop
        vertex 170.51405 45.62059 5
        vertex 170.96194 44.19134 5
        vertex 170.85356 44.353554 5
    endloop
endfacet
facet normal 0 0 -1
    outer loop
        vertex 165.75 52.5 5
        vertex 216.93935 49.06066 5
        vertex 170.33546 46.146675 5
    endloop
endfacet
facet normal 0 0 -1
    outer loop
        vertex 211.85068 35.868584 5
        vertex 216.93935 46.93934 5
        vertex 212.14267 35.849445 5
    endloop
endfacet
facet normal 0 0 -1
    outer loop
        vertex 207.327 33.069115 5
        vertex 187.60634 34.930885 5
        vertex 187.62547 35.222897 5
    endloop
endfacet
facet normal 0 0 -0.99999994
    outer loop
        vertex 220 27 5
        vertex 212.32356 34.47548 5
        vertex 212.54358 34.668427 5
    endloop
endfacet
facet normal 0 0 -1
    outer loop
        vertex 187.33846 35.720013 5
        vertex 216.61418 48.574028 5
        vertex 216.5 48 5
    endloop
endfacet
facet normal 0 0 -1
    outer loop
        vertex 219.5 48 5
        vertex 220 52.5 5
        vertex 220 46.125 5
    endloop
endfacet
facet normal 0 -0 -1
    outer loop
        vertex 219.5 48 5
        vertex 220 46.125 5
        vertex 219.38582 47.425976 5
    endloop
endfacet
facet normal 0 0 -1
    outer loop
        vertex 219.38582 48.574028 5
        vertex 220 52.5 5
        vertex 219.5 48 5
    endloop
endfacet
facet normal 0 0 -0.99999994
    outer loop
        vertex 220 52.5 5
        vertex 219.38582 48.574028 5
        vertex 219.06065 49.06066 5
    endloop
endfacet
facet normal 0 0 -1
    outer loop
        vertex 212.54358 34.668427 5
        vertex 212.673 34.930885 5
        vertex 220 27 5
    endloop
endfacet
facet normal 0 0 -1
    outer loop
        vertex 212.14267 35.849445 5
        vertex 216.93935 46.93934 5
        vertex 217.42598 46.61418 5
    endloop
endfacet
facet normal -0 0 -0.99999994
    outer loop
        vertex 220 39.75 5
        vertex 212.14267 35.849445 5
        vertex 217.42598 46.61418 5
    endloop
endfacet
facet normal -0 -0 -1
    outer loop
        vertex 220 46.125 5
        vertex 220 39.75 5
        vertex 218 46.5 5
    endloop
endfacet
facet normal 0 0 -1
    outer loop
        vertex 212.40514 35.720013 5
        vertex 212.14267 35.849445 5
        vertex 220 39.75 5
    endloop
endfacet
facet normal 0 0 -0.99999994
    outer loop
        vertex 170.52682 42.18474 5
        vertex 170.96194 43.80866 5
        vertex 182.60979 33.52452 5
    endloop
endfacet
facet normal 0 0 -1
    outer loop
        vertex 170.96194 43.80866 5
        vertex 170.51405 42.37941 5
        vertex 170.85356 43.646446 5
    endloop
endfacet
facet normal 0 -0 -1
    outer loop
        vertex 216.93935 4.93934 5
        vertex 220 1.5 5
        vertex 111.5 1.5 5
    endloop
endfacet
facet normal 0 0 -1
    outer loop
        vertex 218 4.5 5
        vertex 218.57404 4.614181 5
        vertex 220 1.5 5
    endloop
endfacet
facet normal -0 -0 -1
    outer loop
        vertex 218 4.5 5
        vertex 220 1.5 5
        vertex 217.42598 4.614181 5
    endloop
endfacet
facet normal 0 0 -1
    outer loop
        vertex 170.96194 43.80866 5
        vertex 170.52682 42.18474 5
        vertex 170.51405 42.37941 5
    endloop
endfacet
facet normal 0 0 -0.99999994
    outer loop
        vertex 219.06065 4.93934 5
        vertex 219.38582 5.425975 5
        vertex 220 1.5 5
    endloop
endfacet
facet normal 0 0 -1
    outer loop
        vertex 219.5 6 5
        vertex 220 7.875 5
        vertex 220 1.5 5
    endloop
endfacet
facet normal 0 0 -1
    outer loop
        vertex 208.14932 32.131416 5
        vertex 220 27 5
        vertex 220 14.25 5
    endloop
endfacet
facet normal 0 0 -1
    outer loop
        vertex 220 52.5 5
        vertex 219.06065 49.06066 5
        vertex 218.57404 49.38582 5
    endloop
endfacet
facet normal 0 0 -0.99999994
    outer loop
        vertex 220 52.5 5
        vertex 218.57404 49.38582 5
        vertex 218 49.5 5
    endloop
endfacet
facet normal 0 0 -1
    outer loop
        vertex 220 1.5 5
        vertex 216.93935 4.93934 5
        vertex 217.42598 4.614181 5
    endloop
endfacet
facet normal 0 0 -0.99999994
    outer loop
        vertex 216.93935 49.06066 5
        vertex 216.61418 48.574028 5
        vertex 170.4641 46 5
    endloop
endfacet
facet normal -0 0 -1
    outer loop
        vertex 5.425975 49.38582 5
        vertex 4.93934 49.06066 5
        vertex 3 52.5 5
    endloop
endfacet
facet normal 0 0 -1
    outer loop
        vertex 5.425975 49.38582 5
        vertex 3 52.5 5
        vertex 6 49.5 5
    endloop
endfacet
facet normal 0 0 -1
    outer loop
        vertex 4.93934 49.06066 5
        vertex 1.5 51 5
        vertex 3 52.5 5
    endloop
endfacet
facet normal -0 0 -1
    outer loop
        vertex 4.614181 48.574028 5
        vertex 4.5 48 5
        vertex 1.5 51 5
    endloop
endfacet
facet normal 0 0 -0.99999994
    outer loop
        vertex 4.614181 47.425976 5
        vertex 1.5 51 5
        vertex 4.5 48 5
    endloop
endfacet
facet normal 0 -0 -1
    outer loop
        vertex 4.93934 46.93934 5
        vertex 5.425975 46.61418 5
        vertex 1.5 27 5
    endloop
endfacet
facet normal -0 0 -1
    outer loop
        vertex 4.93934 46.93934 5
        vertex 1.5 27 5
        vertex 4.614181 47.425976 5
    endloop
endfacet
facet normal 0 0 -1
    outer loop
        vertex 5.425975 46.61418 5
        vertex 1.9 27 5
        vertex 1.5 27 5
    endloop
endfacet
facet normal -0 0 -1
    outer loop
        vertex 6 46.5 5
        vertex 1.9 27 5
        vertex 5.425975 46.61418 5
    endloop
endfacet
facet normal 0 0 -1
    outer loop
        vertex 1.9 27 5
        vertex 6 46.5 5
        vertex 6.574025 46.61418 5
    endloop
endfacet
facet normal 0 0 -1
    outer loop
        vertex 7.3858194 47.425976 5
        vertex 7.5 48 5
        vertex 30.125 52.5 5
    endloop
endfacet
facet normal 0 -0 -1
    outer loop
        vertex 7.3858194 47.425976 5
        vertex 30.125 52.5 5
        vertex 7.06066 46.93934 5
    endloop
endfacet
facet normal 0 0 -1
    outer loop
        vertex 7.5 48 5
        vertex 7.3858194 48.574028 5
        vertex 30.125 52.5 5
    endloop
endfacet
facet normal 0 0 -1
    outer loop
        vertex 7.3858194 48.574028 5
        vertex 7.06066 49.06066 5
        vertex 30.125 52.5 5
    endloop
endfacet
facet normal 0 0 -1
    outer loop
        vertex 6.574025 49.38582 5
        vertex 30.125 52.5 5
        vertex 7.06066 49.06066 5
    endloop
endfacet
facet normal 0 0 -0.99999994
    outer loop
        vertex 1.5 27 5
        vertex 1.5 51 5
        vertex 4.614181 47.425976 5
    endloop
endfacet
facet normal 0 0 -0.99999994
    outer loop
        vertex 3 52.5 5
        vertex 30.125 52.5 5
        vertex 6.574025 49.38582 5
    endloop
endfacet
facet normal 0 0 -1
    outer loop
        vertex 4.614181 48.574028 5
        vertex 1.5 51 5
        vertex 4.93934 49.06066 5
    endloop
endfacet
facet normal -0 0 -1
    outer loop
        vertex 5.425975 7.3858194 5
        vertex 4.93934 7.06066 5
        vertex 1.5 10.5 5
    endloop
endfacet
facet normal 0 0 -1
    outer loop
        vertex 5.425975 7.3858194 5
        vertex 1.5 10.5 5
        vertex 6 7.5 5
    endloop
endfacet
facet normal -0 0 -1
    outer loop
        vertex 4.93934 7.06066 5
        vertex 4.614181 6.574025 5
        vertex 1.5 10.5 5
    endloop
endfacet
facet normal -0 0 -1
    outer loop
        vertex 4.614181 6.574025 5
        vertex 4.5 6 5
        vertex 1.5 10.5 5
    endloop
endfacet
facet normal 0 -0 -1
    outer loop
        vertex 4.614181 5.425975 5
        vertex 4.93934 4.93934 5
        vertex 1.5 3 5
    endloop
endfacet
facet normal -0 0 -1
    outer loop
        vertex 4.614181 5.425975 5
        vertex 1.5 3 5
        vertex 4.5 6 5
    endloop
endfacet
facet normal 0 0 -1
    outer loop
        vertex 1.5 3 5
        vertex 1.5 10.5 5
        vertex 4.5 6 5
    endloop
endfacet
facet normal 0 0 -1
    outer loop
        vertex 3 1.5 5
        vertex 1.5 3 5
        vertex 4.93934 4.93934 5
    endloop
endfacet
facet normal 0 0 -1
    outer loop
        vertex 3 1.5 5
        vertex 4.93934 4.93934 5
        vertex 5.425975 4.614181 5
    endloop
endfacet
facet normal 0 0 -1
    outer loop
        vertex 6.574025 4.614181 5
        vertex 3 1.5 5
        vertex 6 4.5 5
    endloop
endfacet
facet normal 0 0 -1
    outer loop
        vertex 7.06066 4.93934 5
        vertex 7.3858194 5.425975 5
        vertex 111.5 1.5 5
    endloop
endfacet
facet normal 0 -0 -1
    outer loop
        vertex 7.06066 4.93934 5
        vertex 111.5 1.5 5
        vertex 3 1.5 5
    endloop
endfacet
facet normal -0 -0 -0.99999994
    outer loop
        vertex 82.816 32.131416 5
        vertex 111.5 1.5 5
        vertex 82.523994 32.150555 5
    endloop
endfacet
facet normal 0 0 -1
    outer loop
        vertex 57.25 52.5 5
        vertex 7.5 6 5
        vertex 7.3858194 6.574025 5
    endloop
endfacet
facet normal -0 0 -1
    outer loop
        vertex 57.25 52.5 5
        vertex 7.3858194 6.574025 5
        vertex 30.125 52.5 5
    endloop
endfacet
facet normal 0 0 -1
    outer loop
        vertex 3 1.5 5
        vertex 5.425975 4.614181 5
        vertex 6 4.5 5
    endloop
endfacet
facet normal 0 0 -1
    outer loop
        vertex 6 7.5 5
        vertex 1.5 10.5 5
        vertex 1.9 18 5
    endloop
endfacet
facet normal 0 0 -1
    outer loop
        vertex 1.9 27 5
        vertex 7.06066 7.06066 5
        vertex 1.9 18 5
    endloop
endfacet
facet normal 0 0 -0.99999994
    outer loop
        vertex 220 1.5 5
        vertex 218.57404 4.614181 5
        vertex 219.06065 4.93934 5
    endloop
endfacet
facet normal 0 0 -1
    outer loop
        vertex 219.38582 5.425975 5
        vertex 219.5 6 5
        vertex 220 1.5 5
    endloop
endfacet
facet normal 0 0 -1
    outer loop
        vertex 111.30689 35.77452 5
        vertex 111.5 52.5 5
        vertex 111.58399 35.868584 5
    endloop
endfacet
facet normal 0 0 -1
    outer loop
        vertex 86.24022 35.77452 5
        vertex 84.375 52.5 5
        vertex 86.51733 35.868584 5
    endloop
endfacet
facet normal -0 0 -1
    outer loop
        vertex 82.068596 32.5 5
        vertex 7.5 6 5
        vertex 57.25 52.5 5
    endloop
endfacet
facet normal 0 0 -1
    outer loop
        vertex 7.06066 7.06066 5
        vertex 1.9 27 5
        vertex 30.125 52.5 5
    endloop
endfacet
facet normal 0 0 -1
    outer loop
        vertex 7.3858194 5.425975 5
        vertex 82.523994 32.150555 5
        vertex 111.5 1.5 5
    endloop
endfacet
facet normal 0 0 -1
    outer loop
        vertex 1.5 10.5 5
        vertex 1.5 18 5
        vertex 1.9 18 5
    endloop
endfacet
facet normal 0 0 -1
    outer loop
        vertex 1.5 3 5
        vertex 3 1.5 5
        vertex 2.4259748 1.6141807 5
    endloop
endfacet
facet normal 0 0 -1
    outer loop
        vertex 7.06066 46.93934 5
        vertex 1.9 27 5
        vertex 6.574025 46.61418 5
    endloop
endfacet
facet normal 0 0 -1
    outer loop
        vertex 30.125 52.5 5
        vertex 1.9 27 5
        vertex 7.06066 46.93934 5
    endloop
endfacet
facet normal 0 0 -1
    outer loop
        vertex 1.9 18 5
        vertex 7.06066 7.06066 5
        vertex 6.574025 7.3858194 5
    endloop
endfacet
facet normal 0 -0 -1
    outer loop
        vertex 2.4259748 52.38582 5
        vertex 3 52.5 5
        vertex 1.9393398 52.06066 5
    endloop
endfacet
facet normal 0 0 -1
    outer loop
        vertex 1.5 51 5
        vertex 1.6141807 51.574024 5
        vertex 3 52.5 5
    endloop
endfacet
facet normal 0 0 -0.99999994
    outer loop
        vertex 3 52.5 5
        vertex 1.6141807 51.574024 5
        vertex 1.9393398 52.06066 5
    endloop
endfacet
facet normal 0 0 -1
    outer loop
        vertex 6.574025 49.38582 5
        vertex 6 49.5 5
        vertex 3 52.5 5
    endloop
endfacet
facet normal 0 0 -1
    outer loop
        vertex 1.9 18 5
        vertex 6.574025 7.3858194 5
        vertex 6 7.5 5
    endloop
endfacet
facet normal 0 0 -1
    outer loop
        vertex 1.5 3 5
        vertex 1.9393398 1.9393398 5
        vertex 1.6141807 2.4259748 5
    endloop
endfacet
facet normal 0 0 -1
    outer loop
        vertex 2.4259748 1.6141807 5
        vertex 1.9393398 1.9393398 5
        vertex 1.5 3 5
    endloop
endfacet
facet normal 0 0 -1
    outer loop
        vertex 3 1.5 5
        vertex 6.574025 4.614181 5
        vertex 7.06066 4.93934 5
    endloop
endfacet
facet normal 0 0 -1
    outer loop
        vertex 30.125 52.5 5
        vertex 7.3858194 6.574025 5
        vertex 7.06066 7.06066 5
    endloop
endfacet
facet normal 0 0 -1
    outer loop
        vertex 156.29291 49.292892 5
        vertex 139.38582 49.425976 5
        vertex 156.07611 49.617317 5
    endloop
endfacet
facet normal 0 0 -1
    outer loop
        vertex 164.36559 41.94562 5
        vertex 164.94562 41.365585 5
        vertex 164.81699 41.21891 5
    endloop
endfacet
facet normal 0 0 -1
    outer loop
        vertex 220 46.125 5
        vertex 218 46.5 5
        vertex 218.57404 46.61418 5
    endloop
endfacet
facet normal 1 0 0
    outer loop
        vertex 224 3 7
        vertex 224 51 7
        vertex 224 3 8
    endloop
endfacet
facet normal 1 -0 0
    outer loop
        vertex 224 3 8
        vertex 224 51 7
        vertex 224 51 8
    endloop
endfacet
facet normal 0.09801749 0.99518466 -0
    outer loop
        vertex 221.58527 53.942356 7
        vertex 221 54 7
        vertex 221.58527 53.942356 8
    endloop
endfacet
facet normal 0.29028985 0.95693874 0
    outer loop
        vertex 222.14804 53.771637 7
        vertex 221.58527 53.942356 7
        vertex 221.58527 53.942356 8
    endloop
endfacet
facet normal 0.47138461 0.88192785 0
    outer loop
        vertex 222.66672 53.494408 7
        vertex 222.14804 53.771637 7
        vertex 222.14804 53.771637 8
    endloop
endfacet
facet normal 0.63439357 0.77301031 0
    outer loop
        vertex 223.12132 53.121323 8
        vertex 223.12132 53.121323 7
        vertex 222.66672 53.494408 8
    endloop
endfacet
facet normal 0.7730065 0.6343981 0
    outer loop
        vertex 223.49442 52.666714 8
        vertex 223.49442 52.666714 7
        vertex 223.12132 53.121323 8
    endloop
endfacet
facet normal 0.95694113 0.2902821 -0
    outer loop
        vertex 223.94235 51.585274 7
        vertex 223.77164 52.148052 8
        vertex 223.94235 51.585274 8
    endloop
endfacet
facet normal 0.88192737 0.47138527 0
    outer loop
        vertex 223.77164 52.148052 8
        vertex 223.77164 52.148052 7
        vertex 223.49442 52.666714 8
    endloop
endfacet
facet normal 0.99518412 0.09802265 0
    outer loop
        vertex 224 51 8
        vertex 224 51 7
        vertex 223.94235 51.585274 8
    endloop
endfacet
facet normal 0.99518412 0.09802265 0
    outer loop
        vertex 223.94235 51.585274 8
        vertex 224 51 7
        vertex 223.94235 51.585274 7
    endloop
endfacet
facet normal 0.95694113 0.2902821 0
    outer loop
        vertex 223.77164 52.148052 8
        vertex 223.94235 51.585274 7
        vertex 223.77164 52.148052 7
    endloop
endfacet
facet normal 0.88192737 0.47138527 0
    outer loop
        vertex 223.49442 52.666714 8
        vertex 223.77164 52.148052 7
        vertex 223.49442 52.666714 7
    endloop
endfacet
facet normal 0.7730065 0.6343981 0
    outer loop
        vertex 223.12132 53.121323 8
        vertex 223.49442 52.666714 7
        vertex 223.12132 53.121323 7
    endloop
endfacet
facet normal 0.63439357 0.77301031 0
    outer loop
        vertex 222.66672 53.494408 8
        vertex 223.12132 53.121323 7
        vertex 222.66672 53.494408 7
    endloop
endfacet
facet normal 0.47138461 0.88192785 0
    outer loop
        vertex 222.14804 53.771637 8
        vertex 222.66672 53.494408 8
        vertex 222.66672 53.494408 7
    endloop
endfacet
facet normal 0.29028985 0.95693874 0
    outer loop
        vertex 221.58527 53.942356 8
        vertex 222.14804 53.771637 8
        vertex 222.14804 53.771637 7
    endloop
endfacet
facet normal 0.09801749 0.99518466 -0
    outer loop
        vertex 221 54 7
        vertex 221 54 8
        vertex 221.58527 53.942356 8
    endloop
endfacet
facet normal -0 -0 -1
    outer loop
        vertex 1.9 27 5
        vertex 1.9 18 5
        vertex 1.5 27 5
    endloop
endfacet
facet normal 0 0 -1
    outer loop
        vertex 1.9 18 5
        vertex 1.5 18 5
        vertex 1.5 27 5
    endloop
endfacet
facet normal 0 0 1
    outer loop
        vertex 0 18 1
        vertex 1.5 18 1
        vertex 0 27 1
    endloop
endfacet
facet normal 0 -0 1
    outer loop
        vertex 1.5 18 1
        vertex 1.5 27 1
        vertex 0 27 1
    endloop
endfacet
facet normal -0 1 0
    outer loop
        vertex 0 18 5
        vertex 1.5 18 5
        vertex 0 18 1
    endloop
endfacet
facet normal 0 1 0
    outer loop
        vertex 1.5 18 5
        vertex 1.5 18 1
        vertex 0 18 1
    endloop
endfacet
facet normal 0 0 -1
    outer loop
        vertex 0 27 5
        vertex 1.5 27 5
        vertex 0 18 5
    endloop
endfacet
facet normal 0 -0 -1
    outer loop
        vertex 1.5 27 5
        vertex 1.5 18 5
        vertex 0 18 5
    endloop
endfacet
facet normal 0 -1 0
    outer loop
        vertex 0 27 1
        vertex 1.5 27 1
        vertex 0 27 5
    endloop
endfacet
facet normal 0 -1 0
    outer loop
        vertex 1.5 27 1
        vertex 1.5 27 5
        vertex 0 27 5
    endloop
endfacet
facet normal 0 0 1
    outer loop
        vertex 0 8 1.5
        vertex 1.5 8 1.5
        vertex 0 12 1.5
    endloop
endfacet
facet normal 0 -0 1
    outer loop
        vertex 1.5 8 1.5
        vertex 1.5 12 1.5
        vertex 0 12 1.5
    endloop
endfacet
facet normal -0 1 0
    outer loop
        vertex 0 8 4.5
        vertex 1.5 8 4.5
        vertex 0 8 1.5
    endloop
endfacet
facet normal 0 1 0
    outer loop
        vertex 1.5 8 4.5
        vertex 1.5 8 1.5
        vertex 0 8 1.5
    endloop
endfacet
facet normal 0 -1 0
    outer loop
        vertex 0 12 1.5
        vertex 1.5 12 1.5
        vertex 0 12 4.5
    endloop
endfacet
facet normal 0 -1 0
    outer loop
        vertex 1.5 12 1.5
        vertex 1.5 12 4.5
        vertex 0 12 4.5
    endloop
endfacet
facet normal 0 0 -1
    outer loop
        vertex 0 12 4.5
        vertex 1.5 10 4.5
        vertex 0 8 4.5
    endloop
endfacet
facet normal 0 -0 -1
    outer loop
        vertex 1.5 10 4.5
        vertex 1.5 8 4.5
        vertex 0 8 4.5
    endloop
endfacet
facet normal 0 0 -1
    outer loop
        vertex 1.5 10 4.5
        vertex 0 12 4.5
        vertex 1.5 12 4.5
    endloop
endfacet
facet normal -0 0 1
    outer loop
        vertex 75.5 54 1.75
        vertex 75.5 52.5 1.75
        vertex 78.5 54 1.75
    endloop
endfacet
facet normal 0 0 1
    outer loop
        vertex 75.5 52.5 1.75
        vertex 78.5 52.5 1.75
        vertex 78.5 54 1.75
    endloop
endfacet
facet normal 1 0 0
    outer loop
        vertex 75.5 54 4.25
        vertex 75.5 52.5 4.25
        vertex 75.5 54 1.75
    endloop
endfacet
facet normal 1 0 0
    outer loop
        vertex 75.5 52.5 4.25
        vertex 75.5 52.5 1.75
        vertex 75.5 54 1.75
    endloop
endfacet
facet normal -0 -0 -1
    outer loop
        vertex 78.5 54 4.25
        vertex 78.5 52.5 4.25
        vertex 75.5 54 4.25
    endloop
endfacet
facet normal 0 0 -1
    outer loop
        vertex 78.5 52.5 4.25
        vertex 75.5 52.5 4.25
        vertex 75.5 54 4.25
    endloop
endfacet
facet normal -1 0 0
    outer loop
        vertex 78.5 54 1.75
        vertex 78.5 52.5 1.75
        vertex 78.5 54 4.25
    endloop
endfacet
facet normal -1 0 0
    outer loop
        vertex 78.5 52.5 1.75
        vertex 78.5 52.5 4.25
        vertex 78.5 54 4.25
    endloop
endfacet
facet normal -0 0 1
    outer loop
        vertex 90.5 54 1.75
        vertex 90.5 52.5 1.75
        vertex 93.5 54 1.75
    endloop
endfacet
facet normal 0 0 1
    outer loop
        vertex 90.5 52.5 1.75
        vertex 93.5 52.5 1.75
        vertex 93.5 54 1.75
    endloop
endfacet
facet normal 1 0 0
    outer loop
        vertex 90.5 54 4.25
        vertex 90.5 52.5 4.25
        vertex 90.5 54 1.75
    endloop
endfacet
facet normal 1 0 0
    outer loop
        vertex 90.5 52.5 4.25
        vertex 90.5 52.5 1.75
        vertex 90.5 54 1.75
    endloop
endfacet
facet normal -0 -0 -1
    outer loop
        vertex 93.5 54 4.25
        vertex 93.5 52.5 4.25
        vertex 90.5 54 4.25
    endloop
endfacet
facet normal 0 0 -1
    outer loop
        vertex 93.5 52.5 4.25
        vertex 90.5 52.5 4.25
        vertex 90.5 54 4.25
    endloop
endfacet
facet normal -1 0 0
    outer loop
        vertex 93.5 54 1.75
        vertex 93.5 52.5 1.75
        vertex 93.5 54 4.25
    endloop
endfacet
facet normal -1 0 0
    outer loop
        vertex 93.5 52.5 1.75
        vertex 93.5 52.5 4.25
        vertex 93.5 54 4.25
    endloop
endfacet
facet normal -0 0 1
    outer loop
        vertex 105.5 54 1.75
        vertex 105.5 52.5 1.75
        vertex 108.5 54 1.75
    endloop
endfacet
facet normal 0 0 1
    outer loop
        vertex 105.5 52.5 1.75
        vertex 108.5 52.5 1.75
        vertex 108.5 54 1.75
    endloop
endfacet
facet normal 1 0 0
    outer loop
        vertex 105.5 54 4.25
        vertex 105.5 52.5 4.25
        vertex 105.5 54 1.75
    endloop
endfacet
facet normal 1 0 0
    outer loop
        vertex 105.5 52.5 4.25
        vertex 105.5 52.5 1.75
        vertex 105.5 54 1.75
    endloop
endfacet
facet normal -0 -0 -1
    outer loop
        vertex 108.5 54 4.25
        vertex 108.5 52.5 4.25
        vertex 105.5 54 4.25
    endloop
endfacet
facet normal 0 0 -1
    outer loop
        vertex 108.5 52.5 4.25
        vertex 105.5 52.5 4.25
        vertex 105.5 54 4.25
    endloop
endfacet
facet normal -1 0 0
    outer loop
        vertex 108.5 54 1.75
        vertex 108.5 52.5 1.75
        vertex 108.5 54 4.25
    endloop
endfacet
facet normal -1 0 0
    outer loop
        vertex 108.5 52.5 1.75
        vertex 108.5 52.5 4.25
        vertex 108.5 54 4.25
    endloop
endfacet
facet normal -0 0 1
    outer loop
        vertex 120.5 54 1.75
        vertex 120.5 52.5 1.75
        vertex 123.5 54 1.75
    endloop
endfacet
facet normal 0 0 1
    outer loop
        vertex 120.5 52.5 1.75
        vertex 123.5 52.5 1.75
        vertex 123.5 54 1.75
    endloop
endfacet
facet normal 1 0 0
    outer loop
        vertex 120.5 54 4.25
        vertex 120.5 52.5 4.25
        vertex 120.5 54 1.75
    endloop
endfacet
facet normal 1 0 0
    outer loop
        vertex 120.5 52.5 4.25
        vertex 120.5 52.5 1.75
        vertex 120.5 54 1.75
    endloop
endfacet
facet normal -0 -0 -1
    outer loop
        vertex 123.5 54 4.25
        vertex 123.5 52.5 4.25
        vertex 120.5 54 4.25
    endloop
endfacet
facet normal 0 0 -1
    outer loop
        vertex 123.5 52.5 4.25
        vertex 120.5 52.5 4.25
        vertex 120.5 54 4.25
    endloop
endfacet
facet normal -1 0 0
    outer loop
        vertex 123.5 54 1.75
        vertex 123.5 52.5 1.75
        vertex 123.5 54 4.25
    endloop
endfacet
facet normal -1 0 0
    outer loop
        vertex 123.5 52.5 1.75
        vertex 123.5 52.5 4.25
        vertex 123.5 54 4.25
    endloop
endfacet
facet normal 0.98079002 -0.19506691 0
    outer loop
        vertex 170.03806 44.19134 5
        vertex 170.03806 44.19134 8
        vertex 170 44 5
    endloop
endfacet
facet normal 0.83144218 -0.55561131 0
    outer loop
        vertex 170.14645 44.353554 5
        vertex 170.03806 44.19134 8
        vertex 170.03806 44.19134 5
    endloop
endfacet
facet normal 0.55556178 -0.83147532 0
    outer loop
        vertex 170.30867 44.46194 5
        vertex 170.14645 44.353554 8
        vertex 170.14645 44.353554 5
    endloop
endfacet
facet normal 0.55556178 -0.83147532 0
    outer loop
        vertex 170.30867 44.46194 8
        vertex 170.14645 44.353554 8
        vertex 170.30867 44.46194 5
    endloop
endfacet
facet normal 0.19509694 -0.980784 0
    outer loop
        vertex 170.5 44.5 8
        vertex 170.30867 44.46194 8
        vertex 170.5 44.5 5
    endloop
endfacet
facet normal -0.19508198 -0.98078698 -0
    outer loop
        vertex 170.5 44.5 8
        vertex 170.5 44.5 5
        vertex 170.69135 44.46194 5
    endloop
endfacet
facet normal -0.55556178 -0.83147532 -0
    outer loop
        vertex 170.69135 44.46194 8
        vertex 170.69135 44.46194 5
        vertex 170.85356 44.353554 5
    endloop
endfacet
facet normal -0.98079002 -0.19506691 -0
    outer loop
        vertex 171 44 8
        vertex 170.96194 44.19134 8
        vertex 171 44 5
    endloop
endfacet
facet normal -0.98079002 -0.19506691 -0
    outer loop
        vertex 170.96194 44.19134 8
        vertex 170.96194 44.19134 5
        vertex 171 44 5
    endloop
endfacet
facet normal -0.8314783 -0.55555725 0
    outer loop
        vertex 170.85356 44.353554 8
        vertex 170.96194 44.19134 5
        vertex 170.96194 44.19134 8
    endloop
endfacet
facet normal -0.8314783 -0.55555725 0
    outer loop
        vertex 170.85356 44.353554 5
        vertex 170.96194 44.19134 5
        vertex 170.85356 44.353554 8
    endloop
endfacet
facet normal -0.55556178 -0.83147532 0
    outer loop
        vertex 170.85356 44.353554 5
        vertex 170.85356 44.353554 8
        vertex 170.69135 44.46194 8
    endloop
endfacet
facet normal -0.19508198 -0.98078698 0
    outer loop
        vertex 170.69135 44.46194 5
        vertex 170.69135 44.46194 8
        vertex 170.5 44.5 8
    endloop
endfacet
facet normal 0.19509694 -0.980784 0
    outer loop
        vertex 170.30867 44.46194 5
        vertex 170.5 44.5 5
        vertex 170.30867 44.46194 8
    endloop
endfacet
facet normal 0.98079002 -0.19506691 0
    outer loop
        vertex 170.03806 44.19134 8
        vertex 170 44 8
        vertex 170 44 5
    endloop
endfacet
facet normal 0.83144218 -0.55561131 0
    outer loop
        vertex 170.14645 44.353554 5
        vertex 170.14645 44.353554 8
        vertex 170.03806 44.19134 8
    endloop
endfacet
facet normal 0.98079002 0.19506691 0
    outer loop
        vertex 170.03806 43.80866 8
        vertex 170.03806 43.80866 5
        vertex 170 44 8
    endloop
endfacet
facet normal 0.83144218 0.55561131 0
    outer loop
        vertex 170.14645 43.646446 8
        vertex 170.03806 43.80866 5
        vertex 170.03806 43.80866 8
    endloop
endfacet
facet normal 0.55556178 0.83147532 0
    outer loop
        vertex 170.30867 43.53806 8
        vertex 170.14645 43.646446 5
        vertex 170.14645 43.646446 8
    endloop
endfacet
facet normal 0.55556178 0.83147532 -0
    outer loop
        vertex 170.30867 43.53806 5
        vertex 170.14645 43.646446 5
        vertex 170.30867 43.53806 8
    endloop
endfacet
facet normal 0.19509694 0.980784 -0
    outer loop
        vertex 170.5 43.5 5
        vertex 170.30867 43.53806 5
        vertex 170.5 43.5 8
    endloop
endfacet
facet normal -0.19508198 0.98078698 0
    outer loop
        vertex 170.5 43.5 5
        vertex 170.5 43.5 8
        vertex 170.69135 43.53806 8
    endloop
endfacet
facet normal -0.55556178 0.83147532 0
    outer loop
        vertex 170.69135 43.53806 5
        vertex 170.69135 43.53806 8
        vertex 170.85356 43.646446 8
    endloop
endfacet
facet normal -0.98079002 0.19506691 0
    outer loop
        vertex 171 44 5
        vertex 170.96194 43.80866 5
        vertex 171 44 8
    endloop
endfacet
facet normal -0.98079002 0.19506691 0
    outer loop
        vertex 170.96194 43.80866 5
        vertex 170.96194 43.80866 8
        vertex 171 44 8
    endloop
endfacet
facet normal -0.8314783 0.55555725 0
    outer loop
        vertex 170.85356 43.646446 5
        vertex 170.96194 43.80866 8
        vertex 170.96194 43.80866 5
    endloop
endfacet
facet normal -0.8314783 0.55555725 0
    outer loop
        vertex 170.85356 43.646446 8
        vertex 170.96194 43.80866 8
        vertex 170.85356 43.646446 5
    endloop
endfacet
facet normal -0.55556178 0.83147532 0
    outer loop
        vertex 170.85356 43.646446 8
        vertex 170.85356 43.646446 5
        vertex 170.69135 43.53806 5
    endloop
endfacet
facet normal -0.19508198 0.98078698 0
    outer loop
        vertex 170.69135 43.53806 8
        vertex 170.69135 43.53806 5
        vertex 170.5 43.5 5
    endloop
endfacet
facet normal 0.19509694 0.980784 0
    outer loop
        vertex 170.30867 43.53806 8
        vertex 170.5 43.5 8
        vertex 170.30867 43.53806 5
    endloop
endfacet
facet normal 0.98079002 0.19506691 0
    outer loop
        vertex 170.03806 43.80866 5
        vertex 170 44 5
        vertex 170 44 8
    endloop
endfacet
facet normal 0.83144218 0.55561131 0
    outer loop
        vertex 170.14645 43.646446 8
        vertex 170.14645 43.646446 5
        vertex 170.03806 43.80866 5
    endloop
endfacet
facet normal 0.9469465 0.32139122 -0
    outer loop
        vertex 169.53537 45.684734 5
        vertex 169.53537 45.684734 8
        vertex 169.59807 45.5 5
    endloop
endfacet
facet normal 0.99786007 -0.065386 0
    outer loop
        vertex 169.54813 45.87941 5
        vertex 169.53537 45.684734 8
        vertex 169.53537 45.684734 5
    endloop
endfacet
facet normal 0.89686579 -0.44230282 0
    outer loop
        vertex 169.63441 46.05438 5
        vertex 169.54813 45.87941 8
        vertex 169.54813 45.87941 5
    endloop
endfacet
facet normal 0.89686579 -0.44230282 0
    outer loop
        vertex 169.63441 46.05438 8
        vertex 169.54813 45.87941 8
        vertex 169.63441 46.05438 5
    endloop
endfacet
facet normal 0.65936798 -0.75182027 0
    outer loop
        vertex 169.78108 46.18301 8
        vertex 169.63441 46.05438 8
        vertex 169.78108 46.18301 5
    endloop
endfacet
facet normal 0.32145539 -0.94692469 0
    outer loop
        vertex 169.78108 46.18301 8
        vertex 169.78108 46.18301 5
        vertex 169.96582 46.245724 5
    endloop
endfacet
facet normal -0.06540165 -0.99785906 -0
    outer loop
        vertex 169.96582 46.245724 8
        vertex 169.96582 46.245724 5
        vertex 170.1605 46.232964 5
    endloop
endfacet
facet normal -0.75183737 -0.65934867 0
    outer loop
        vertex 170.4641 46 5
        vertex 170.4641 46 8
        vertex 170.33546 46.146675 8
    endloop
endfacet
facet normal -0.75183737 -0.65934867 -0
    outer loop
        vertex 170.33546 46.146675 8
        vertex 170.33546 46.146675 5
        vertex 170.4641 46 5
    endloop
endfacet
facet normal -0.44232613 -0.89685434 0
    outer loop
        vertex 170.1605 46.232964 8
        vertex 170.33546 46.146675 5
        vertex 170.33546 46.146675 8
    endloop
endfacet
facet normal -0.44232613 -0.89685434 0
    outer loop
        vertex 170.1605 46.232964 5
        vertex 170.33546 46.146675 5
        vertex 170.1605 46.232964 8
    endloop
endfacet
facet normal -0.06540165 -0.99785906 0
    outer loop
        vertex 170.1605 46.232964 5
        vertex 170.1605 46.232964 8
        vertex 169.96582 46.245724 8
    endloop
endfacet
facet normal 0.32145539 -0.94692469 0
    outer loop
        vertex 169.96582 46.245724 5
        vertex 169.96582 46.245724 8
        vertex 169.78108 46.18301 8
    endloop
endfacet
facet normal 0.65936798 -0.75182027 0
    outer loop
        vertex 169.63441 46.05438 5
        vertex 169.78108 46.18301 5
        vertex 169.63441 46.05438 8
    endloop
endfacet
facet normal 0.9469465 0.32139122 0
    outer loop
        vertex 169.53537 45.684734 8
        vertex 169.59807 45.5 8
        vertex 169.59807 45.5 5
    endloop
endfacet
facet normal 0.99786007 -0.065386 0
    outer loop
        vertex 169.54813 45.87941 5
        vertex 169.54813 45.87941 8
        vertex 169.53537 45.684734 8
    endloop
endfacet
facet normal 0.75179857 0.65939283 0
    outer loop
        vertex 169.72672 45.353325 8
        vertex 169.72672 45.353325 5
        vertex 169.59807 45.5 8
    endloop
endfacet
facet normal 0.44229507 0.8968696 0
    outer loop
        vertex 169.90169 45.267036 8
        vertex 169.72672 45.353325 5
        vertex 169.72672 45.353325 8
    endloop
endfacet
facet normal 0.06538728 0.99786001 0
    outer loop
        vertex 170.09636 45.25428 8
        vertex 169.90169 45.267036 5
        vertex 169.90169 45.267036 8
    endloop
endfacet
facet normal 0.06538728 0.99786001 -0
    outer loop
        vertex 170.09636 45.25428 5
        vertex 169.90169 45.267036 5
        vertex 170.09636 45.25428 8
    endloop
endfacet
facet normal -0.32143787 0.94693059 0
    outer loop
        vertex 170.2811 45.31699 5
        vertex 170.09636 45.25428 5
        vertex 170.2811 45.31699 8
    endloop
endfacet
facet normal -0.65936798 0.75182027 0
    outer loop
        vertex 170.2811 45.31699 5
        vertex 170.2811 45.31699 8
        vertex 170.42776 45.44562 8
    endloop
endfacet
facet normal -0.89686579 0.44230282 0
    outer loop
        vertex 170.42776 45.44562 5
        vertex 170.42776 45.44562 8
        vertex 170.51405 45.62059 8
    endloop
endfacet
facet normal -0.94690096 -0.32152554 0
    outer loop
        vertex 170.4641 46 5
        vertex 170.52682 45.81526 5
        vertex 170.4641 46 8
    endloop
endfacet
facet normal -0.94690096 -0.32152554 0
    outer loop
        vertex 170.52682 45.81526 5
        vertex 170.52682 45.81526 8
        vertex 170.4641 46 8
    endloop
endfacet
facet normal -0.99785483 0.06546516 0
    outer loop
        vertex 170.51405 45.62059 5
        vertex 170.52682 45.81526 8
        vertex 170.52682 45.81526 5
    endloop
endfacet
facet normal -0.99785483 0.06546516 0
    outer loop
        vertex 170.51405 45.62059 8
        vertex 170.52682 45.81526 8
        vertex 170.51405 45.62059 5
    endloop
endfacet
facet normal -0.89686579 0.44230282 0
    outer loop
        vertex 170.51405 45.62059 8
        vertex 170.51405 45.62059 5
        vertex 170.42776 45.44562 5
    endloop
endfacet
facet normal -0.65936798 0.75182027 0
    outer loop
        vertex 170.42776 45.44562 8
        vertex 170.42776 45.44562 5
        vertex 170.2811 45.31699 5
    endloop
endfacet
facet normal -0.32143787 0.94693059 0
    outer loop
        vertex 170.09636 45.25428 8
        vertex 170.2811 45.31699 8
        vertex 170.09636 45.25428 5
    endloop
endfacet
facet normal 0.75179857 0.65939283 0
    outer loop
        vertex 169.72672 45.353325 5
        vertex 169.59807 45.5 5
        vertex 169.59807 45.5 8
    endloop
endfacet
facet normal 0.44229507 0.8968696 0
    outer loop
        vertex 169.90169 45.267036 8
        vertex 169.90169 45.267036 5
        vertex 169.72672 45.353325 5
    endloop
endfacet
facet normal 0.65932924 0.75185436 -0
    outer loop
        vertex 168.35332 46.72671 5
        vertex 168.35332 46.72671 8
        vertex 168.5 46.59808 5
    endloop
endfacet
facet normal 0.89689678 0.44223991 0
    outer loop
        vertex 168.26704 46.90168 5
        vertex 168.35332 46.72671 8
        vertex 168.35332 46.72671 5
    endloop
endfacet
facet normal 0.99785483 0.06546516 0
    outer loop
        vertex 168.25427 47.09635 5
        vertex 168.26704 46.90168 8
        vertex 168.26704 46.90168 5
    endloop
endfacet
facet normal 0.99785483 0.06546516 0
    outer loop
        vertex 168.25427 47.09635 8
        vertex 168.26704 46.90168 8
        vertex 168.25427 47.09635 5
    endloop
endfacet
facet normal 0.94692469 -0.32145539 0
    outer loop
        vertex 168.31699 47.28109 8
        vertex 168.25427 47.09635 8
        vertex 168.31699 47.28109 5
    endloop
endfacet
facet normal 0.75183737 -0.65934867 0
    outer loop
        vertex 168.31699 47.28109 8
        vertex 168.31699 47.28109 5
        vertex 168.44562 47.427765 5
    endloop
endfacet
facet normal 0.44229507 -0.8968696 0
    outer loop
        vertex 168.44562 47.427765 8
        vertex 168.44562 47.427765 5
        vertex 168.62059 47.514053 5
    endloop
endfacet
facet normal -0.3214792 -0.94691664 -0
    outer loop
        vertex 169 47.4641 8
        vertex 168.81528 47.526814 8
        vertex 169 47.4641 5
    endloop
endfacet
facet normal -0.3214792 -0.94691664 -0
    outer loop
        vertex 168.81528 47.526814 8
        vertex 168.81528 47.526814 5
        vertex 169 47.4641 5
    endloop
endfacet
facet normal 0.06540165 -0.99785906 0
    outer loop
        vertex 168.62059 47.514053 8
        vertex 168.81528 47.526814 5
        vertex 168.81528 47.526814 8
    endloop
endfacet
facet normal 0.06540165 -0.99785906 0
    outer loop
        vertex 168.62059 47.514053 5
        vertex 168.81528 47.526814 5
        vertex 168.62059 47.514053 8
    endloop
endfacet
facet normal 0.44229507 -0.8968696 0
    outer loop
        vertex 168.62059 47.514053 5
        vertex 168.62059 47.514053 8
        vertex 168.44562 47.427765 8
    endloop
endfacet
facet normal 0.75183737 -0.65934867 0
    outer loop
        vertex 168.44562 47.427765 5
        vertex 168.44562 47.427765 8
        vertex 168.31699 47.28109 8
    endloop
endfacet
facet normal 0.94692469 -0.32145539 0
    outer loop
        vertex 168.25427 47.09635 5
        vertex 168.31699 47.28109 5
        vertex 168.25427 47.09635 8
    endloop
endfacet
facet normal 0.65932924 0.75185436 0
    outer loop
        vertex 168.35332 46.72671 8
        vertex 168.5 46.59808 8
        vertex 168.5 46.59808 5
    endloop
endfacet
facet normal 0.89689678 0.44223991 -0
    outer loop
        vertex 168.26704 46.90168 5
        vertex 168.26704 46.90168 8
        vertex 168.35332 46.72671 8
    endloop
endfacet
facet normal 0.32143787 0.94693059 0
    outer loop
        vertex 168.68474 46.53537 8
        vertex 168.68474 46.53537 5
        vertex 168.5 46.59808 8
    endloop
endfacet
facet normal -0.06538728 0.99786001 0
    outer loop
        vertex 168.87941 46.548126 8
        vertex 168.68474 46.53537 5
        vertex 168.68474 46.53537 8
    endloop
endfacet
facet normal -0.44232613 0.89685434 0
    outer loop
        vertex 169.05437 46.634415 8
        vertex 168.87941 46.548126 5
        vertex 168.87941 46.548126 8
    endloop
endfacet
facet normal -0.44232613 0.89685434 0
    outer loop
        vertex 169.05437 46.634415 5
        vertex 168.87941 46.548126 5
        vertex 169.05437 46.634415 8
    endloop
endfacet
facet normal -0.75179857 0.65939283 0
    outer loop
        vertex 169.18301 46.78109 5
        vertex 169.05437 46.634415 5
        vertex 169.18301 46.78109 8
    endloop
endfacet
facet normal -0.94692469 0.32145539 0
    outer loop
        vertex 169.18301 46.78109 5
        vertex 169.18301 46.78109 8
        vertex 169.24573 46.965828 8
    endloop
endfacet
facet normal -0.99786001 -0.06538728 0
    outer loop
        vertex 169.24573 46.965828 5
        vertex 169.24573 46.965828 8
        vertex 169.23297 47.1605 8
    endloop
endfacet
facet normal -0.65936798 -0.75182027 -0
    outer loop
        vertex 169 47.4641 8
        vertex 169 47.4641 5
        vertex 169.14667 47.33547 5
    endloop
endfacet
facet normal -0.65936798 -0.75182027 0
    outer loop
        vertex 169.14667 47.33547 5
        vertex 169.14667 47.33547 8
        vertex 169 47.4641 8
    endloop
endfacet
facet normal -0.89683479 -0.44236577 0
    outer loop
        vertex 169.23297 47.1605 5
        vertex 169.14667 47.33547 8
        vertex 169.14667 47.33547 5
    endloop
endfacet
facet normal -0.89683479 -0.44236577 -0
    outer loop
        vertex 169.23297 47.1605 8
        vertex 169.14667 47.33547 8
        vertex 169.23297 47.1605 5
    endloop
endfacet
facet normal -0.99786001 -0.06538728 -0
    outer loop
        vertex 169.23297 47.1605 8
        vertex 169.23297 47.1605 5
        vertex 169.24573 46.965828 5
    endloop
endfacet
facet normal -0.94692469 0.32145539 0
    outer loop
        vertex 169.24573 46.965828 8
        vertex 169.24573 46.965828 5
        vertex 169.18301 46.78109 5
    endloop
endfacet
facet normal -0.75179857 0.65939283 0
    outer loop
        vertex 169.05437 46.634415 8
        vertex 169.18301 46.78109 8
        vertex 169.05437 46.634415 5
    endloop
endfacet
facet normal 0.32143787 0.94693059 0
    outer loop
        vertex 168.68474 46.53537 5
        vertex 168.5 46.59808 5
        vertex 168.5 46.59808 8
    endloop
endfacet
facet normal -0.06538728 0.99786001 0
    outer loop
        vertex 168.87941 46.548126 8
        vertex 168.87941 46.548126 5
        vertex 168.68474 46.53537 5
    endloop
endfacet
facet normal 0.19509694 0.980784 -0
    outer loop
        vertex 166.80867 47.03806 5
        vertex 166.80867 47.03806 8
        vertex 167 47 5
    endloop
endfacet
facet normal 0.55556178 0.83147532 0
    outer loop
        vertex 166.64645 47.146446 5
        vertex 166.80867 47.03806 8
        vertex 166.80867 47.03806 5
    endloop
endfacet
facet normal 0.83144218 0.55561131 0
    outer loop
        vertex 166.53806 47.30866 5
        vertex 166.64645 47.146446 8
        vertex 166.64645 47.146446 5
    endloop
endfacet
facet normal 0.83144218 0.55561131 0
    outer loop
        vertex 166.53806 47.30866 8
        vertex 166.64645 47.146446 8
        vertex 166.53806 47.30866 5
    endloop
endfacet
facet normal 0.98079002 0.19506691 0
    outer loop
        vertex 166.5 47.5 8
        vertex 166.53806 47.30866 8
        vertex 166.5 47.5 5
    endloop
endfacet
facet normal 0.98079002 -0.19506691 0
    outer loop
        vertex 166.5 47.5 8
        vertex 166.5 47.5 5
        vertex 166.53806 47.69134 5
    endloop
endfacet
facet normal 0.8314361 -0.55562037 0
    outer loop
        vertex 166.53806 47.69134 8
        vertex 166.53806 47.69134 5
        vertex 166.64645 47.85355 5
    endloop
endfacet
facet normal 0.19509694 -0.980784 0
    outer loop
        vertex 167 48 8
        vertex 166.80867 47.96194 8
        vertex 167 48 5
    endloop
endfacet
facet normal 0.19509694 -0.980784 0
    outer loop
        vertex 166.80867 47.96194 8
        vertex 166.80867 47.96194 5
        vertex 167 48 5
    endloop
endfacet
facet normal 0.55557525 -0.83146626 0
    outer loop
        vertex 166.64645 47.85355 8
        vertex 166.80867 47.96194 5
        vertex 166.80867 47.96194 8
    endloop
endfacet
facet normal 0.55557525 -0.83146626 0
    outer loop
        vertex 166.64645 47.85355 5
        vertex 166.80867 47.96194 5
        vertex 166.64645 47.85355 8
    endloop
endfacet
facet normal 0.8314361 -0.55562037 0
    outer loop
        vertex 166.64645 47.85355 5
        vertex 166.64645 47.85355 8
        vertex 166.53806 47.69134 8
    endloop
endfacet
facet normal 0.98079002 -0.19506691 0
    outer loop
        vertex 166.53806 47.69134 5
        vertex 166.53806 47.69134 8
        vertex 166.5 47.5 8
    endloop
endfacet
facet normal 0.98079002 0.19506691 -0
    outer loop
        vertex 166.53806 47.30866 5
        vertex 166.5 47.5 5
        vertex 166.53806 47.30866 8
    endloop
endfacet
facet normal 0.19509694 0.980784 0
    outer loop
        vertex 166.80867 47.03806 8
        vertex 167 47 8
        vertex 167 47 5
    endloop
endfacet
facet normal 0.55556178 0.83147532 -0
    outer loop
        vertex 166.64645 47.146446 5
        vertex 166.64645 47.146446 8
        vertex 166.80867 47.03806 8
    endloop
endfacet
facet normal -0.19508198 0.98078698 0
    outer loop
        vertex 167.19135 47.03806 8
        vertex 167.19135 47.03806 5
        vertex 167 47 8
    endloop
endfacet
facet normal -0.55556178 0.83147532 0
    outer loop
        vertex 167.35356 47.146446 8
        vertex 167.19135 47.03806 5
        vertex 167.19135 47.03806 8
    endloop
endfacet
facet normal -0.8314783 0.55555725 0
    outer loop
        vertex 167.46194 47.30866 8
        vertex 167.35356 47.146446 5
        vertex 167.35356 47.146446 8
    endloop
endfacet
facet normal -0.8314783 0.55555725 0
    outer loop
        vertex 167.46194 47.30866 5
        vertex 167.35356 47.146446 5
        vertex 167.46194 47.30866 8
    endloop
endfacet
facet normal -0.98079002 0.19506691 0
    outer loop
        vertex 167.5 47.5 5
        vertex 167.46194 47.30866 5
        vertex 167.5 47.5 8
    endloop
endfacet
facet normal -0.98079002 -0.19506691 0
    outer loop
        vertex 167.5 47.5 5
        vertex 167.5 47.5 8
        vertex 167.46194 47.69134 8
    endloop
endfacet
facet normal -0.83147222 -0.55556625 0
    outer loop
        vertex 167.46194 47.69134 5
        vertex 167.46194 47.69134 8
        vertex 167.35356 47.85355 8
    endloop
endfacet
facet normal -0.19508198 -0.98078698 0
    outer loop
        vertex 167 48 5
        vertex 167.19135 47.96194 5
        vertex 167 48 8
    endloop
endfacet
facet normal -0.19508198 -0.98078698 0
    outer loop
        vertex 167.19135 47.96194 5
        vertex 167.19135 47.96194 8
        vertex 167 48 8
    endloop
endfacet
facet normal -0.55557525 -0.83146626 0
    outer loop
        vertex 167.35356 47.85355 5
        vertex 167.19135 47.96194 8
        vertex 167.19135 47.96194 5
    endloop
endfacet
facet normal -0.55557525 -0.83146626 -0
    outer loop
        vertex 167.35356 47.85355 8
        vertex 167.19135 47.96194 8
        vertex 167.35356 47.85355 5
    endloop
endfacet
facet normal -0.83147222 -0.55556625 -0
    outer loop
        vertex 167.35356 47.85355 8
        vertex 167.35356 47.85355 5
        vertex 167.46194 47.69134 5
    endloop
endfacet
facet normal -0.98079002 -0.19506691 -0
    outer loop
        vertex 167.46194 47.69134 8
        vertex 167.46194 47.69134 5
        vertex 167.5 47.5 5
    endloop
endfacet
facet normal -0.98079002 0.19506691 0
    outer loop
        vertex 167.46194 47.30866 8
        vertex 167.5 47.5 8
        vertex 167.46194 47.30866 5
    endloop
endfacet
facet normal -0.19508198 0.98078698 0
    outer loop
        vertex 167.19135 47.03806 5
        vertex 167 47 5
        vertex 167 47 8
    endloop
endfacet
facet normal -0.55556178 0.83147532 0
    outer loop
        vertex 167.35356 47.146446 8
        vertex 167.35356 47.146446 5
        vertex 167.19135 47.03806 5
    endloop
endfacet
facet normal -0.32146171 0.9469226 0
    outer loop
        vertex 165.31528 46.53537 5
        vertex 165.31528 46.53537 8
        vertex 165.5 46.59808 5
    endloop
endfacet
facet normal 0.06538218 0.99786031 0
    outer loop
        vertex 165.12059 46.548126 5
        vertex 165.31528 46.53537 8
        vertex 165.31528 46.53537 5
    endloop
endfacet
facet normal 0.44229507 0.8968696 0
    outer loop
        vertex 164.94562 46.634415 5
        vertex 165.12059 46.548126 8
        vertex 165.12059 46.548126 5
    endloop
endfacet
facet normal 0.44229507 0.8968696 0
    outer loop
        vertex 164.94562 46.634415 8
        vertex 165.12059 46.548126 8
        vertex 164.94562 46.634415 5
    endloop
endfacet
facet normal 0.75183737 0.65934867 0
    outer loop
        vertex 164.81699 46.78109 8
        vertex 164.94562 46.634415 8
        vertex 164.81699 46.78109 5
    endloop
endfacet
facet normal 0.94692469 0.32145539 0
    outer loop
        vertex 164.81699 46.78109 8
        vertex 164.81699 46.78109 5
        vertex 164.75427 46.965828 5
    endloop
endfacet
facet normal 0.99785483 -0.06546516 0
    outer loop
        vertex 164.75427 46.965828 8
        vertex 164.75427 46.965828 5
        vertex 164.76704 47.1605 5
    endloop
endfacet
facet normal 0.65932924 -0.75185436 0
    outer loop
        vertex 165 47.4641 5
        vertex 165 47.4641 8
        vertex 164.85332 47.33547 8
    endloop
endfacet
facet normal 0.65932924 -0.75185436 0
    outer loop
        vertex 164.85332 47.33547 8
        vertex 164.85332 47.33547 5
        vertex 165 47.4641 5
    endloop
endfacet
facet normal 0.89689678 -0.44223991 0
    outer loop
        vertex 164.76704 47.1605 8
        vertex 164.85332 47.33547 5
        vertex 164.85332 47.33547 8
    endloop
endfacet
facet normal 0.89689678 -0.44223991 0
    outer loop
        vertex 164.76704 47.1605 5
        vertex 164.85332 47.33547 5
        vertex 164.76704 47.1605 8
    endloop
endfacet
facet normal 0.99785483 -0.06546516 0
    outer loop
        vertex 164.76704 47.1605 5
        vertex 164.76704 47.1605 8
        vertex 164.75427 46.965828 8
    endloop
endfacet
facet normal 0.94692469 0.32145539 -0
    outer loop
        vertex 164.75427 46.965828 5
        vertex 164.75427 46.965828 8
        vertex 164.81699 46.78109 8
    endloop
endfacet
facet normal 0.75183737 0.65934867 -0
    outer loop
        vertex 164.94562 46.634415 5
        vertex 164.81699 46.78109 5
        vertex 164.94562 46.634415 8
    endloop
endfacet
facet normal -0.32146171 0.9469226 0
    outer loop
        vertex 165.31528 46.53537 8
        vertex 165.5 46.59808 8
        vertex 165.5 46.59808 5
    endloop
endfacet
facet normal 0.06538218 0.99786031 -0
    outer loop
        vertex 165.12059 46.548126 5
        vertex 165.12059 46.548126 8
        vertex 165.31528 46.53537 8
    endloop
endfacet
facet normal -0.65936798 0.75182027 0
    outer loop
        vertex 165.64667 46.72671 8
        vertex 165.64667 46.72671 5
        vertex 165.5 46.59808 8
    endloop
endfacet
facet normal -0.89683479 0.44236577 0
    outer loop
        vertex 165.73297 46.90168 8
        vertex 165.64667 46.72671 5
        vertex 165.64667 46.72671 8
    endloop
endfacet
facet normal -0.99786001 0.06538728 0
    outer loop
        vertex 165.74573 47.09635 8
        vertex 165.73297 46.90168 5
        vertex 165.73297 46.90168 8
    endloop
endfacet
facet normal -0.99786001 0.06538728 0
    outer loop
        vertex 165.74573 47.09635 5
        vertex 165.73297 46.90168 5
        vertex 165.74573 47.09635 8
    endloop
endfacet
facet normal -0.94692469 -0.32145539 0
    outer loop
        vertex 165.68301 47.28109 5
        vertex 165.74573 47.09635 5
        vertex 165.68301 47.28109 8
    endloop
endfacet
facet normal -0.75179857 -0.65939283 0
    outer loop
        vertex 165.68301 47.28109 5
        vertex 165.68301 47.28109 8
        vertex 165.55437 47.427765 8
    endloop
endfacet
facet normal -0.44232613 -0.89685434 0
    outer loop
        vertex 165.55437 47.427765 5
        vertex 165.55437 47.427765 8
        vertex 165.37941 47.514053 8
    endloop
endfacet
facet normal 0.32145539 -0.94692469 0
    outer loop
        vertex 165 47.4641 5
        vertex 165.18474 47.526814 5
        vertex 165 47.4641 8
    endloop
endfacet
facet normal 0.32145539 -0.94692469 0
    outer loop
        vertex 165.18474 47.526814 5
        vertex 165.18474 47.526814 8
        vertex 165 47.4641 8
    endloop
endfacet
facet normal -0.06540675 -0.99785864 0
    outer loop
        vertex 165.37941 47.514053 5
        vertex 165.18474 47.526814 8
        vertex 165.18474 47.526814 5
    endloop
endfacet
facet normal -0.06540675 -0.99785864 -0
    outer loop
        vertex 165.37941 47.514053 8
        vertex 165.18474 47.526814 8
        vertex 165.37941 47.514053 5
    endloop
endfacet
facet normal -0.44232613 -0.89685434 -0
    outer loop
        vertex 165.37941 47.514053 8
        vertex 165.37941 47.514053 5
        vertex 165.55437 47.427765 5
    endloop
endfacet
facet normal -0.75179857 -0.65939283 -0
    outer loop
        vertex 165.55437 47.427765 8
        vertex 165.55437 47.427765 5
        vertex 165.68301 47.28109 5
    endloop
endfacet
facet normal -0.94692469 -0.32145539 -0
    outer loop
        vertex 165.74573 47.09635 8
        vertex 165.68301 47.28109 8
        vertex 165.74573 47.09635 5
    endloop
endfacet
facet normal -0.65936798 0.75182027 0
    outer loop
        vertex 165.64667 46.72671 5
        vertex 165.5 46.59808 5
        vertex 165.5 46.59808 8
    endloop
endfacet
facet normal -0.89683479 0.44236577 0
    outer loop
        vertex 165.73297 46.90168 8
        vertex 165.73297 46.90168 5
        vertex 165.64667 46.72671 5
    endloop
endfacet
facet normal -0.75183737 0.65934867 0
    outer loop
        vertex 164.27328 45.353325 5
        vertex 164.27328 45.353325 8
        vertex 164.40192 45.5 5
    endloop
endfacet
facet normal -0.44232613 0.89685434 0
    outer loop
        vertex 164.09833 45.267036 5
        vertex 164.27328 45.353325 8
        vertex 164.27328 45.353325 5
    endloop
endfacet
facet normal -0.06538218 0.99786031 0
    outer loop
        vertex 163.90364 45.25428 5
        vertex 164.09833 45.267036 8
        vertex 164.09833 45.267036 5
    endloop
endfacet
facet normal -0.06538218 0.99786031 0
    outer loop
        vertex 163.90364 45.25428 8
        vertex 164.09833 45.267036 8
        vertex 163.90364 45.25428 5
    endloop
endfacet
facet normal 0.32143787 0.94693059 0
    outer loop
        vertex 163.7189 45.31699 8
        vertex 163.90364 45.25428 8
        vertex 163.7189 45.31699 5
    endloop
endfacet
facet normal 0.65936798 0.75182027 0
    outer loop
        vertex 163.7189 45.31699 8
        vertex 163.7189 45.31699 5
        vertex 163.57224 45.44562 5
    endloop
endfacet
facet normal 0.89686579 0.44230282 0
    outer loop
        vertex 163.57224 45.44562 8
        vertex 163.57224 45.44562 5
        vertex 163.48595 45.62059 5
    endloop
endfacet
facet normal 0.94694847 -0.32138523 0
    outer loop
        vertex 163.53589 46 8
        vertex 163.47319 45.81526 8
        vertex 163.53589 46 5
    endloop
endfacet
facet normal 0.94694847 -0.32138523 0
    outer loop
        vertex 163.47319 45.81526 8
        vertex 163.47319 45.81526 5
        vertex 163.53589 46 5
    endloop
endfacet
facet normal 0.99786001 0.06538728 0
    outer loop
        vertex 163.48595 45.62059 8
        vertex 163.47319 45.81526 5
        vertex 163.47319 45.81526 8
    endloop
endfacet
facet normal 0.99786001 0.06538728 -0
    outer loop
        vertex 163.48595 45.62059 5
        vertex 163.47319 45.81526 5
        vertex 163.48595 45.62059 8
    endloop
endfacet
facet normal 0.89686579 0.44230282 -0
    outer loop
        vertex 163.48595 45.62059 5
        vertex 163.48595 45.62059 8
        vertex 163.57224 45.44562 8
    endloop
endfacet
facet normal 0.65936798 0.75182027 -0
    outer loop
        vertex 163.57224 45.44562 5
        vertex 163.57224 45.44562 8
        vertex 163.7189 45.31699 8
    endloop
endfacet
facet normal 0.32143787 0.94693059 -0
    outer loop
        vertex 163.90364 45.25428 5
        vertex 163.7189 45.31699 5
        vertex 163.90364 45.25428 8
    endloop
endfacet
facet normal -0.75183737 0.65934867 0
    outer loop
        vertex 164.27328 45.353325 8
        vertex 164.40192 45.5 8
        vertex 164.40192 45.5 5
    endloop
endfacet
facet normal -0.44232613 0.89685434 0
    outer loop
        vertex 164.09833 45.267036 5
        vertex 164.09833 45.267036 8
        vertex 164.27328 45.353325 8
    endloop
endfacet
facet normal -0.9469226 0.32146132 0
    outer loop
        vertex 164.46463 45.684734 8
        vertex 164.46463 45.684734 5
        vertex 164.40192 45.5 8
    endloop
endfacet
facet normal -0.99786007 -0.065386 0
    outer loop
        vertex 164.45187 45.87941 8
        vertex 164.46463 45.684734 5
        vertex 164.46463 45.684734 8
    endloop
endfacet
facet normal -0.89686579 -0.44230282 0
    outer loop
        vertex 164.36559 46.05438 8
        vertex 164.45187 45.87941 5
        vertex 164.45187 45.87941 8
    endloop
endfacet
facet normal -0.89686579 -0.44230282 0
    outer loop
        vertex 164.36559 46.05438 5
        vertex 164.45187 45.87941 5
        vertex 164.36559 46.05438 8
    endloop
endfacet
facet normal -0.65932924 -0.75185436 0
    outer loop
        vertex 164.2189 46.18301 5
        vertex 164.36559 46.05438 5
        vertex 164.2189 46.18301 8
    endloop
endfacet
facet normal -0.3214792 -0.94691664 0
    outer loop
        vertex 164.2189 46.18301 5
        vertex 164.2189 46.18301 8
        vertex 164.03418 46.245724 8
    endloop
endfacet
facet normal 0.06540675 -0.99785864 0
    outer loop
        vertex 164.03418 46.245724 5
        vertex 164.03418 46.245724 8
        vertex 163.83951 46.232964 8
    endloop
endfacet
facet normal 0.75179857 -0.65939283 0
    outer loop
        vertex 163.53589 46 8
        vertex 163.53589 46 5
        vertex 163.66454 46.146675 5
    endloop
endfacet
facet normal 0.75179857 -0.65939283 0
    outer loop
        vertex 163.66454 46.146675 5
        vertex 163.66454 46.146675 8
        vertex 163.53589 46 8
    endloop
endfacet
facet normal 0.44229507 -0.8968696 0
    outer loop
        vertex 163.83951 46.232964 5
        vertex 163.66454 46.146675 8
        vertex 163.66454 46.146675 5
    endloop
endfacet
facet normal 0.44229507 -0.8968696 0
    outer loop
        vertex 163.83951 46.232964 8
        vertex 163.66454 46.146675 8
        vertex 163.83951 46.232964 5
    endloop
endfacet
facet normal 0.06540675 -0.99785864 0
    outer loop
        vertex 163.83951 46.232964 8
        vertex 163.83951 46.232964 5
        vertex 164.03418 46.245724 5
    endloop
endfacet
facet normal -0.3214792 -0.94691664 -0
    outer loop
        vertex 164.03418 46.245724 8
        vertex 164.03418 46.245724 5
        vertex 164.2189 46.18301 5
    endloop
endfacet
facet normal -0.65932924 -0.75185436 -0
    outer loop
        vertex 164.36559 46.05438 8
        vertex 164.2189 46.18301 8
        vertex 164.36559 46.05438 5
    endloop
endfacet
facet normal -0.9469226 0.32146132 0
    outer loop
        vertex 164.46463 45.684734 5
        vertex 164.40192 45.5 5
        vertex 164.40192 45.5 8
    endloop
endfacet
facet normal -0.99786007 -0.065386 -0
    outer loop
        vertex 164.45187 45.87941 8
        vertex 164.45187 45.87941 5
        vertex 164.46463 45.684734 5
    endloop
endfacet
facet normal -0.98079002 0.19506691 0
    outer loop
        vertex 163.96194 43.80866 5
        vertex 163.96194 43.80866 8
        vertex 164 44 5
    endloop
endfacet
facet normal -0.8314783 0.55555725 0
    outer loop
        vertex 163.85356 43.646446 5
        vertex 163.96194 43.80866 8
        vertex 163.96194 43.80866 5
    endloop
endfacet
facet normal -0.55556178 0.83147532 0
    outer loop
        vertex 163.69135 43.53806 5
        vertex 163.85356 43.646446 8
        vertex 163.85356 43.646446 5
    endloop
endfacet
facet normal -0.55556178 0.83147532 0
    outer loop
        vertex 163.69135 43.53806 8
        vertex 163.85356 43.646446 8
        vertex 163.69135 43.53806 5
    endloop
endfacet
facet normal -0.19508198 0.98078698 0
    outer loop
        vertex 163.5 43.5 8
        vertex 163.69135 43.53806 8
        vertex 163.5 43.5 5
    endloop
endfacet
facet normal 0.19509694 0.980784 0
    outer loop
        vertex 163.5 43.5 8
        vertex 163.5 43.5 5
        vertex 163.30867 43.53806 5
    endloop
endfacet
facet normal 0.55556178 0.83147532 0
    outer loop
        vertex 163.30867 43.53806 8
        vertex 163.30867 43.53806 5
        vertex 163.14645 43.646446 5
    endloop
endfacet
facet normal 0.98079002 0.19506691 0
    outer loop
        vertex 163 44 8
        vertex 163.03806 43.80866 8
        vertex 163 44 5
    endloop
endfacet
facet normal 0.98079002 0.19506691 0
    outer loop
        vertex 163.03806 43.80866 8
        vertex 163.03806 43.80866 5
        vertex 163 44 5
    endloop
endfacet
facet normal 0.83144218 0.55561131 0
    outer loop
        vertex 163.14645 43.646446 8
        vertex 163.03806 43.80866 5
        vertex 163.03806 43.80866 8
    endloop
endfacet
facet normal 0.83144218 0.55561131 -0
    outer loop
        vertex 163.14645 43.646446 5
        vertex 163.03806 43.80866 5
        vertex 163.14645 43.646446 8
    endloop
endfacet
facet normal 0.55556178 0.83147532 -0
    outer loop
        vertex 163.14645 43.646446 5
        vertex 163.14645 43.646446 8
        vertex 163.30867 43.53806 8
    endloop
endfacet
facet normal 0.19509694 0.980784 -0
    outer loop
        vertex 163.30867 43.53806 5
        vertex 163.30867 43.53806 8
        vertex 163.5 43.5 8
    endloop
endfacet
facet normal -0.19508198 0.98078698 0
    outer loop
        vertex 163.69135 43.53806 5
        vertex 163.5 43.5 5
        vertex 163.69135 43.53806 8
    endloop
endfacet
facet normal -0.98079002 0.19506691 0
    outer loop
        vertex 163.96194 43.80866 8
        vertex 164 44 8
        vertex 164 44 5
    endloop
endfacet
facet normal -0.8314783 0.55555725 0
    outer loop
        vertex 163.85356 43.646446 5
        vertex 163.85356 43.646446 8
        vertex 163.96194 43.80866 8
    endloop
endfacet
facet normal -0.98079002 -0.19506691 -0
    outer loop
        vertex 163.96194 44.19134 8
        vertex 163.96194 44.19134 5
        vertex 164 44 8
    endloop
endfacet
facet normal -0.8314783 -0.55555725 0
    outer loop
        vertex 163.85356 44.353554 8
        vertex 163.96194 44.19134 5
        vertex 163.96194 44.19134 8
    endloop
endfacet
facet normal -0.55556178 -0.83147532 0
    outer loop
        vertex 163.69135 44.46194 8
        vertex 163.85356 44.353554 5
        vertex 163.85356 44.353554 8
    endloop
endfacet
facet normal -0.55556178 -0.83147532 0
    outer loop
        vertex 163.69135 44.46194 5
        vertex 163.85356 44.353554 5
        vertex 163.69135 44.46194 8
    endloop
endfacet
facet normal -0.19508198 -0.98078698 0
    outer loop
        vertex 163.5 44.5 5
        vertex 163.69135 44.46194 5
        vertex 163.5 44.5 8
    endloop
endfacet
facet normal 0.19509694 -0.980784 0
    outer loop
        vertex 163.5 44.5 5
        vertex 163.5 44.5 8
        vertex 163.30867 44.46194 8
    endloop
endfacet
facet normal 0.55556178 -0.83147532 0
    outer loop
        vertex 163.30867 44.46194 5
        vertex 163.30867 44.46194 8
        vertex 163.14645 44.353554 8
    endloop
endfacet
facet normal 0.98079002 -0.19506691 0
    outer loop
        vertex 163 44 5
        vertex 163.03806 44.19134 5
        vertex 163 44 8
    endloop
endfacet
facet normal 0.98079002 -0.19506691 0
    outer loop
        vertex 163.03806 44.19134 5
        vertex 163.03806 44.19134 8
        vertex 163 44 8
    endloop
endfacet
facet normal 0.83144218 -0.55561131 0
    outer loop
        vertex 163.14645 44.353554 5
        vertex 163.03806 44.19134 8
        vertex 163.03806 44.19134 5
    endloop
endfacet
facet normal 0.83144218 -0.55561131 0
    outer loop
        vertex 163.14645 44.353554 8
        vertex 163.03806 44.19134 8
        vertex 163.14645 44.353554 5
    endloop
endfacet
facet normal 0.55556178 -0.83147532 0
    outer loop
        vertex 163.14645 44.353554 8
        vertex 163.14645 44.353554 5
        vertex 163.30867 44.46194 5
    endloop
endfacet
facet normal 0.19509694 -0.980784 0
    outer loop
        vertex 163.30867 44.46194 8
        vertex 163.30867 44.46194 5
        vertex 163.5 44.5 5
    endloop
endfacet
facet normal -0.19508198 -0.98078698 -0
    outer loop
        vertex 163.69135 44.46194 8
        vertex 163.5 44.5 8
        vertex 163.69135 44.46194 5
    endloop
endfacet
facet normal -0.98079002 -0.19506691 0
    outer loop
        vertex 163.96194 44.19134 5
        vertex 164 44 5
        vertex 164 44 8
    endloop
endfacet
facet normal -0.8314783 -0.55555725 -0
    outer loop
        vertex 163.85356 44.353554 8
        vertex 163.85356 44.353554 5
        vertex 163.96194 44.19134 5
    endloop
endfacet
facet normal -0.94692469 -0.32145539 0
    outer loop
        vertex 164.46463 42.31526 5
        vertex 164.46463 42.31526 8
        vertex 164.40192 42.5 5
    endloop
endfacet
facet normal -0.99786001 0.06538728 0
    outer loop
        vertex 164.45187 42.12059 5
        vertex 164.46463 42.31526 8
        vertex 164.46463 42.31526 5
    endloop
endfacet
facet normal -0.89686579 0.44230282 0
    outer loop
        vertex 164.36559 41.94562 5
        vertex 164.45187 42.12059 8
        vertex 164.45187 42.12059 5
    endloop
endfacet
facet normal -0.89686579 0.44230282 0
    outer loop
        vertex 164.36559 41.94562 8
        vertex 164.45187 42.12059 8
        vertex 164.36559 41.94562 5
    endloop
endfacet
facet normal -0.65932924 0.75185436 0
    outer loop
        vertex 164.2189 41.81699 8
        vertex 164.36559 41.94562 8
        vertex 164.2189 41.81699 5
    endloop
endfacet
facet normal -0.32146171 0.9469226 0
    outer loop
        vertex 164.2189 41.81699 8
        vertex 164.2189 41.81699 5
        vertex 164.03418 41.75428 5
    endloop
endfacet
facet normal 0.06540675 0.99785864 0
    outer loop
        vertex 164.03418 41.75428 8
        vertex 164.03418 41.75428 5
        vertex 163.83951 41.76704 5
    endloop
endfacet
facet normal 0.75179857 0.65939283 -0
    outer loop
        vertex 163.53589 42 5
        vertex 163.53589 42 8
        vertex 163.66454 41.853325 8
    endloop
endfacet
facet normal 0.75179857 0.65939283 0
    outer loop
        vertex 163.66454 41.853325 8
        vertex 163.66454 41.853325 5
        vertex 163.53589 42 5
    endloop
endfacet
facet normal 0.44227934 0.89687735 0
    outer loop
        vertex 163.83951 41.76704 8
        vertex 163.66454 41.853325 5
        vertex 163.66454 41.853325 8
    endloop
endfacet
facet normal 0.44227934 0.89687735 -0
    outer loop
        vertex 163.83951 41.76704 5
        vertex 163.66454 41.853325 5
        vertex 163.83951 41.76704 8
    endloop
endfacet
facet normal 0.06540675 0.99785864 -0
    outer loop
        vertex 163.83951 41.76704 5
        vertex 163.83951 41.76704 8
        vertex 164.03418 41.75428 8
    endloop
endfacet
facet normal -0.32146171 0.9469226 0
    outer loop
        vertex 164.03418 41.75428 5
        vertex 164.03418 41.75428 8
        vertex 164.2189 41.81699 8
    endloop
endfacet
facet normal -0.65932924 0.75185436 0
    outer loop
        vertex 164.36559 41.94562 5
        vertex 164.2189 41.81699 5
        vertex 164.36559 41.94562 8
    endloop
endfacet
facet normal -0.94692469 -0.32145539 0
    outer loop
        vertex 164.46463 42.31526 8
        vertex 164.40192 42.5 8
        vertex 164.40192 42.5 5
    endloop
endfacet
facet normal -0.99786001 0.06538728 0
    outer loop
        vertex 164.45187 42.12059 5
        vertex 164.45187 42.12059 8
        vertex 164.46463 42.31526 8
    endloop
endfacet
facet normal -0.75183737 -0.65934867 -0
    outer loop
        vertex 164.27328 42.646675 8
        vertex 164.27328 42.646675 5
        vertex 164.40192 42.5 8
    endloop
endfacet
facet normal -0.44231033 -0.89686197 0
    outer loop
        vertex 164.09833 42.73296 8
        vertex 164.27328 42.646675 5
        vertex 164.27328 42.646675 8
    endloop
endfacet
facet normal -0.06540165 -0.99785906 0
    outer loop
        vertex 163.90364 42.74572 8
        vertex 164.09833 42.73296 5
        vertex 164.09833 42.73296 8
    endloop
endfacet
facet normal -0.06540165 -0.99785906 0
    outer loop
        vertex 163.90364 42.74572 5
        vertex 164.09833 42.73296 5
        vertex 163.90364 42.74572 8
    endloop
endfacet
facet normal 0.32143787 -0.94693059 0
    outer loop
        vertex 163.7189 42.68301 5
        vertex 163.90364 42.74572 5
        vertex 163.7189 42.68301 8
    endloop
endfacet
facet normal 0.65936798 -0.75182027 0
    outer loop
        vertex 163.7189 42.68301 5
        vertex 163.7189 42.68301 8
        vertex 163.57224 42.55438 8
    endloop
endfacet
facet normal 0.89686579 -0.44230282 0
    outer loop
        vertex 163.57224 42.55438 5
        vertex 163.57224 42.55438 8
        vertex 163.48595 42.37941 8
    endloop
endfacet
facet normal 0.94694847 0.32138523 -0
    outer loop
        vertex 163.53589 42 5
        vertex 163.47319 42.18474 5
        vertex 163.53589 42 8
    endloop
endfacet
facet normal 0.94694847 0.32138523 -0
    outer loop
        vertex 163.47319 42.18474 5
        vertex 163.47319 42.18474 8
        vertex 163.53589 42 8
    endloop
endfacet
facet normal 0.99786001 -0.06538728 0
    outer loop
        vertex 163.48595 42.37941 5
        vertex 163.47319 42.18474 8
        vertex 163.47319 42.18474 5
    endloop
endfacet
facet normal 0.99786001 -0.06538728 0
    outer loop
        vertex 163.48595 42.37941 8
        vertex 163.47319 42.18474 8
        vertex 163.48595 42.37941 5
    endloop
endfacet
facet normal 0.89686579 -0.44230282 0
    outer loop
        vertex 163.48595 42.37941 8
        vertex 163.48595 42.37941 5
        vertex 163.57224 42.55438 5
    endloop
endfacet
facet normal 0.65936798 -0.75182027 0
    outer loop
        vertex 163.57224 42.55438 8
        vertex 163.57224 42.55438 5
        vertex 163.7189 42.68301 5
    endloop
endfacet
facet normal 0.32143787 -0.94693059 0
    outer loop
        vertex 163.90364 42.74572 8
        vertex 163.7189 42.68301 8
        vertex 163.90364 42.74572 5
    endloop
endfacet
facet normal -0.75183737 -0.65934867 0
    outer loop
        vertex 164.27328 42.646675 5
        vertex 164.40192 42.5 5
        vertex 164.40192 42.5 8
    endloop
endfacet
facet normal -0.44231033 -0.89686197 -0
    outer loop
        vertex 164.09833 42.73296 8
        vertex 164.09833 42.73296 5
        vertex 164.27328 42.646675 5
    endloop
endfacet
facet normal -0.65936798 -0.75182027 0
    outer loop
        vertex 165.64667 41.27329 5
        vertex 165.64667 41.27329 8
        vertex 165.5 41.40192 5
    endloop
endfacet
facet normal -0.89683479 -0.44236577 0
    outer loop
        vertex 165.73297 41.09832 5
        vertex 165.64667 41.27329 8
        vertex 165.64667 41.27329 5
    endloop
endfacet
facet normal -0.99786001 -0.06538728 0
    outer loop
        vertex 165.74573 40.90365 5
        vertex 165.73297 41.09832 8
        vertex 165.73297 41.09832 5
    endloop
endfacet
facet normal -0.99786001 -0.06538728 -0
    outer loop
        vertex 165.74573 40.90365 8
        vertex 165.73297 41.09832 8
        vertex 165.74573 40.90365 5
    endloop
endfacet
facet normal -0.94692469 0.32145539 0
    outer loop
        vertex 165.68301 40.71891 8
        vertex 165.74573 40.90365 8
        vertex 165.68301 40.71891 5
    endloop
endfacet
facet normal -0.75179857 0.65939283 0
    outer loop
        vertex 165.68301 40.71891 8
        vertex 165.68301 40.71891 5
        vertex 165.55437 40.572235 5
    endloop
endfacet
facet normal -0.44232613 0.89685434 0
    outer loop
        vertex 165.55437 40.572235 8
        vertex 165.55437 40.572235 5
        vertex 165.37941 40.485947 5
    endloop
endfacet
facet normal 0.32143787 0.94693059 0
    outer loop
        vertex 165 40.5359 8
        vertex 165.18474 40.47319 8
        vertex 165 40.5359 5
    endloop
endfacet
facet normal 0.32143787 0.94693059 0
    outer loop
        vertex 165.18474 40.47319 8
        vertex 165.18474 40.47319 5
        vertex 165 40.5359 5
    endloop
endfacet
facet normal -0.06538728 0.99786001 0
    outer loop
        vertex 165.37941 40.485947 8
        vertex 165.18474 40.47319 5
        vertex 165.18474 40.47319 8
    endloop
endfacet
facet normal -0.06538728 0.99786001 0
    outer loop
        vertex 165.37941 40.485947 5
        vertex 165.18474 40.47319 5
        vertex 165.37941 40.485947 8
    endloop
endfacet
facet normal -0.44232613 0.89685434 0
    outer loop
        vertex 165.37941 40.485947 5
        vertex 165.37941 40.485947 8
        vertex 165.55437 40.572235 8
    endloop
endfacet
facet normal -0.75179857 0.65939283 0
    outer loop
        vertex 165.55437 40.572235 5
        vertex 165.55437 40.572235 8
        vertex 165.68301 40.71891 8
    endloop
endfacet
facet normal -0.94692469 0.32145539 0
    outer loop
        vertex 165.74573 40.90365 5
        vertex 165.68301 40.71891 5
        vertex 165.74573 40.90365 8
    endloop
endfacet
facet normal -0.65936798 -0.75182027 0
    outer loop
        vertex 165.64667 41.27329 8
        vertex 165.5 41.40192 8
        vertex 165.5 41.40192 5
    endloop
endfacet
facet normal -0.89683479 -0.44236577 0
    outer loop
        vertex 165.73297 41.09832 5
        vertex 165.73297 41.09832 8
        vertex 165.64667 41.27329 8
    endloop
endfacet
facet normal -0.32146171 -0.9469226 -0
    outer loop
        vertex 165.31528 41.46463 8
        vertex 165.31528 41.46463 5
        vertex 165.5 41.40192 8
    endloop
endfacet
facet normal 0.06538218 -0.99786031 0
    outer loop
        vertex 165.12059 41.451874 8
        vertex 165.31528 41.46463 5
        vertex 165.31528 41.46463 8
    endloop
endfacet
facet normal 0.44229507 -0.8968696 0
    outer loop
        vertex 164.94562 41.365585 8
        vertex 165.12059 41.451874 5
        vertex 165.12059 41.451874 8
    endloop
endfacet
facet normal 0.44229507 -0.8968696 0
    outer loop
        vertex 164.94562 41.365585 5
        vertex 165.12059 41.451874 5
        vertex 164.94562 41.365585 8
    endloop
endfacet
facet normal 0.75183737 -0.65934867 0
    outer loop
        vertex 164.81699 41.21891 5
        vertex 164.94562 41.365585 5
        vertex 164.81699 41.21891 8
    endloop
endfacet
facet normal 0.94692469 -0.32145539 0
    outer loop
        vertex 164.81699 41.21891 5
        vertex 164.81699 41.21891 8
        vertex 164.75427 41.034172 8
    endloop
endfacet
facet normal 0.99785483 0.06546516 -0
    outer loop
        vertex 164.75427 41.034172 5
        vertex 164.75427 41.034172 8
        vertex 164.76704 40.8395 8
    endloop
endfacet
facet normal 0.65932924 0.75185436 0
    outer loop
        vertex 165 40.5359 8
        vertex 165 40.5359 5
        vertex 164.85332 40.66453 5
    endloop
endfacet
facet normal 0.65932924 0.75185436 -0
    outer loop
        vertex 164.85332 40.66453 5
        vertex 164.85332 40.66453 8
        vertex 165 40.5359 8
    endloop
endfacet
facet normal 0.89689678 0.44223991 0
    outer loop
        vertex 164.76704 40.8395 5
        vertex 164.85332 40.66453 8
        vertex 164.85332 40.66453 5
    endloop
endfacet
facet normal 0.89689678 0.44223991 0
    outer loop
        vertex 164.76704 40.8395 8
        vertex 164.85332 40.66453 8
        vertex 164.76704 40.8395 5
    endloop
endfacet
facet normal 0.99785483 0.06546516 0
    outer loop
        vertex 164.76704 40.8395 8
        vertex 164.76704 40.8395 5
        vertex 164.75427 41.034172 5
    endloop
endfacet
facet normal 0.94692469 -0.32145539 0
    outer loop
        vertex 164.75427 41.034172 8
        vertex 164.75427 41.034172 5
        vertex 164.81699 41.21891 5
    endloop
endfacet
facet normal 0.75183737 -0.65934867 0
    outer loop
        vertex 164.94562 41.365585 8
        vertex 164.81699 41.21891 8
        vertex 164.94562 41.365585 5
    endloop
endfacet
facet normal -0.32146171 -0.9469226 0
    outer loop
        vertex 165.31528 41.46463 5
        vertex 165.5 41.40192 5
        vertex 165.5 41.40192 8
    endloop
endfacet
facet normal 0.06538218 -0.99786031 0
    outer loop
        vertex 165.12059 41.451874 8
        vertex 165.12059 41.451874 5
        vertex 165.31528 41.46463 5
    endloop
endfacet
facet normal -0.19508198 -0.98078698 0
    outer loop
        vertex 167.19135 40.96194 5
        vertex 167.19135 40.96194 8
        vertex 167 41 5
    endloop
endfacet
facet normal -0.55556178 -0.83147532 0
    outer loop
        vertex 167.35356 40.853554 5
        vertex 167.19135 40.96194 8
        vertex 167.19135 40.96194 5
    endloop
endfacet
facet normal -0.8314783 -0.55555725 0
    outer loop
        vertex 167.46194 40.69134 5
        vertex 167.35356 40.853554 8
        vertex 167.35356 40.853554 5
    endloop
endfacet
facet normal -0.8314783 -0.55555725 -0
    outer loop
        vertex 167.46194 40.69134 8
        vertex 167.35356 40.853554 8
        vertex 167.46194 40.69134 5
    endloop
endfacet
facet normal -0.98079002 -0.19506691 -0
    outer loop
        vertex 167.5 40.5 8
        vertex 167.46194 40.69134 8
        vertex 167.5 40.5 5
    endloop
endfacet
facet normal -0.98079002 0.19506691 0
    outer loop
        vertex 167.5 40.5 8
        vertex 167.5 40.5 5
        vertex 167.46194 40.30866 5
    endloop
endfacet
facet normal -0.8314783 0.55555725 0
    outer loop
        vertex 167.46194 40.30866 8
        vertex 167.46194 40.30866 5
        vertex 167.35356 40.146446 5
    endloop
endfacet
facet normal -0.19508198 0.98078698 0
    outer loop
        vertex 167 40 8
        vertex 167.19135 40.03806 8
        vertex 167 40 5
    endloop
endfacet
facet normal -0.19508198 0.98078698 0
    outer loop
        vertex 167.19135 40.03806 8
        vertex 167.19135 40.03806 5
        vertex 167 40 5
    endloop
endfacet
facet normal -0.55556178 0.83147532 0
    outer loop
        vertex 167.35356 40.146446 8
        vertex 167.19135 40.03806 5
        vertex 167.19135 40.03806 8
    endloop
endfacet
facet normal -0.55556178 0.83147532 0
    outer loop
        vertex 167.35356 40.146446 5
        vertex 167.19135 40.03806 5
        vertex 167.35356 40.146446 8
    endloop
endfacet
facet normal -0.8314783 0.55555725 0
    outer loop
        vertex 167.35356 40.146446 5
        vertex 167.35356 40.146446 8
        vertex 167.46194 40.30866 8
    endloop
endfacet
facet normal -0.98079002 0.19506691 0
    outer loop
        vertex 167.46194 40.30866 5
        vertex 167.46194 40.30866 8
        vertex 167.5 40.5 8
    endloop
endfacet
facet normal -0.98079002 -0.19506691 0
    outer loop
        vertex 167.46194 40.69134 5
        vertex 167.5 40.5 5
        vertex 167.46194 40.69134 8
    endloop
endfacet
facet normal -0.19508198 -0.98078698 0
    outer loop
        vertex 167.19135 40.96194 8
        vertex 167 41 8
        vertex 167 41 5
    endloop
endfacet
facet normal -0.55556178 -0.83147532 0
    outer loop
        vertex 167.35356 40.853554 5
        vertex 167.35356 40.853554 8
        vertex 167.19135 40.96194 8
    endloop
endfacet
facet normal 0.19509694 -0.980784 0
    outer loop
        vertex 166.80867 40.96194 8
        vertex 166.80867 40.96194 5
        vertex 167 41 8
    endloop
endfacet
facet normal 0.55556178 -0.83147532 0
    outer loop
        vertex 166.64645 40.853554 8
        vertex 166.80867 40.96194 5
        vertex 166.80867 40.96194 8
    endloop
endfacet
facet normal 0.83144218 -0.55561131 0
    outer loop
        vertex 166.53806 40.69134 8
        vertex 166.64645 40.853554 5
        vertex 166.64645 40.853554 8
    endloop
endfacet
facet normal 0.83144218 -0.55561131 0
    outer loop
        vertex 166.53806 40.69134 5
        vertex 166.64645 40.853554 5
        vertex 166.53806 40.69134 8
    endloop
endfacet
facet normal 0.98079002 -0.19506691 0
    outer loop
        vertex 166.5 40.5 5
        vertex 166.53806 40.69134 5
        vertex 166.5 40.5 8
    endloop
endfacet
facet normal 0.98079002 0.19506691 -0
    outer loop
        vertex 166.5 40.5 5
        vertex 166.5 40.5 8
        vertex 166.53806 40.30866 8
    endloop
endfacet
facet normal 0.83144218 0.55561131 -0
    outer loop
        vertex 166.53806 40.30866 5
        vertex 166.53806 40.30866 8
        vertex 166.64645 40.146446 8
    endloop
endfacet
facet normal 0.19509694 0.980784 -0
    outer loop
        vertex 167 40 5
        vertex 166.80867 40.03806 5
        vertex 167 40 8
    endloop
endfacet
facet normal 0.19509694 0.980784 -0
    outer loop
        vertex 166.80867 40.03806 5
        vertex 166.80867 40.03806 8
        vertex 167 40 8
    endloop
endfacet
facet normal 0.55556178 0.83147532 0
    outer loop
        vertex 166.64645 40.146446 5
        vertex 166.80867 40.03806 8
        vertex 166.80867 40.03806 5
    endloop
endfacet
facet normal 0.55556178 0.83147532 0
    outer loop
        vertex 166.64645 40.146446 8
        vertex 166.80867 40.03806 8
        vertex 166.64645 40.146446 5
    endloop
endfacet
facet normal 0.83144218 0.55561131 0
    outer loop
        vertex 166.64645 40.146446 8
        vertex 166.64645 40.146446 5
        vertex 166.53806 40.30866 5
    endloop
endfacet
facet normal 0.98079002 0.19506691 0
    outer loop
        vertex 166.53806 40.30866 8
        vertex 166.53806 40.30866 5
        vertex 166.5 40.5 5
    endloop
endfacet
facet normal 0.98079002 -0.19506691 0
    outer loop
        vertex 166.53806 40.69134 8
        vertex 166.5 40.5 8
        vertex 166.53806 40.69134 5
    endloop
endfacet
facet normal 0.19509694 -0.980784 0
    outer loop
        vertex 166.80867 40.96194 5
        vertex 167 41 5
        vertex 167 41 8
    endloop
endfacet
facet normal 0.55556178 -0.83147532 0
    outer loop
        vertex 166.64645 40.853554 8
        vertex 166.64645 40.853554 5
        vertex 166.80867 40.96194 5
    endloop
endfacet
facet normal 0.32143787 -0.94693059 0
    outer loop
        vertex 168.68474 41.46463 5
        vertex 168.68474 41.46463 8
        vertex 168.5 41.40192 5
    endloop
endfacet
facet normal -0.06538728 -0.99786001 0
    outer loop
        vertex 168.87941 41.451874 5
        vertex 168.68474 41.46463 8
        vertex 168.68474 41.46463 5
    endloop
endfacet
facet normal -0.44232613 -0.89685434 0
    outer loop
        vertex 169.05437 41.365585 5
        vertex 168.87941 41.451874 8
        vertex 168.87941 41.451874 5
    endloop
endfacet
facet normal -0.44232613 -0.89685434 -0
    outer loop
        vertex 169.05437 41.365585 8
        vertex 168.87941 41.451874 8
        vertex 169.05437 41.365585 5
    endloop
endfacet
facet normal -0.75179857 -0.65939283 -0
    outer loop
        vertex 169.18301 41.21891 8
        vertex 169.05437 41.365585 8
        vertex 169.18301 41.21891 5
    endloop
endfacet
facet normal -0.94692469 -0.32145539 -0
    outer loop
        vertex 169.18301 41.21891 8
        vertex 169.18301 41.21891 5
        vertex 169.24573 41.034172 5
    endloop
endfacet
facet normal -0.99786001 0.06538728 0
    outer loop
        vertex 169.24573 41.034172 8
        vertex 169.24573 41.034172 5
        vertex 169.23297 40.8395 5
    endloop
endfacet
facet normal -0.65936798 0.75182027 0
    outer loop
        vertex 169 40.5359 5
        vertex 169 40.5359 8
        vertex 169.14667 40.66453 8
    endloop
endfacet
facet normal -0.65936798 0.75182027 0
    outer loop
        vertex 169.14667 40.66453 8
        vertex 169.14667 40.66453 5
        vertex 169 40.5359 5
    endloop
endfacet
facet normal -0.89683479 0.44236577 0
    outer loop
        vertex 169.23297 40.8395 8
        vertex 169.14667 40.66453 5
        vertex 169.14667 40.66453 8
    endloop
endfacet
facet normal -0.89683479 0.44236577 0
    outer loop
        vertex 169.23297 40.8395 5
        vertex 169.14667 40.66453 5
        vertex 169.23297 40.8395 8
    endloop
endfacet
facet normal -0.99786001 0.06538728 0
    outer loop
        vertex 169.23297 40.8395 5
        vertex 169.23297 40.8395 8
        vertex 169.24573 41.034172 8
    endloop
endfacet
facet normal -0.94692469 -0.32145539 0
    outer loop
        vertex 169.24573 41.034172 5
        vertex 169.24573 41.034172 8
        vertex 169.18301 41.21891 8
    endloop
endfacet
facet normal -0.75179857 -0.65939283 0
    outer loop
        vertex 169.05437 41.365585 5
        vertex 169.18301 41.21891 5
        vertex 169.05437 41.365585 8
    endloop
endfacet
facet normal 0.32143787 -0.94693059 0
    outer loop
        vertex 168.68474 41.46463 8
        vertex 168.5 41.40192 8
        vertex 168.5 41.40192 5
    endloop
endfacet
facet normal -0.06538728 -0.99786001 0
    outer loop
        vertex 168.87941 41.451874 5
        vertex 168.87941 41.451874 8
        vertex 168.68474 41.46463 8
    endloop
endfacet
facet normal 0.65932924 -0.75185436 0
    outer loop
        vertex 168.35332 41.27329 8
        vertex 168.35332 41.27329 5
        vertex 168.5 41.40192 8
    endloop
endfacet
facet normal 0.89689678 -0.44223991 0
    outer loop
        vertex 168.26704 41.09832 8
        vertex 168.35332 41.27329 5
        vertex 168.35332 41.27329 8
    endloop
endfacet
facet normal 0.99785483 -0.06546516 0
    outer loop
        vertex 168.25427 40.90365 8
        vertex 168.26704 41.09832 5
        vertex 168.26704 41.09832 8
    endloop
endfacet
facet normal 0.99785483 -0.06546516 0
    outer loop
        vertex 168.25427 40.90365 5
        vertex 168.26704 41.09832 5
        vertex 168.25427 40.90365 8
    endloop
endfacet
facet normal 0.94692469 0.32145539 -0
    outer loop
        vertex 168.31699 40.71891 5
        vertex 168.25427 40.90365 5
        vertex 168.31699 40.71891 8
    endloop
endfacet
facet normal 0.75183737 0.65934867 -0
    outer loop
        vertex 168.31699 40.71891 5
        vertex 168.31699 40.71891 8
        vertex 168.44562 40.572235 8
    endloop
endfacet
facet normal 0.44229507 0.8968696 -0
    outer loop
        vertex 168.44562 40.572235 5
        vertex 168.44562 40.572235 8
        vertex 168.62059 40.485947 8
    endloop
endfacet
facet normal -0.32146171 0.9469226 0
    outer loop
        vertex 169 40.5359 5
        vertex 168.81528 40.47319 5
        vertex 169 40.5359 8
    endloop
endfacet
facet normal -0.32146171 0.9469226 0
    outer loop
        vertex 168.81528 40.47319 5
        vertex 168.81528 40.47319 8
        vertex 169 40.5359 8
    endloop
endfacet
facet normal 0.06538218 0.99786031 0
    outer loop
        vertex 168.62059 40.485947 5
        vertex 168.81528 40.47319 8
        vertex 168.81528 40.47319 5
    endloop
endfacet
facet normal 0.06538218 0.99786031 0
    outer loop
        vertex 168.62059 40.485947 8
        vertex 168.81528 40.47319 8
        vertex 168.62059 40.485947 5
    endloop
endfacet
facet normal 0.44229507 0.8968696 0
    outer loop
        vertex 168.62059 40.485947 8
        vertex 168.62059 40.485947 5
        vertex 168.44562 40.572235 5
    endloop
endfacet
facet normal 0.75183737 0.65934867 0
    outer loop
        vertex 168.44562 40.572235 8
        vertex 168.44562 40.572235 5
        vertex 168.31699 40.71891 5
    endloop
endfacet
facet normal 0.94692469 0.32145539 0
    outer loop
        vertex 168.25427 40.90365 8
        vertex 168.31699 40.71891 8
        vertex 168.25427 40.90365 5
    endloop
endfacet
facet normal 0.65932924 -0.75185436 0
    outer loop
        vertex 168.35332 41.27329 5
        vertex 168.5 41.40192 5
        vertex 168.5 41.40192 8
    endloop
endfacet
facet normal 0.89689678 -0.44223991 0
    outer loop
        vertex 168.26704 41.09832 8
        vertex 168.26704 41.09832 5
        vertex 168.35332 41.27329 5
    endloop
endfacet
facet normal 0.75179857 -0.65939283 0
    outer loop
        vertex 169.72672 42.646675 5
        vertex 169.72672 42.646675 8
        vertex 169.59807 42.5 5
    endloop
endfacet
facet normal 0.44227934 -0.89687735 0
    outer loop
        vertex 169.90169 42.73296 5
        vertex 169.72672 42.646675 8
        vertex 169.72672 42.646675 5
    endloop
endfacet
facet normal 0.06540675 -0.99785864 0
    outer loop
        vertex 170.09636 42.74572 5
        vertex 169.90169 42.73296 8
        vertex 169.90169 42.73296 5
    endloop
endfacet
facet normal 0.06540675 -0.99785864 0
    outer loop
        vertex 170.09636 42.74572 8
        vertex 169.90169 42.73296 8
        vertex 170.09636 42.74572 5
    endloop
endfacet
facet normal -0.32143787 -0.94693059 -0
    outer loop
        vertex 170.2811 42.68301 8
        vertex 170.09636 42.74572 8
        vertex 170.2811 42.68301 5
    endloop
endfacet
facet normal -0.65936798 -0.75182027 -0
    outer loop
        vertex 170.2811 42.68301 8
        vertex 170.2811 42.68301 5
        vertex 170.42776 42.55438 5
    endloop
endfacet
facet normal -0.89686579 -0.44230282 -0
    outer loop
        vertex 170.42776 42.55438 8
        vertex 170.42776 42.55438 5
        vertex 170.51405 42.37941 5
    endloop
endfacet
facet normal -0.94690096 0.32152554 0
    outer loop
        vertex 170.4641 42 8
        vertex 170.52682 42.18474 8
        vertex 170.4641 42 5
    endloop
endfacet
facet normal -0.94690096 0.32152554 0
    outer loop
        vertex 170.52682 42.18474 8
        vertex 170.52682 42.18474 5
        vertex 170.4641 42 5
    endloop
endfacet
facet normal -0.99785483 -0.06546516 0
    outer loop
        vertex 170.51405 42.37941 8
        vertex 170.52682 42.18474 5
        vertex 170.52682 42.18474 8
    endloop
endfacet
facet normal -0.99785483 -0.06546516 0
    outer loop
        vertex 170.51405 42.37941 5
        vertex 170.52682 42.18474 5
        vertex 170.51405 42.37941 8
    endloop
endfacet
facet normal -0.89686579 -0.44230282 0
    outer loop
        vertex 170.51405 42.37941 5
        vertex 170.51405 42.37941 8
        vertex 170.42776 42.55438 8
    endloop
endfacet
facet normal -0.65936798 -0.75182027 0
    outer loop
        vertex 170.42776 42.55438 5
        vertex 170.42776 42.55438 8
        vertex 170.2811 42.68301 8
    endloop
endfacet
facet normal -0.32143787 -0.94693059 0
    outer loop
        vertex 170.09636 42.74572 5
        vertex 170.2811 42.68301 5
        vertex 170.09636 42.74572 8
    endloop
endfacet
facet normal 0.75179857 -0.65939283 0
    outer loop
        vertex 169.72672 42.646675 8
        vertex 169.59807 42.5 8
        vertex 169.59807 42.5 5
    endloop
endfacet
facet normal 0.44227934 -0.89687735 0
    outer loop
        vertex 169.90169 42.73296 5
        vertex 169.90169 42.73296 8
        vertex 169.72672 42.646675 8
    endloop
endfacet
facet normal 0.94694847 -0.32138523 0
    outer loop
        vertex 169.53537 42.31526 8
        vertex 169.53537 42.31526 5
        vertex 169.59807 42.5 8
    endloop
endfacet
facet normal 0.99786001 0.06538728 0
    outer loop
        vertex 169.54813 42.12059 8
        vertex 169.53537 42.31526 5
        vertex 169.53537 42.31526 8
    endloop
endfacet
facet normal 0.89686579 0.44230282 0
    outer loop
        vertex 169.63441 41.94562 8
        vertex 169.54813 42.12059 5
        vertex 169.54813 42.12059 8
    endloop
endfacet
facet normal 0.89686579 0.44230282 -0
    outer loop
        vertex 169.63441 41.94562 5
        vertex 169.54813 42.12059 5
        vertex 169.63441 41.94562 8
    endloop
endfacet
facet normal 0.65936798 0.75182027 -0
    outer loop
        vertex 169.78108 41.81699 5
        vertex 169.63441 41.94562 5
        vertex 169.78108 41.81699 8
    endloop
endfacet
facet normal 0.32143787 0.94693059 -0
    outer loop
        vertex 169.78108 41.81699 5
        vertex 169.78108 41.81699 8
        vertex 169.96582 41.75428 8
    endloop
endfacet
facet normal -0.06540165 0.99785906 0
    outer loop
        vertex 169.96582 41.75428 5
        vertex 169.96582 41.75428 8
        vertex 170.1605 41.76704 8
    endloop
endfacet
facet normal -0.75183737 0.65934867 0
    outer loop
        vertex 170.4641 42 8
        vertex 170.4641 42 5
        vertex 170.33546 41.853325 5
    endloop
endfacet
facet normal -0.75183737 0.65934867 0
    outer loop
        vertex 170.33546 41.853325 5
        vertex 170.33546 41.853325 8
        vertex 170.4641 42 8
    endloop
endfacet
facet normal -0.44231033 0.89686197 0
    outer loop
        vertex 170.1605 41.76704 5
        vertex 170.33546 41.853325 8
        vertex 170.33546 41.853325 5
    endloop
endfacet
facet normal -0.44231033 0.89686197 0
    outer loop
        vertex 170.1605 41.76704 8
        vertex 170.33546 41.853325 8
        vertex 170.1605 41.76704 5
    endloop
endfacet
facet normal -0.06540165 0.99785906 0
    outer loop
        vertex 170.1605 41.76704 8
        vertex 170.1605 41.76704 5
        vertex 169.96582 41.75428 5
    endloop
endfacet
facet normal 0.32143787 0.94693059 0
    outer loop
        vertex 169.96582 41.75428 8
        vertex 169.96582 41.75428 5
        vertex 169.78108 41.81699 5
    endloop
endfacet
facet normal 0.65936798 0.75182027 0
    outer loop
        vertex 169.63441 41.94562 8
        vertex 169.78108 41.81699 8
        vertex 169.63441 41.94562 5
    endloop
endfacet
facet normal 0.94694847 -0.32138523 0
    outer loop
        vertex 169.53537 42.31526 5
        vertex 169.59807 42.5 5
        vertex 169.59807 42.5 8
    endloop
endfacet
facet normal 0.99786001 0.06538728 0
    outer loop
        vertex 169.54813 42.12059 8
        vertex 169.54813 42.12059 5
        vertex 169.53537 42.31526 5
    endloop
endfacet
facet normal 0.8314361 -0.55562037 0
    outer loop
        vertex 156.07611 50.382687 5
        vertex 156.29291 50.707104 5
        vertex 156.07611 50.382687 8
    endloop
endfacet
facet normal 0.8314361 -0.55562037 0
    outer loop
        vertex 156.29291 50.707104 5
        vertex 156.29291 50.707104 8
        vertex 156.07611 50.382687 8
    endloop
endfacet
facet normal 0.55560464 -0.83144665 0
    outer loop
        vertex 156.61731 50.92388 5
        vertex 156.61731 50.92388 8
        vertex 156.29291 50.707104 8
    endloop
endfacet
facet normal 0.19508198 -0.98078698 0
    outer loop
        vertex 157 51 5
        vertex 157 51 8
        vertex 156.61731 50.92388 8
    endloop
endfacet
facet normal -0.19508944 -0.98078543 0
    outer loop
        vertex 157.38268 50.92388 5
        vertex 157 51 8
        vertex 157 51 5
    endloop
endfacet
facet normal -0.55556846 -0.83147073 0
    outer loop
        vertex 157.7071 50.707104 5
        vertex 157.38268 50.92388 8
        vertex 157.38268 50.92388 5
    endloop
endfacet
facet normal -0.55556846 -0.83147073 -0
    outer loop
        vertex 157.7071 50.707104 8
        vertex 157.38268 50.92388 8
        vertex 157.7071 50.707104 5
    endloop
endfacet
facet normal 0.98079032 -0.19506502 0
    outer loop
        vertex 156.07611 50.382687 5
        vertex 156 50 8
        vertex 156 50 5
    endloop
endfacet
facet normal -0.98078275 -0.19510263 -0
    outer loop
        vertex 158 50 8
        vertex 157.92387 50.382687 8
        vertex 158 50 5
    endloop
endfacet
facet normal -0.98078275 -0.19510263 -0
    outer loop
        vertex 157.92387 50.382687 8
        vertex 157.92387 50.382687 5
        vertex 158 50 5
    endloop
endfacet
facet normal -0.83147222 -0.55556625 0
    outer loop
        vertex 157.7071 50.707104 8
        vertex 157.92387 50.382687 5
        vertex 157.92387 50.382687 8
    endloop
endfacet
facet normal -0.83147222 -0.55556625 0
    outer loop
        vertex 157.7071 50.707104 5
        vertex 157.92387 50.382687 5
        vertex 157.7071 50.707104 8
    endloop
endfacet
facet normal -0.19508944 -0.98078543 0
    outer loop
        vertex 157.38268 50.92388 5
        vertex 157.38268 50.92388 8
        vertex 157 51 8
    endloop
endfacet
facet normal 0.19508198 -0.98078698 0
    outer loop
        vertex 156.61731 50.92388 5
        vertex 157 51 5
        vertex 156.61731 50.92388 8
    endloop
endfacet
facet normal 0.98079032 -0.19506502 0
    outer loop
        vertex 156.07611 50.382687 8
        vertex 156 50 8
        vertex 156.07611 50.382687 5
    endloop
endfacet
facet normal 0.55560464 -0.83144665 0
    outer loop
        vertex 156.61731 50.92388 5
        vertex 156.29291 50.707104 8
        vertex 156.29291 50.707104 5
    endloop
endfacet
facet normal 0.83144218 0.55561131 0
    outer loop
        vertex 156.07611 49.617317 8
        vertex 156.29291 49.292892 8
        vertex 156.07611 49.617317 5
    endloop
endfacet
facet normal 0.83144218 0.55561131 0
    outer loop
        vertex 156.29291 49.292892 8
        vertex 156.29291 49.292892 5
        vertex 156.07611 49.617317 5
    endloop
endfacet
facet normal 0.55559117 0.83145571 0
    outer loop
        vertex 156.61731 49.076122 8
        vertex 156.61731 49.076122 5
        vertex 156.29291 49.292892 5
    endloop
endfacet
facet normal 0.19509137 0.98078507 0
    outer loop
        vertex 157 49 8
        vertex 157 49 5
        vertex 156.61731 49.076122 5
    endloop
endfacet
facet normal -0.19509886 0.98078358 0
    outer loop
        vertex 157.38268 49.076122 8
        vertex 157 49 5
        vertex 157 49 8
    endloop
endfacet
facet normal -0.55555499 0.83147979 0
    outer loop
        vertex 157.7071 49.292892 8
        vertex 157.38268 49.076122 5
        vertex 157.38268 49.076122 8
    endloop
endfacet
facet normal -0.55555499 0.83147979 0
    outer loop
        vertex 157.7071 49.292892 5
        vertex 157.38268 49.076122 5
        vertex 157.7071 49.292892 8
    endloop
endfacet
facet normal 0.98079002 0.19506691 0
    outer loop
        vertex 156.07611 49.617317 8
        vertex 156 50 5
        vertex 156 50 8
    endloop
endfacet
facet normal -0.98078251 0.19510452 0
    outer loop
        vertex 158 50 5
        vertex 157.92387 49.617317 5
        vertex 158 50 8
    endloop
endfacet
facet normal -0.98078251 0.19510452 0
    outer loop
        vertex 157.92387 49.617317 5
        vertex 157.92387 49.617317 8
        vertex 158 50 8
    endloop
endfacet
facet normal -0.8314783 0.55555725 0
    outer loop
        vertex 157.7071 49.292892 5
        vertex 157.92387 49.617317 8
        vertex 157.92387 49.617317 5
    endloop
endfacet
facet normal -0.8314783 0.55555725 0
    outer loop
        vertex 157.7071 49.292892 8
        vertex 157.92387 49.617317 8
        vertex 157.7071 49.292892 5
    endloop
endfacet
facet normal -0.19509886 0.98078358 0
    outer loop
        vertex 157.38268 49.076122 8
        vertex 157.38268 49.076122 5
        vertex 157 49 5
    endloop
endfacet
facet normal 0.19509137 0.98078507 0
    outer loop
        vertex 156.61731 49.076122 8
        vertex 157 49 8
        vertex 156.61731 49.076122 5
    endloop
endfacet
facet normal 0.98079002 0.19506691 -0
    outer loop
        vertex 156.07611 49.617317 5
        vertex 156 50 5
        vertex 156.07611 49.617317 8
    endloop
endfacet
facet normal 0.55559117 0.83145571 0
    outer loop
        vertex 156.61731 49.076122 8
        vertex 156.29291 49.292892 5
        vertex 156.29291 49.292892 8
    endloop
endfacet
facet normal 0.83145219 -0.55559629 0
    outer loop
        vertex 136.61417 50.574028 5
        vertex 136.93935 51.06066 5
        vertex 136.61417 50.574028 8
    endloop
endfacet
facet normal 0.83145219 -0.55559629 0
    outer loop
        vertex 136.93935 51.06066 5
        vertex 136.93935 51.06066 8
        vertex 136.61417 50.574028 8
    endloop
endfacet
facet normal 0.55556923 -0.83147019 0
    outer loop
        vertex 137.42598 51.38582 5
        vertex 137.42598 51.38582 8
        vertex 136.93935 51.06066 8
    endloop
endfacet
facet normal 0.19509323 -0.98078471 0
    outer loop
        vertex 138 51.5 5
        vertex 138 51.5 8
        vertex 137.42598 51.38582 8
    endloop
endfacet
facet normal -0.19509323 -0.98078471 0
    outer loop
        vertex 138.57402 51.38582 5
        vertex 138 51.5 8
        vertex 138 51.5 5
    endloop
endfacet
facet normal -0.55556923 -0.83147019 0
    outer loop
        vertex 139.06065 51.06066 5
        vertex 138.57402 51.38582 8
        vertex 138.57402 51.38582 5
    endloop
endfacet
facet normal -0.55556923 -0.83147019 -0
    outer loop
        vertex 139.06065 51.06066 8
        vertex 138.57402 51.38582 8
        vertex 139.06065 51.06066 5
    endloop
endfacet
facet normal 0.98079014 -0.19506565 0
    outer loop
        vertex 136.61417 50.574028 5
        vertex 136.5 50 8
        vertex 136.5 50 5
    endloop
endfacet
facet normal -0.98078519 -0.19509073 -0
    outer loop
        vertex 139.5 50 8
        vertex 139.38582 50.574028 8
        vertex 139.5 50 5
    endloop
endfacet
facet normal -0.98078519 -0.19509073 -0
    outer loop
        vertex 139.38582 50.574028 8
        vertex 139.38582 50.574028 5
        vertex 139.5 50 5
    endloop
endfacet
facet normal -0.83146423 -0.55557829 0
    outer loop
        vertex 139.06065 51.06066 8
        vertex 139.38582 50.574028 5
        vertex 139.38582 50.574028 8
    endloop
endfacet
facet normal -0.83146423 -0.55557829 0
    outer loop
        vertex 139.06065 51.06066 5
        vertex 139.38582 50.574028 5
        vertex 139.06065 51.06066 8
    endloop
endfacet
facet normal -0.19509323 -0.98078471 0
    outer loop
        vertex 138.57402 51.38582 5
        vertex 138.57402 51.38582 8
        vertex 138 51.5 8
    endloop
endfacet
facet normal 0.19509323 -0.98078471 0
    outer loop
        vertex 137.42598 51.38582 5
        vertex 138 51.5 5
        vertex 137.42598 51.38582 8
    endloop
endfacet
facet normal 0.98079014 -0.19506565 0
    outer loop
        vertex 136.61417 50.574028 8
        vertex 136.5 50 8
        vertex 136.61417 50.574028 5
    endloop
endfacet
facet normal 0.55556923 -0.83147019 0
    outer loop
        vertex 137.42598 51.38582 5
        vertex 136.93935 51.06066 8
        vertex 136.93935 51.06066 5
    endloop
endfacet
facet normal 0.83145416 0.55559331 0
    outer loop
        vertex 136.61417 49.425976 8
        vertex 136.93935 48.93934 8
        vertex 136.61417 49.425976 5
    endloop
endfacet
facet normal 0.83145416 0.55559331 0
    outer loop
        vertex 136.93935 48.93934 8
        vertex 136.93935 48.93934 5
        vertex 136.61417 49.425976 5
    endloop
endfacet
facet normal 0.55556923 0.83147019 0
    outer loop
        vertex 137.42598 48.61418 8
        vertex 137.42598 48.61418 5
        vertex 136.93935 48.93934 5
    endloop
endfacet
facet normal 0.19509323 0.98078471 0
    outer loop
        vertex 138 48.5 8
        vertex 138 48.5 5
        vertex 137.42598 48.61418 5
    endloop
endfacet
facet normal -0.19509323 0.98078471 0
    outer loop
        vertex 138.57402 48.61418 8
        vertex 138 48.5 5
        vertex 138 48.5 8
    endloop
endfacet
facet normal -0.55556923 0.83147019 0
    outer loop
        vertex 139.06065 48.93934 8
        vertex 138.57402 48.61418 5
        vertex 138.57402 48.61418 8
    endloop
endfacet
facet normal -0.55556923 0.83147019 0
    outer loop
        vertex 139.06065 48.93934 5
        vertex 138.57402 48.61418 5
        vertex 139.06065 48.93934 8
    endloop
endfacet
facet normal 0.9807899 0.19506688 0
    outer loop
        vertex 136.61417 49.425976 8
        vertex 136.5 50 5
        vertex 136.5 50 8
    endloop
endfacet
facet normal -0.98078495 0.19509198 0
    outer loop
        vertex 139.5 50 5
        vertex 139.38582 49.425976 5
        vertex 139.5 50 8
    endloop
endfacet
facet normal -0.98078495 0.19509198 0
    outer loop
        vertex 139.38582 49.425976 5
        vertex 139.38582 49.425976 8
        vertex 139.5 50 8
    endloop
endfacet
facet normal -0.83146626 0.55557531 0
    outer loop
        vertex 139.06065 48.93934 5
        vertex 139.38582 49.425976 8
        vertex 139.38582 49.425976 5
    endloop
endfacet
facet normal -0.83146626 0.55557531 0
    outer loop
        vertex 139.06065 48.93934 8
        vertex 139.38582 49.425976 8
        vertex 139.06065 48.93934 5
    endloop
endfacet
facet normal -0.19509323 0.98078471 0
    outer loop
        vertex 138.57402 48.61418 8
        vertex 138.57402 48.61418 5
        vertex 138 48.5 5
    endloop
endfacet
facet normal 0.19509323 0.98078471 0
    outer loop
        vertex 137.42598 48.61418 8
        vertex 138 48.5 8
        vertex 137.42598 48.61418 5
    endloop
endfacet
facet normal 0.9807899 0.19506688 -0
    outer loop
        vertex 136.61417 49.425976 5
        vertex 136.5 50 5
        vertex 136.61417 49.425976 8
    endloop
endfacet
facet normal 0.55556923 0.83147019 0
    outer loop
        vertex 137.42598 48.61418 8
        vertex 136.93935 48.93934 5
        vertex 136.93935 48.93934 8
    endloop
endfacet
facet normal -0.50000042 0.86602515 0
    outer loop
        vertex 83.09311 32.22548 5
        vertex 83.09311 32.22548 8
        vertex 86.99022 34.47548 5
    endloop
endfacet
facet normal -0.50000042 0.86602515 0
    outer loop
        vertex 83.09311 32.22548 8
        vertex 86.99022 34.47548 8
        vertex 86.99022 34.47548 5
    endloop
endfacet
facet normal 0.06540026 0.99785906 -0
    outer loop
        vertex 82.816 32.131416 5
        vertex 82.523994 32.150555 5
        vertex 82.816 32.131416 8
    endloop
endfacet
facet normal 0.44230542 0.89686447 -0
    outer loop
        vertex 82.523994 32.150555 5
        vertex 82.26154 32.279987 5
        vertex 82.523994 32.150555 8
    endloop
endfacet
facet normal 0.44230542 0.89686447 -0
    outer loop
        vertex 82.26154 32.279987 5
        vertex 82.26154 32.279987 8
        vertex 82.523994 32.150555 8
    endloop
endfacet
facet normal 0.75183731 0.65934861 -0
    outer loop
        vertex 82.068596 32.5 5
        vertex 82.068596 32.5 8
        vertex 82.26154 32.279987 8
    endloop
endfacet
facet normal 0.94692332 0.32145935 0
    outer loop
        vertex 81.974525 32.777103 5
        vertex 82.068596 32.5 8
        vertex 82.068596 32.5 5
    endloop
endfacet
facet normal 0.99785829 -0.06541239 0
    outer loop
        vertex 81.99367 33.069115 5
        vertex 81.974525 32.777103 8
        vertex 81.974525 32.777103 5
    endloop
endfacet
facet normal 0.99785829 -0.06541239 0
    outer loop
        vertex 81.99367 33.069115 8
        vertex 81.974525 32.777103 8
        vertex 81.99367 33.069115 5
    endloop
endfacet
facet normal -0.32143202 0.94693267 0
    outer loop
        vertex 82.816 32.131416 5
        vertex 82.816 32.131416 8
        vertex 83.09311 32.22548 5
    endloop
endfacet
facet normal 0.65934217 -0.75184304 0
    outer loop
        vertex 82.34311 33.52452 8
        vertex 82.12309 33.331573 8
        vertex 82.34311 33.52452 5
    endloop
endfacet
facet normal 0.65934217 -0.75184304 0
    outer loop
        vertex 82.12309 33.331573 8
        vertex 82.12309 33.331573 5
        vertex 82.34311 33.52452 5
    endloop
endfacet
facet normal 0.89687997 -0.44227412 0
    outer loop
        vertex 81.99367 33.069115 8
        vertex 82.12309 33.331573 5
        vertex 82.12309 33.331573 8
    endloop
endfacet
facet normal 0.89687997 -0.44227412 0
    outer loop
        vertex 81.99367 33.069115 5
        vertex 82.12309 33.331573 5
        vertex 81.99367 33.069115 8
    endloop
endfacet
facet normal 0.94692332 0.32145935 -0
    outer loop
        vertex 81.974525 32.777103 5
        vertex 81.974525 32.777103 8
        vertex 82.068596 32.5 8
    endloop
endfacet
facet normal 0.75183731 0.65934861 -0
    outer loop
        vertex 82.26154 32.279987 5
        vertex 82.068596 32.5 5
        vertex 82.26154 32.279987 8
    endloop
endfacet
facet normal -0.32143202 0.94693267 0
    outer loop
        vertex 82.816 32.131416 8
        vertex 83.09311 32.22548 8
        vertex 83.09311 32.22548 5
    endloop
endfacet
facet normal 0.06540026 0.99785906 -0
    outer loop
        vertex 82.523994 32.150555 5
        vertex 82.523994 32.150555 8
        vertex 82.816 32.131416 8
    endloop
endfacet
facet normal 0.50000042 -0.86602515 0
    outer loop
        vertex 86.24022 35.77452 5
        vertex 86.24022 35.77452 8
        vertex 82.34311 33.52452 5
    endloop
endfacet
facet normal 0.50000042 -0.86602515 0
    outer loop
        vertex 86.24022 35.77452 8
        vertex 82.34311 33.52452 8
        vertex 82.34311 33.52452 5
    endloop
endfacet
facet normal -0.06540026 -0.99785906 0
    outer loop
        vertex 86.51733 35.868584 5
        vertex 86.80933 35.849445 5
        vertex 86.51733 35.868584 8
    endloop
endfacet
facet normal -0.44229504 -0.89686954 0
    outer loop
        vertex 86.80933 35.849445 5
        vertex 87.07179 35.720013 5
        vertex 86.80933 35.849445 8
    endloop
endfacet
facet normal -0.44229504 -0.89686954 0
    outer loop
        vertex 87.07179 35.720013 5
        vertex 87.07179 35.720013 8
        vertex 86.80933 35.849445 8
    endloop
endfacet
facet normal -0.75183731 -0.65934861 0
    outer loop
        vertex 87.26474 35.5 5
        vertex 87.26474 35.5 8
        vertex 87.07179 35.720013 8
    endloop
endfacet
facet normal -0.9469313 -0.32143599 0
    outer loop
        vertex 87.3588 35.222897 5
        vertex 87.26474 35.5 8
        vertex 87.26474 35.5 5
    endloop
endfacet
facet normal -0.99785829 0.06541239 0
    outer loop
        vertex 87.33966 34.930885 5
        vertex 87.3588 35.222897 8
        vertex 87.3588 35.222897 5
    endloop
endfacet
facet normal -0.99785829 0.06541239 0
    outer loop
        vertex 87.33966 34.930885 8
        vertex 87.3588 35.222897 8
        vertex 87.33966 34.930885 5
    endloop
endfacet
facet normal 0.32143202 -0.94693267 0
    outer loop
        vertex 86.51733 35.868584 5
        vertex 86.51733 35.868584 8
        vertex 86.24022 35.77452 5
    endloop
endfacet
facet normal -0.65934217 0.75184304 0
    outer loop
        vertex 86.99022 34.47548 8
        vertex 87.210236 34.668427 8
        vertex 86.99022 34.47548 5
    endloop
endfacet
facet normal -0.65934217 0.75184304 0
    outer loop
        vertex 87.210236 34.668427 8
        vertex 87.210236 34.668427 5
        vertex 86.99022 34.47548 5
    endloop
endfacet
facet normal -0.89687997 0.44227412 0
    outer loop
        vertex 87.33966 34.930885 8
        vertex 87.210236 34.668427 5
        vertex 87.210236 34.668427 8
    endloop
endfacet
facet normal -0.89687997 0.44227412 0
    outer loop
        vertex 87.33966 34.930885 5
        vertex 87.210236 34.668427 5
        vertex 87.33966 34.930885 8
    endloop
endfacet
facet normal -0.9469313 -0.32143599 0
    outer loop
        vertex 87.3588 35.222897 5
        vertex 87.3588 35.222897 8
        vertex 87.26474 35.5 8
    endloop
endfacet
facet normal -0.75183731 -0.65934861 0
    outer loop
        vertex 87.07179 35.720013 5
        vertex 87.26474 35.5 5
        vertex 87.07179 35.720013 8
    endloop
endfacet
facet normal 0.32143202 -0.94693267 0
    outer loop
        vertex 86.51733 35.868584 8
        vertex 86.24022 35.77452 8
        vertex 86.24022 35.77452 5
    endloop
endfacet
facet normal -0.06540026 -0.99785906 0
    outer loop
        vertex 86.80933 35.849445 5
        vertex 86.80933 35.849445 8
        vertex 86.51733 35.868584 8
    endloop
endfacet
facet normal -0.50000042 0.86602515 0
    outer loop
        vertex 108.15978 32.22548 5
        vertex 108.15978 32.22548 8
        vertex 112.05689 34.47548 5
    endloop
endfacet
facet normal -0.50000042 0.86602515 0
    outer loop
        vertex 108.15978 32.22548 8
        vertex 112.05689 34.47548 8
        vertex 112.05689 34.47548 5
    endloop
endfacet
facet normal 0.06540196 0.997859 -0
    outer loop
        vertex 107.88267 32.131416 5
        vertex 107.59067 32.150555 5
        vertex 107.88267 32.131416 8
    endloop
endfacet
facet normal 0.44229504 0.89686954 -0
    outer loop
        vertex 107.59067 32.150555 5
        vertex 107.32821 32.279987 5
        vertex 107.59067 32.150555 8
    endloop
endfacet
facet normal 0.44229504 0.89686954 -0
    outer loop
        vertex 107.32821 32.279987 5
        vertex 107.32821 32.279987 8
        vertex 107.59067 32.150555 8
    endloop
endfacet
facet normal 0.75183731 0.65934861 -0
    outer loop
        vertex 107.13526 32.5 5
        vertex 107.13526 32.5 8
        vertex 107.32821 32.279987 8
    endloop
endfacet
facet normal 0.9469313 0.32143599 0
    outer loop
        vertex 107.0412 32.777103 5
        vertex 107.13526 32.5 8
        vertex 107.13526 32.5 5
    endloop
endfacet
facet normal 0.99785995 -0.06538643 0
    outer loop
        vertex 107.06033 33.069115 5
        vertex 107.0412 32.777103 8
        vertex 107.0412 32.777103 5
    endloop
endfacet
facet normal 0.99785995 -0.06538643 0
    outer loop
        vertex 107.06033 33.069115 8
        vertex 107.0412 32.777103 8
        vertex 107.06033 33.069115 5
    endloop
endfacet
facet normal -0.3214241 0.94693536 0
    outer loop
        vertex 107.88267 32.131416 5
        vertex 107.88267 32.131416 8
        vertex 108.15978 32.22548 5
    endloop
endfacet
facet normal 0.65934217 -0.75184304 0
    outer loop
        vertex 107.40978 33.52452 8
        vertex 107.189766 33.331573 8
        vertex 107.40978 33.52452 5
    endloop
endfacet
facet normal 0.65934217 -0.75184304 0
    outer loop
        vertex 107.189766 33.331573 8
        vertex 107.189766 33.331573 5
        vertex 107.40978 33.52452 5
    endloop
endfacet
facet normal 0.89686954 -0.44229504 0
    outer loop
        vertex 107.06033 33.069115 8
        vertex 107.189766 33.331573 5
        vertex 107.189766 33.331573 8
    endloop
endfacet
facet normal 0.89686954 -0.44229504 0
    outer loop
        vertex 107.06033 33.069115 5
        vertex 107.189766 33.331573 5
        vertex 107.06033 33.069115 8
    endloop
endfacet
facet normal 0.9469313 0.32143599 -0
    outer loop
        vertex 107.0412 32.777103 5
        vertex 107.0412 32.777103 8
        vertex 107.13526 32.5 8
    endloop
endfacet
facet normal 0.75183731 0.65934861 -0
    outer loop
        vertex 107.32821 32.279987 5
        vertex 107.13526 32.5 5
        vertex 107.32821 32.279987 8
    endloop
endfacet
facet normal -0.3214241 0.94693536 0
    outer loop
        vertex 107.88267 32.131416 8
        vertex 108.15978 32.22548 8
        vertex 108.15978 32.22548 5
    endloop
endfacet
facet normal 0.06540196 0.997859 -0
    outer loop
        vertex 107.59067 32.150555 5
        vertex 107.59067 32.150555 8
        vertex 107.88267 32.131416 8
    endloop
endfacet
facet normal 0.50000042 -0.86602515 0
    outer loop
        vertex 111.30689 35.77452 5
        vertex 111.30689 35.77452 8
        vertex 107.40978 33.52452 5
    endloop
endfacet
facet normal 0.50000042 -0.86602515 0
    outer loop
        vertex 111.30689 35.77452 8
        vertex 107.40978 33.52452 8
        vertex 107.40978 33.52452 5
    endloop
endfacet
facet normal -0.06539856 -0.99785924 0
    outer loop
        vertex 111.58399 35.868584 5
        vertex 111.87601 35.849445 5
        vertex 111.58399 35.868584 8
    endloop
endfacet
facet normal -0.44229504 -0.89686954 0
    outer loop
        vertex 111.87601 35.849445 5
        vertex 112.138466 35.720013 5
        vertex 111.87601 35.849445 8
    endloop
endfacet
facet normal -0.44229504 -0.89686954 0
    outer loop
        vertex 112.138466 35.720013 5
        vertex 112.138466 35.720013 8
        vertex 111.87601 35.849445 8
    endloop
endfacet
facet normal -0.75183731 -0.65934861 0
    outer loop
        vertex 112.33141 35.5 5
        vertex 112.33141 35.5 8
        vertex 112.138466 35.720013 8
    endloop
endfacet
facet normal -0.9469313 -0.32143599 0
    outer loop
        vertex 112.425476 35.222897 5
        vertex 112.33141 35.5 8
        vertex 112.33141 35.5 5
    endloop
endfacet
facet normal -0.99785829 0.06541239 0
    outer loop
        vertex 112.406334 34.930885 5
        vertex 112.425476 35.222897 8
        vertex 112.425476 35.222897 5
    endloop
endfacet
facet normal -0.99785829 0.06541239 0
    outer loop
        vertex 112.406334 34.930885 8
        vertex 112.425476 35.222897 8
        vertex 112.406334 34.930885 5
    endloop
endfacet
facet normal 0.32143998 -0.94692999 0
    outer loop
        vertex 111.58399 35.868584 5
        vertex 111.58399 35.868584 8
        vertex 111.30689 35.77452 5
    endloop
endfacet
facet normal -0.6593551 0.75183165 0
    outer loop
        vertex 112.05689 34.47548 8
        vertex 112.2769 34.668427 8
        vertex 112.05689 34.47548 5
    endloop
endfacet
facet normal -0.6593551 0.75183165 0
    outer loop
        vertex 112.2769 34.668427 8
        vertex 112.2769 34.668427 5
        vertex 112.05689 34.47548 5
    endloop
endfacet
facet normal -0.89686954 0.44229504 0
    outer loop
        vertex 112.406334 34.930885 8
        vertex 112.2769 34.668427 5
        vertex 112.2769 34.668427 8
    endloop
endfacet
facet normal -0.89686954 0.44229504 0
    outer loop
        vertex 112.406334 34.930885 5
        vertex 112.2769 34.668427 5
        vertex 112.406334 34.930885 8
    endloop
endfacet
facet normal -0.9469313 -0.32143599 0
    outer loop
        vertex 112.425476 35.222897 5
        vertex 112.425476 35.222897 8
        vertex 112.33141 35.5 8
    endloop
endfacet
facet normal -0.75183731 -0.65934861 0
    outer loop
        vertex 112.138466 35.720013 5
        vertex 112.33141 35.5 5
        vertex 112.138466 35.720013 8
    endloop
endfacet
facet normal 0.32143998 -0.94692999 0
    outer loop
        vertex 111.58399 35.868584 8
        vertex 111.30689 35.77452 8
        vertex 111.30689 35.77452 5
    endloop
endfacet
facet normal -0.06539856 -0.99785924 0
    outer loop
        vertex 111.87601 35.849445 5
        vertex 111.87601 35.849445 8
        vertex 111.58399 35.868584 8
    endloop
endfacet
facet normal -0.50000042 0.86602515 0
    outer loop
        vertex 133.22644 32.22548 5
        vertex 133.22644 32.22548 8
        vertex 137.12355 34.47548 5
    endloop
endfacet
facet normal -0.50000042 0.86602515 0
    outer loop
        vertex 133.22644 32.22548 8
        vertex 137.12355 34.47548 8
        vertex 137.12355 34.47548 5
    endloop
endfacet
facet normal 0.06539685 0.9978593 -0
    outer loop
        vertex 132.94934 32.131416 5
        vertex 132.65732 32.150555 5
        vertex 132.94934 32.131416 8
    endloop
endfacet
facet normal 0.44230542 0.89686447 -0
    outer loop
        vertex 132.65732 32.150555 5
        vertex 132.39487 32.279987 5
        vertex 132.65732 32.150555 8
    endloop
endfacet
facet normal 0.44230542 0.89686447 -0
    outer loop
        vertex 132.39487 32.279987 5
        vertex 132.39487 32.279987 8
        vertex 132.65732 32.150555 8
    endloop
endfacet
facet normal 0.75183731 0.65934861 -0
    outer loop
        vertex 132.20192 32.5 5
        vertex 132.20192 32.5 8
        vertex 132.39487 32.279987 8
    endloop
endfacet
facet normal 0.94692332 0.32145935 0
    outer loop
        vertex 132.10785 32.777103 5
        vertex 132.20192 32.5 8
        vertex 132.20192 32.5 5
    endloop
endfacet
facet normal 0.99785662 -0.06543835 0
    outer loop
        vertex 132.127 33.069115 5
        vertex 132.10785 32.777103 8
        vertex 132.10785 32.777103 5
    endloop
endfacet
facet normal 0.99785662 -0.06543835 0
    outer loop
        vertex 132.127 33.069115 8
        vertex 132.10785 32.777103 8
        vertex 132.127 33.069115 5
    endloop
endfacet
facet normal -0.32143998 0.94692999 0
    outer loop
        vertex 132.94934 32.131416 5
        vertex 132.94934 32.131416 8
        vertex 133.22644 32.22548 5
    endloop
endfacet
facet normal 0.65934217 -0.75184304 0
    outer loop
        vertex 132.47644 33.52452 8
        vertex 132.25642 33.331573 8
        vertex 132.47644 33.52452 5
    endloop
endfacet
facet normal 0.65934217 -0.75184304 0
    outer loop
        vertex 132.25642 33.331573 8
        vertex 132.25642 33.331573 5
        vertex 132.47644 33.52452 5
    endloop
endfacet
facet normal 0.89687997 -0.44227412 0
    outer loop
        vertex 132.127 33.069115 8
        vertex 132.25642 33.331573 5
        vertex 132.25642 33.331573 8
    endloop
endfacet
facet normal 0.89687997 -0.44227412 0
    outer loop
        vertex 132.127 33.069115 5
        vertex 132.25642 33.331573 5
        vertex 132.127 33.069115 8
    endloop
endfacet
facet normal 0.94692332 0.32145935 -0
    outer loop
        vertex 132.10785 32.777103 5
        vertex 132.10785 32.777103 8
        vertex 132.20192 32.5 8
    endloop
endfacet
facet normal 0.75183731 0.65934861 -0
    outer loop
        vertex 132.39487 32.279987 5
        vertex 132.20192 32.5 5
        vertex 132.39487 32.279987 8
    endloop
endfacet
facet normal -0.32143998 0.94692999 0
    outer loop
        vertex 132.94934 32.131416 8
        vertex 133.22644 32.22548 8
        vertex 133.22644 32.22548 5
    endloop
endfacet
facet normal 0.06539685 0.9978593 -0
    outer loop
        vertex 132.65732 32.150555 5
        vertex 132.65732 32.150555 8
        vertex 132.94934 32.131416 8
    endloop
endfacet
facet normal -0.06540026 -0.99785906 0
    outer loop
        vertex 136.65067 35.868584 5
        vertex 136.94267 35.849445 5
        vertex 136.65067 35.868584 8
    endloop
endfacet
facet normal -0.44228473 -0.89687467 0
    outer loop
        vertex 136.94267 35.849445 5
        vertex 137.20514 35.720013 5
        vertex 136.94267 35.849445 8
    endloop
endfacet
facet normal -0.44228473 -0.89687467 0
    outer loop
        vertex 137.20514 35.720013 5
        vertex 137.20514 35.720013 8
        vertex 136.94267 35.849445 8
    endloop
endfacet
facet normal -0.75183731 -0.65934861 0
    outer loop
        vertex 137.39809 35.5 5
        vertex 137.39809 35.5 8
        vertex 137.20514 35.720013 8
    endloop
endfacet
facet normal -0.94692332 -0.32145935 0
    outer loop
        vertex 137.49216 35.222897 5
        vertex 137.39809 35.5 8
        vertex 137.39809 35.5 5
    endloop
endfacet
facet normal -0.99785662 0.06543835 0
    outer loop
        vertex 137.473 34.930885 5
        vertex 137.49216 35.222897 8
        vertex 137.49216 35.222897 5
    endloop
endfacet
facet normal -0.99785662 0.06543835 0
    outer loop
        vertex 137.473 34.930885 8
        vertex 137.49216 35.222897 8
        vertex 137.473 34.930885 5
    endloop
endfacet
facet normal 0.32143998 -0.94692999 0
    outer loop
        vertex 136.65067 35.868584 5
        vertex 136.65067 35.868584 8
        vertex 136.37357 35.77452 5
    endloop
endfacet
facet normal -0.65934217 0.75184304 0
    outer loop
        vertex 137.12355 34.47548 8
        vertex 137.34357 34.668427 8
        vertex 137.12355 34.47548 5
    endloop
endfacet
facet normal -0.65934217 0.75184304 0
    outer loop
        vertex 137.34357 34.668427 8
        vertex 137.34357 34.668427 5
        vertex 137.12355 34.47548 5
    endloop
endfacet
facet normal -0.89685923 0.44231603 0
    outer loop
        vertex 137.473 34.930885 8
        vertex 137.34357 34.668427 5
        vertex 137.34357 34.668427 8
    endloop
endfacet
facet normal -0.89685923 0.44231603 0
    outer loop
        vertex 137.473 34.930885 5
        vertex 137.34357 34.668427 5
        vertex 137.473 34.930885 8
    endloop
endfacet
facet normal -0.94692332 -0.32145935 0
    outer loop
        vertex 137.49216 35.222897 5
        vertex 137.49216 35.222897 8
        vertex 137.39809 35.5 8
    endloop
endfacet
facet normal -0.75183731 -0.65934861 0
    outer loop
        vertex 137.20514 35.720013 5
        vertex 137.39809 35.5 5
        vertex 137.20514 35.720013 8
    endloop
endfacet
facet normal 0.32143998 -0.94692999 0
    outer loop
        vertex 136.65067 35.868584 8
        vertex 136.37357 35.77452 8
        vertex 136.37357 35.77452 5
    endloop
endfacet
facet normal -0.06540026 -0.99785906 0
    outer loop
        vertex 136.94267 35.849445 5
        vertex 136.94267 35.849445 8
        vertex 136.65067 35.868584 8
    endloop
endfacet
facet normal 0.49999896 -0.86602598 0
    outer loop
        vertex 136.37357 35.77452 5
        vertex 136.37357 35.77452 8
        vertex 132.47644 33.52452 5
    endloop
endfacet
facet normal 0.49999896 -0.86602598 0
    outer loop
        vertex 136.37357 35.77452 8
        vertex 132.47644 33.52452 8
        vertex 132.47644 33.52452 5
    endloop
endfacet
facet normal -0.50000042 0.86602515 0
    outer loop
        vertex 158.2931 32.22548 5
        vertex 158.2931 32.22548 8
        vertex 162.19022 34.47548 5
    endloop
endfacet
facet normal -0.50000042 0.86602515 0
    outer loop
        vertex 158.2931 32.22548 8
        vertex 162.19022 34.47548 8
        vertex 162.19022 34.47548 5
    endloop
endfacet
facet normal 0.06540026 0.99785906 -0
    outer loop
        vertex 158.016 32.131416 5
        vertex 157.724 32.150555 5
        vertex 158.016 32.131416 8
    endloop
endfacet
facet normal 0.44228473 0.89687467 -0
    outer loop
        vertex 157.724 32.150555 5
        vertex 157.46153 32.279987 5
        vertex 157.724 32.150555 8
    endloop
endfacet
facet normal 0.44228473 0.89687467 -0
    outer loop
        vertex 157.46153 32.279987 5
        vertex 157.46153 32.279987 8
        vertex 157.724 32.150555 8
    endloop
endfacet
facet normal 0.75183731 0.65934861 -0
    outer loop
        vertex 157.26859 32.5 5
        vertex 157.26859 32.5 8
        vertex 157.46153 32.279987 8
    endloop
endfacet
facet normal 0.94693923 0.32141262 0
    outer loop
        vertex 157.17453 32.777103 5
        vertex 157.26859 32.5 8
        vertex 157.26859 32.5 5
    endloop
endfacet
facet normal 0.99785995 -0.06538643 0
    outer loop
        vertex 157.19366 33.069115 5
        vertex 157.17453 32.777103 8
        vertex 157.17453 32.777103 5
    endloop
endfacet
facet normal 0.99785995 -0.06538643 0
    outer loop
        vertex 157.19366 33.069115 8
        vertex 157.17453 32.777103 8
        vertex 157.19366 33.069115 5
    endloop
endfacet
facet normal -0.32143998 0.94692999 0
    outer loop
        vertex 158.016 32.131416 5
        vertex 158.016 32.131416 8
        vertex 158.2931 32.22548 5
    endloop
endfacet
facet normal 0.65934217 -0.75184304 0
    outer loop
        vertex 157.5431 33.52452 8
        vertex 157.32309 33.331573 8
        vertex 157.5431 33.52452 5
    endloop
endfacet
facet normal 0.65934217 -0.75184304 0
    outer loop
        vertex 157.32309 33.331573 8
        vertex 157.32309 33.331573 5
        vertex 157.5431 33.52452 5
    endloop
endfacet
facet normal 0.89687997 -0.44227412 0
    outer loop
        vertex 157.19366 33.069115 8
        vertex 157.32309 33.331573 5
        vertex 157.32309 33.331573 8
    endloop
endfacet
facet normal 0.89687997 -0.44227412 0
    outer loop
        vertex 157.19366 33.069115 5
        vertex 157.32309 33.331573 5
        vertex 157.19366 33.069115 8
    endloop
endfacet
facet normal 0.94693923 0.32141262 -0
    outer loop
        vertex 157.17453 32.777103 5
        vertex 157.17453 32.777103 8
        vertex 157.26859 32.5 8
    endloop
endfacet
facet normal 0.75183731 0.65934861 -0
    outer loop
        vertex 157.46153 32.279987 5
        vertex 157.26859 32.5 5
        vertex 157.46153 32.279987 8
    endloop
endfacet
facet normal -0.32143998 0.94692999 0
    outer loop
        vertex 158.016 32.131416 8
        vertex 158.2931 32.22548 8
        vertex 158.2931 32.22548 5
    endloop
endfacet
facet normal 0.06540026 0.99785906 -0
    outer loop
        vertex 157.724 32.150555 5
        vertex 157.724 32.150555 8
        vertex 158.016 32.131416 8
    endloop
endfacet
facet normal 0.50000042 -0.86602515 0
    outer loop
        vertex 161.44022 35.77452 5
        vertex 161.44022 35.77452 8
        vertex 157.5431 33.52452 5
    endloop
endfacet
facet normal 0.50000042 -0.86602515 0
    outer loop
        vertex 161.44022 35.77452 8
        vertex 157.5431 33.52452 8
        vertex 157.5431 33.52452 5
    endloop
endfacet
facet normal -0.06540366 -0.99785888 0
    outer loop
        vertex 161.71733 35.868584 5
        vertex 162.00932 35.849445 5
        vertex 161.71733 35.868584 8
    endloop
endfacet
facet normal -0.44226402 -0.89688486 0
    outer loop
        vertex 162.00932 35.849445 5
        vertex 162.2718 35.720013 5
        vertex 162.00932 35.849445 8
    endloop
endfacet
facet normal -0.44226402 -0.89688486 0
    outer loop
        vertex 162.2718 35.720013 5
        vertex 162.2718 35.720013 8
        vertex 162.00932 35.849445 8
    endloop
endfacet
facet normal -0.75186318 -0.65931916 0
    outer loop
        vertex 162.46474 35.5 5
        vertex 162.46474 35.5 8
        vertex 162.2718 35.720013 8
    endloop
endfacet
facet normal -0.94692332 -0.32145935 0
    outer loop
        vertex 162.5588 35.222897 5
        vertex 162.46474 35.5 8
        vertex 162.46474 35.5 5
    endloop
endfacet
facet normal -0.99785662 0.06543835 0
    outer loop
        vertex 162.53966 34.930885 5
        vertex 162.5588 35.222897 8
        vertex 162.5588 35.222897 5
    endloop
endfacet
facet normal -0.99785662 0.06543835 0
    outer loop
        vertex 162.53966 34.930885 8
        vertex 162.5588 35.222897 8
        vertex 162.53966 34.930885 5
    endloop
endfacet
facet normal 0.3214241 -0.94693536 0
    outer loop
        vertex 161.71733 35.868584 5
        vertex 161.71733 35.868584 8
        vertex 161.44022 35.77452 5
    endloop
endfacet
facet normal -0.65934217 0.75184304 0
    outer loop
        vertex 162.19022 34.47548 8
        vertex 162.41023 34.668427 8
        vertex 162.19022 34.47548 5
    endloop
endfacet
facet normal -0.65934217 0.75184304 0
    outer loop
        vertex 162.41023 34.668427 8
        vertex 162.41023 34.668427 5
        vertex 162.19022 34.47548 5
    endloop
endfacet
facet normal -0.89687997 0.44227412 0
    outer loop
        vertex 162.53966 34.930885 8
        vertex 162.41023 34.668427 5
        vertex 162.41023 34.668427 8
    endloop
endfacet
facet normal -0.89687997 0.44227412 0
    outer loop
        vertex 162.53966 34.930885 5
        vertex 162.41023 34.668427 5
        vertex 162.53966 34.930885 8
    endloop
endfacet
facet normal -0.94692332 -0.32145935 0
    outer loop
        vertex 162.5588 35.222897 5
        vertex 162.5588 35.222897 8
        vertex 162.46474 35.5 8
    endloop
endfacet
facet normal -0.75186318 -0.65931916 0
    outer loop
        vertex 162.2718 35.720013 5
        vertex 162.46474 35.5 5
        vertex 162.2718 35.720013 8
    endloop
endfacet
facet normal 0.3214241 -0.94693536 0
    outer loop
        vertex 161.71733 35.868584 8
        vertex 161.44022 35.77452 8
        vertex 161.44022 35.77452 5
    endloop
endfacet
facet normal -0.06540366 -0.99785888 0
    outer loop
        vertex 162.00932 35.849445 5
        vertex 162.00932 35.849445 8
        vertex 161.71733 35.868584 8
    endloop
endfacet
facet normal -0.50000185 0.86602426 0
    outer loop
        vertex 183.35979 32.22548 5
        vertex 183.35979 32.22548 8
        vertex 187.25688 34.47548 5
    endloop
endfacet
facet normal -0.50000185 0.86602426 0
    outer loop
        vertex 183.35979 32.22548 8
        vertex 187.25688 34.47548 8
        vertex 187.25688 34.47548 5
    endloop
endfacet
facet normal 0.06540026 0.99785906 -0
    outer loop
        vertex 183.08267 32.131416 5
        vertex 182.79066 32.150555 5
        vertex 183.08267 32.131416 8
    endloop
endfacet
facet normal 0.44230542 0.89686447 -0
    outer loop
        vertex 182.79066 32.150555 5
        vertex 182.52821 32.279987 5
        vertex 182.79066 32.150555 8
    endloop
endfacet
facet normal 0.44230542 0.89686447 -0
    outer loop
        vertex 182.52821 32.279987 5
        vertex 182.52821 32.279987 8
        vertex 182.79066 32.150555 8
    endloop
endfacet
facet normal 0.7518115 0.65937811 -0
    outer loop
        vertex 182.33525 32.5 5
        vertex 182.33525 32.5 8
        vertex 182.52821 32.279987 8
    endloop
endfacet
facet normal 0.94693923 0.32141262 0
    outer loop
        vertex 182.2412 32.777103 5
        vertex 182.33525 32.5 8
        vertex 182.33525 32.5 5
    endloop
endfacet
facet normal 0.99785995 -0.06538643 0
    outer loop
        vertex 182.26033 33.069115 5
        vertex 182.2412 32.777103 8
        vertex 182.2412 32.777103 5
    endloop
endfacet
facet normal 0.99785995 -0.06538643 0
    outer loop
        vertex 182.26033 33.069115 8
        vertex 182.2412 32.777103 8
        vertex 182.26033 33.069115 5
    endloop
endfacet
facet normal -0.3214241 0.94693536 0
    outer loop
        vertex 183.08267 32.131416 5
        vertex 183.08267 32.131416 8
        vertex 183.35979 32.22548 5
    endloop
endfacet
facet normal 0.65934217 -0.75184304 0
    outer loop
        vertex 182.60979 33.52452 8
        vertex 182.38977 33.331573 8
        vertex 182.60979 33.52452 5
    endloop
endfacet
facet normal 0.65934217 -0.75184304 0
    outer loop
        vertex 182.38977 33.331573 8
        vertex 182.38977 33.331573 5
        vertex 182.60979 33.52452 5
    endloop
endfacet
facet normal 0.89685923 -0.44231603 0
    outer loop
        vertex 182.26033 33.069115 8
        vertex 182.38977 33.331573 5
        vertex 182.38977 33.331573 8
    endloop
endfacet
facet normal 0.89685923 -0.44231603 0
    outer loop
        vertex 182.26033 33.069115 5
        vertex 182.38977 33.331573 5
        vertex 182.26033 33.069115 8
    endloop
endfacet
facet normal 0.94693923 0.32141262 -0
    outer loop
        vertex 182.2412 32.777103 5
        vertex 182.2412 32.777103 8
        vertex 182.33525 32.5 8
    endloop
endfacet
facet normal 0.7518115 0.65937811 -0
    outer loop
        vertex 182.52821 32.279987 5
        vertex 182.33525 32.5 5
        vertex 182.52821 32.279987 8
    endloop
endfacet
facet normal -0.3214241 0.94693536 0
    outer loop
        vertex 183.08267 32.131416 8
        vertex 183.35979 32.22548 8
        vertex 183.35979 32.22548 5
    endloop
endfacet
facet normal 0.06540026 0.99785906 -0
    outer loop
        vertex 182.79066 32.150555 5
        vertex 182.79066 32.150555 8
        vertex 183.08267 32.131416 8
    endloop
endfacet
facet normal 0.50000042 -0.86602515 0
    outer loop
        vertex 186.5069 35.77452 5
        vertex 186.5069 35.77452 8
        vertex 182.60979 33.52452 5
    endloop
endfacet
facet normal 0.50000042 -0.86602515 0
    outer loop
        vertex 186.5069 35.77452 8
        vertex 182.60979 33.52452 8
        vertex 182.60979 33.52452 5
    endloop
endfacet
facet normal -0.06540026 -0.99785906 0
    outer loop
        vertex 186.784 35.868584 5
        vertex 187.076 35.849445 5
        vertex 186.784 35.868584 8
    endloop
endfacet
facet normal -0.44230542 -0.89686447 0
    outer loop
        vertex 187.076 35.849445 5
        vertex 187.33846 35.720013 5
        vertex 187.076 35.849445 8
    endloop
endfacet
facet normal -0.44230542 -0.89686447 0
    outer loop
        vertex 187.33846 35.720013 5
        vertex 187.33846 35.720013 8
        vertex 187.076 35.849445 8
    endloop
endfacet
facet normal -0.7518115 -0.65937811 0
    outer loop
        vertex 187.53142 35.5 5
        vertex 187.53142 35.5 8
        vertex 187.33846 35.720013 8
    endloop
endfacet
facet normal -0.94693923 -0.32141262 0
    outer loop
        vertex 187.62547 35.222897 5
        vertex 187.53142 35.5 8
        vertex 187.53142 35.5 5
    endloop
endfacet
facet normal -0.99785995 0.06538643 0
    outer loop
        vertex 187.60634 34.930885 5
        vertex 187.62547 35.222897 8
        vertex 187.62547 35.222897 5
    endloop
endfacet
facet normal -0.99785995 0.06538643 0
    outer loop
        vertex 187.60634 34.930885 8
        vertex 187.62547 35.222897 8
        vertex 187.60634 34.930885 5
    endloop
endfacet
facet normal 0.32143998 -0.94692999 0
    outer loop
        vertex 186.784 35.868584 5
        vertex 186.784 35.868584 8
        vertex 186.5069 35.77452 5
    endloop
endfacet
facet normal -0.65934217 0.75184304 0
    outer loop
        vertex 187.25688 34.47548 8
        vertex 187.4769 34.668427 8
        vertex 187.25688 34.47548 5
    endloop
endfacet
facet normal -0.65934217 0.75184304 0
    outer loop
        vertex 187.4769 34.668427 8
        vertex 187.4769 34.668427 5
        vertex 187.25688 34.47548 5
    endloop
endfacet
facet normal -0.89685923 0.44231603 0
    outer loop
        vertex 187.60634 34.930885 8
        vertex 187.4769 34.668427 5
        vertex 187.4769 34.668427 8
    endloop
endfacet
facet normal -0.89685923 0.44231603 0
    outer loop
        vertex 187.60634 34.930885 5
        vertex 187.4769 34.668427 5
        vertex 187.60634 34.930885 8
    endloop
endfacet
facet normal -0.94693923 -0.32141262 0
    outer loop
        vertex 187.62547 35.222897 5
        vertex 187.62547 35.222897 8
        vertex 187.53142 35.5 8
    endloop
endfacet
facet normal -0.7518115 -0.65937811 0
    outer loop
        vertex 187.33846 35.720013 5
        vertex 187.53142 35.5 5
        vertex 187.33846 35.720013 8
    endloop
endfacet
facet normal 0.32143998 -0.94692999 0
    outer loop
        vertex 186.784 35.868584 8
        vertex 186.5069 35.77452 8
        vertex 186.5069 35.77452 5
    endloop
endfacet
facet normal -0.06540026 -0.99785906 0
    outer loop
        vertex 187.076 35.849445 5
        vertex 187.076 35.849445 8
        vertex 186.784 35.868584 8
    endloop
endfacet
facet normal -0.50000042 0.86602515 0
    outer loop
        vertex 208.42645 32.22548 5
        vertex 208.42645 32.22548 8
        vertex 212.32356 34.47548 5
    endloop
endfacet
facet normal -0.50000042 0.86602515 0
    outer loop
        vertex 208.42645 32.22548 8
        vertex 212.32356 34.47548 8
        vertex 212.32356 34.47548 5
    endloop
endfacet
facet normal 0.49999896 -0.86602598 0
    outer loop
        vertex 211.57356 35.77452 5
        vertex 211.57356 35.77452 8
        vertex 207.67644 33.52452 5
    endloop
endfacet
facet normal 0.49999896 -0.86602598 0
    outer loop
        vertex 211.57356 35.77452 8
        vertex 207.67644 33.52452 8
        vertex 207.67644 33.52452 5
    endloop
endfacet
facet normal -0.06540366 -0.99785888 0
    outer loop
        vertex 211.85068 35.868584 5
        vertex 212.14267 35.849445 5
        vertex 211.85068 35.868584 8
    endloop
endfacet
facet normal -0.44228473 -0.89687467 0
    outer loop
        vertex 212.14267 35.849445 5
        vertex 212.40514 35.720013 5
        vertex 212.14267 35.849445 8
    endloop
endfacet
facet normal -0.44228473 -0.89687467 0
    outer loop
        vertex 212.40514 35.720013 5
        vertex 212.40514 35.720013 8
        vertex 212.14267 35.849445 8
    endloop
endfacet
facet normal -0.75183731 -0.65934861 0
    outer loop
        vertex 212.59808 35.5 5
        vertex 212.59808 35.5 8
        vertex 212.40514 35.720013 8
    endloop
endfacet
facet normal -0.94693923 -0.32141262 0
    outer loop
        vertex 212.69214 35.222897 5
        vertex 212.59808 35.5 8
        vertex 212.59808 35.5 5
    endloop
endfacet
facet normal -0.99785995 0.06538643 0
    outer loop
        vertex 212.673 34.930885 5
        vertex 212.69214 35.222897 8
        vertex 212.69214 35.222897 5
    endloop
endfacet
facet normal -0.99785995 0.06538643 0
    outer loop
        vertex 212.673 34.930885 8
        vertex 212.69214 35.222897 8
        vertex 212.673 34.930885 5
    endloop
endfacet
facet normal 0.3214241 -0.94693536 0
    outer loop
        vertex 211.85068 35.868584 5
        vertex 211.85068 35.868584 8
        vertex 211.57356 35.77452 5
    endloop
endfacet
facet normal -0.65934217 0.75184304 0
    outer loop
        vertex 212.32356 34.47548 8
        vertex 212.54358 34.668427 8
        vertex 212.32356 34.47548 5
    endloop
endfacet
facet normal -0.65934217 0.75184304 0
    outer loop
        vertex 212.54358 34.668427 8
        vertex 212.54358 34.668427 5
        vertex 212.32356 34.47548 5
    endloop
endfacet
facet normal -0.89687997 0.44227412 0
    outer loop
        vertex 212.673 34.930885 8
        vertex 212.54358 34.668427 5
        vertex 212.54358 34.668427 8
    endloop
endfacet
facet normal -0.89687997 0.44227412 0
    outer loop
        vertex 212.673 34.930885 5
        vertex 212.54358 34.668427 5
        vertex 212.673 34.930885 8
    endloop
endfacet
facet normal -0.94693923 -0.32141262 0
    outer loop
        vertex 212.69214 35.222897 5
        vertex 212.69214 35.222897 8
        vertex 212.59808 35.5 8
    endloop
endfacet
facet normal -0.75183731 -0.65934861 0
    outer loop
        vertex 212.40514 35.720013 5
        vertex 212.59808 35.5 5
        vertex 212.40514 35.720013 8
    endloop
endfacet
facet normal 0.3214241 -0.94693536 0
    outer loop
        vertex 211.85068 35.868584 8
        vertex 211.57356 35.77452 8
        vertex 211.57356 35.77452 5
    endloop
endfacet
facet normal -0.06540366 -0.99785888 0
    outer loop
        vertex 212.14267 35.849445 5
        vertex 212.14267 35.849445 8
        vertex 211.85068 35.868584 8
    endloop
endfacet
facet normal 0.06540366 0.99785888 -0
    outer loop
        vertex 208.14932 32.131416 5
        vertex 207.85733 32.150555 5
        vertex 208.14932 32.131416 8
    endloop
endfacet
facet normal 0.44230542 0.89686447 -0
    outer loop
        vertex 207.85733 32.150555 5
        vertex 207.59488 32.279987 5
        vertex 207.85733 32.150555 8
    endloop
endfacet
facet normal 0.44230542 0.89686447 -0
    outer loop
        vertex 207.59488 32.279987 5
        vertex 207.59488 32.279987 8
        vertex 207.85733 32.150555 8
    endloop
endfacet
facet normal 0.7518115 0.65937811 -0
    outer loop
        vertex 207.40192 32.5 5
        vertex 207.40192 32.5 8
        vertex 207.59488 32.279987 8
    endloop
endfacet
facet normal 0.94693923 0.32141262 0
    outer loop
        vertex 207.30786 32.777103 5
        vertex 207.40192 32.5 8
        vertex 207.40192 32.5 5
    endloop
endfacet
facet normal 0.99785995 -0.06538643 0
    outer loop
        vertex 207.327 33.069115 5
        vertex 207.30786 32.777103 8
        vertex 207.30786 32.777103 5
    endloop
endfacet
facet normal 0.99785995 -0.06538643 0
    outer loop
        vertex 207.327 33.069115 8
        vertex 207.30786 32.777103 8
        vertex 207.327 33.069115 5
    endloop
endfacet
facet normal -0.32140821 0.94694072 0
    outer loop
        vertex 208.14932 32.131416 5
        vertex 208.14932 32.131416 8
        vertex 208.42645 32.22548 5
    endloop
endfacet
facet normal 0.65934217 -0.75184304 0
    outer loop
        vertex 207.67644 33.52452 8
        vertex 207.45642 33.331573 8
        vertex 207.67644 33.52452 5
    endloop
endfacet
facet normal 0.65934217 -0.75184304 0
    outer loop
        vertex 207.45642 33.331573 8
        vertex 207.45642 33.331573 5
        vertex 207.67644 33.52452 5
    endloop
endfacet
facet normal 0.89687997 -0.44227412 0
    outer loop
        vertex 207.327 33.069115 8
        vertex 207.45642 33.331573 5
        vertex 207.45642 33.331573 8
    endloop
endfacet
facet normal 0.89687997 -0.44227412 0
    outer loop
        vertex 207.327 33.069115 5
        vertex 207.45642 33.331573 5
        vertex 207.327 33.069115 8
    endloop
endfacet
facet normal 0.94693923 0.32141262 -0
    outer loop
        vertex 207.30786 32.777103 5
        vertex 207.30786 32.777103 8
        vertex 207.40192 32.5 8
    endloop
endfacet
facet normal 0.7518115 0.65937811 -0
    outer loop
        vertex 207.59488 32.279987 5
        vertex 207.40192 32.5 5
        vertex 207.59488 32.279987 8
    endloop
endfacet
facet normal -0.32140821 0.94694072 0
    outer loop
        vertex 208.14932 32.131416 8
        vertex 208.42645 32.22548 8
        vertex 208.42645 32.22548 5
    endloop
endfacet
facet normal 0.06540366 0.99785888 -0
    outer loop
        vertex 207.85733 32.150555 5
        vertex 207.85733 32.150555 8
        vertex 208.14932 32.131416 8
    endloop
endfacet
facet normal 0 -1 0
    outer loop
        vertex 142 0.9 1
        vertex 142 0.9 4
        vertex 138 0.9 1
    endloop
endfacet
facet normal -0 -1 0
    outer loop
        vertex 142 0.9 4
        vertex 126 0.9 4
        vertex 126 0.9 1
    endloop
endfacet
facet normal 0 -1 0
    outer loop
        vertex 134 0.9 1
        vertex 142 0.9 4
        vertex 126 0.9 1
    endloop
endfacet
facet normal 0 -1 0
    outer loop
        vertex 138 0.9 1
        vertex 142 0.9 4
        vertex 134 0.9 1
    endloop
endfacet
facet normal 0 0 1
    outer loop
        vertex 138 0.9 1
        vertex 134 0.9 1
        vertex 138 -0 1
    endloop
endfacet
facet normal 0 0 1
    outer loop
        vertex 134 0.9 1
        vertex 126 0.9 1
        vertex 134 -0 1
    endloop
endfacet
facet normal 0 0 1
    outer loop
        vertex 134 -0 1
        vertex 126 0.9 1
        vertex 126 -0 1
    endloop
endfacet
facet normal 0 -0 1
    outer loop
        vertex 142 -0 1
        vertex 142 0.9 1
        vertex 138 -0 1
    endloop
endfacet
facet normal 0 0 1
    outer loop
        vertex 138 -0 1
        vertex 142 0.9 1
        vertex 138 0.9 1
    endloop
endfacet
facet normal 0 0 1
    outer loop
        vertex 138 -0 1
        vertex 134 0.9 1
        vertex 134 -0 1
    endloop
endfacet
facet normal -1 0 0
    outer loop
        vertex 142 -0 4
        vertex 142 0.9 4
        vertex 142 -0 1
    endloop
endfacet
facet normal -1 0 -0
    outer loop
        vertex 142 0.9 4
        vertex 142 0.9 1
        vertex 142 -0 1
    endloop
endfacet
facet normal 0 0 -1
    outer loop
        vertex 126 -0 4
        vertex 126 0.9 4
        vertex 142 -0 4
    endloop
endfacet
facet normal 0 0 -1
    outer loop
        vertex 126 0.9 4
        vertex 142 0.9 4
        vertex 142 -0 4
    endloop
endfacet
facet normal 1 0 0
    outer loop
        vertex 126 -0 1
        vertex 126 0.9 1
        vertex 126 -0 4
    endloop
endfacet
facet normal 1 0 -0
    outer loop
        vertex 126 0.9 1
        vertex 126 0.9 4
        vertex 126 -0 4
    endloop
endfacet
endsolid unnamed
